"PlayerID","TeamID","FranchiseID","LeagueID","SeasonID","GP","Minutes","Wins","Losses","OT","ShotsAgainst","Saves","GoalsAgainst","GAA","Shutouts","SavePct","GameRating"
"955","9","9","1","85","10","530","4","5","0","269","237","32","3.62","1","0.881","65"
"1246","15","15","1","85","9","440","6","1","0","240","211","29","3.95","0","0.879","63"
"2736","19","19","1","85","29","1633","18","8","1","809","695","114","4.19","1","0.859","58"
"2354","7","7","1","85","17","804","5","7","2","470","409","61","4.55","0","0.870","60"
"2635","14","14","1","85","28","1465","8","14","1","988","858","130","5.32","0","0.868","63"
"2575","11","11","0","85","42","2299","12","25","3","1214","1054","160","4.17","2","0.868","61"
"3669","3","3","1","85","34","1960","20","13","1","1047","906","141","4.32","0","0.865","61"
"3639","6","6","1","85","37","1970","18","17","0","1023","886","137","4.17","0","0.866","59"
"3069","17","17","1","85","42","2281","17","20","4","1337","1190","147","3.87","4","0.890","70"
"2894","8","8","1","85","40","1994","12","23","1","1280","1125","155","4.66","1","0.879","65"
"3442","4","4","1","85","26","1394","10","11","1","649","552","97","4.17","0","0.851","54"
"3006","7","7","1","85","39","2273","24","8","5","1061","934","127","3.35","5","0.880","65"
"3547","22","22","0","85","41","2239","20","15","2","1279","1129","150","4.02","0","0.883","66"
"3094","15","15","1","85","41","2392","30","7","3","1178","1059","119","2.98","1","0.899","70"
"3595","18","18","1","85","49","2895","25","19","5","1492","1311","181","3.75","1","0.879","64"
"3511","1","1","1","85","28","1525","16","9","0","672","594","78","3.07","2","0.884","63"
"3481","6","6","1","85","21","848","9","3","0","456","411","45","3.18","0","0.901","64"
"3497","9","9","1","85","40","2362","17","19","3","1238","1104","134","3.40","2","0.892","69"
"3421","14","14","1","85","31","1537","5","20","2","1000","852","148","5.77","0","0.852","56"
"2967","2","2","1","85","48","2671","24","22","2","1874","1677","197","4.42","1","0.895","75"
"3716","0","0","1","85","27","1520","10","14","1","774","674","100","3.95","0","0.871","61"
"3378","1","1","1","85","26","1424","17","5","2","679","607","72","3.03","1","0.894","68"
"3316","19","19","1","85","25","1255","13","7","1","569","499","70","3.34","1","0.877","60"
"3697","16","16","1","85","15","785","4","8","1","453","389","64","4.89","0","0.859","59"
"3154","2","2","0","85","40","2285","20","14","3","1244","1099","145","3.81","2","0.883","67"
"3287","0","0","1","85","27","1423","11","12","1","751","659","92","3.88","0","0.877","63"
"3141","5","5","1","85","33","1860","14","16","3","942","805","137","4.42","1","0.855","56"
"2921","21","21","0","85","21","1130","15","3","1","480","428","52","2.76","2","0.892","65"
"3176","16","16","1","85","38","2234","15","20","2","1338","1198","140","3.76","0","0.895","73"
"5394","0","0","0","85","38","2193","12","21","4","1099","956","143","3.91","1","0.870","61"
"5653","15","15","0","85","36","2094","17","18","0","1227","1070","157","4.50","3","0.872","64"
"5576","10","10","0","85","31","1726","14","12","2","829","719","110","3.82","2","0.867","59"
"5559","1","1","0","85","14","739","11","0","1","205","185","20","1.62","2","0.902","62"
"5552","3","3","0","85","24","1358","8","10","3","752","659","93","4.11","1","0.876","64"
"5524","8","8","0","85","39","2174","13","21","2","1234","1089","145","4.00","3","0.882","66"
"5422","7","7","0","85","21","1118","8","10","1","607","555","52","2.79","3","0.914","75"
"5404","5","5","0","85","14","736","6","6","0","413","363","50","4.07","1","0.879","64"
"4688","22","22","0","85","19","849","8","5","1","425","369","56","3.95","0","0.868","57"
"5139","14","14","0","85","19","972","10","3","2","389","355","34","2.10","4","0.913","70"
"5140","12","12","0","85","40","1915","4","31","2","1394","1215","179","5.61","0","0.872","62"
"4007","2","2","1","85","8","211","0","0","0","118","103","15","4.25","0","0.873","55"
"3785","17","17","1","85","16","604","1","6","0","353","308","45","4.46","1","0.873","59"
"3750","14","14","0","85","35","2037","23","12","0","1057","930","127","3.74","1","0.880","65"
"4463","0","0","0","85","17","886","6","8","0","474","418","56","3.79","0","0.882","64"
"4102","13","13","0","85","31","1356","1","19","1","852","730","122","5.39","1","0.857","56"
"4854","7","7","0","85","34","1953","12","18","2","1025","904","121","3.72","2","0.882","65"
"4170","15","15","0","85","19","908","9","4","2","475","412","63","4.16","0","0.867","59"
"4123","18","18","1","85","5","188","0","1","1","100","87","13","4.14","0","0.870","56"
"4478","4","4","0","85","39","2117","31","7","0","939","827","112","3.17","1","0.881","63"
"5118","12","12","0","85","25","1092","5","8","0","651","561","90","4.94","1","0.862","58"
"4632","6","6","0","85","13","591","2","7","0","404","340","64","6.49","0","0.842","52"
"4517","20","20","0","85","51","2745","17","32","2","1754","1535","219","4.79","2","0.875","65"
"4973","9","9","0","85","39","2324","35","3","1","1011","917","94","2.43","5","0.907","71"
"4468","25","25","0","85","49","2688","13","29","5","1762","1561","201","4.49","1","0.886","70"
"3843","23","23","0","85","42","2283","17","22","1","1332","1150","182","4.78","1","0.863","60"
"4987","23","23","0","85","20","779","9","2","0","394","346","48","3.69","0","0.878","59"
"4861","8","8","0","85","19","836","9","4","1","423","371","52","3.73","2","0.877","61"
"4903","24","24","0","85","41","2365","25","13","2","1168","1042","126","3.20","1","0.892","67"
"5016","24","24","0","85","12","642","5","5","0","392","350","42","3.92","0","0.893","71"
"4943","5","5","0","85","41","2319","30","9","0","1015","898","117","3.03","3","0.885","65"
"5166","21","21","0","85","35","1933","20","10","2","941","834","107","3.32","1","0.886","65"
"4309","4","4","1","85","29","1547","14","13","0","781","666","115","4.46","0","0.853","56"
"5279","1","1","0","85","38","2277","26","10","2","1051","904","147","3.87","1","0.860","59"
"4655","20","20","0","85","10","323","0","0","0","185","152","33","6.12","0","0.822","47"
"4815","19","19","0","85","13","739","10","2","0","256","237","19","1.54","5","0.926","73"
"4965","9","9","0","85","12","683","9","2","0","273","244","29","2.55","3","0.894","67"
"5347","18","18","0","85","18","878","9","2","0","371","320","51","3.49","1","0.863","57"
"5383","19","19","0","85","38","2272","24","13","1","945","825","120","3.17","4","0.873","61"
"4278","25","25","0","85","15","333","2","1","0","208","184","24","4.32","0","0.885","56"
"3746","6","6","0","85","46","2477","10","26","6","1418","1237","181","4.38","2","0.872","62"
"4329","11","11","0","85","18","720","1","9","0","484","412","72","6.00","0","0.851","54"
"4740","10","10","0","85","25","1288","13","8","1","660","573","87","4.05","2","0.868","60"
"4189","5","5","1","85","20","1024","8","7","0","512","452","60","3.52","1","0.883","62"
"4213","8","8","1","85","18","898","6","6","0","582","499","83","5.54","0","0.857","56"
"4214","3","3","1","85","17","866","8","4","1","361","317","44","3.05","4","0.878","63"
"4961","3","3","0","85","32","1717","8","22","0","1063","923","140","4.89","2","0.868","62"
"4546","4","4","0","85","19","943","11","2","0","434","379","55","3.50","1","0.873","60"
"4704","2","2","0","85","18","793","8","5","1","407","353","54","4.08","1","0.867","57"
"4455","13","13","0","85","34","1639","3","26","0","1099","952","147","5.38","1","0.866","59"
"4512","18","18","0","85","40","2206","25","12","3","1103","966","137","3.72","1","0.876","63"
"4478","4","4","0","84","53","3053","34","12","5","1432","1270","162","3.18","4","0.887","66"
"4903","24","24","0","84","53","3038","27","20","4","1622","1434","188","3.71","0","0.884","66"
"4965","25","25","0","84","25","934","4","4","4","495","422","73","4.69","0","0.853","54"
"4961","3","3","0","84","32","1700","11","13","1","960","828","132","4.66","0","0.863","59"
"4943","1","1","0","84","32","1924","21","8","2","998","898","100","3.12","2","0.900","72"
"4512","18","18","0","84","53","2916","37","10","4","1408","1231","177","3.64","0","0.874","61"
"3900","12","12","0","84","47","2026","7","18","2","1349","1176","173","5.12","0","0.872","60"
"4740","10","10","0","84","30","1449","9","12","1","844","728","116","4.80","0","0.863","59"
"4655","21","21","0","84","28","1271","6","11","4","652","557","95","4.48","0","0.854","55"
"4041","5","5","1","84","63","3434","22","39","1","2158","1872","286","5.00","1","0.867","61"
"4047","16","16","1","84","24","1246","14","4","1","608","549","59","2.84","1","0.903","69"
"4056","19","19","1","84","20","1132","7","10","1","650","564","86","4.56","0","0.868","62"
"4717","20","20","0","84","14","774","5","6","1","394","325","69","5.34","0","0.825","47"
"4174","13","13","0","84","23","1032","6","8","0","734","644","90","5.23","1","0.877","64"
"4704","2","2","0","84","26","1249","13","5","2","658","593","65","3.12","2","0.901","68"
"4830","12","12","0","84","45","1957","5","30","4","1485","1270","215","6.59","0","0.855","56"
"4455","14","14","0","84","49","2636","21","22","1","1320","1142","178","4.05","1","0.865","59"
"4309","3","3","1","84","5","288","1","3","0","113","97","16","3.33","0","0.858","56"
"4815","19","19","0","84","13","769","11","2","0","325","292","33","2.57","3","0.898","71"
"4688","22","22","0","84","28","1522","8","15","3","896","783","113","4.45","0","0.874","64"
"4854","7","7","0","84","51","2801","28","16","2","1559","1384","175","3.75","0","0.888","67"
"4170","15","15","0","84","29","1427","6","19","1","948","822","126","5.30","0","0.867","60"
"5394","0","0","0","84","29","1581","11","13","2","870","757","113","4.29","0","0.870","61"
"4068","18","18","1","84","57","3186","22","29","4","1666","1449","217","4.09","0","0.870","61"
"4069","3","3","1","84","57","3242","27","25","3","1530","1357","173","3.20","2","0.887","66"
"4468","25","25","0","84","58","3048","23","29","2","1670","1446","224","4.41","3","0.866","59"
"4070","5","5","1","84","16","521","1","2","1","298","254","44","5.06","0","0.852","53"
"4861","8","8","0","84","55","2789","18","24","4","1777","1548","229","4.93","1","0.871","62"
"4102","13","13","0","84","56","2948","19","29","4","2028","1772","256","5.21","0","0.874","65"
"4463","0","0","0","84","42","2408","19","19","2","1389","1226","163","4.06","2","0.883","68"
"4329","5","5","0","84","46","2625","26","14","4","1254","1110","144","3.29","1","0.885","65"
"4278","20","20","0","84","54","3204","30","22","2","1725","1544","181","3.39","3","0.895","70"
"5347","18","18","0","84","24","1073","13","2","0","522","462","60","3.35","0","0.885","62"
"5139","14","14","0","84","26","1344","15","6","1","645","568","77","3.44","1","0.881","62"
"4546","4","4","0","84","20","922","11","4","0","434","376","58","3.77","0","0.866","58"
"4987","23","23","0","84","28","1183","4","12","2","800","695","105","5.32","0","0.869","60"
"5279","1","1","0","84","35","2047","33","2","0","822","754","68","1.99","4","0.917","72"
"3750","10","10","0","84","45","2513","8","34","2","1558","1352","206","4.92","0","0.868","62"
"4517","19","19","0","84","54","3212","39","10","4","1357","1206","151","2.82","4","0.889","66"
"5016","24","24","0","84","18","935","7","8","0","579","500","79","5.07","0","0.864","60"
"4973","9","9","0","84","44","2626","38","5","1","1301","1162","139","3.17","2","0.893","70"
"5166","11","11","0","84","33","1646","11","14","3","822","723","99","3.61","1","0.880","61"
"4632","6","6","0","84","18","1024","9","7","2","489","422","67","3.93","0","0.863","59"
"5231","8","8","0","84","32","1196","6","13","1","786","664","122","6.12","0","0.845","52"
"3746","6","6","0","84","50","2966","27","18","3","1580","1402","178","3.60","3","0.887","69"
"5201","22","22","0","84","7","165","1","0","0","74","63","11","4.00","0","0.851","50"
"3843","23","23","0","84","50","2694","21","24","1","1520","1330","190","4.23","3","0.875","63"
"3018","4","4","3","84","7","372","3","2","1","206","179","27","4.34","1","0.869","61"
"3013","14","14","3","84","1","60","1","0","0","18","18","0","0.00","1","1.000","92"
"3015","9","9","3","84","3","180","2","1","0","89","80","9","3.00","0","0.899","72"
"3547","22","22","0","84","44","2299","17","19","3","1390","1197","193","5.03","0","0.861","59"
"2973","15","15","3","84","8","454","0","6","0","314","269","45","5.94","0","0.857","56"
"3006","7","7","1","84","46","2620","29","13","1","1267","1125","142","3.25","3","0.888","67"
"3001","13","13","3","84","1","51","0","0","0","26","24","2","2.33","0","0.923","74"
"2997","2","2","3","84","6","258","1","2","0","177","153","24","5.58","0","0.864","59"
"2988","6","6","3","84","6","259","0","5","0","189","159","30","6.95","0","0.841","53"
"2921","21","21","0","84","51","2715","29","11","5","1258","1127","131","2.89","5","0.896","67"
"2983","15","15","3","84","7","264","0","6","0","196","169","27","6.13","0","0.862","56"
"3511","1","1","1","84","43","1827","13","17","2","1141","990","151","4.96","1","0.868","58"
"3159","17","17","1","84","49","2697","21","26","1","1499","1339","160","3.56","3","0.893","69"
"3154","2","2","0","84","48","2724","22","22","2","1555","1372","183","4.03","0","0.882","66"
"3287","0","0","1","84","24","1272","12","10","1","680","586","94","4.43","0","0.862","59"
"3417","1","1","1","84","34","1780","12","17","1","1001","889","112","3.77","0","0.888","67"
"3421","14","14","1","84","47","2769","30","17","0","1322","1174","148","3.21","1","0.888","67"
"3433","17","17","1","84","26","1265","5","10","3","735","656","79","3.74","0","0.893","67"
"3438","8","8","1","84","41","2256","25","5","4","1087","949","138","3.67","1","0.873","61"
"3122","3","3","0","84","43","2275","5","35","1","1566","1346","220","5.80","0","0.860","58"
"3119","9","9","1","84","44","2542","27","15","1","1256","1123","133","3.14","4","0.894","69"
"3111","16","16","1","84","48","2726","28","15","4","1474","1311","163","3.59","3","0.889","69"
"3105","2","2","1","84","39","2116","15","18","0","1227","1062","165","4.68","2","0.866","61"
"3442","4","4","1","84","57","3066","23","29","2","1966","1735","231","4.52","2","0.883","66"
"3094","15","15","1","84","29","1503","18","8","1","740","663","77","3.07","3","0.896","68"
"3481","6","6","1","84","37","1597","14","12","1","924","807","117","4.39","1","0.873","59"
"3497","9","9","1","84","26","1447","11","11","1","686","604","82","3.40","3","0.880","63"
"3296","2","2","1","84","36","1830","8","24","1","1104","952","152","4.98","0","0.862","60"
"2894","8","8","1","84","34","1732","19","11","2","856","757","99","3.43","3","0.884","65"
"3639","15","15","1","84","44","2462","28","8","3","1112","976","136","3.31","1","0.878","62"
"2914","6","6","1","84","47","2362","17","21","1","1430","1253","177","4.50","1","0.876","63"
"3369","18","18","1","84","20","788","2","8","1","443","379","64","4.87","1","0.856","54"
"3697","0","0","1","84","44","2356","16","19","2","1167","1033","134","3.41","3","0.885","65"
"3669","4","4","1","84","20","894","2","9","1","553","476","77","5.17","0","0.861","58"
"2595","15","15","0","84","48","2534","10","27","3","1535","1352","183","4.33","1","0.881","66"
"2205","9","9","2","84","5","246","2","2","0","122","111","11","2.68","2","0.910","73"
"2443","4","4","3","84","6","351","4","2","0","175","152","23","3.93","0","0.869","61"
"2408","10","10","2","84","4","193","1","2","0","92","80","12","3.71","0","0.870","58"
"2736","19","19","1","84","51","2833","28","18","2","1473","1313","160","3.39","4","0.891","69"
"2401","5","5","2","84","5","298","1","4","0","152","131","21","4.21","0","0.862","58"
"2390","10","10","2","84","9","529","3","4","2","256","220","36","4.08","1","0.859","59"
"2506","7","7","3","84","6","359","4","2","0","189","166","23","3.84","0","0.878","65"
"2641","0","0","3","84","5","197","3","1","0","83","68","15","4.56","0","0.819","48"
"2635","14","14","1","84","22","1199","10","6","3","510","448","62","3.10","2","0.878","63"
"2683","9","9","3","84","9","537","5","4","0","254","228","26","2.90","0","0.898","70"
"2475","1","1","3","84","8","484","4","3","1","214","192","22","2.72","0","0.897","68"
"2615","12","12","3","84","11","556","4","4","1","338","295","43","4.64","1","0.873","62"
"2637","1","1","1","84","11","366","0","4","0","232","192","40","6.55","0","0.828","48"
"2497","13","13","3","84","12","665","4","8","0","437","383","54","4.87","0","0.876","64"
"2169","7","7","2","84","5","260","3","1","0","110","96","14","3.22","0","0.873","60"
"2283","6","6","3","84","9","470","5","1","1","338","308","30","3.83","0","0.911","75"
"2854","1","1","3","84","4","239","2","2","0","124","108","16","4.01","0","0.871","63"
"2469","5","5","3","84","1","9","0","0","0","4","3","1","6.24","0","0.750","44"
"2850","2","2","3","84","9","465","4","5","0","332","296","36","4.64","0","0.892","70"
"2575","11","11","0","84","47","2404","17","21","2","1390","1213","177","4.42","0","0.873","61"
"2828","9","9","0","84","23","1341","19","3","0","552","484","68","3.04","1","0.877","62"
"2855","7","7","3","84","6","366","2","2","2","173","150","23","3.77","1","0.867","62"
"2354","7","7","1","84","25","1366","13","10","0","695","604","91","4.00","0","0.869","61"
"2435","0","0","3","84","9","522","8","0","0","229","209","20","2.30","1","0.913","74"
"2436","5","5","3","84","12","715","8","4","0","345","313","32","2.69","1","0.907","73"
"2655","14","14","3","84","11","663","8","3","0","313","284","29","2.62","3","0.907","74"
"2639","12","12","3","84","4","172","0","3","0","118","97","21","7.31","0","0.822","47"
"5422","7","7","0","84","24","1184","9","9","2","662","582","80","4.05","0","0.879","63"
"5404","5","5","0","84","24","1360","16","5","1","643","567","76","3.35","0","0.882","64"
"1213","6","6","2","84","6","360","2","4","0","192","167","25","4.16","0","0.870","62"
"1452","4","4","2","84","7","418","3","4","0","229","204","25","3.59","0","0.891","70"
"1354","9","9","2","84","9","470","4","3","1","225","201","24","3.06","1","0.893","66"
"0","12","12","2","84","6","257","4","1","0","156","143","13","3.02","0","0.917","66"
"70","2","2","2","84","3","76","0","0","0","49","43","6","4.72","0","0.878","56"
"730","1","1","2","84","9","471","4","5","0","287","257","30","3.82","1","0.895","70"
"694","7","7","2","84","8","471","6","2","0","206","179","27","3.44","0","0.869","61"
"742","14","14","2","84","4","217","1","2","0","141","124","17","4.69","0","0.879","66"
"876","0","0","1","84","3","187","3","0","0","76","65","11","3.52","0","0.855","57"
"1179","6","6","2","84","6","363","3","2","1","183","166","17","2.80","0","0.907","74"
"961","2","2","2","84","12","653","3","8","1","409","361","48","4.41","0","0.883","68"
"1091","13","13","2","84","1","20","0","0","0","1","1","0","0.00","0","1.000","49"
"399","4","4","2","84","5","298","3","2","0","131","118","13","2.61","1","0.901","70"
"429","13","13","2","84","12","701","7","4","1","331","294","37","3.16","1","0.888","67"
"364","11","11","2","84","3","180","3","0","0","86","75","11","3.67","0","0.872","63"
"2021","12","12","2","84","8","463","0","6","1","260","230","30","3.88","0","0.885","65"
"1675","5","5","2","84","7","417","4","3","0","232","207","25","3.59","1","0.892","72"
"1786","8","8","2","84","7","338","3","2","0","175","153","22","3.90","0","0.874","60"
"1683","0","0","2","84","1","26","0","0","1","11","9","2","4.60","0","0.818","49"
"1913","0","0","2","84","12","695","7","4","0","385","350","35","3.02","1","0.909","74"
"1912","11","11","2","84","9","544","6","2","1","223","199","24","2.65","0","0.892","65"
"2160","1","1","2","84","5","252","2","1","0","136","118","18","4.28","0","0.868","57"
"1707","14","14","2","84","9","505","4","4","1","299","268","31","3.68","0","0.896","69"
"1895","8","8","2","84","7","384","5","2","0","173","154","19","2.96","0","0.890","65"
"2021","12","12","2","83","1","60","0","1","0","33","29","4","4.00","0","0.879","68"
"1683","0","0","2","83","1","7","0","0","0","2","2","0","0.00","0","1.000","51"
"2110","10","10","2","83","3","149","0","3","0","97","81","16","6.43","0","0.835","51"
"1912","11","11","2","83","7","420","5","2","0","190","170","20","2.86","0","0.895","67"
"1913","0","0","2","83","12","721","5","5","2","389","351","38","3.16","1","0.902","71"
"1675","5","5","2","83","6","346","2","4","0","183","159","24","4.16","0","0.869","61"
"1786","8","8","2","83","9","539","6","3","0","291","270","21","2.34","1","0.928","83"
"1707","14","14","2","83","8","466","3","5","0","281","251","30","3.86","0","0.893","72"
"1895","8","8","2","83","3","180","3","0","0","86","82","4","1.33","0","0.953","88"
"2160","1","1","2","83","3","43","0","0","0","24","20","4","5.46","0","0.833","47"
"0","12","12","2","83","11","663","4","6","1","406","368","38","3.44","0","0.906","78"
"70","2","2","2","83","5","202","0","2","0","126","107","19","5.62","0","0.849","54"
"165","5","5","2","83","7","377","5","0","1","147","133","14","2.22","0","0.905","67"
"1354","9","9","2","83","10","606","4","5","1","303","266","37","3.66","0","0.878","64"
"1452","4","4","2","83","9","544","5","3","1","284","262","22","2.43","1","0.923","79"
"1213","6","6","2","83","11","663","8","2","0","328","291","37","3.34","0","0.887","66"
"1346","13","13","2","83","4","250","2","0","2","106","93","13","3.12","0","0.877","64"
"364","11","11","2","83","5","299","3","2","0","143","132","11","2.21","1","0.923","80"
"399","4","4","2","83","3","179","2","1","0","75","68","7","2.33","0","0.907","70"
"429","13","13","2","83","8","489","4","1","3","215","196","19","2.33","2","0.912","75"
"682","10","10","2","83","11","567","4","5","0","271","242","29","3.07","1","0.893","66"
"694","7","7","2","83","9","534","6","2","1","252","224","28","3.14","1","0.889","69"
"742","14","14","2","83","5","255","3","1","0","113","106","7","1.64","1","0.938","76"
"730","1","1","2","83","12","682","3","8","1","417","359","58","5.10","0","0.861","60"
"1179","6","6","2","83","2","68","1","1","0","27","25","2","1.76","0","0.926","62"
"961","2","2","2","83","10","518","1","9","0","321","283","38","4.40","0","0.882","65"
"3321","9","9","1","83","50","2906","26","20","3","1582","1412","170","3.51","3","0.893","70"
"3622","18","18","1","83","16","831","5","8","0","444","382","62","4.48","1","0.860","58"
"3530","7","7","1","83","46","2676","26","18","2","1340","1188","152","3.41","0","0.887","67"
"3154","2","2","0","83","46","2438","19","17","3","1429","1289","140","3.44","2","0.902","72"
"3122","3","3","0","83","50","2749","14","30","3","1726","1504","222","4.84","4","0.871","63"
"2914","6","6","1","83","58","3230","23","23","6","1722","1524","198","3.68","2","0.885","66"
"3438","8","8","1","83","25","1421","18","5","1","691","621","70","2.95","1","0.899","70"
"3421","14","14","1","83","23","1358","9","8","5","604","524","80","3.53","3","0.868","60"
"3669","4","4","1","83","26","1329","14","5","0","772","689","83","3.74","1","0.892","67"
"3417","1","1","1","83","53","3041","20","28","4","1776","1583","193","3.81","3","0.891","70"
"3006","7","7","1","83","24","1290","12","6","2","675","612","63","2.93","1","0.907","71"
"3159","17","17","1","83","34","2032","20","10","3","888","802","86","2.54","3","0.903","70"
"3369","6","6","1","83","22","764","5","6","3","446","398","48","3.77","1","0.892","63"
"3308","4","4","1","83","47","2627","18","28","0","1610","1424","186","4.25","2","0.884","68"
"3296","2","2","1","83","18","722","3","6","0","482","429","53","4.40","1","0.890","66"
"3105","2","2","1","83","57","3253","21","32","4","2041","1815","226","4.17","1","0.889","71"
"3094","15","15","1","83","6","305","4","2","0","192","174","18","3.54","0","0.906","76"
"3481","9","9","1","83","3","139","0","3","0","77","65","12","5.17","0","0.844","51"
"3553","7","7","0","83","30","1317","11","6","1","722","644","78","3.55","0","0.892","65"
"2921","21","21","0","83","42","2420","26","12","3","1116","996","120","2.97","2","0.892","67"
"3547","22","22","0","83","62","3612","31","29","1","2012","1790","222","3.69","3","0.890","68"
"3111","16","16","1","83","55","3043","17","28","6","1703","1484","219","4.32","0","0.871","62"
"2894","8","8","1","83","45","2568","30","8","4","1257","1127","130","3.04","3","0.897","70"
"3697","9","9","1","83","17","914","8","6","0","519","469","50","3.28","1","0.904","71"
"3639","15","15","1","83","55","3232","40","11","2","1627","1465","162","3.01","1","0.900","72"
"3119","0","0","1","83","37","2101","15","20","1","1051","934","117","3.34","3","0.889","68"
"4069","3","3","1","83","11","509","6","2","0","263","237","26","3.06","0","0.901","67"
"4070","5","5","1","83","20","1113","8","10","1","664","601","63","3.40","2","0.905","74"
"4278","20","20","0","83","54","3236","26","25","3","1635","1429","206","3.82","1","0.874","64"
"5307","13","13","0","83","50","2181","7","28","2","1620","1415","205","5.64","0","0.873","62"
"4068","18","18","1","83","55","3150","32","20","1","1711","1535","176","3.35","4","0.897","72"
"4987","23","23","0","83","15","571","5","6","0","366","324","42","4.41","1","0.885","62"
"4455","18","18","0","83","36","1932","27","4","0","872","787","85","2.64","2","0.903","68"
"4546","4","4","0","83","20","942","9","6","0","454","388","66","4.20","0","0.855","55"
"4468","25","25","0","83","54","3010","17","34","3","1595","1381","214","4.27","3","0.866","60"
"4463","0","0","0","83","49","2882","23","23","1","1515","1358","157","3.27","2","0.896","71"
"4207","0","0","1","83","34","1866","10","18","2","982","861","121","3.89","0","0.877","64"
"5231","8","8","0","83","30","1155","6","9","2","727","626","101","5.24","0","0.861","56"
"4854","7","7","0","83","50","2651","19","26","3","1445","1258","187","4.23","1","0.871","62"
"3750","10","10","0","83","53","2904","4","44","2","1978","1713","265","5.47","0","0.866","61"
"5201","22","22","0","83","7","366","2","3","0","180","154","26","4.25","0","0.856","55"
"5166","11","11","0","83","21","1174","13","3","2","555","505","50","2.55","1","0.910","71"
"4632","6","6","0","83","15","873","6","8","0","508","447","61","4.19","0","0.880","65"
"5139","14","14","0","83","23","1327","15","6","1","585","519","66","2.98","3","0.887","65"
"4102","4","4","0","83","54","3027","33","16","2","1508","1328","180","3.57","3","0.881","64"
"4225","25","25","0","83","22","964","3","9","0","533","475","58","3.61","1","0.891","62"
"5279","1","1","0","83","27","1553","20","4","1","659","584","75","2.90","0","0.886","64"
"4830","12","12","0","83","11","284","0","0","1","145","118","27","5.70","0","0.814","45"
"4861","8","8","0","83","54","2808","12","36","1","1825","1582","243","5.19","0","0.867","61"
"5016","24","24","0","83","23","1006","9","7","0","582","508","74","4.41","0","0.873","60"
"4174","19","19","0","83","21","1239","12","8","0","467","411","56","2.71","1","0.880","62"
"3843","11","11","0","83","48","2793","24","23","1","1466","1286","180","3.87","2","0.877","65"
"4566","0","0","0","83","20","1087","5","12","2","624","546","78","4.31","1","0.875","63"
"3882","1","1","1","83","22","934","7","6","1","528","485","43","2.76","1","0.919","71"
"5331","13","13","0","83","47","1787","5","23","1","1314","1128","186","6.24","0","0.858","55"
"3900","12","12","0","83","66","3682","13","48","4","2176","1885","291","4.74","1","0.866","60"
"4411","14","14","0","83","45","2646","27","15","2","1316","1165","151","3.42","2","0.885","67"
"3894","14","14","1","83","45","2630","26","17","1","1190","1049","141","3.22","5","0.882","65"
"3886","17","17","1","83","33","1978","25","8","0","854","768","86","2.61","1","0.899","69"
"4704","2","2","0","83","34","1530","14","13","0","853","760","93","3.65","1","0.891","64"
"4740","10","10","0","83","23","1060","3","13","0","636","552","84","4.75","0","0.868","59"
"4655","21","21","0","83","30","1571","18","4","3","818","745","73","2.79","3","0.911","73"
"4329","5","5","0","83","56","3265","38","12","3","1490","1339","151","2.77","7","0.899","69"
"3906","19","19","1","83","55","3120","16","32","4","1786","1554","232","4.46","1","0.870","62"
"4717","20","20","0","83","13","729","7","5","0","347","309","38","3.13","1","0.890","66"
"4517","19","19","0","83","47","2738","36","6","4","1264","1121","143","3.13","3","0.887","67"
"4056","19","19","1","83","20","856","3","11","0","538","452","86","6.02","0","0.840","50"
"3746","6","6","0","83","52","3103","34","15","3","1497","1321","176","3.40","4","0.882","66"
"4943","1","1","0","83","41","2414","29","11","1","1305","1175","130","3.23","1","0.900","72"
"4047","16","16","1","83","21","960","7","9","0","579","503","76","4.75","0","0.869","59"
"4965","5","5","0","83","14","714","7","4","2","325","281","44","3.69","0","0.865","58"
"4973","9","9","0","83","46","2740","34","12","0","1287","1122","165","3.61","1","0.872","62"
"4041","5","5","1","83","49","2864","24","20","3","1417","1268","149","3.12","2","0.895","69"
"4815","3","3","0","83","23","1220","6","13","0","824","713","111","5.46","0","0.865","61"
"4478","15","15","0","83","25","1421","6","17","0","825","718","107","4.52","1","0.870","62"
"4512","18","18","0","83","38","2029","23","10","2","915","809","106","3.13","1","0.884","63"
"4903","24","24","0","83","54","2965","30","19","1","1670","1460","210","4.25","1","0.874","64"
"2655","14","14","3","83","6","321","4","1","0","150","135","15","2.80","0","0.900","67"
"2641","4","4","3","83","5","265","3","1","0","157","143","14","3.16","0","0.911","76"
"2575","23","23","0","83","58","3407","26","27","2","1979","1756","223","3.93","3","0.887","69"
"2327","0","0","3","83","6","360","5","1","0","150","135","15","2.50","0","0.900","69"
"2319","13","13","3","83","6","307","4","2","0","182","164","18","3.51","0","0.901","69"
"2625","15","15","3","83","8","394","2","6","0","266","228","38","5.77","0","0.857","56"
"2269","12","12","3","83","8","343","2","5","0","162","135","27","4.72","0","0.833","49"
"2828","9","9","0","83","21","1220","18","2","0","529","479","50","2.46","3","0.905","71"
"2615","5","5","3","83","9","521","2","6","0","255","227","28","3.22","0","0.890","67"
"2283","6","6","3","83","8","403","5","2","0","212","186","26","3.87","2","0.877","64"
"2595","15","15","0","83","45","2538","20","20","3","1267","1138","129","3.05","2","0.898","69"
"2273","6","6","3","83","6","320","4","1","0","175","155","20","3.75","0","0.886","67"
"2314","2","2","3","83","6","273","1","3","0","200","177","23","5.05","0","0.885","67"
"2309","15","15","3","83","6","331","1","1","2","184","168","16","2.90","0","0.913","72"
"2260","0","0","3","83","6","360","6","0","0","130","119","11","1.83","1","0.915","71"
"2264","2","2","3","83","9","449","3","5","0","323","284","39","5.21","1","0.879","64"
"2205","9","9","2","83","2","120","2","0","0","50","46","4","2.00","0","0.920","74"
"2443","4","4","3","83","8","467","3","3","2","284","254","30","3.85","0","0.894","72"
"2769","3","3","1","83","59","3468","26","28","4","1793","1588","205","3.55","4","0.886","67"
"2790","12","12","3","83","8","373","1","4","0","217","198","19","3.06","0","0.912","70"
"2435","9","9","3","83","8","404","3","4","1","185","160","25","3.71","1","0.865","58"
"2850","14","14","3","83","7","397","2","5","0","216","186","30","4.53","0","0.861","60"
"2854","1","1","3","83","4","229","1","3","0","120","103","17","4.45","0","0.858","58"
"2855","7","7","3","83","4","240","4","0","0","91","87","4","1.00","2","0.956","85"
"2169","7","7","2","83","4","195","3","0","0","76","67","9","2.76","0","0.882","62"
"2475","7","7","3","83","8","485","6","2","0","215","192","23","2.85","0","0.893","68"
"2436","5","5","3","83","4","198","0","4","0","115","98","17","5.14","0","0.852","55"
"2683","9","9","3","83","6","316","2","2","0","148","125","23","4.35","0","0.845","52"
"2497","13","13","3","83","7","412","2","4","0","242","215","27","3.93","0","0.888","71"
"2506","1","1","3","83","9","494","6","1","1","219","194","25","3.03","0","0.886","63"
"2625","15","15","3","82","9","518","5","3","1","222","202","20","2.32","1","0.910","71"
"2319","13","13","3","82","9","537","4","5","0","276","250","26","2.90","1","0.906","74"
"2575","0","0","0","82","30","1718","11","11","7","884","782","102","3.56","2","0.885","67"
"2475","1","1","3","82","5","252","3","2","0","118","103","15","3.56","0","0.873","61"
"2314","15","15","3","82","4","204","2","1","0","80","73","7","2.06","0","0.913","66"
"2436","12","12","3","82","5","265","3","1","0","127","115","12","2.72","1","0.906","68"
"2506","1","1","3","82","8","471","4","3","0","234","210","24","3.06","1","0.897","71"
"2435","4","4","3","82","11","574","2","6","1","351","317","34","3.55","1","0.903","73"
"2503","7","7","3","82","6","361","5","1","0","191","174","17","2.82","0","0.911","77"
"2615","5","5","3","82","5","265","1","3","0","100","84","16","3.62","1","0.840","53"
"2443","9","9","3","82","6","364","3","2","1","165","150","15","2.47","0","0.909","73"
"2497","13","13","3","82","3","185","0","2","1","95","81","14","4.54","0","0.853","56"
"2327","0","0","3","82","6","360","1","4","1","171","153","18","2.99","0","0.895","68"
"2595","15","15","0","82","47","2723","24","16","2","1471","1300","171","3.77","1","0.884","66"
"2469","12","12","3","82","8","458","4","4","0","219","197","22","2.88","0","0.900","70"
"2269","5","5","3","82","8","458","6","2","0","168","145","23","3.01","1","0.863","58"
"2639","2","2","3","82","10","485","5","3","1","223","195","28","3.46","1","0.874","60"
"2683","4","4","3","82","3","146","0","3","0","113","96","17","6.98","0","0.850","57"
"2724","3","3","1","82","47","2778","23","18","5","1324","1184","140","3.02","1","0.894","68"
"2661","9","9","3","82","6","360","4","2","0","148","125","23","3.83","1","0.845","54"
"2273","6","6","3","82","9","481","2","6","0","292","252","40","4.98","0","0.863","59"
"2169","7","7","2","82","3","180","3","0","0","60","57","3","1.00","1","0.950","79"
"2641","2","2","3","82","6","240","1","2","0","103","84","19","4.74","0","0.816","46"
"2655","14","14","3","82","9","548","6","3","0","286","260","26","2.85","0","0.909","74"
"2283","6","6","3","82","5","238","0","3","1","187","167","20","5.03","0","0.893","71"
"2285","7","7","3","82","6","369","4","0","2","188","172","16","2.60","0","0.915","78"
"2260","0","0","3","82","6","359","5","1","0","134","128","6","1.00","2","0.955","81"
"2828","9","9","0","82","55","3159","31","18","5","1642","1462","180","3.42","5","0.890","69"
"3622","18","18","1","82","28","1449","8","15","2","785","688","97","4.02","1","0.876","62"
"3730","15","15","1","82","18","905","7","4","3","474","427","47","3.11","0","0.901","67"
"3105","2","2","1","82","36","1968","17","14","2","1070","963","107","3.26","1","0.900","70"
"3639","15","15","1","82","54","3071","29","21","2","1370","1200","170","3.32","2","0.876","62"
"3068","3","3","1","82","21","1202","16","3","1","491","438","53","2.64","0","0.892","66"
"3122","3","3","0","82","56","3031","19","32","1","2072","1834","238","4.71","2","0.885","68"
"3111","4","4","1","82","65","3648","29","33","3","2344","2086","258","4.24","0","0.890","69"
"3119","0","0","1","82","40","2258","10","27","0","1306","1143","163","4.33","1","0.875","64"
"3438","8","8","1","82","53","3121","38","14","1","1504","1341","163","3.13","2","0.892","67"
"3669","4","4","1","82","9","315","0","1","0","166","142","24","4.57","0","0.855","53"
"3006","7","7","1","82","23","1107","11","4","1","515","457","58","3.14","2","0.887","62"
"2921","21","21","0","82","52","2959","24","24","3","1657","1460","197","3.99","3","0.881","66"
"3369","8","8","1","82","16","858","11","2","0","384","346","38","2.66","0","0.901","68"
"3308","16","16","1","82","42","2338","7","31","0","1464","1255","209","5.36","2","0.857","59"
"3159","17","17","1","82","23","1294","14","6","1","516","457","59","2.73","1","0.886","63"
"3530","7","7","1","82","49","2810","20","27","2","1390","1210","180","3.84","3","0.871","61"
"3154","2","2","0","82","56","3130","23","29","2","1967","1730","237","4.54","0","0.880","66"
"3724","6","6","1","82","49","2558","20","25","1","1415","1257","158","3.71","1","0.888","66"
"3547","13","13","0","82","54","3164","27","20","7","1655","1459","196","3.72","1","0.882","65"
"3697","9","9","1","82","33","1923","19","10","3","1005","905","100","3.12","2","0.900","71"
"3417","1","1","1","82","48","2702","29","13","3","1312","1161","151","3.35","3","0.885","65"
"2914","6","6","1","82","30","1408","7","12","1","730","644","86","3.66","3","0.882","61"
"3296","2","2","1","82","36","2047","20","9","4","1042","942","100","2.93","4","0.904","72"
"3321","9","9","1","82","35","2069","21","11","2","1040","920","120","3.48","2","0.885","68"
"4854","7","7","0","82","55","3133","22","27","4","1630","1431","199","3.81","1","0.878","63"
"5166","11","11","0","82","22","998","6","7","1","504","437","67","4.03","1","0.867","57"
"4329","5","5","0","82","51","3008","29","21","1","1448","1266","182","3.63","2","0.874","62"
"4278","20","20","0","82","56","3250","31","20","2","1474","1314","160","2.95","3","0.891","67"
"3746","6","6","0","82","55","3259","39","13","3","1375","1213","162","2.98","3","0.882","63"
"4455","18","18","0","82","32","1891","24","6","2","793","700","93","2.95","1","0.883","64"
"4312","13","13","0","82","17","834","8","3","1","365","318","47","3.38","2","0.871","60"
"4815","3","3","0","82","18","949","2","10","2","697","610","87","5.50","0","0.875","67"
"4546","4","4","0","82","28","1284","11","10","0","651","573","78","3.64","1","0.880","61"
"4717","20","20","0","82","14","727","7","6","0","406","352","54","4.45","0","0.867","61"
"4411","8","8","0","82","50","3016","37","10","3","1247","1109","138","2.74","3","0.889","66"
"4225","7","7","0","82","7","334","2","1","1","173","150","23","4.13","0","0.867","60"
"4830","12","12","0","82","25","1147","4","13","1","718","624","94","4.91","0","0.869","59"
"4207","0","0","1","82","32","1695","13","14","2","947","838","109","3.86","1","0.885","67"
"3900","12","12","0","82","51","2830","17","29","2","1602","1402","200","4.24","0","0.875","64"
"4056","19","19","1","82","25","1373","5","9","5","738","639","99","4.32","0","0.866","59"
"4987","1","1","0","82","17","864","6","6","2","412","355","57","3.96","0","0.862","57"
"4047","16","16","1","82","33","1619","8","18","2","1048","932","116","4.30","2","0.889","67"
"4903","19","19","0","82","21","1126","12","6","0","571","511","60","3.19","0","0.895","68"
"4041","5","5","1","82","24","1312","9","12","1","714","619","95","4.34","2","0.867","60"
"4024","14","14","0","82","38","1864","7","20","3","1188","1027","161","5.18","0","0.864","60"
"3882","1","1","1","82","26","1291","12","7","2","578","500","78","3.62","1","0.865","58"
"4517","19","19","0","82","48","2837","29","15","4","1414","1254","160","3.38","3","0.887","67"
"3886","17","17","1","82","46","2678","28","13","4","1142","1030","112","2.51","2","0.902","69"
"4655","21","21","0","82","19","1022","10","5","0","495","435","60","3.52","0","0.879","62"
"3894","14","14","1","82","44","2452","15","26","1","1369","1207","162","3.96","1","0.882","65"
"4965","5","5","0","82","18","958","10","3","2","480","424","56","3.50","0","0.883","65"
"4973","9","9","0","82","14","817","8","4","0","383","336","47","3.45","0","0.877","63"
"3906","19","19","1","82","48","2638","19","24","4","1451","1292","159","3.62","3","0.890","67"
"4512","18","18","0","82","37","2112","23","9","2","941","842","99","2.81","6","0.895","68"
"3843","11","11","0","82","53","2971","25","23","4","1535","1337","198","4.00","2","0.871","62"
"4068","18","18","1","82","45","2530","25","15","1","1279","1158","121","2.87","3","0.905","72"
"4174","7","7","0","82","9","508","1","8","0","252","216","36","4.25","0","0.857","56"
"4463","0","0","0","82","40","2260","13","23","1","1254","1113","141","3.74","3","0.888","67"
"4632","6","6","0","82","13","727","7","2","2","303","275","28","2.31","0","0.908","68"
"3750","10","10","0","82","54","2972","22","26","2","1810","1580","230","4.64","0","0.873","64"
"5139","14","14","0","82","45","2328","20","18","3","1235","1075","160","4.12","1","0.870","61"
"4102","4","4","0","82","51","2693","19","23","3","1440","1251","189","4.21","1","0.869","61"
"4478","15","15","0","82","26","1249","8","14","2","704","624","80","3.84","0","0.886","64"
"4704","2","2","0","82","20","847","6","4","2","440","396","44","3.11","1","0.900","65"
"5016","10","10","0","82","19","802","0","10","1","528","442","86","6.43","0","0.837","50"
"4943","1","1","0","82","55","3106","25","23","4","1622","1427","195","3.77","2","0.880","64"
"4069","14","14","1","82","30","1504","10","14","0","895","784","111","4.43","2","0.876","62"
"4861","8","8","0","82","17","960","11","5","0","373","334","39","2.44","2","0.895","66"
"4070","5","5","1","82","5","299","3","2","0","163","146","17","3.41","1","0.896","74"
"1091","13","13","2","82","8","455","3","5","0","195","169","26","3.42","1","0.867","60"
"961","2","2","2","82","11","586","4","4","1","321","283","38","3.89","1","0.882","62"
"1179","6","6","2","82","5","264","3","1","0","123","109","14","3.17","0","0.886","63"
"165","5","5","2","82","4","224","2","2","0","104","89","15","4.00","1","0.856","57"
"1683","0","0","2","82","4","176","1","3","0","141","119","22","7.47","0","0.844","47"
"1895","8","8","2","82","3","137","1","2","0","85","73","12","5.22","0","0.859","57"
"1847","9","9","2","82","6","308","1","5","0","137","113","24","4.67","0","0.825","46"
"1913","0","0","2","82","10","547","5","2","1","326","293","33","3.61","0","0.899","72"
"1675","5","5","2","82","9","493","6","2","0","261","240","21","2.56","0","0.920","76"
"2160","1","1","2","82","4","124","0","1","0","83","72","11","5.31","0","0.867","57"
"1707","14","14","2","82","7","419","2","4","1","210","184","26","3.72","0","0.876","63"
"2115","14","14","3","82","3","180","2","1","0","95","84","11","3.67","0","0.884","69"
"2110","10","10","2","82","3","180","3","0","0","64","55","9","3.00","0","0.859","57"
"1786","8","8","2","82","10","591","7","2","0","308","276","32","3.25","0","0.896","72"
"2021","12","12","2","82","2","86","0","1","0","52","49","3","2.08","0","0.942","80"
"1912","11","11","2","82","9","497","7","2","0","205","188","17","2.05","1","0.917","71"
"70","2","2","2","82","5","140","0","2","1","64","51","13","5.54","0","0.797","42"
"0","12","12","2","82","11","635","0","10","1","402","352","50","4.72","0","0.876","66"
"742","14","14","2","82","6","302","0","5","0","197","170","27","5.35","0","0.863","59"
"694","7","7","2","82","9","545","6","3","0","241","208","33","3.63","0","0.863","59"
"730","1","1","2","82","11","598","3","8","0","378","331","47","4.72","0","0.876","64"
"682","10","10","2","82","9","538","6","3","0","297","269","28","3.12","1","0.906","73"
"1452","4","4","2","82","8","484","4","3","1","216","194","22","2.72","0","0.898","69"
"1354","9","9","2","82","7","418","4","1","1","223","207","16","2.29","0","0.928","81"
"1213","6","6","2","82","8","460","4","3","1","192","175","17","2.21","4","0.911","74"
"429","13","13","2","82","5","265","3","0","1","117","109","8","1.81","1","0.932","76"
"399","4","4","2","82","4","245","3","0","1","90","83","7","1.71","1","0.922","74"
"364","11","11","2","82","4","228","3","0","0","99","87","12","3.16","0","0.879","63"
"364","11","11","2","81","3","177","1","2","0","77","71","6","2.02","0","0.922","76"
"330","10","10","2","81","4","242","3","1","0","94","86","8","1.98","1","0.915","72"
"429","13","13","2","81","4","243","3","1","0","130","118","12","2.96","0","0.908","71"
"399","4","4","2","81","6","309","1","4","1","125","107","18","3.49","1","0.856","55"
"1996","14","14","3","81","4","228","3","1","0","128","117","11","2.89","0","0.914","81"
"1913","0","0","2","81","9","439","2","7","0","233","202","31","4.24","0","0.867","58"
"1997","9","9","3","81","6","370","5","1","0","233","211","22","3.57","0","0.906","82"
"1707","14","14","2","81","5","256","3","1","0","145","131","14","3.28","1","0.903","74"
"1994","9","9","3","81","6","365","5","1","0","234","220","14","2.30","0","0.940","89"
"1683","0","0","2","81","5","284","1","2","0","189","172","17","3.58","0","0.910","73"
"1995","5","5","3","81","4","240","4","0","0","100","96","4","1.00","1","0.960","83"
"1834","1","1","2","81","4","192","1","3","0","123","109","14","4.35","0","0.886","67"
"1675","5","5","2","81","5","246","4","0","0","133","125","8","1.95","1","0.940","81"
"2154","1","1","1","81","40","2013","22","13","0","1133","1017","116","3.46","1","0.898","69"
"1771","12","12","2","81","6","253","1","2","1","143","128","15","3.55","0","0.895","65"
"1847","9","9","2","81","5","247","4","0","1","137","130","7","1.70","1","0.949","82"
"1999","7","7","3","81","6","363","2","3","1","226","205","21","3.47","0","0.907","80"
"1786","8","8","2","81","4","180","1","2","1","136","115","21","6.98","0","0.846","54"
"1895","8","8","2","81","10","556","6","2","0","336","314","22","2.37","1","0.935","87"
"1912","11","11","2","81","9","548","3","4","2","285","251","34","3.72","0","0.881","65"
"2115","14","14","3","81","9","501","5","3","0","254","234","20","2.39","2","0.921","78"
"961","2","2","2","81","11","604","7","1","2","322","297","25","2.48","2","0.922","77"
"1179","6","6","2","81","5","253","2","2","0","124","113","11","2.61","1","0.911","69"
"1091","13","13","2","81","8","479","4","3","1","246","226","20","2.50","0","0.919","79"
"165","5","5","2","81","8","480","6","0","2","207","194","13","1.62","2","0.937","82"
"1452","4","4","2","81","7","420","2","3","1","226","199","27","3.86","0","0.881","66"
"1246","15","15","1","81","2","64","0","0","0","46","42","4","3.74","0","0.913","68"
"1354","9","9","2","81","8","470","4","3","0","290","269","21","2.68","0","0.928","83"
"1413","14","14","0","81","17","1025","11","5","1","528","478","50","2.93","1","0.905","75"
"1213","6","6","2","81","8","470","5","3","0","246","219","27","3.44","0","0.890","68"
"1512","7","7","2","81","2","120","2","0","0","58","58","0","0.00","2","1.000","100"
"70","2","2","2","81","3","121","1","1","0","64","60","4","1.97","1","0.938","75"
"0","12","12","2","81","9","471","0","8","0","273","235","38","4.84","0","0.861","57"
"682","10","10","2","81","8","484","6","2","0","253","238","15","1.86","1","0.941","87"
"742","14","14","2","81","8","473","4","2","2","273","245","28","3.55","1","0.897","75"
"730","1","1","2","81","9","524","0","8","0","329","294","35","4.00","0","0.894","72"
"694","7","7","2","81","10","599","7","3","0","299","274","25","2.50","1","0.916","78"
"4512","18","18","0","81","34","1837","19","9","2","971","875","96","3.14","3","0.901","69"
"4546","4","4","0","81","27","1347","10","7","2","892","807","85","3.78","0","0.905","74"
"4463","0","0","0","81","38","2188","12","22","2","1422","1289","133","3.65","1","0.906","78"
"4478","15","15","0","81","18","1008","10","6","1","590","526","64","3.81","2","0.892","71"
"4704","2","2","0","81","40","1808","8","21","1","1291","1127","164","5.44","0","0.873","62"
"4411","8","8","0","81","52","2827","26","19","4","1644","1455","189","4.01","2","0.885","67"
"4655","21","21","0","81","19","994","8","8","2","665","595","70","4.22","0","0.895","70"
"4517","19","19","0","81","51","2903","31","18","1","1676","1522","154","3.18","5","0.908","76"
"4717","20","20","0","81","14","759","7","4","1","483","442","41","3.24","0","0.915","79"
"4455","18","18","0","81","38","2152","26","7","3","1127","1035","92","2.56","3","0.918","76"
"4632","6","6","0","81","16","726","6","4","1","386","341","45","3.72","0","0.883","63"
"3900","9","9","0","81","55","3043","15","32","6","1979","1750","229","4.51","0","0.884","69"
"4174","11","11","0","81","20","931","6","5","2","544","479","65","4.18","0","0.881","63"
"4987","10","10","0","81","35","1441","2","20","2","1165","1006","159","6.62","0","0.864","59"
"4861","8","8","0","81","25","1132","9","8","0","663","603","60","3.18","0","0.910","72"
"4102","4","4","0","81","48","2633","16","29","2","1832","1641","191","4.35","3","0.896","75"
"3882","0","0","1","81","29","1647","12","12","2","950","858","92","3.35","0","0.903","74"
"4070","5","5","1","81","43","2146","13","20","3","1350","1209","141","3.94","1","0.896","69"
"4069","14","14","1","81","26","1390","9","9","1","871","774","97","4.19","0","0.889","70"
"3886","17","17","1","81","50","2647","13","28","4","1851","1673","178","4.03","2","0.904","75"
"4068","18","18","1","81","23","1311","14","5","2","630","566","64","2.93","1","0.898","70"
"4056","19","19","1","81","22","1173","11","4","1","581","519","62","3.17","0","0.893","67"
"4047","16","16","1","81","29","1381","10","11","2","936","831","105","4.56","0","0.888","69"
"4041","5","5","1","81","36","1815","9","20","1","1146","997","149","4.92","2","0.870","62"
"3894","14","14","1","81","42","2149","17","21","1","1238","1094","144","4.02","0","0.884","65"
"4943","1","1","0","81","50","2715","21","23","4","1633","1454","179","3.96","2","0.890","69"
"4965","9","9","0","81","4","160","0","0","0","129","114","15","5.62","0","0.884","67"
"3906","19","19","1","81","50","2797","25","23","2","1474","1308","166","3.56","4","0.887","67"
"4854","7","7","0","81","53","3048","29","18","3","1893","1725","168","3.31","1","0.911","78"
"4903","19","19","0","81","19","1068","9","7","0","656","583","73","4.10","1","0.889","71"
"4395","1","1","0","81","25","1253","15","3","0","624","558","66","3.16","1","0.894","67"
"4329","5","5","0","81","50","2873","27","18","4","1718","1551","167","3.49","4","0.903","76"
"3746","6","6","0","81","57","3237","30","25","0","1654","1463","191","3.54","3","0.885","66"
"4815","3","3","0","81","22","1224","11","8","1","842","773","69","3.38","0","0.918","81"
"3746","7","7","1","81","28","1477","10","14","0","926","832","94","3.82","0","0.898","73"
"4024","10","10","0","81","53","2536","7","34","1","1942","1688","254","6.01","1","0.869","62"
"4312","5","5","0","81","20","1106","9","7","1","674","603","71","3.85","0","0.895","73"
"4278","20","20","0","81","55","3208","31","22","1","1804","1630","174","3.25","3","0.904","75"
"3843","11","11","0","81","57","3059","21","27","5","1828","1648","180","3.53","4","0.902","72"
"4830","12","12","0","81","12","719","7","4","1","422","381","41","3.42","0","0.903","76"
"3750","14","14","0","81","49","2953","27","19","3","1565","1398","167","3.39","2","0.893","70"
"2314","4","4","3","81","4","209","1","2","0","189","167","22","6.31","0","0.884","71"
"2269","12","12","3","81","7","420","6","1","0","194","178","16","2.29","0","0.918","77"
"2493","13","13","3","81","6","298","2","1","0","164","144","20","4.02","0","0.878","63"
"2506","1","1","3","81","5","296","1","3","1","159","137","22","4.45","0","0.862","58"
"2497","13","13","3","81","9","424","3","5","1","259","235","24","3.39","0","0.907","72"
"2327","4","4","3","81","11","522","3","4","2","373","338","35","4.02","0","0.906","74"
"2260","0","0","3","81","6","360","4","1","1","210","189","21","3.49","0","0.900","75"
"2828","12","12","0","81","54","3255","40","12","2","1790","1652","138","2.54","5","0.923","81"
"2503","1","1","3","81","8","427","4","2","1","205","183","22","3.09","0","0.893","67"
"2575","0","0","0","81","32","1783","19","8","3","1077","974","103","3.46","1","0.904","74"
"2319","7","7","3","81","6","363","2","3","1","211","187","24","3.96","0","0.886","69"
"2443","15","15","3","81","4","201","1","2","0","141","132","9","2.68","0","0.936","87"
"2435","0","0","3","81","6","360","4","2","0","214","190","24","4.00","0","0.888","68"
"2438","5","5","3","81","8","478","5","3","0","222","207","15","1.88","1","0.932","82"
"2436","12","12","3","81","5","304","2","3","0","158","143","15","2.95","0","0.905","74"
"2283","6","6","3","81","12","654","4","6","2","418","380","38","3.48","1","0.909","75"
"2273","15","15","3","81","9","520","1","7","1","361","319","42","4.84","0","0.884","72"
"2469","2","2","3","81","7","418","3","4","0","262","239","23","3.29","1","0.912","79"
"2595","15","15","0","81","51","2969","32","15","2","1708","1533","175","3.54","2","0.898","73"
"2724","3","3","1","81","46","2558","30","14","1","1325","1201","124","2.91","3","0.906","72"
"2475","2","2","3","81","5","304","2","2","1","171","154","17","3.35","0","0.901","76"
"2285","6","6","3","81","2","70","0","0","0","45","40","5","4.24","0","0.889","62"
"3111","4","4","1","81","19","1029","9","8","0","488","428","60","3.50","0","0.877","62"
"3308","16","16","1","81","49","2591","22","19","2","1746","1546","200","4.63","1","0.885","68"
"3105","2","2","1","81","34","1937","19","13","0","1099","977","122","3.78","0","0.889","70"
"3724","6","6","1","81","51","2523","17","20","4","1618","1456","162","3.85","1","0.900","71"
"3321","9","9","1","81","35","1989","22","10","1","1036","934","102","3.08","2","0.902","72"
"3119","0","0","1","81","42","2357","16","20","4","1436","1292","144","3.67","1","0.900","73"
"3369","9","9","1","81","34","1977","16","16","1","1057","932","125","3.79","1","0.882","67"
"3417","1","1","1","81","39","1949","23","8","0","1034","931","103","3.17","1","0.900","69"
"3122","3","3","0","81","47","2770","16","27","3","1897","1700","197","4.27","0","0.896","76"
"3154","2","2","0","81","43","2159","9","25","2","1572","1379","193","5.36","0","0.877","67"
"3579","15","15","1","81","29","1683","15","11","3","861","771","90","3.21","2","0.895","71"
"3438","8","8","1","81","32","1506","10","15","0","954","856","98","3.90","2","0.897","69"
"3296","2","2","1","81","35","2020","23","11","0","1065","957","108","3.21","1","0.899","72"
"2914","6","6","1","81","36","1446","10","14","1","885","770","115","4.77","0","0.870","58"
"3553","7","7","0","81","17","934","3","12","1","637","555","82","5.27","0","0.871","65"
"3530","7","7","1","81","45","2481","12","29","1","1587","1419","168","4.06","1","0.894","73"
"3568","4","4","1","81","51","2941","35","11","3","1398","1267","131","2.67","4","0.906","72"
"3547","13","13","0","81","53","3065","27","17","6","1738","1569","169","3.31","1","0.903","75"
"3159","17","17","1","81","28","1324","7","13","1","974","870","104","4.71","0","0.893","70"
"3068","3","3","1","81","33","1704","10","13","4","1003","891","112","3.94","1","0.888","68"
"3580","15","15","1","81","40","2226","29","7","1","1168","1076","92","2.48","4","0.921","79"
"3091","8","8","1","81","46","2471","12","26","3","1548","1366","182","4.42","0","0.882","67"
"3538","13","13","0","81","17","897","6","9","1","572","510","62","4.15","1","0.892","71"
"2921","21","21","0","81","52","2992","33","12","3","1742","1562","180","3.61","2","0.897","72"
"3578","18","18","1","81","46","2666","25","18","2","1412","1269","143","3.22","5","0.899","71"
"3578","18","18","1","80","57","3240","31","23","1","1674","1499","175","3.24","8","0.895","70"
"3308","16","16","1","80","35","1455","6","18","1","920","814","106","4.37","1","0.885","64"
"3321","9","9","1","80","36","2051","27","4","2","957","874","83","2.43","5","0.913","74"
"2988","5","5","1","80","43","2133","15","21","1","1427","1267","160","4.50","3","0.888","67"
"3136","9","9","0","80","12","308","0","0","0","225","189","36","6.99","0","0.840","50"
"2983","0","0","1","80","41","2371","27","9","3","1221","1101","120","3.04","4","0.902","72"
"3547","13","13","0","80","58","3308","32","20","4","1751","1578","173","3.14","3","0.901","71"
"3568","4","4","1","80","47","2773","36","8","2","1471","1346","125","2.70","3","0.915","77"
"3538","11","11","0","80","21","745","2","10","1","540","474","66","5.31","0","0.878","61"
"3724","6","6","1","80","48","2659","23","20","2","1565","1405","160","3.61","1","0.898","71"
"3411","6","6","1","80","29","1298","8","13","0","892","801","91","4.21","1","0.898","70"
"3530","7","7","1","80","36","1995","8","22","3","1310","1168","142","4.27","2","0.892","69"
"3730","17","17","1","80","52","2860","15","30","3","1783","1601","182","3.82","1","0.898","73"
"3278","9","9","1","80","35","1929","21","10","2","951","856","95","2.95","2","0.900","70"
"3098","3","3","1","80","13","643","1","7","0","464","408","56","5.22","0","0.879","64"
"3588","13","13","0","80","14","653","3","7","0","381","325","56","5.14","0","0.853","55"
"3077","2","2","1","80","26","1392","13","8","1","695","610","85","3.66","1","0.878","63"
"3490","18","18","1","80","7","338","4","2","0","197","175","22","3.90","0","0.888","67"
"3580","15","15","1","80","40","2286","27","8","2","1181","1075","106","2.78","4","0.910","73"
"3074","8","8","1","80","50","2746","10","32","5","1686","1507","179","3.91","3","0.894","71"
"3458","8","8","1","80","23","1139","6","10","2","711","636","75","3.95","0","0.895","68"
"3579","15","15","1","80","31","1680","26","3","0","779","698","81","2.89","1","0.896","68"
"3068","14","14","1","80","39","1956","16","16","1","1072","935","137","4.20","0","0.872","61"
"2921","21","21","0","80","50","2949","29","18","2","1764","1588","176","3.58","4","0.900","75"
"4632","6","6","0","80","16","714","5","8","1","458","406","52","4.37","1","0.886","66"
"4973","9","9","0","80","14","741","4","9","1","581","514","67","5.42","0","0.885","71"
"3741","4","4","1","80","20","1207","14","4","2","702","634","68","3.38","1","0.903","77"
"3900","9","9","0","80","52","2906","14","37","1","1921","1700","221","4.56","2","0.885","70"
"3746","6","6","0","80","56","3266","38","11","3","1728","1556","172","3.16","3","0.900","72"
"3894","14","14","1","80","40","2012","16","16","1","1095","969","126","3.76","1","0.885","65"
"4655","21","21","0","80","18","1025","9","7","1","603","539","64","3.74","1","0.894","71"
"3886","17","17","1","80","26","1124","4","12","2","691","617","74","3.95","1","0.893","64"
"3746","7","7","1","80","24","1083","5","11","2","700","625","75","4.15","0","0.893","67"
"4517","19","19","0","80","44","2575","25","14","4","1659","1493","166","3.87","1","0.900","76"
"4987","10","10","0","80","34","1829","8","18","0","1185","1036","149","4.89","0","0.874","65"
"4546","4","4","0","80","20","1055","11","5","0","618","568","50","2.84","3","0.919","78"
"3882","0","0","1","80","29","1604","17","7","3","781","701","80","2.99","2","0.898","71"
"3750","14","14","0","80","49","2803","25","18","4","1518","1362","156","3.34","5","0.897","69"
"3843","11","11","0","80","58","3222","21","29","3","2166","1938","228","4.25","1","0.895","73"
"4522","3","3","0","80","15","860","2","11","1","613","545","68","4.74","0","0.889","69"
"3903","19","19","1","80","50","2680","20","20","8","1687","1511","176","3.94","1","0.896","70"
"4463","2","2","0","80","52","2772","17","29","3","1799","1577","222","4.80","1","0.877","66"
"4854","7","7","0","80","39","2193","19","15","2","1305","1175","130","3.56","1","0.900","75"
"4830","12","12","0","80","14","766","9","3","1","475","434","41","3.21","0","0.914","77"
"4278","20","20","0","80","56","3274","21","31","3","1990","1768","222","4.07","0","0.888","71"
"4717","20","20","0","80","14","701","2","9","0","516","463","53","4.53","1","0.897","72"
"4815","0","0","0","80","12","695","8","4","0","347","312","35","3.02","1","0.899","71"
"4329","5","5","0","80","43","2474","19","22","2","1624","1438","186","4.51","1","0.885","69"
"4411","8","8","0","80","53","3054","30","19","3","1890","1717","173","3.40","2","0.908","76"
"4395","1","1","0","80","39","2029","12","18","4","1298","1158","140","4.14","0","0.892","69"
"4174","7","7","0","80","32","1779","13","15","2","1142","1019","123","4.15","0","0.892","71"
"4512","3","3","0","80","52","3137","21","24","7","2076","1864","212","4.05","0","0.898","76"
"4455","18","18","0","80","51","2955","41","6","2","1479","1341","138","2.80","2","0.907","74"
"4024","10","10","0","80","42","2143","11","28","1","1509","1339","170","4.76","0","0.887","68"
"3955","8","8","0","80","19","919","6","6","2","639","580","59","3.85","1","0.908","74"
"4478","15","15","0","80","20","1066","10","5","2","540","480","60","3.38","0","0.889","66"
"4704","2","2","0","80","29","1189","8","9","0","816","732","84","4.24","0","0.897","69"
"3906","19","19","1","80","26","1314","8","9","1","747","668","79","3.61","0","0.894","68"
"4468","18","18","0","80","19","1019","13","4","0","521","461","60","3.53","3","0.885","66"
"4903","19","19","0","80","27","1429","14","6","3","861","781","80","3.36","1","0.907","73"
"4102","4","4","0","80","51","2931","27","19","4","1825","1635","190","3.89","2","0.896","74"
"4943","1","1","0","80","38","1968","11","18","3","1294","1160","134","4.08","2","0.896","71"
"2663","16","16","1","80","49","2524","14","23","4","1566","1390","176","4.18","1","0.888","67"
"2828","12","12","0","80","56","3225","37","11","5","1539","1391","148","2.75","6","0.904","72"
"2713","7","7","1","80","3","149","0","2","0","156","145","11","4.42","0","0.929","88"
"2769","5","5","1","80","43","1855","16","10","3","1164","1031","133","4.30","2","0.886","64"
"2724","3","3","1","80","58","3358","26","26","6","2161","1954","207","3.70","3","0.904","76"
"2680","1","1","1","80","37","1950","13","20","0","1260","1131","129","3.97","1","0.898","73"
"2595","15","15","0","80","51","2922","28","19","2","1699","1527","172","3.53","4","0.899","73"
"2314","1","1","3","80","4","240","3","1","0","171","158","13","3.25","0","0.924","92"
"2278","6","6","3","80","9","486","5","4","0","334","295","39","4.81","0","0.883","71"
"2319","7","7","3","80","8","386","3","2","2","220","193","27","4.19","0","0.877","61"
"2283","6","6","3","80","5","242","1","2","0","166","146","20","4.95","0","0.880","68"
"2326","4","4","3","80","6","203","1","2","1","122","111","11","3.24","0","0.910","66"
"2327","4","4","3","80","9","516","2","5","1","336","285","51","5.93","0","0.848","56"
"2269","12","12","3","80","4","239","3","1","0","121","108","13","3.26","0","0.893","69"
"2290","2","2","3","80","4","241","2","1","1","125","114","11","2.73","0","0.912","78"
"2273","15","15","3","80","5","299","3","2","0","174","160","14","2.81","1","0.920","84"
"2309","13","13","3","80","6","205","1","3","1","92","74","18","5.27","1","0.804","46"
"2626","2","2","1","80","45","2574","29","15","0","1234","1103","131","3.05","2","0.894","69"
"2575","0","0","0","80","55","3299","32","17","5","1975","1774","201","3.66","2","0.898","75"
"2260","0","0","3","80","4","246","3","1","0","128","117","11","2.67","0","0.914","79"
"2264","0","0","3","80","8","487","4","3","1","234","216","18","2.22","1","0.923","76"
"730","1","1","2","80","10","496","1","7","0","393","367","26","3.14","0","0.934","82"
"694","7","7","2","80","9","539","8","1","0","238","221","17","1.89","0","0.929","78"
"742","14","14","2","80","9","429","4","3","0","253","228","25","3.49","0","0.901","70"
"682","10","10","2","80","9","432","3","5","0","221","190","31","4.30","0","0.860","56"
"849","5","5","0","80","29","1502","9","12","2","975","866","109","4.35","1","0.888","68"
"961","2","2","2","80","8","484","6","1","1","281","259","22","2.73","0","0.922","83"
"1179","6","6","2","80","6","246","1","1","0","171","158","13","3.16","0","0.924","75"
"1091","13","13","2","80","7","414","6","1","0","220","199","21","3.04","0","0.905","72"
"399","4","4","2","80","5","298","3","2","0","150","134","16","3.22","0","0.893","70"
"397","0","0","2","80","4","238","1","3","0","145","136","9","2.26","0","0.938","84"
"364","11","11","2","80","4","239","2","2","0","151","131","20","5.01","0","0.868","64"
"330","10","10","2","80","5","291","1","2","1","171","153","18","3.71","0","0.895","71"
"1718","15","15","3","80","7","423","3","4","0","215","194","21","2.98","1","0.902","74"
"1834","1","1","2","80","4","221","0","4","0","206","183","23","6.22","0","0.888","81"
"1786","8","8","2","80","5","305","0","4","1","212","187","25","4.92","0","0.882","71"
"1994","9","9","3","80","6","331","4","1","1","209","188","21","3.81","0","0.900","79"
"1847","9","9","2","80","6","306","1","4","0","196","179","17","3.33","0","0.913","78"
"1837","2","2","3","80","8","484","3","3","2","307","281","26","3.22","1","0.915","85"
"1913","0","0","2","80","8","483","4","4","0","296","271","25","3.10","1","0.916","81"
"1870","12","12","3","80","8","481","5","3","0","271","249","22","2.74","0","0.919","79"
"1895","8","8","2","80","7","424","4","2","1","285","264","21","2.97","0","0.926","87"
"1912","11","11","2","80","8","478","6","2","0","277","251","26","3.26","0","0.906","78"
"1995","5","5","3","80","2","84","0","0","1","67","58","9","6.39","0","0.866","64"
"1771","12","12","2","80","1","24","0","0","0","16","15","1","2.48","0","0.938","67"
"1999","7","7","3","80","8","351","5","0","0","196","172","24","4.10","0","0.878","63"
"1997","9","9","3","80","7","399","2","4","0","265","240","25","3.75","0","0.906","78"
"2000","1","1","3","80","8","483","3","4","1","274","247","27","3.35","1","0.901","75"
"1675","5","5","2","80","6","312","2","2","1","179","166","13","2.50","1","0.927","82"
"1996","14","14","3","80","5","299","2","2","1","157","140","17","3.40","0","0.892","72"
"2115","14","14","3","80","8","442","4","0","3","228","212","16","2.17","1","0.930","78"
"1707","14","14","2","80","6","298","2","3","0","191","167","24","4.82","0","0.874","62"
"2160","13","13","3","80","9","523","5","2","0","259","232","27","3.09","2","0.896","72"
"2154","1","1","1","80","38","2012","21","11","1","1121","1012","109","3.25","4","0.903","72"
"0","12","12","2","80","12","695","6","6","0","455","409","46","3.97","0","0.899","74"
"70","2","2","2","80","4","245","3","1","0","118","110","8","1.96","0","0.932","80"
"165","5","5","2","80","7","407","4","3","0","205","183","22","3.24","1","0.893","70"
"1213","6","6","2","80","10","475","4","6","0","295","264","31","3.91","0","0.895","69"
"1512","7","7","2","80","3","179","2","1","0","76","69","7","2.34","0","0.908","69"
"1346","13","13","2","80","6","312","1","2","2","187","169","18","3.45","0","0.904","73"
"1513","5","5","3","80","12","644","5","4","2","386","338","48","4.47","0","0.876","65"
"1246","15","15","1","80","1","12","0","0","0","1","1","0","0.00","0","1.000","49"
"1452","4","4","2","80","7","428","5","1","1","186","172","14","1.96","0","0.925","77"
"1413","14","14","0","80","22","1173","14","5","0","552","498","54","2.76","3","0.902","70"
"1354","9","9","2","80","7","415","4","3","0","221","196","25","3.61","1","0.887","68"
"1346","13","13","2","79","6","279","3","1","0","167","155","12","2.57","1","0.928","75"
"1413","14","14","0","79","19","1086","7","7","2","598","528","70","3.86","0","0.883","66"
"1452","4","4","2","79","8","484","6","2","0","275","258","17","2.10","1","0.938","87"
"1513","5","5","3","79","9","504","3","5","0","305","268","37","4.40","0","0.879","66"
"1519","12","12","3","79","7","325","0","3","1","206","182","24","4.43","0","0.883","63"
"1354","9","9","2","79","9","486","3","6","0","289","262","27","3.33","0","0.907","74"
"1213","6","6","2","79","8","479","5","3","0","276","252","24","3.00","0","0.913","79"
"1512","7","7","2","79","5","248","3","1","0","117","106","11","2.65","0","0.906","68"
"364","11","11","2","79","9","543","5","3","1","240","206","34","3.75","1","0.858","57"
"362","6","6","3","79","4","240","1","2","1","123","109","14","3.50","0","0.886","67"
"330","10","10","2","79","4","238","1","2","1","113","99","14","3.53","0","0.876","63"
"399","4","4","2","79","4","240","1","3","0","135","119","16","4.00","0","0.881","67"
"397","0","0","2","79","9","455","5","3","0","308","286","22","2.90","0","0.929","80"
"694","7","7","2","79","8","468","2","6","0","245","213","32","4.10","0","0.869","61"
"742","14","14","2","79","6","357","4","2","0","206","191","15","2.52","0","0.927","77"
"730","1","1","2","79","8","478","4","4","0","314","291","23","2.88","1","0.927","86"
"682","10","10","2","79","8","478","6","2","0","262","240","22","2.76","0","0.916","79"
"1091","13","13","2","79","8","436","3","5","0","248","220","28","3.85","0","0.887","67"
"849","5","5","0","79","28","1467","15","7","2","982","893","89","3.64","1","0.909","76"
"1179","6","6","2","79","4","240","2","2","0","120","111","9","2.25","2","0.925","83"
"926","8","8","2","79","6","200","0","2","1","150","133","17","5.09","0","0.887","60"
"961","2","2","2","79","12","725","7","4","1","341","306","35","2.90","0","0.897","69"
"165","5","5","2","79","7","422","3","3","1","221","203","18","2.56","1","0.919","79"
"1894","7","7","3","79","3","179","1","2","0","105","98","7","2.34","1","0.933","88"
"1786","8","8","2","79","10","527","4","4","1","335","297","38","4.32","1","0.887","66"
"2135","4","4","3","79","3","178","0","3","0","108","91","17","5.73","0","0.843","52"
"1870","12","12","3","79","8","399","1","6","1","276","251","25","3.76","1","0.909","74"
"1858","9","9","3","79","3","180","2","1","0","105","94","11","3.67","0","0.895","73"
"1856","15","15","3","79","4","245","2","1","1","142","125","17","4.16","0","0.880","71"
"2000","1","1","3","79","5","298","1","4","0","169","151","18","3.62","0","0.893","70"
"1824","11","11","2","79","3","183","1","2","0","94","83","11","3.59","0","0.883","67"
"2160","13","13","3","79","10","534","7","3","0","265","236","29","3.25","1","0.891","66"
"1847","9","9","2","79","4","228","2","1","0","97","92","5","1.31","1","0.948","79"
"1838","4","4","3","79","9","554","5","2","2","286","259","27","2.92","0","0.906","75"
"2154","1","1","1","79","36","1922","10","18","3","1101","982","119","3.71","0","0.892","69"
"2115","14","14","3","79","5","250","0","4","0","175","156","19","4.55","0","0.891","70"
"2098","0","0","3","79","5","300","5","0","0","115","108","7","1.40","2","0.939","81"
"1837","2","2","3","79","9","526","4","5","0","273","236","37","4.22","0","0.864","60"
"1771","12","12","2","79","2","51","0","0","0","22","20","2","2.32","0","0.909","58"
"1635","1","1","2","79","4","240","2","2","0","143","129","14","3.50","0","0.902","71"
"1688","5","5","3","79","5","211","2","2","0","101","88","13","3.69","0","0.871","57"
"2162","13","13","3","79","4","192","1","0","1","85","74","11","3.43","0","0.871","56"
"1997","9","9","3","79","9","538","5","4","0","269","243","26","2.90","0","0.903","72"
"1707","14","14","2","79","7","366","2","3","1","241","218","23","3.77","0","0.905","75"
"1994","6","6","3","79","8","490","7","0","1","275","256","19","2.33","1","0.931","86"
"1996","2","2","3","79","5","193","2","1","0","86","80","6","1.86","1","0.930","69"
"1718","15","15","3","79","8","478","4","4","0","269","243","26","3.26","0","0.903","75"
"1995","0","0","3","79","7","420","6","1","0","182","160","22","3.14","0","0.879","63"
"1683","0","0","2","79","5","268","1","2","1","164","142","22","4.92","0","0.866","61"
"1712","14","14","3","79","8","468","4","4","0","317","284","33","4.23","0","0.896","77"
"1675","5","5","2","79","5","303","3","1","1","131","116","15","2.96","0","0.885","65"
"1680","1","1","3","79","7","424","4","3","0","242","218","24","3.39","0","0.901","74"
"1999","7","7","3","79","9","546","5","4","0","267","239","28","3.07","0","0.895","72"
"0","12","12","2","79","12","672","6","5","1","391","345","46","4.11","0","0.882","67"
"2626","2","2","1","79","47","2654","30","13","2","1377","1226","151","3.41","1","0.890","69"
"2636","18","18","1","79","36","1953","20","11","1","1105","987","118","3.62","2","0.893","70"
"2757","0","0","1","79","44","2328","27","10","0","1236","1104","132","3.40","3","0.893","68"
"2828","12","12","0","79","57","3319","45","8","1","1634","1483","151","2.73","7","0.908","74"
"2443","7","7","0","79","17","955","9","6","1","494","442","52","3.26","3","0.895","70"
"2501","9","9","1","79","57","3234","37","13","3","1697","1519","178","3.30","1","0.895","71"
"2680","1","1","1","79","40","2060","9","24","2","1205","1050","155","4.51","2","0.871","61"
"2663","16","16","1","79","47","2404","20","21","2","1416","1270","146","3.64","0","0.897","69"
"2724","3","3","1","79","60","3085","8","46","2","2399","2137","262","5.10","0","0.891","71"
"2634","14","14","1","79","48","2238","13","20","4","1460","1301","159","4.26","0","0.891","67"
"2595","15","15","0","79","49","2901","29","19","1","1594","1410","184","3.80","0","0.885","68"
"2575","0","0","0","79","54","3171","26","23","5","2034","1846","188","3.56","4","0.908","79"
"3235","17","17","1","79","53","2948","19","27","1","1894","1676","218","4.44","1","0.885","70"
"3400","16","16","1","79","32","1578","9","11","3","1041","932","109","4.14","0","0.895","69"
"3580","15","15","1","79","28","1537","17","5","2","791","712","79","3.08","2","0.900","71"
"2921","21","21","0","79","44","2608","28","14","2","1369","1217","152","3.50","1","0.889","68"
"3321","19","19","1","79","6","336","3","2","0","209","184","25","4.45","0","0.880","68"
"3568","4","4","1","79","47","2743","31","11","4","1369","1231","138","3.02","4","0.899","72"
"3730","17","17","1","79","26","1029","10","9","0","629","555","74","4.31","0","0.882","62"
"3547","13","13","0","79","55","3224","38","15","1","1777","1599","178","3.31","1","0.900","72"
"3566","14","14","1","79","16","755","4","8","0","488","424","64","5.08","0","0.869","62"
"3264","8","8","1","79","50","2821","25","17","5","1619","1448","171","3.64","1","0.894","70"
"2943","7","7","1","79","46","2602","20","18","3","1610","1452","158","3.64","1","0.902","75"
"3012","19","19","1","79","50","2663","16","27","3","1861","1646","215","4.84","1","0.884","70"
"3635","2","2","0","79","36","1726","11","16","1","1181","1038","143","4.97","1","0.879","65"
"3579","15","15","1","79","45","2422","29","13","0","1267","1138","129","3.19","2","0.898","70"
"3018","9","9","1","79","16","754","7","5","1","415","375","40","3.18","1","0.904","70"
"3068","14","14","1","79","22","980","6","9","2","637","557","80","4.90","1","0.874","63"
"3578","18","18","1","79","35","2017","16","16","2","1287","1153","134","3.99","2","0.896","73"
"3074","8","8","1","79","23","1166","11","7","1","667","603","64","3.29","1","0.904","70"
"3136","9","9","0","79","27","1115","3","16","0","948","839","109","5.86","0","0.885","66"
"2988","5","5","1","79","49","2605","21","23","3","1473","1310","163","3.75","1","0.889","68"
"2983","0","0","1","79","32","1641","15","13","1","892","787","105","3.84","1","0.882","65"
"3098","3","3","1","79","29","909","2","6","2","764","678","86","5.68","1","0.887","63"
"3588","13","13","0","79","15","737","10","2","0","390","356","34","2.77","1","0.913","70"
"3724","6","6","1","79","38","2037","18","14","1","1320","1198","122","3.59","0","0.908","75"
"3077","2","2","1","79","26","1326","14","7","0","765","673","92","4.16","0","0.880","65"
"3722","6","6","1","79","37","1941","22","9","2","1079","962","117","3.62","0","0.892","67"
"3538","1","1","0","79","32","1378","8","12","1","947","841","106","4.61","0","0.888","66"
"3411","5","5","1","79","29","1357","8","10","1","863","770","93","4.11","0","0.892","66"
"3036","19","19","1","79","21","977","4","10","1","676","604","72","4.42","1","0.893","70"
"4704","2","2","0","79","45","2276","10","26","2","1638","1445","193","5.09","1","0.882","67"
"4815","0","0","0","79","15","824","7","3","2","483","440","43","3.13","1","0.911","76"
"4655","21","21","0","79","24","1367","14","7","1","705","621","84","3.68","1","0.881","65"
"4830","12","12","0","79","14","651","4","7","1","353","302","51","4.70","0","0.856","56"
"4717","20","20","0","79","16","804","4","7","0","616","554","62","4.63","0","0.899","74"
"4632","19","19","0","79","27","1269","7","12","0","820","731","89","4.21","1","0.891","68"
"4411","8","8","0","79","55","3118","33","18","2","1792","1597","195","3.75","1","0.891","70"
"3900","10","10","0","79","19","931","5","9","1","600","534","66","4.25","0","0.890","68"
"4468","18","18","0","79","24","1266","7","13","1","766","666","100","4.74","0","0.869","62"
"3955","8","8","0","79","21","885","8","3","2","523","476","47","3.18","0","0.910","68"
"4463","6","6","0","79","18","924","11","5","1","487","432","55","3.57","0","0.887","65"
"4024","10","10","0","79","53","3037","21","27","3","1892","1699","193","3.81","3","0.898","73"
"4455","18","18","0","79","46","2585","26","13","4","1392","1252","140","3.25","5","0.899","72"
"4102","4","4","0","79","52","2845","14","28","7","1911","1687","224","4.72","2","0.883","67"
"4174","7","7","0","79","51","3022","28","20","2","1746","1576","170","3.37","1","0.903","75"
"4395","1","1","0","79","52","2587","13","31","1","1813","1613","200","4.64","0","0.890","68"
"3741","4","4","1","79","22","1235","14","6","0","645","578","67","3.25","0","0.896","70"
"4329","5","5","0","79","43","2536","24","13","5","1599","1433","166","3.93","0","0.896","75"
"4278","20","20","0","79","55","3160","20","31","4","2088","1876","212","4.02","1","0.898","74"
"4478","15","15","0","79","19","1066","15","2","0","529","485","44","2.48","3","0.917","75"
"4312","18","18","0","79","3","130","1","0","1","90","86","4","1.83","0","0.956","83"
"3746","7","7","1","79","26","1387","13","11","1","842","754","88","3.81","1","0.895","71"
"3746","6","6","0","79","53","3050","27","18","4","1597","1427","170","3.34","1","0.894","69"
"4546","4","4","0","79","27","1155","8","7","2","740","666","74","3.84","0","0.900","67"
"4517","19","19","0","79","52","2699","21","23","3","1699","1509","190","4.22","1","0.888","69"
"4522","3","3","0","79","16","818","6","6","1","487","432","55","4.03","0","0.887","67"
"3829","9","9","0","79","55","2848","14","29","4","2143","1897","246","5.18","1","0.885","69"
"3750","14","14","0","79","52","2891","25","23","2","1570","1412","158","3.28","3","0.899","71"
"4566","11","11","0","79","19","784","5","4","1","492","447","45","3.44","1","0.909","69"
"3843","11","11","0","79","56","3199","20","32","4","1920","1687","233","4.37","0","0.879","66"
"4512","3","3","0","79","55","3161","33","17","3","1729","1575","154","2.92","4","0.911","75"
"3746","6","6","0","78","46","2703","31","10","5","1446","1302","144","3.20","1","0.900","73"
"4225","2","2","0","78","20","1016","6","10","1","715","633","82","4.84","0","0.885","67"
"4312","18","18","0","78","25","1263","14","4","1","636","570","66","3.13","0","0.896","67"
"4278","20","20","0","78","55","3034","12","41","1","2315","2050","265","5.24","0","0.886","72"
"4174","7","7","0","78","34","1950","15","14","1","1126","1012","114","3.51","2","0.899","73"
"4102","4","4","0","78","52","2774","20","24","3","1781","1566","215","4.65","0","0.879","66"
"3750","14","14","0","78","51","2959","25","20","4","1563","1379","184","3.73","2","0.882","66"
"3843","11","11","0","78","56","3198","24","22","5","2069","1871","198","3.71","3","0.904","76"
"3829","9","9","0","78","29","1191","3","9","0","824","731","93","4.68","0","0.887","63"
"4024","10","10","0","78","43","2262","16","16","4","1370","1234","136","3.61","2","0.901","71"
"3955","8","8","0","78","16","747","7","2","3","427","387","40","3.21","1","0.906","72"
"3900","10","10","0","78","35","1730","11","16","3","1081","959","122","4.23","1","0.887","66"
"3873","12","12","0","78","13","725","4","9","0","435","380","55","4.55","0","0.874","63"
"4546","4","4","0","78","33","1219","6","13","0","755","654","101","4.97","0","0.866","57"
"4468","18","18","0","78","48","2733","24","18","5","1601","1427","174","3.82","1","0.891","70"
"4522","3","3","0","78","25","1376","10","10","1","916","837","79","3.44","1","0.914","78"
"4512","3","3","0","78","48","2605","28","15","2","1557","1399","158","3.64","2","0.899","73"
"4632","19","19","0","78","27","1251","11","9","0","779","696","83","3.98","1","0.893","66"
"4517","19","19","0","78","50","2724","11","29","6","1776","1578","198","4.36","2","0.889","70"
"4566","20","20","0","78","20","919","5","7","0","682","616","66","4.31","0","0.903","73"
"4395","1","1","0","78","44","2295","10","28","3","1603","1416","187","4.89","1","0.883","68"
"4478","15","15","0","78","18","1083","14","4","0","503","459","44","2.44","3","0.913","75"
"4463","6","6","0","78","23","1301","14","4","2","679","626","53","2.44","3","0.922","79"
"4329","5","5","0","78","49","2739","27","17","3","1796","1634","162","3.55","1","0.910","78"
"4655","21","21","0","78","26","1490","15","8","1","857","773","84","3.38","0","0.902","74"
"4455","13","13","0","78","22","1199","13","4","3","628","561","67","3.35","1","0.893","68"
"2663","16","16","1","78","56","3125","22","31","3","1737","1534","203","3.90","2","0.883","67"
"2634","14","14","1","78","44","2437","23","17","2","1279","1146","133","3.27","4","0.896","70"
"2680","1","1","1","78","47","2750","29","16","1","1301","1163","138","3.01","2","0.894","68"
"2733","6","6","1","78","41","2288","22","12","5","1183","1072","111","2.91","4","0.906","73"
"2626","2","2","1","78","41","2419","32","6","2","1211","1092","119","2.95","1","0.902","73"
"2828","12","12","0","78","55","3257","44","6","3","1588","1431","157","2.89","5","0.901","72"
"2636","18","18","1","78","46","2579","20","21","2","1620","1457","163","3.79","0","0.899","73"
"2595","15","15","0","78","48","2928","34","11","3","1443","1297","146","2.99","6","0.899","72"
"2789","0","0","0","78","54","3069","22","25","5","2066","1845","221","4.32","0","0.893","72"
"2757","0","0","1","78","36","2037","18","13","3","1039","921","118","3.47","2","0.886","67"
"2575","8","8","0","78","56","3226","29","22","3","1836","1651","185","3.44","4","0.899","73"
"2312","11","11","0","78","19","788","2","13","0","545","481","64","4.87","0","0.883","61"
"2374","6","6","1","78","32","1695","15","9","3","931","840","91","3.22","1","0.902","71"
"2267","7","7","1","78","55","3138","29","22","2","1565","1409","156","2.98","2","0.900","71"
"3580","15","15","1","78","42","2299","18","19","2","1342","1207","135","3.52","0","0.899","72"
"3568","4","4","1","78","48","2817","22","23","2","1564","1398","166","3.53","1","0.894","71"
"3562","9","9","1","78","25","1449","10","9","4","834","750","84","3.48","1","0.899","73"
"3635","2","2","0","78","54","2977","19","24","6","2018","1808","210","4.23","1","0.896","73"
"3538","1","1","0","78","34","1672","8","17","0","1224","1099","125","4.49","0","0.898","72"
"3411","5","5","1","78","32","1666","9","14","5","974","883","91","3.28","0","0.907","72"
"3400","16","16","1","78","22","860","2","6","2","494","435","59","4.11","0","0.881","60"
"3325","5","5","1","78","5","251","2","2","0","164","150","14","3.34","0","0.915","76"
"3566","14","14","1","78","29","1522","16","7","1","766","686","80","3.15","1","0.896","68"
"3578","18","18","1","78","27","1406","10","11","2","800","716","84","3.58","2","0.895","68"
"3547","13","13","0","78","49","2787","36","8","2","1450","1319","131","2.82","4","0.910","74"
"3579","15","15","1","78","32","1655","11","15","1","941","836","105","3.81","1","0.888","67"
"3273","0","0","0","78","18","922","10","3","1","539","486","53","3.45","0","0.902","71"
"3235","17","17","1","78","50","2977","25","21","4","1550","1414","136","2.74","3","0.912","76"
"2943","7","7","1","78","16","841","8","4","1","434","387","47","3.35","1","0.892","68"
"3254","19","19","1","78","24","877","3","9","0","636","563","73","4.99","0","0.885","62"
"3018","9","9","1","78","44","2524","15","26","2","1521","1354","167","3.97","0","0.890","70"
"3074","8","8","1","78","28","1441","13","8","1","818","728","90","3.75","3","0.890","68"
"3239","3","3","1","78","36","1814","13","13","2","1038","948","90","2.98","2","0.913","74"
"3077","2","2","1","78","27","1560","19","5","2","767","690","77","2.96","1","0.900","71"
"3133","19","19","1","78","60","3104","12","37","5","2233","2001","232","4.48","0","0.896","71"
"3098","3","3","1","78","42","2173","17","19","2","1168","1039","129","3.56","3","0.890","66"
"3136","9","9","0","78","55","2780","9","41","4","2213","1974","239","5.16","0","0.892","72"
"2988","5","5","1","78","31","1711","17","8","3","1048","961","87","3.05","1","0.917","78"
"2983","0","0","1","78","33","1949","21","9","2","1007","906","101","3.11","1","0.900","73"
"2921","21","21","0","78","45","2483","28","12","2","1441","1296","145","3.50","1","0.899","72"
"2977","4","4","1","78","22","1172","8","10","1","711","642","69","3.53","1","0.903","73"
"3264","8","8","1","78","47","2539","24","19","1","1611","1456","155","3.66","2","0.904","73"
"70","2","2","2","78","1","8","0","0","0","5","5","0","0.00","0","1.000","56"
"0","12","12","2","78","12","724","6","5","1","475","439","36","2.98","1","0.924","89"
"682","10","10","2","78","8","478","5","3","0","259","234","25","3.13","0","0.903","76"
"694","7","7","2","78","10","553","4","5","0","272","244","28","3.03","1","0.897","67"
"742","14","14","2","78","7","420","6","1","0","247","227","20","2.86","0","0.919","83"
"730","1","1","2","78","12","680","2","9","1","466","422","44","3.88","1","0.906","78"
"1635","1","1","2","78","1","46","0","0","0","32","28","4","5.16","0","0.875","66"
"1413","14","14","0","78","19","1023","10","7","0","553","496","57","3.34","1","0.897","69"
"1512","7","7","2","78","3","173","1","1","1","101","88","13","4.49","0","0.871","63"
"1519","5","5","3","78","8","493","4","3","1","286","260","26","3.16","1","0.909","79"
"1547","13","13","3","78","12","651","2","10","0","494","430","64","5.89","0","0.870","66"
"1513","12","12","3","78","7","372","5","0","1","182","163","19","3.06","1","0.896","70"
"1452","4","4","2","78","4","249","0","1","3","192","175","17","4.08","0","0.911","85"
"1492","6","6","3","78","9","488","5","4","0","294","263","31","3.81","0","0.895","72"
"1354","9","9","2","78","8","483","5","2","1","245","227","18","2.24","2","0.927","83"
"1346","13","13","2","78","1","23","0","0","0","13","12","1","2.53","0","0.923","60"
"1213","6","6","2","78","9","537","5","4","0","377","342","35","3.90","0","0.907","81"
"1620","9","9","2","78","4","250","3","1","0","144","129","15","3.60","0","0.896","76"
"397","0","0","2","78","8","493","2","4","2","292","266","26","3.16","0","0.911","80"
"330","10","10","2","78","4","245","2","1","1","127","116","11","2.69","0","0.913","75"
"399","4","4","2","78","8","485","6","2","0","248","221","27","3.34","0","0.891","69"
"364","11","11","2","78","10","515","5","4","0","275","247","28","3.26","0","0.898","68"
"1996","2","2","3","78","3","171","1","2","0","82","70","12","4.20","1","0.854","57"
"1995","14","14","3","78","1","42","0","0","0","16","14","2","2.84","0","0.875","56"
"2154","1","1","1","78","24","1230","9","10","1","584","511","73","3.56","1","0.875","61"
"1894","1","1","3","78","10","569","5","4","0","337","293","44","4.64","0","0.869","62"
"1999","1","1","3","78","5","155","1","1","1","102","93","9","3.48","1","0.912","64"
"1870","12","12","3","78","6","364","5","1","0","210","191","19","3.13","0","0.910","78"
"1837","2","2","3","78","10","557","6","2","1","235","212","23","2.47","1","0.902","69"
"1994","6","6","3","78","4","230","0","3","0","143","123","20","5.20","0","0.860","59"
"1856","0","0","3","78","12","693","5","6","1","394","348","46","3.98","1","0.883","68"
"1998","13","13","3","78","4","65","0","0","0","51","43","8","7.34","0","0.843","49"
"1997","9","9","3","78","4","238","2","2","0","118","106","12","3.02","0","0.898","71"
"1858","0","0","3","78","3","31","0","0","0","20","19","1","1.90","0","0.950","56"
"1695","15","15","3","78","7","388","4","3","0","219","193","26","4.02","0","0.881","66"
"2001","4","4","3","78","4","240","3","1","0","121","111","10","2.50","0","0.917","77"
"1838","4","4","3","78","8","480","7","1","0","232","214","18","2.25","2","0.922","79"
"1945","17","17","1","78","17","1009","8","7","1","496","450","46","2.73","1","0.907","71"
"2000","7","7","3","78","4","245","2","1","1","160","149","11","2.69","1","0.931","87"
"1718","15","15","3","78","6","335","3","1","1","211","190","21","3.76","0","0.900","74"
"1688","5","5","3","78","4","238","1","3","0","135","124","11","2.76","0","0.919","78"
"1658","8","8","2","78","4","227","0","4","0","158","138","20","5.27","0","0.873","66"
"1712","14","14","3","78","12","681","3","8","1","444","393","51","4.49","0","0.885","70"
"1707","14","14","2","78","5","310","2","1","2","209","193","16","3.09","0","0.923","90"
"1683","0","0","2","78","4","239","2","2","0","132","120","12","3.00","0","0.909","77"
"1680","7","7","3","78","8","478","4","4","0","263","238","25","3.14","0","0.905","76"
"1727","9","9","3","78","8","484","4","4","0","251","221","30","3.72","1","0.880","67"
"1675","5","5","2","78","5","306","3","1","1","173","156","17","3.33","0","0.902","75"
"926","8","8","2","78","9","495","5","3","0","288","265","23","2.78","0","0.920","76"
"992","7","7","0","78","36","2028","21","10","5","1123","1008","115","3.40","3","0.898","70"
"849","5","5","0","78","23","1241","12","6","1","739","658","81","3.92","0","0.890","69"
"961","2","2","2","78","12","719","5","6","1","370","333","37","3.09","1","0.900","70"
"1179","6","6","2","78","4","187","2","1","0","121","112","9","2.89","0","0.926","76"
"1091","13","13","2","78","12","698","6","6","0","420","386","34","2.92","1","0.919","83"
"165","5","5","2","78","7","420","7","0","0","158","147","11","1.57","2","0.930","78"
"265","11","11","2","78","4","207","0","2","1","131","115","16","4.62","0","0.878","64"
"165","5","5","2","77","8","484","6","2","0","265","243","22","2.73","0","0.917","81"
"265","8","8","2","77","12","625","6","6","0","514","474","40","3.83","1","0.922","83"
"1353","5","5","3","77","12","684","5","6","1","418","371","47","4.12","1","0.888","69"
"1354","9","9","2","77","7","424","3","3","1","201","181","20","2.83","0","0.900","70"
"1213","6","6","2","77","11","633","3","7","0","411","374","37","3.51","0","0.910","80"
"1246","15","15","1","77","1","32","0","0","0","17","12","5","9.28","0","0.706","25"
"1519","5","5","3","77","3","35","0","0","0","23","21","2","3.34","0","0.913","55"
"1346","0","0","3","77","9","537","7","1","1","271","246","25","2.79","1","0.908","75"
"1419","5","5","2","77","4","240","3","1","0","117","104","13","3.25","0","0.889","67"
"1251","2","2","3","77","9","540","9","0","0","210","191","19","2.11","0","0.910","70"
"1413","14","14","0","77","19","912","11","4","0","407","365","42","2.76","0","0.897","64"
"1371","13","13","3","77","12","694","6","6","0","438","393","45","3.89","1","0.897","73"
"1502","1","1","3","77","8","453","3","5","0","294","258","36","4.76","0","0.878","66"
"1381","4","4","3","77","7","322","1","5","0","172","146","26","4.84","0","0.849","51"
"1512","7","7","2","77","3","179","2","1","0","87","77","10","3.35","0","0.885","66"
"1452","4","4","2","77","3","178","2","1","0","80","71","9","3.02","0","0.888","67"
"1620","9","9","2","77","5","297","2","3","0","160","145","15","3.02","0","0.906","75"
"1547","6","6","3","77","9","540","6","3","0","256","234","22","2.44","1","0.914","76"
"1492","13","13","3","77","1","27","0","0","0","11","9","2","4.44","0","0.818","47"
"1346","13","13","2","77","3","180","1","2","0","107","94","13","4.33","0","0.879","68"
"1513","12","12","3","77","5","261","2","2","0","146","133","13","2.98","1","0.911","76"
"100","14","14","2","77","8","396","0","5","1","235","208","27","4.09","0","0.885","65"
"4","12","12","2","77","1","20","0","0","0","17","16","1","2.91","0","0.941","67"
"0","12","12","2","77","12","705","6","4","2","432","399","33","2.81","1","0.924","83"
"682","10","10","2","77","8","480","8","0","0","253","239","14","1.75","1","0.945","88"
"730","1","1","2","77","12","718","6","6","0","408","375","33","2.76","2","0.919","79"
"742","14","14","2","77","7","320","0","6","0","248","215","33","6.19","0","0.867","62"
"672","11","11","2","77","3","180","3","0","0","101","95","6","2.00","1","0.941","83"
"694","7","7","2","77","9","539","4","5","0","314","280","34","3.78","0","0.892","72"
"961","2","2","2","77","12","719","6","6","0","392","351","41","3.42","0","0.895","72"
"1052","20","20","0","77","55","2953","4","49","1","2357","2049","308","6.26","0","0.869","65"
"849","5","5","0","77","40","2278","22","14","2","1373","1243","130","3.42","3","0.905","75"
"992","7","7","0","77","43","2472","22","15","3","1384","1226","158","3.83","1","0.886","68"
"1091","13","13","2","77","9","542","5","3","1","309","276","33","3.65","0","0.893","72"
"1179","6","6","2","77","3","84","0","2","0","63","55","8","5.68","0","0.873","58"
"926","8","8","2","77","3","94","0","0","0","63","60","3","1.91","0","0.952","75"
"364","11","11","2","77","9","539","7","2","0","320","300","20","2.22","2","0.938","85"
"397","0","0","2","77","12","723","6","5","1","418","381","37","3.07","1","0.911","79"
"399","4","4","2","77","9","545","5","3","1","318","288","30","3.30","0","0.906","75"
"330","10","10","2","77","4","237","0","4","0","121","106","15","3.79","0","0.876","62"
"1852","7","7","1","77","1","14","0","0","0","11","10","1","4.09","0","0.909","58"
"1856","15","15","3","77","5","270","1","2","1","169","146","23","5.11","0","0.864","61"
"1712","4","4","3","77","8","393","0","6","0","224","196","28","4.26","0","0.875","61"
"1680","7","7","3","77","7","367","3","3","0","192","173","19","3.10","0","0.901","72"
"1695","15","15","3","77","9","457","3","4","1","230","196","34","4.46","0","0.852","55"
"1870","12","12","3","77","4","240","2","2","0","132","116","16","4.00","0","0.879","68"
"1718","7","7","3","77","6","348","4","2","0","168","148","20","3.44","0","0.881","65"
"1837","2","2","3","77","3","183","3","0","0","78","71","7","2.29","0","0.910","72"
"1849","6","6","3","77","3","179","2","1","0","67","62","5","1.67","1","0.925","78"
"1858","0","0","3","77","4","192","3","0","0","81","74","7","2.18","0","0.914","69"
"1894","1","1","3","77","5","265","0","4","0","171","151","20","4.52","0","0.883","67"
"1932","6","6","1","77","21","1097","8","7","3","573","501","72","3.94","0","0.874","63"
"1727","9","9","3","77","12","718","7","5","0","362","320","42","3.51","0","0.884","66"
"1887","14","14","3","77","10","523","2","5","1","283","248","35","4.01","0","0.876","63"
"1883","14","14","3","77","6","198","2","2","0","115","94","21","6.35","0","0.817","46"
"1945","17","17","1","77","26","1345","5","10","6","695","623","72","3.21","1","0.896","68"
"1907","4","4","1","77","48","2588","22","21","3","1380","1231","149","3.45","1","0.892","67"
"1688","12","12","3","77","4","218","1","3","0","128","113","15","4.11","0","0.883","67"
"2943","7","7","1","77","29","1593","14","9","3","784","707","77","2.90","1","0.902","70"
"3136","9","9","0","77","27","1022","1","11","0","810","715","95","5.57","0","0.883","63"
"3411","5","5","1","77","35","1700","15","13","1","905","814","91","3.21","1","0.899","67"
"2884","2","2","1","77","50","2990","35","12","2","1506","1357","149","2.99","3","0.901","73"
"3615","20","20","0","77","5","124","0","0","0","86","79","7","3.38","0","0.919","65"
"2921","21","21","0","77","55","3259","42","9","3","1610","1450","160","2.94","4","0.901","72"
"3133","19","19","1","77","60","3199","17","37","1","2052","1813","239","4.48","0","0.884","67"
"3074","8","8","1","77","20","943","4","14","0","582","501","81","5.15","0","0.861","58"
"3547","13","13","0","77","50","2985","29","20","1","1534","1381","153","3.07","1","0.900","72"
"2977","4","4","1","77","26","1392","8","10","2","855","757","98","4.22","1","0.885","67"
"3588","3","3","0","77","18","926","4","10","1","570","496","74","4.79","0","0.870","61"
"3077","18","18","1","77","6","185","3","1","0","108","98","10","3.23","0","0.907","64"
"3538","1","1","0","77","40","2006","13","19","0","1497","1339","158","4.73","0","0.894","73"
"3635","2","2","0","77","55","2683","20","26","1","1723","1523","200","4.47","1","0.884","66"
"3516","10","10","0","77","40","2296","25","11","2","1219","1102","117","3.06","1","0.904","72"
"2983","0","0","1","77","34","1864","10","21","2","1135","1017","118","3.80","1","0.896","72"
"3407","3","3","1","77","40","2032","21","15","0","1083","982","101","2.98","4","0.907","70"
"3235","17","17","1","77","47","2662","25","17","3","1288","1145","143","3.22","4","0.889","66"
"3264","8","8","1","77","54","2964","18","27","2","1737","1527","210","4.25","2","0.879","65"
"3258","5","5","1","77","43","2265","14","20","3","1287","1140","147","3.89","1","0.886","66"
"3239","1","1","1","77","23","1214","10","12","0","632","563","69","3.41","2","0.891","68"
"3254","19","19","1","77","22","763","4","7","0","543","466","77","6.05","0","0.858","56"
"2871","3","3","1","77","38","1946","14","12","4","1105","1005","100","3.08","5","0.910","73"
"3273","12","12","0","77","15","781","9","3","0","322","282","40","3.07","0","0.876","60"
"3018","9","9","1","77","31","1735","15","10","4","1012","924","88","3.04","1","0.913","76"
"3400","16","16","1","77","22","1252","10","10","1","629","572","57","2.73","1","0.909","73"
"4018","4","4","0","77","22","828","3","9","0","614","531","83","6.01","0","0.865","60"
"4517","19","19","0","77","50","2720","15","30","0","1832","1641","191","4.21","0","0.896","73"
"4395","1","1","0","77","41","1958","17","16","1","1444","1293","151","4.63","0","0.895","71"
"3829","9","9","0","77","58","2938","11","41","2","2159","1902","257","5.25","0","0.881","67"
"4522","8","8","0","77","21","768","3","7","1","501","435","66","5.15","0","0.868","57"
"4512","3","3","0","77","53","3036","26","24","1","1845","1661","184","3.64","2","0.900","74"
"3900","10","10","0","77","29","1679","15","10","3","911","812","99","3.54","2","0.891","70"
"3843","11","11","0","77","56","3236","22","29","3","2060","1856","204","3.78","4","0.901","75"
"4478","15","15","0","77","20","1154","16","2","1","528","466","62","3.22","1","0.883","65"
"4024","5","5","0","77","30","1688","18","10","0","999","899","100","3.55","0","0.900","73"
"4468","18","18","0","77","47","2714","30","14","2","1594","1436","158","3.49","1","0.901","74"
"4329","0","0","0","77","54","3186","28","21","5","2015","1822","193","3.63","2","0.904","78"
"4248","21","21","0","77","13","734","9","1","2","396","352","44","3.59","0","0.889","69"
"3746","6","6","0","77","53","3116","29","21","2","1657","1498","159","3.06","1","0.904","73"
"4225","2","2","0","77","31","1289","7","11","1","831","732","99","4.61","0","0.881","64"
"4411","8","8","0","77","2","112","0","2","0","98","86","12","6.40","0","0.878","72"
"4174","7","7","0","77","27","1499","15","11","0","827","741","86","3.44","3","0.896","70"
"4455","13","13","0","77","17","972","14","2","0","470","430","40","2.47","2","0.915","74"
"4102","4","4","0","77","59","3136","19","33","2","2140","1890","250","4.78","2","0.883","68"
"4278","20","20","0","77","23","886","3","7","2","657","588","69","4.67","0","0.895","66"
"4312","18","18","0","77","25","1267","14","6","0","722","650","72","3.41","1","0.900","71"
"3750","14","14","0","77","53","3046","29","19","3","1600","1447","153","3.01","4","0.904","73"
"4463","6","6","0","77","16","855","8","4","2","499","454","45","3.15","0","0.910","75"
"2575","8","8","0","77","58","3083","17","31","5","1954","1724","230","4.48","3","0.882","67"
"2664","9","9","1","77","38","2257","15","18","4","1282","1158","124","3.30","2","0.903","75"
"2663","16","16","1","77","46","2717","31","14","0","1261","1144","117","2.58","6","0.907","73"
"2479","6","6","1","77","40","2099","16","14","4","1124","996","128","3.66","1","0.886","66"
"2374","14","14","1","77","53","3059","33","17","1","1679","1502","177","3.47","3","0.895","70"
"2357","19","19","0","77","24","1233","5","15","1","836","735","101","4.91","0","0.879","65"
"2498","15","15","1","77","23","1275","11","10","0","722","647","75","3.53","1","0.896","70"
"2267","7","7","1","77","42","2385","24","14","2","1291","1183","108","2.72","3","0.916","76"
"2636","18","18","1","77","58","3313","30","21","4","1874","1686","188","3.40","4","0.900","73"
"2283","8","8","1","77","4","56","0","1","0","39","34","5","5.36","0","0.872","52"
"2634","14","14","1","77","10","514","5","3","0","257","230","27","3.15","0","0.895","69"
"2626","2","2","1","77","18","978","13","4","0","484","439","45","2.76","1","0.907","73"
"2312","11","11","0","77","14","728","4","8","0","454","401","53","4.36","0","0.883","66"
"2680","1","1","1","77","48","2750","23","19","2","1431","1273","158","3.45","2","0.890","68"
"2789","0","0","0","77","16","795","12","0","0","438","407","31","2.34","1","0.929","78"
"2217","15","15","1","77","46","2646","24","20","1","1386","1247","139","3.15","2","0.900","72"
"2733","6","6","1","77","15","776","9","5","0","436","382","54","4.17","1","0.876","62"
"2828","12","12","0","77","56","3188","41","13","0","1528","1371","157","2.95","3","0.897","69"
"2757","0","0","1","77","37","2107","12","20","1","1346","1201","145","4.13","0","0.892","72"
"2595","15","15","0","77","47","2817","28","16","3","1390","1243","147","3.13","3","0.894","70"
"2789","0","0","0","76","51","2972","26","22","3","1920","1727","193","3.90","0","0.899","75"
"2821","6","6","1","76","22","1145","14","4","1","575","517","58","3.04","0","0.899","69"
"2807","15","15","1","76","13","763","10","1","0","327","305","22","1.73","3","0.933","79"
"2663","1","1","1","76","2","83","1","0","0","48","47","1","0.72","0","0.979","82"
"2266","5","5","1","76","46","2351","11","23","5","1504","1360","144","3.67","4","0.904","72"
"2595","15","15","0","76","54","3266","36","16","2","1716","1544","172","3.16","4","0.900","73"
"2828","12","12","0","76","55","3263","40","10","4","1694","1527","167","3.07","2","0.901","73"
"2733","2","2","1","76","21","1151","13","6","1","638","573","65","3.39","3","0.898","71"
"2357","19","19","0","76","53","2947","8","41","2","2036","1809","227","4.62","1","0.889","70"
"2636","18","18","1","76","19","943","7","10","0","501","448","53","3.37","2","0.894","68"
"2379","0","0","1","76","50","2780","24","23","1","1604","1444","160","3.45","3","0.900","73"
"2217","15","15","1","76","55","3217","39","14","2","1575","1419","156","2.91","5","0.901","72"
"2374","14","14","1","76","26","1360","13","7","2","749","671","78","3.44","1","0.896","69"
"2236","18","18","1","76","51","2856","15","28","4","1627","1452","175","3.68","2","0.892","69"
"2410","14","14","1","76","46","2624","23","16","5","1546","1407","139","3.18","4","0.910","79"
"2666","9","9","1","76","47","2650","31","12","2","1352","1232","120","2.72","3","0.911","74"
"2267","7","7","1","76","52","2997","21","29","1","1680","1502","178","3.56","2","0.894","71"
"2560","19","19","1","76","59","3356","27","29","1","2112","1879","233","4.16","1","0.890","71"
"2664","9","9","1","76","26","1336","11","9","1","700","637","63","2.83","2","0.910","72"
"2575","8","8","0","76","55","2986","25","27","2","1988","1769","219","4.40","1","0.890","70"
"2757","0","0","1","76","23","1204","8","9","1","702","621","81","4.03","1","0.885","65"
"2443","11","11","0","76","16","692","4","7","1","416","368","48","4.16","0","0.885","64"
"2479","6","6","1","76","49","2824","25","17","5","1615","1449","166","3.53","0","0.897","73"
"2312","3","3","0","76","49","2680","21","21","4","1862","1670","192","4.30","0","0.897","74"
"3133","8","8","1","76","3","85","0","1","0","56","50","6","4.23","0","0.893","60"
"3239","1","1","1","76","59","3292","10","43","5","2260","1998","262","4.77","1","0.884","70"
"3264","8","8","1","76","46","2497","12","29","4","1632","1448","184","4.42","1","0.887","71"
"3258","5","5","1","76","32","1623","13","13","1","1141","1037","104","3.84","0","0.909","76"
"3635","2","2","0","76","57","3106","25","23","5","1829","1623","206","3.98","2","0.887","68"
"3242","4","4","1","76","22","1207","9","9","1","753","677","76","3.78","3","0.899","73"
"3588","3","3","0","76","26","1314","8","10","2","881","782","99","4.52","0","0.888","68"
"3516","10","10","0","76","42","2392","21","18","2","1306","1168","138","3.46","3","0.894","70"
"3254","19","19","1","76","17","613","6","3","0","375","336","39","3.81","0","0.896","64"
"3494","8","8","0","76","23","997","2","8","2","734","647","87","5.23","0","0.881","65"
"3514","12","12","0","76","14","735","10","2","0","392","357","35","2.86","1","0.911","72"
"3235","17","17","1","76","28","1658","16","9","2","781","712","69","2.50","4","0.912","73"
"3615","20","20","0","76","63","3003","12","38","3","2543","2266","277","5.53","1","0.891","71"
"2879","16","16","1","76","27","1419","17","7","0","662","603","59","2.49","1","0.911","70"
"3547","13","13","0","76","50","2992","36","10","2","1616","1468","148","2.97","3","0.908","76"
"2884","2","2","1","76","49","2821","29","15","2","1594","1447","147","3.13","6","0.908","76"
"2921","21","21","0","76","50","2990","28","20","2","1597","1423","174","3.49","5","0.891","70"
"3136","9","9","0","76","37","1644","8","20","2","1295","1152","143","5.22","0","0.890","68"
"2878","16","16","1","76","44","2569","22","14","6","1308","1186","122","2.85","2","0.907","74"
"3538","1","1","0","76","41","2114","11","24","3","1576","1405","171","4.85","1","0.891","72"
"3562","15","15","0","76","12","720","11","1","0","323","292","31","2.58","1","0.904","72"
"3203","6","6","0","76","15","773","5","5","3","561","511","50","3.88","1","0.911","78"
"2871","3","3","1","76","52","2779","18","26","1","1800","1627","173","3.73","2","0.904","74"
"3843","11","11","0","76","57","3272","32","20","2","1924","1750","174","3.19","3","0.910","77"
"3750","14","14","0","76","47","2697","26","14","3","1551","1394","157","3.49","1","0.899","73"
"3746","6","6","0","76","55","3199","28","21","4","2008","1817","191","3.58","2","0.905","77"
"4018","4","4","0","76","21","908","4","9","0","622","555","67","4.42","0","0.892","67"
"4174","7","7","0","76","25","1393","19","4","0","805","739","66","2.84","4","0.918","78"
"3829","9","9","0","76","47","2329","9","24","3","1874","1678","196","5.05","0","0.895","72"
"3873","20","20","0","76","33","963","2","10","1","824","706","118","7.35","0","0.857","54"
"4225","2","2","0","76","21","884","6","6","1","555","489","66","4.48","0","0.881","62"
"3955","19","19","0","76","21","1012","3","12","0","718","632","86","5.10","0","0.880","67"
"4329","0","0","0","76","18","1008","11","2","2","545","506","39","2.32","2","0.928","80"
"4312","18","18","0","76","28","1479","13","10","0","873","781","92","3.73","2","0.895","69"
"4102","4","4","0","76","54","3058","27","23","3","2073","1882","191","3.75","2","0.908","78"
"3900","10","10","0","76","28","1598","10","14","1","894","796","98","3.68","1","0.890","69"
"4248","21","21","0","76","17","976","13","3","0","463","424","39","2.40","1","0.916","75"
"4024","5","5","0","76","30","1671","13","10","4","1018","910","108","3.88","2","0.894","72"
"2034","3","3","1","76","28","1183","10","11","0","789","720","69","3.50","1","0.913","72"
"1907","4","4","1","76","49","2770","35","11","1","1526","1374","152","3.29","4","0.900","73"
"1680","1","1","3","76","4","238","1","3","0","131","115","16","4.02","0","0.878","65"
"2117","13","13","0","76","20","994","14","4","0","533","491","42","2.53","2","0.921","74"
"1688","12","12","3","76","6","330","2","1","1","192","171","21","3.82","0","0.891","66"
"2045","7","7","1","76","18","977","8","5","2","525","483","42","2.58","0","0.920","77"
"1695","15","15","3","76","5","266","3","1","0","147","132","15","3.38","0","0.898","70"
"1712","4","4","3","76","5","262","4","0","0","113","105","8","1.83","0","0.929","74"
"1727","9","9","3","76","4","217","1","2","0","109","99","10","2.76","0","0.908","71"
"1945","17","17","1","76","40","2330","19","17","3","1165","1058","107","2.75","5","0.908","73"
"1718","7","7","3","76","6","361","4","2","0","176","158","18","2.99","1","0.898","70"
"100","14","14","2","76","6","346","3","2","1","179","162","17","2.94","0","0.905","74"
"33","1","1","2","76","5","303","2","2","1","189","175","14","2.77","0","0.926","87"
"4","12","12","2","76","6","329","3","3","0","168","145","23","4.19","0","0.863","59"
"135","1","1","0","76","37","1868","11","13","4","1398","1261","137","4.40","1","0.902","76"
"0","12","12","2","76","7","389","5","1","0","252","235","17","2.62","2","0.933","83"
"70","2","2","2","76","4","186","2","1","0","110","97","13","4.17","0","0.882","63"
"299","9","9","2","76","5","309","2","2","1","187","163","24","4.65","0","0.872","64"
"165","5","5","2","76","7","407","4","2","1","240","216","24","3.54","1","0.900","78"
"265","8","8","2","76","8","429","1","7","0","322","284","38","5.31","0","0.882","66"
"1354","9","9","2","76","7","427","3","2","2","209","188","21","2.95","1","0.900","74"
"1532","15","15","3","76","8","453","1","5","2","217","184","33","4.36","0","0.848","54"
"1452","4","4","2","76","3","189","1","1","1","152","136","16","5.06","0","0.895","83"
"1200","6","6","3","76","4","238","3","1","0","94","81","13","3.27","0","0.862","57"
"1519","5","5","3","76","5","260","2","1","1","158","140","18","4.14","0","0.886","67"
"1371","13","13","3","76","6","358","3","3","0","210","189","21","3.52","0","0.900","75"
"1377","2","2","3","76","7","417","5","2","0","227","205","22","3.16","0","0.903","75"
"1512","7","7","2","76","5","243","1","3","0","130","118","12","2.95","1","0.908","71"
"1502","7","7","3","76","6","357","3","3","0","156","135","21","3.52","0","0.865","58"
"1353","12","12","3","76","8","403","3","3","2","274","248","26","3.87","0","0.905","74"
"1419","5","5","2","76","6","322","3","1","1","176","162","14","2.61","0","0.920","77"
"1213","2","2","3","76","5","309","3","1","1","145","128","17","3.30","0","0.883","67"
"1555","0","0","3","76","6","300","1","4","0","190","167","23","4.59","0","0.879","64"
"1233","5","5","3","76","8","471","3","5","0","328","297","31","3.94","1","0.905","78"
"1346","13","13","2","76","4","232","1","2","0","175","161","14","3.61","0","0.920","90"
"1221","9","9","3","76","9","504","5","3","1","275","240","35","4.16","0","0.873","63"
"1381","4","4","3","76","8","459","4","4","0","258","231","27","3.53","0","0.895","71"
"1413","14","14","0","76","24","1275","12","10","1","754","691","63","2.96","0","0.916","77"
"1238","6","6","3","76","8","485","7","1","0","186","167","19","2.35","1","0.898","68"
"1346","0","0","3","76","8","422","2","4","1","247","219","28","3.98","0","0.887","67"
"1547","14","14","3","76","7","360","2","4","1","188","170","18","3.00","2","0.904","72"
"1218","1","1","3","76","8","482","6","1","1","217","194","23","2.86","0","0.894","69"
"1251","14","14","3","76","7","362","0","5","0","241","207","34","5.63","0","0.859","59"
"1492","13","13","3","76","6","362","4","2","0","191","177","14","2.32","1","0.927","81"
"1213","6","6","2","76","9","545","2","6","1","351","309","42","4.62","0","0.880","69"
"397","0","0","2","76","12","723","3","7","2","451","405","46","3.82","0","0.898","75"
"330","10","10","2","76","4","240","3","1","0","125","118","7","1.75","1","0.944","84"
"364","11","11","2","76","8","475","3","3","2","282","253","29","3.66","0","0.897","73"
"399","4","4","2","76","9","543","4","4","1","282","249","33","3.64","1","0.883","68"
"672","11","11","2","76","5","249","1","2","1","141","125","16","3.84","0","0.887","66"
"730","1","1","2","76","7","424","4","3","0","279","257","22","3.11","0","0.921","83"
"694","7","7","2","76","9","477","7","1","0","244","219","25","3.14","1","0.898","69"
"742","14","14","2","76","7","377","4","2","0","257","235","22","3.49","0","0.914","80"
"682","10","10","2","76","8","479","6","2","0","233","219","14","1.75","1","0.940","83"
"992","7","7","0","76","44","2586","33","7","3","1381","1265","116","2.69","2","0.916","78"
"1052","18","18","0","76","46","2480","18","23","2","1415","1265","150","3.63","3","0.894","69"
"926","8","8","2","76","7","288","1","3","0","207","180","27","5.61","0","0.870","61"
"1179","6","6","2","76","3","185","3","0","0","133","126","7","2.27","0","0.947","93"
"849","5","5","0","76","41","2302","19","19","1","1468","1323","145","3.78","2","0.901","74"
"961","2","2","2","76","9","533","6","3","0","254","229","25","2.81","0","0.902","71"
"1091","13","13","2","76","9","506","6","2","1","340","314","26","3.08","0","0.924","82"
"1052","2","2","0","75","30","1559","16","8","3","1022","929","93","3.58","1","0.909","77"
"992","7","7","0","75","45","2674","28","13","3","1537","1384","153","3.43","2","0.900","74"
"1091","13","13","2","75","9","539","5","3","0","409","377","32","3.56","0","0.922","87"
"1179","6","6","2","75","3","180","1","2","0","119","108","11","3.67","0","0.908","77"
"849","5","5","0","75","42","2385","23","16","2","1532","1377","155","3.90","1","0.899","74"
"926","8","8","2","75","4","227","1","2","1","119","103","16","4.22","0","0.866","59"
"961","2","2","2","75","9","490","5","3","0","255","231","24","2.93","0","0.906","73"
"299","9","9","2","75","10","598","7","3","0","238","212","26","2.61","1","0.891","65"
"231","7","7","2","75","3","163","2","1","0","86","78","8","2.94","0","0.907","74"
"265","8","8","2","75","9","511","4","3","1","289","260","29","3.40","0","0.900","72"
"165","5","5","2","75","7","376","4","2","0","209","189","20","3.19","0","0.904","73"
"2045","7","7","1","75","16","857","11","3","0","401","365","36","2.52","1","0.910","72"
"1912","10","10","0","75","32","1836","9","19","1","1143","1017","126","4.12","0","0.890","71"
"1945","17","17","1","75","46","2480","21","20","2","1296","1146","150","3.63","4","0.884","65"
"1852","14","14","1","75","34","1091","3","10","0","890","784","106","5.83","0","0.881","62"
"1907","4","4","1","75","43","2457","22","18","2","1391","1263","128","3.13","5","0.908","75"
"2073","1","1","1","75","17","720","3","5","0","548","489","59","4.91","0","0.892","68"
"2117","13","13","0","75","17","802","12","0","0","411","364","47","3.51","1","0.886","64"
"1798","5","5","1","75","38","1990","17","13","2","1137","1025","112","3.38","1","0.901","70"
"70","2","2","2","75","4","228","2","2","0","149","136","13","3.41","0","0.913","81"
"4","12","12","2","75","6","364","4","1","1","227","214","13","2.14","0","0.943","88"
"132","4","4","2","75","5","309","4","1","0","169","154","15","2.91","0","0.911","81"
"100","14","14","2","75","6","364","3","2","1","191","170","21","3.45","0","0.890","69"
"135","1","1","0","75","42","2060","18","13","1","1265","1114","151","4.40","0","0.881","65"
"33","1","1","2","75","8","488","3","3","2","278","256","22","2.70","0","0.921","82"
"0","12","12","2","75","6","369","4","1","1","250","234","16","2.60","0","0.936","88"
"708","5","5","2","75","6","340","2","4","0","200","180","20","3.52","1","0.900","69"
"634","7","7","3","75","9","541","6","3","0","233","209","24","2.66","2","0.897","71"
"730","1","1","2","75","5","251","0","3","1","150","136","14","3.35","0","0.907","74"
"694","7","7","2","75","10","566","6","1","2","312","285","27","2.86","0","0.913","76"
"672","11","11","2","75","4","232","2","2","0","151","133","18","4.65","0","0.881","69"
"742","14","14","2","75","6","358","3","3","0","191","173","18","3.02","1","0.906","74"
"682","10","10","2","75","6","311","1","3","1","137","118","19","3.65","0","0.861","53"
"1381","4","4","3","75","7","400","5","2","0","220","197","23","3.45","0","0.895","71"
"1354","9","9","2","75","3","128","1","0","1","61","55","6","2.81","0","0.902","66"
"1377","4","4","3","75","6","317","2","3","0","154","136","18","3.40","0","0.883","64"
"1413","14","14","0","75","27","1433","14","10","0","781","695","86","3.60","0","0.890","68"
"1346","13","13","2","75","4","188","1","3","0","140","126","14","4.47","1","0.900","72"
"1353","5","5","3","75","7","359","3","3","0","218","199","19","3.17","0","0.913","73"
"1480","14","14","3","75","9","306","0","7","0","233","206","27","5.28","0","0.884","62"
"1346","0","0","3","75","9","512","5","4","0","299","273","26","3.04","1","0.913","78"
"1371","6","6","3","75","6","364","5","1","0","195","176","19","3.13","1","0.903","75"
"1492","9","9","3","75","6","320","3","2","0","185","167","18","3.37","0","0.903","71"
"1251","2","2","3","75","4","239","2","2","0","130","122","8","2.01","1","0.938","80"
"1204","14","14","3","75","9","410","1","4","0","273","244","29","4.24","1","0.894","65"
"1562","7","7","3","75","3","178","2","1","0","81","73","8","2.69","0","0.901","70"
"1555","0","0","3","75","5","206","1","2","0","127","114","13","3.78","0","0.898","67"
"1213","6","6","2","75","9","542","4","5","0","432","398","34","3.76","0","0.921","92"
"1238","6","6","3","75","6","357","1","5","0","210","190","20","3.36","0","0.905","76"
"1213","2","2","3","75","8","480","5","3","0","239","218","21","2.62","1","0.912","73"
"1233","5","5","3","75","7","365","4","2","0","244","225","19","3.12","0","0.922","81"
"1218","1","1","3","75","8","480","8","0","0","198","178","20","2.50","0","0.899","69"
"1221","9","9","3","75","7","404","2","4","1","242","219","23","3.42","1","0.905","76"
"1547","13","13","3","75","5","298","2","3","0","127","115","12","2.41","1","0.906","72"
"1187","15","15","3","75","6","373","3","1","2","160","145","15","2.41","1","0.906","72"
"1519","12","12","3","75","4","243","2","2","0","172","158","14","3.45","0","0.919","87"
"1513","12","12","3","75","8","484","1","5","2","315","277","38","4.71","0","0.879","70"
"1502","1","1","3","75","4","238","3","1","0","131","120","11","2.77","0","0.916","79"
"1532","15","15","3","75","6","359","3","3","0","169","151","18","3.00","0","0.893","68"
"1200","13","13","3","75","7","421","3","3","1","192","172","20","2.84","1","0.896","70"
"399","4","4","2","75","7","426","3","4","0","239","216","23","3.24","0","0.904","74"
"330","10","10","2","75","8","411","4","3","0","204","187","17","2.48","2","0.917","73"
"465","0","0","0","75","15","831","10","2","0","387","361","26","1.88","3","0.933","77"
"364","11","11","2","75","9","488","2","5","1","261","230","31","3.81","0","0.881","64"
"397","0","0","2","75","12","723","6","4","2","482","447","35","2.90","0","0.927","87"
"4102","4","4","0","75","54","2769","18","27","1","1923","1710","213","4.61","1","0.889","70"
"4079","21","21","0","75","17","909","13","0","1","431","393","38","2.51","0","0.912","72"
"3750","14","14","0","75","45","2535","17","24","1","1522","1364","158","3.74","0","0.896","72"
"4174","7","7","0","75","24","1295","15","6","1","766","688","78","3.61","0","0.898","73"
"3829","12","12","0","75","27","1434","7","14","3","832","723","109","4.56","0","0.869","62"
"4024","5","5","0","75","30","1589","19","6","0","978","887","91","3.43","1","0.907","74"
"3873","20","20","0","75","58","2168","1","50","1","2270","1963","307","8.50","0","0.865","59"
"3955","19","19","0","75","25","1033","1","10","1","718","624","94","5.46","0","0.869","60"
"3746","6","6","0","75","56","3109","29","23","2","1840","1663","177","3.41","1","0.904","75"
"3843","11","11","0","75","28","1498","18","5","0","673","617","56","2.24","6","0.917","73"
"3900","18","18","0","75","52","3006","29","20","3","1874","1679","195","3.89","2","0.896","72"
"2575","11","11","0","75","43","2477","23","17","3","1200","1065","135","3.27","1","0.888","67"
"2595","15","15","0","75","54","3249","35","15","4","1587","1432","155","2.86","4","0.902","72"
"2560","0","0","1","75","40","2109","18","16","1","1168","1038","130","3.70","2","0.889","67"
"2828","9","9","0","75","56","3274","44","10","1","1583","1429","154","2.82","4","0.903","71"
"2312","3","3","0","75","47","2362","17","19","1","1513","1372","141","3.58","4","0.907","73"
"2266","5","5","1","75","39","1971","19","13","2","1074","962","112","3.41","2","0.896","68"
"2666","9","9","1","75","47","2690","19","22","5","1628","1456","172","3.84","3","0.894","72"
"2733","2","2","1","75","19","1029","10","4","2","447","400","47","2.74","3","0.895","67"
"2664","9","9","1","75","22","1288","10","9","1","742","669","73","3.40","1","0.902","75"
"2789","0","0","0","75","54","3137","30","21","3","1966","1778","188","3.59","2","0.904","75"
"2267","7","7","1","75","54","3137","29","19","4","1553","1413","140","2.68","5","0.910","75"
"2217","15","15","1","75","47","2679","37","6","2","1354","1243","111","2.49","4","0.918","77"
"2236","6","6","1","75","40","2246","17","18","1","1213","1085","128","3.42","1","0.894","70"
"2308","3","3","1","75","56","2468","12","30","4","1887","1671","216","5.25","1","0.886","67"
"2626","8","8","1","75","58","2540","12","32","1","1952","1731","221","5.22","0","0.887","67"
"2241","1","1","1","75","60","3264","17","38","3","2343","2099","244","4.48","0","0.896","73"
"2540","15","15","1","75","22","1287","14","6","1","699","631","68","3.17","3","0.903","75"
"2376","17","17","1","75","28","1423","14","8","0","691","621","70","2.95","1","0.899","67"
"2410","14","14","1","75","62","2878","21","32","0","2131","1883","248","5.17","1","0.884","67"
"2479","6","6","1","75","33","1718","27","3","0","790","723","67","2.34","3","0.915","72"
"2498","8","8","1","75","38","1426","3","18","0","1125","981","144","6.06","0","0.872","61"
"2357","19","19","0","75","57","2937","6","46","2","2102","1814","288","5.88","1","0.863","60"
"2423","4","4","1","75","27","1497","15","9","0","847","767","80","3.21","0","0.906","74"
"2443","8","8","0","75","44","2412","17","22","1","1507","1365","142","3.53","1","0.906","75"
"2379","0","0","1","75","36","1852","17","13","1","937","821","116","3.76","2","0.876","63"
"3514","12","12","0","75","46","2542","27","15","0","1254","1121","133","3.14","4","0.894","69"
"3547","13","13","0","75","55","3163","34","18","2","1900","1706","194","3.68","3","0.898","74"
"2921","21","21","0","75","54","3061","32","17","3","1752","1568","184","3.61","3","0.895","71"
"3538","1","1","0","75","39","1912","11","21","2","1279","1130","149","4.67","1","0.884","67"
"3562","15","15","0","75","13","727","10","2","0","310","276","34","2.80","1","0.890","65"
"2900","4","4","0","75","31","1204","2","15","3","957","844","113","5.63","0","0.882","63"
"2871","3","3","1","75","40","1508","4","15","1","1164","1035","129","5.13","0","0.889","66"
"3516","10","10","0","75","37","2138","17","17","3","1217","1108","109","3.06","4","0.910","76"
"3635","2","2","0","75","44","2414","23","14","2","1544","1383","161","4.00","0","0.896","73"
"3273","18","18","0","75","19","965","9","4","1","507","455","52","3.23","1","0.897","69"
"3588","3","3","0","75","33","1590","8","21","0","1257","1121","136","5.13","1","0.892","72"
"3203","6","6","0","75","16","850","5","7","0","589","524","65","4.59","0","0.890","71"
"2884","2","2","1","75","50","2947","35","13","2","1381","1241","140","2.85","5","0.899","69"
"2879","16","16","1","75","35","1886","14","12","5","1029","924","105","3.34","3","0.898","70"
"3136","9","9","0","75","14","696","5","6","0","383","338","45","3.88","0","0.883","64"
"3494","8","8","0","75","32","1550","8","17","1","1131","1011","120","4.64","0","0.894","70"
"2878","16","16","1","75","37","2100","21","12","2","1096","996","100","2.86","1","0.909","73"
"3615","20","20","0","75","53","1785","0","14","0","1660","1433","227","7.63","0","0.863","57"
"3562","15","15","0","74","13","717","8","4","0","320","292","28","2.34","3","0.913","73"
"2871","3","3","1","74","43","1873","14","15","2","1229","1080","149","4.77","0","0.879","63"
"3136","9","9","0","74","14","729","9","4","0","413","377","36","2.96","0","0.913","76"
"2921","21","21","0","74","54","3227","32","17","5","1805","1627","178","3.31","5","0.901","74"
"3538","1","1","0","74","29","1571","12","12","0","1018","903","115","4.39","1","0.887","69"
"2879","16","16","1","74","35","1797","11","17","1","1072","958","114","3.81","0","0.894","69"
"3547","13","13","0","74","52","2886","27","19","3","1932","1757","175","3.64","2","0.909","77"
"2865","14","14","1","74","23","1088","8","10","2","612","543","69","3.80","0","0.887","65"
"2884","2","2","1","74","24","1444","14","9","1","681","600","81","3.36","2","0.881","65"
"3273","18","18","0","74","23","1028","11","5","1","582","517","65","3.79","1","0.888","66"
"3203","6","6","0","74","21","855","3","7","0","670","589","81","5.68","0","0.879","63"
"2954","0","0","0","74","20","1122","12","4","0","551","506","45","2.41","3","0.918","76"
"3635","2","2","0","74","51","2759","20","20","5","1717","1511","206","4.48","2","0.880","67"
"3514","12","12","0","74","49","2716","25","22","0","1603","1435","168","3.71","4","0.895","71"
"2878","16","16","1","74","41","2178","15","21","1","1206","1071","135","3.72","3","0.888","67"
"2900","4","4","0","74","58","2374","6","43","0","2095","1811","284","7.18","1","0.864","60"
"3516","10","10","0","74","26","1215","6","14","1","844","747","97","4.79","0","0.885","66"
"3588","3","3","0","74","39","2134","15","17","2","1695","1527","168","4.72","0","0.901","78"
"3494","8","8","0","74","28","1170","6","12","0","767","665","102","5.23","0","0.867","59"
"3615","20","20","0","74","66","3038","4","59","3","2968","2619","349","6.89","0","0.882","68"
"3428","4","4","0","74","46","1596","4","12","1","1370","1182","188","7.07","0","0.863","58"
"3873","20","20","0","74","33","929","0","0","0","936","816","120","7.75","0","0.872","61"
"3746","6","6","0","74","58","3131","33","20","3","2012","1813","199","3.81","1","0.901","75"
"3750","14","14","0","74","32","1814","20","5","2","998","898","100","3.31","2","0.900","73"
"3900","18","18","0","74","52","2950","31","14","4","1733","1563","170","3.46","1","0.902","75"
"3955","19","19","0","74","19","799","2","10","0","604","541","63","4.73","0","0.896","66"
"3843","11","11","0","74","26","1327","13","8","2","670","596","74","3.34","0","0.890","65"
"3829","12","12","0","74","25","1256","6","8","5","839","749","90","4.30","0","0.893","70"
"4024","5","5","0","74","22","1221","13","6","1","722","644","78","3.83","1","0.892","69"
"2828","9","9","0","74","55","3228","43","9","1","1596","1449","147","2.73","3","0.908","73"
"2236","6","6","1","74","49","2695","26","13","6","1433","1276","157","3.49","0","0.890","68"
"2443","8","8","0","74","53","2790","18","28","2","1977","1761","216","4.64","0","0.891","71"
"2241","1","1","1","74","57","3393","19","36","2","1976","1758","218","3.85","0","0.890","70"
"2666","9","9","1","74","43","2501","18","19","5","1340","1184","156","3.74","2","0.884","67"
"2379","0","0","1","74","36","1999","21","12","1","1119","993","126","3.78","2","0.887","68"
"2266","5","5","1","74","40","2221","19","12","4","1302","1172","130","3.51","2","0.900","72"
"2664","9","9","1","74","28","1488","13","9","2","818","729","89","3.59","1","0.891","68"
"2312","7","7","0","74","20","1125","12","5","1","628","574","54","2.88","1","0.914","78"
"2498","8","8","1","74","41","1798","6","25","2","1306","1137","169","5.64","0","0.871","62"
"2357","19","19","0","74","57","3167","5","47","2","2240","1960","280","5.30","0","0.875","66"
"2308","3","3","1","74","45","2120","19","13","3","1356","1231","125","3.54","2","0.908","73"
"2575","11","11","0","74","47","2660","25","16","2","1406","1260","146","3.29","2","0.896","71"
"2217","15","15","1","74","41","2404","30","5","6","1029","933","96","2.40","3","0.907","71"
"2410","14","14","1","74","51","2893","24","17","5","1740","1588","152","3.15","1","0.913","78"
"2560","0","0","1","74","35","1966","15","16","1","976","877","99","3.02","3","0.899","71"
"2540","15","15","1","74","28","1582","18","7","0","627","575","52","1.97","6","0.917","72"
"2423","4","4","1","74","38","2093","21","13","2","1017","921","96","2.75","3","0.906","72"
"2595","15","15","0","74","55","3274","33","16","5","1702","1530","172","3.15","4","0.899","72"
"2479","8","8","1","74","35","1472","7","16","0","1098","971","127","5.18","1","0.884","65"
"2789","0","0","0","74","50","2869","34","12","4","1759","1598","161","3.37","3","0.908","76"
"430","13","13","2","74","12","709","4","7","1","488","431","57","4.82","0","0.883","70"
"397","0","0","2","74","12","720","10","2","0","434","398","36","3.00","1","0.917","83"
"465","13","13","0","74","23","1090","13","3","1","678","609","69","3.79","0","0.898","69"
"399","4","4","2","74","8","456","4","3","0","235","212","23","3.02","1","0.902","74"
"330","10","10","2","74","9","539","7","2","0","218","196","22","2.45","0","0.899","67"
"364","11","11","2","74","9","525","6","2","0","256","242","14","1.60","4","0.945","85"
"1912","10","10","0","74","49","2750","21","22","2","1642","1457","185","4.04","1","0.887","69"
"1779","6","6","1","74","25","1286","15","4","2","690","609","81","3.78","0","0.883","65"
"1798","5","5","1","74","34","1757","16","14","1","1041","922","119","4.06","0","0.886","67"
"2073","1","1","1","74","11","578","3","6","0","308","271","37","3.84","1","0.880","63"
"1965","2","2","1","74","43","2555","25","11","6","1243","1110","133","3.12","1","0.893","69"
"1907","4","4","1","74","33","1867","17","12","1","843","741","102","3.28","4","0.879","64"
"2045","7","7","1","74","18","979","13","3","1","432","391","41","2.51","3","0.905","71"
"1973","17","17","1","74","21","1107","4","12","1","636","575","61","3.30","1","0.904","74"
"1159","12","12","3","74","10","563","4","5","1","361","326","35","3.73","1","0.903","75"
"1052","2","2","0","74","25","1223","12","8","1","806","727","79","3.87","0","0.902","73"
"1179","6","6","2","74","2","64","0","0","0","37","35","2","1.85","0","0.946","71"
"1091","13","13","2","74","2","16","0","0","0","7","7","0","0.00","0","1.000","55"
"926","8","8","2","74","11","482","3","6","0","306","271","35","4.35","0","0.886","65"
"849","5","5","0","74","48","2758","27","16","3","1575","1418","157","3.42","2","0.900","74"
"808","0","0","3","74","9","551","5","2","2","277","252","25","2.72","2","0.910","78"
"961","2","2","2","74","12","654","3","7","1","362","310","52","4.76","0","0.856","57"
"781","2","2","3","74","7","423","3","3","1","207","185","22","3.12","1","0.894","71"
"1187","13","13","3","74","8","471","5","2","1","258","232","26","3.31","0","0.899","74"
"964","2","2","2","74","3","66","1","0","0","45","43","2","1.81","0","0.956","68"
"992","7","7","0","74","49","2876","29","13","6","1707","1544","163","3.40","3","0.905","77"
"165","5","5","2","74","7","393","4","3","0","216","190","26","3.97","0","0.880","65"
"231","7","7","2","74","5","302","3","1","1","190","171","19","3.77","0","0.900","77"
"297","9","9","2","74","5","259","4","0","0","105","97","8","1.85","0","0.924","71"
"264","8","8","2","74","5","240","0","3","0","151","125","26","6.49","0","0.828","48"
"299","9","9","2","74","8","458","6","2","0","218","194","24","3.14","0","0.890","67"
"1564","7","7","1","74","50","3002","29","17","3","1429","1280","149","2.98","5","0.896","69"
"1371","9","9","3","74","9","545","4","5","0","332","299","33","3.63","0","0.901","75"
"1218","1","1","3","74","8","478","4","3","1","253","233","20","2.51","1","0.921","79"
"1213","2","2","3","74","5","305","2","2","1","140","121","19","3.74","0","0.864","59"
"1346","0","0","3","74","3","185","2","1","0","102","91","11","3.57","0","0.892","75"
"1203","4","4","3","74","5","253","1","2","1","107","90","17","4.03","0","0.841","52"
"1353","12","12","3","74","3","170","1","1","0","90","79","11","3.87","0","0.878","64"
"1370","17","17","1","74","50","2877","19","29","1","1631","1454","177","3.69","3","0.891","69"
"1213","6","6","2","74","12","658","2","9","1","465","415","50","4.55","0","0.892","73"
"1381","4","4","3","74","8","470","2","6","0","267","232","35","4.46","0","0.869","62"
"1206","7","7","3","74","8","473","5","3","0","251","219","32","4.06","0","0.873","63"
"1200","6","6","3","74","8","492","5","2","1","230","202","28","3.41","0","0.878","63"
"1204","13","13","3","74","5","262","1","2","1","140","126","14","3.19","0","0.900","69"
"1377","7","7","3","74","5","250","2","2","0","136","124","12","2.87","0","0.912","76"
"1221","9","9","3","74","3","179","1","2","0","114","101","13","4.35","0","0.886","68"
"1233","5","5","3","74","2","125","1","0","1","71","67","4","1.92","0","0.944","90"
"1413","14","14","0","74","39","2175","14","22","3","1324","1177","147","4.05","1","0.889","70"
"1238","6","6","3","74","4","238","2","2","0","114","104","10","2.52","0","0.912","75"
"4","12","12","2","74","6","251","1","3","0","175","162","13","3.10","0","0.926","77"
"135","1","1","0","74","46","2416","29","11","2","1482","1345","137","3.40","3","0.908","73"
"132","4","4","2","74","6","258","2","3","0","166","151","15","3.48","0","0.910","68"
"100","14","14","2","74","6","360","4","2","0","174","155","19","3.17","0","0.891","68"
"0","12","12","2","74","9","466","6","2","0","278","254","24","3.08","1","0.914","73"
"33","1","1","2","74","8","435","1","7","0","215","186","29","4.00","0","0.865","58"
"744","5","5","3","74","10","614","8","1","1","429","401","28","2.73","1","0.935","91"
"563","21","21","0","74","15","763","12","0","0","324","300","24","1.89","2","0.926","72"
"741","3","3","0","74","39","1845","15","16","1","1470","1300","170","5.53","1","0.884","69"
"742","14","14","2","74","6","364","4","2","0","206","180","26","4.28","0","0.874","65"
"682","10","10","2","74","3","179","0","3","0","101","88","13","4.36","0","0.871","61"
"730","1","1","2","74","5","284","2","2","0","158","139","19","4.01","0","0.880","66"
"672","11","11","2","74","4","191","3","1","0","89","82","7","2.19","2","0.921","75"
"694","7","7","2","74","8","424","2","5","0","255","227","28","3.96","0","0.890","68"
"708","5","5","2","74","6","329","2","2","1","157","137","20","3.65","0","0.873","60"
"634","1","1","3","74","4","238","2","2","0","100","95","5","1.26","0","0.950","79"
"742","14","14","2","73","6","359","4","2","0","229","215","14","2.34","1","0.939","92"
"563","21","21","0","73","14","737","11","0","0","310","275","35","2.85","1","0.887","64"
"708","5","5","2","73","6","324","5","1","0","172","156","16","2.96","0","0.907","73"
"730","1","1","2","73","4","229","2","1","0","105","100","5","1.31","2","0.952","87"
"672","11","11","2","73","3","179","1","2","0","115","106","9","3.01","1","0.922","82"
"740","0","0","3","73","4","247","3","0","1","135","125","10","2.42","0","0.926","86"
"634","12","12","3","73","7","421","2","5","0","255","228","27","3.85","0","0.894","74"
"694","7","7","2","73","5","246","1","4","0","159","139","20","4.87","0","0.874","65"
"849","5","5","0","73","54","3172","41","10","2","1664","1527","137","2.59","7","0.918","78"
"1052","2","2","0","73","27","1431","17","7","0","859","770","89","3.73","2","0.896","71"
"964","2","2","2","73","1","4","0","0","0","4","3","1","13.25","0","0.750","44"
"869","1","1","3","73","9","542","6","3","0","222","201","21","2.32","2","0.905","71"
"926","8","8","2","73","5","278","1","3","0","160","143","17","3.66","0","0.894","69"
"961","2","2","2","73","12","715","8","3","1","456","420","36","3.02","1","0.921","84"
"992","7","7","0","73","47","2809","28","16","3","1699","1537","162","3.46","4","0.905","77"
"1187","4","4","3","73","4","247","0","2","2","176","159","17","4.12","0","0.903","81"
"791","1","1","3","73","3","177","1","2","0","95","84","11","3.72","0","0.884","67"
"764","18","18","0","73","56","3196","18","34","2","2174","1961","213","4.00","3","0.902","76"
"808","0","0","3","73","8","497","3","3","2","268","240","28","3.38","0","0.896","73"
"1159","5","5","3","73","7","425","5","1","1","222","203","19","2.68","0","0.914","77"
"781","2","2","3","73","9","530","1","7","1","306","277","29","3.28","1","0.905","75"
"826","13","13","3","73","7","423","5","2","0","216","194","22","3.12","0","0.898","71"
"399","4","4","2","73","7","398","3","2","1","243","218","25","3.77","1","0.897","72"
"397","0","0","2","73","12","727","8","3","1","396","368","28","2.31","2","0.929","83"
"364","11","11","2","73","9","546","4","4","1","260","234","26","2.86","0","0.900","70"
"300","19","19","0","73","23","1213","6","12","0","823","743","80","3.95","1","0.903","76"
"465","13","13","0","73","19","941","9","7","0","616","561","55","3.50","0","0.911","74"
"430","13","13","2","73","12","734","5","6","1","550","501","49","4.00","0","0.911","82"
"330","10","10","2","73","12","724","4","7","1","350","316","34","2.82","0","0.903","69"
"2107","16","16","1","73","25","945","7","8","2","556","488","68","4.32","0","0.878","60"
"1806","16","16","1","73","58","3041","27","18","4","1919","1731","188","3.71","1","0.902","73"
"1881","8","8","1","73","48","2494","20","20","2","1587","1425","162","3.90","2","0.898","72"
"1965","2","2","1","73","32","1874","21","9","2","970","864","106","3.39","1","0.891","69"
"2083","3","3","1","73","40","2237","26","8","1","1141","1048","93","2.49","4","0.918","77"
"1798","5","5","1","73","51","2595","20","19","3","1554","1411","143","3.31","1","0.908","72"
"2000","6","6","1","73","36","1375","7","12","2","915","799","116","5.06","1","0.873","60"
"2058","15","15","1","73","54","3046","24","26","2","1896","1698","198","3.90","1","0.896","73"
"2117","11","11","0","73","20","915","12","1","1","448","406","42","2.75","0","0.906","68"
"1843","5","5","1","73","30","1371","10","14","0","901","817","84","3.67","1","0.907","73"
"1912","10","10","0","73","44","2459","19","22","1","1603","1434","169","4.12","1","0.895","72"
"1973","17","17","1","73","26","1317","3","17","2","895","806","89","4.05","0","0.901","72"
"1767","9","9","1","73","38","2211","16","19","2","1351","1220","131","3.55","3","0.903","76"
"2073","7","7","1","73","14","775","7","6","0","444","399","45","3.48","1","0.899","70"
"132","4","4","2","73","6","331","3","3","0","241","219","22","3.98","0","0.909","75"
"0","12","12","2","73","12","631","6","4","0","381","345","36","3.42","1","0.906","70"
"33","1","1","2","73","9","496","4","4","1","294","276","18","2.17","1","0.939","86"
"135","1","1","0","73","54","3125","26","25","3","1912","1721","191","3.67","0","0.900","74"
"100","14","14","2","73","6","361","4","2","0","191","177","14","2.32","2","0.927","80"
"4","12","12","2","73","4","99","0","1","1","63","56","7","4.23","0","0.889","54"
"299","9","9","2","73","8","437","6","2","0","240","218","22","3.02","1","0.908","73"
"165","5","5","2","73","7","394","2","4","0","234","202","32","4.87","1","0.863","60"
"231","7","7","2","73","8","472","6","1","0","272","250","22","2.80","0","0.919","81"
"264","8","8","2","73","8","447","2","5","1","251","223","28","3.76","0","0.888","68"
"200","6","6","2","73","12","735","3","6","3","445","398","47","3.84","1","0.894","71"
"297","9","9","2","73","5","283","2","2","0","132","118","14","2.96","1","0.894","69"
"1213","4","4","3","73","8","486","3","4","1","296","266","30","3.70","0","0.899","76"
"1251","2","2","3","73","4","194","1","1","1","126","116","10","3.08","1","0.921","74"
"1206","12","12","3","73","5","299","3","2","0","162","147","15","3.01","0","0.907","78"
"1258","6","6","3","73","4","240","4","0","0","96","92","4","1.00","1","0.958","86"
"1200","6","6","3","73","8","479","5","3","0","204","184","20","2.50","1","0.902","70"
"1370","17","17","1","73","49","2664","19","23","2","1543","1383","160","3.60","4","0.896","71"
"1197","7","7","3","73","6","197","1","1","1","97","85","12","3.65","0","0.876","58"
"1238","13","13","3","73","5","299","2","3","0","156","142","14","2.81","1","0.910","76"
"1218","7","7","3","73","10","538","4","5","0","255","220","35","3.90","0","0.863","59"
"1413","14","14","0","73","44","2438","15","27","1","1563","1387","176","4.33","2","0.887","68"
"1221","9","9","3","73","6","360","5","1","0","167","152","15","2.50","0","0.910","74"
"1564","7","7","1","73","54","3222","24","22","7","1925","1742","183","3.41","0","0.905","77"
"1220","9","9","3","73","6","358","2","4","0","184","171","13","2.17","1","0.929","83"
"1233","5","5","3","73","5","300","4","1","0","174","166","8","1.60","2","0.954","93"
"2813","15","15","1","73","16","733","7","4","0","441","405","36","2.95","1","0.918","74"
"2323","2","2","1","73","35","2087","20","13","1","1160","1048","112","3.22","3","0.903","75"
"2828","9","9","0","73","56","3270","45","8","1","1590","1458","132","2.42","8","0.917","75"
"2217","15","15","1","73","3","185","3","0","0","91","83","8","2.59","0","0.912","77"
"2443","8","8","0","73","48","2387","16","22","0","1882","1701","181","4.55","1","0.904","75"
"2312","7","7","0","73","20","1174","9","9","1","733","655","78","3.99","1","0.894","73"
"2236","6","6","1","73","56","2591","20","23","2","1627","1440","187","4.33","2","0.885","65"
"2575","11","11","0","73","54","3047","36","16","0","1522","1370","152","2.99","5","0.900","71"
"2270","1","1","1","73","15","802","2","8","2","538","483","55","4.11","0","0.898","70"
"2357","19","19","0","73","49","2757","9","36","3","1927","1706","221","4.81","1","0.885","70"
"2308","3","3","1","73","33","1738","21","8","2","977","894","83","2.86","3","0.915","75"
"2560","0","0","1","73","13","727","5","7","0","431","376","55","4.54","1","0.872","65"
"2821","8","8","1","73","32","1476","11","12","1","929","835","94","3.82","0","0.899","70"
"2379","0","0","1","73","54","3238","37","17","0","1801","1645","156","2.89","7","0.913","79"
"2807","14","14","1","73","32","1562","16","9","1","923","836","87","3.34","2","0.906","72"
"2789","0","0","0","73","54","3221","37","14","3","1870","1692","178","3.32","4","0.905","76"
"2241","1","1","1","73","55","3166","19","31","4","1813","1617","196","3.71","3","0.892","71"
"2801","4","4","1","73","25","1146","5","16","0","786","690","96","5.02","0","0.878","64"
"2410","14","14","1","73","33","1897","18","12","1","1069","970","99","3.13","2","0.907","75"
"2423","4","4","1","73","52","2835","30","13","2","1734","1562","172","3.64","2","0.901","74"
"2666","9","9","1","73","28","1540","13","12","1","1070","976","94","3.66","0","0.912","78"
"2595","15","15","0","73","55","3237","27","22","4","1829","1618","211","3.91","2","0.885","69"
"3615","20","20","0","73","34","1775","11","18","0","1253","1118","135","4.56","1","0.892","72"
"2904","4","4","0","73","42","1308","2","16","0","1172","1020","152","6.97","0","0.870","58"
"3562","15","15","0","73","13","746","8","4","1","381","346","35","2.81","1","0.908","74"
"2921","21","21","0","73","55","3230","39","14","2","1785","1612","173","3.21","2","0.903","73"
"2900","4","4","0","73","58","2664","8","39","1","2243","1960","283","6.37","1","0.874","64"
"3635","2","2","0","73","45","2538","20","19","3","1609","1430","179","4.23","1","0.889","70"
"3588","3","3","0","73","24","1252","4","16","0","1079","956","123","5.89","0","0.886","72"
"2954","0","0","0","73","14","753","10","1","1","354","324","30","2.39","2","0.915","74"
"3538","1","1","0","73","15","835","7","4","1","479","429","50","3.59","1","0.896","72"
"3136","9","9","0","73","12","680","5","7","0","454","400","54","4.76","0","0.881","69"
"3516","10","10","0","73","28","1514","14","8","2","973","869","104","4.12","1","0.893","73"
"3514","12","12","0","73","55","2652","21","23","2","1739","1537","202","4.57","0","0.884","66"
"3203","6","6","0","73","21","749","3","9","0","599","516","83","6.64","0","0.861","57"
"3547","13","13","0","73","52","3030","27","21","2","2016","1832","184","3.64","1","0.909","79"
"3273","18","18","0","73","39","2133","22","15","0","1325","1188","137","3.85","2","0.897","72"
"3494","8","8","0","73","37","1577","6","19","3","1225","1080","145","5.52","0","0.882","64"
"3750","14","14","0","73","29","1534","13","6","4","852","768","84","3.28","2","0.901","72"
"3818","5","5","0","73","14","798","12","1","0","387","355","32","2.40","1","0.917","75"
"3829","12","12","0","73","29","1319","3","14","3","1024","892","132","6.00","0","0.871","62"
"3843","3","3","0","73","51","2728","18","23","5","1905","1705","200","4.40","2","0.895","73"
"3873","20","20","0","73","18","812","4","8","0","633","567","66","4.87","0","0.896","69"
"3746","6","6","0","73","59","3211","22","31","1","2250","2013","237","4.43","2","0.895","73"
"2171","2","2","1","72","41","2362","26","13","2","1130","1002","128","3.25","1","0.887","67"
"2789","0","0","0","72","54","3126","33","17","2","1921","1731","190","3.65","1","0.901","75"
"2357","19","19","0","72","53","2922","22","28","0","1762","1569","193","3.96","1","0.890","70"
"2423","4","4","1","72","26","1163","10","9","0","585","506","79","4.07","0","0.865","56"
"2241","1","1","1","72","30","1678","14","12","0","1094","988","106","3.79","1","0.903","77"
"2828","9","9","0","72","55","3207","40","13","2","1653","1493","160","2.99","2","0.903","73"
"2418","17","17","1","72","1","60","0","1","0","44","39","5","5.00","0","0.886","73"
"2443","8","8","0","72","36","1889","9","20","3","1480","1336","144","4.57","1","0.903","77"
"2225","15","15","1","72","15","614","3","5","0","411","353","58","5.66","1","0.859","56"
"2312","7","7","0","72","28","1389","9","12","2","901","805","96","4.15","1","0.893","70"
"2514","5","5","0","72","13","757","12","0","0","339","308","31","2.45","1","0.909","73"
"2575","11","11","0","72","54","3069","35","13","3","1434","1271","163","3.19","4","0.886","66"
"2595","15","15","0","72","55","3185","32","17","5","1799","1623","176","3.31","1","0.902","73"
"2560","0","0","1","72","36","1924","14","17","0","1283","1153","130","4.05","0","0.899","74"
"3428","12","12","0","72","22","908","4","9","1","770","679","91","6.01","0","0.882","67"
"3635","13","13","0","72","32","1602","13","11","0","896","802","94","3.52","1","0.895","69"
"2904","4","4","0","72","41","1599","4","17","1","1352","1189","163","6.12","0","0.879","63"
"3516","10","10","0","72","32","1498","4","23","0","1041","920","121","4.85","1","0.884","65"
"3615","18","18","0","72","22","1012","14","2","1","469","433","36","2.13","4","0.923","71"
"2900","4","4","0","72","53","2364","4","39","1","2026","1774","252","6.40","0","0.876","64"
"3588","3","3","0","72","42","2117","10","22","2","1758","1592","166","4.70","2","0.906","78"
"3514","12","12","0","72","59","3066","20","27","5","2024","1809","215","4.21","1","0.894","70"
"3494","8","8","0","72","41","2080","11","19","4","1469","1319","150","4.33","0","0.898","72"
"3203","6","6","0","72","24","948","3","12","1","795","712","83","5.25","1","0.896","69"
"3547","13","13","0","72","43","2361","22","18","2","1431","1285","146","3.71","6","0.898","72"
"2860","20","20","0","72","13","698","10","1","1","323","298","25","2.15","1","0.923","75"
"3562","15","15","0","72","16","803","9","2","1","371","331","40","2.99","2","0.892","65"
"2954","0","0","0","72","17","845","10","4","0","450","408","42","2.98","1","0.907","72"
"3136","9","9","0","72","15","754","6","5","0","540","490","50","3.98","2","0.907","74"
"3538","1","1","0","72","22","1173","16","4","0","638","577","61","3.12","3","0.904","72"
"2921","21","21","0","72","55","3307","34","13","7","1738","1566","172","3.12","1","0.901","73"
"1370","17","17","1","72","49","2693","18","29","0","1872","1668","204","4.54","3","0.891","72"
"1204","2","2","3","72","6","323","1","3","2","174","149","25","4.64","0","0.856","56"
"1413","14","14","0","72","48","2721","14","32","2","1923","1722","201","4.43","1","0.895","73"
"1306","18","18","0","72","53","2962","25","21","3","1541","1379","162","3.28","4","0.895","70"
"1206","7","7","3","72","8","460","3","4","0","271","242","29","3.78","0","0.893","72"
"1203","9","9","3","72","5","244","3","1","0","109","93","16","3.92","0","0.853","55"
"1553","17","17","1","72","28","1220","4","14","0","763","685","78","3.83","2","0.898","68"
"1200","6","6","3","72","6","324","2","3","0","190","171","19","3.51","1","0.900","71"
"1564","7","7","1","72","50","2852","18","27","5","1936","1739","197","4.14","0","0.898","74"
"1521","8","8","1","72","32","1751","20","6","1","1006","910","96","3.29","2","0.905","73"
"430","13","13","2","72","12","573","1","9","1","429","374","55","5.76","0","0.872","63"
"330","10","10","2","72","12","713","5","7","0","384","345","39","3.28","0","0.898","72"
"397","0","0","2","72","12","728","9","1","2","415","373","42","3.46","0","0.899","73"
"431","13","13","2","72","5","146","0","1","0","114","104","10","4.08","0","0.912","67"
"300","6","6","0","72","54","3011","17","30","3","2163","1950","213","4.24","1","0.902","78"
"399","4","4","2","72","5","296","3","2","0","172","158","14","2.84","0","0.919","80"
"364","11","11","2","72","8","429","4","4","0","254","226","28","3.92","0","0.890","68"
"465","2","2","0","72","19","952","8","7","0","635","565","70","4.41","0","0.890","68"
"566","19","19","0","72","20","1049","4","10","2","751","673","78","4.46","0","0.896","72"
"730","1","1","2","72","3","178","1","2","0","105","96","9","3.02","1","0.914","80"
"708","5","5","2","72","7","307","3","1","0","150","142","8","1.56","1","0.947","72"
"744","5","5","3","72","6","339","5","1","0","216","198","18","3.18","0","0.917","77"
"694","7","7","2","72","5","254","3","1","0","137","116","21","4.95","0","0.847","54"
"702","9","9","3","72","8","477","5","3","0","235","211","24","3.01","2","0.898","72"
"742","14","14","2","72","6","358","4","2","0","220","199","21","3.51","0","0.905","79"
"565","11","11","0","72","17","894","11","4","0","359","319","40","2.68","2","0.889","64"
"563","21","21","0","72","14","680","9","3","0","307","278","29","2.56","2","0.906","68"
"741","14","14","0","72","24","1254","9","8","1","727","660","67","3.20","2","0.908","73"
"672","11","11","2","72","5","287","3","1","0","168","155","13","2.71","1","0.923","84"
"682","10","10","2","72","1","14","0","0","0","4","3","1","4.03","0","0.750","45"
"740","13","13","3","72","7","274","2","3","0","187","162","25","5.46","0","0.866","57"
"634","2","2","3","72","8","405","3","3","0","213","190","23","3.40","0","0.892","67"
"733","7","7","3","72","5","262","3","2","0","141","128","13","2.97","1","0.908","74"
"791","13","13","3","72","8","454","1","5","1","300","262","38","5.02","0","0.873","67"
"808","0","0","3","72","7","325","1","4","1","212","183","29","5.34","0","0.863","58"
"964","2","2","2","72","1","51","0","1","0","40","36","4","4.62","0","0.900","78"
"762","1","1","3","72","6","360","3","3","0","168","150","18","3.00","1","0.893","71"
"961","2","2","2","72","12","666","8","3","0","375","337","38","3.42","0","0.899","72"
"869","1","1","3","72","6","360","6","0","0","146","131","15","2.50","0","0.897","68"
"779","6","6","3","72","7","406","2","4","1","256","231","25","3.69","0","0.902","77"
"781","12","12","3","72","9","518","4","3","1","301","271","30","3.47","0","0.900","75"
"849","5","5","0","72","55","3200","39","15","0","1734","1552","182","3.41","2","0.895","71"
"873","0","0","3","72","8","406","2","2","2","221","200","21","3.10","0","0.905","67"
"1052","2","2","0","72","53","3028","23","24","4","1914","1686","228","4.52","1","0.881","69"
"897","12","12","3","72","4","209","2","2","0","100","83","17","4.86","0","0.830","49"
"826","4","4","3","72","5","300","3","1","1","123","114","9","1.80","2","0.927","79"
"926","8","8","2","72","11","601","3","6","1","411","367","44","4.39","0","0.893","71"
"764","20","20","0","72","55","3284","35","17","2","1802","1640","162","2.96","6","0.910","77"
"992","7","7","0","72","47","2603","27","14","2","1487","1324","163","3.76","2","0.890","68"
"1187","4","4","3","72","7","428","4","2","1","226","207","19","2.66","0","0.916","79"
"1159","5","5","3","72","7","390","5","1","0","237","219","18","2.76","1","0.924","83"
"198","6","6","2","72","1","43","0","0","0","31","29","2","2.78","0","0.935","83"
"165","5","5","2","72","8","416","3","4","1","243","212","31","4.47","0","0.872","61"
"297","9","9","2","72","9","493","5","4","0","253","226","27","3.28","0","0.893","68"
"200","6","6","2","72","12","688","5","5","2","393","347","46","4.01","0","0.883","67"
"264","8","8","2","72","3","117","0","2","0","76","65","11","5.61","0","0.855","54"
"231","7","7","2","72","9","474","4","3","1","262","234","28","3.54","0","0.893","68"
"299","9","9","2","72","5","228","2","0","1","88","83","5","1.31","0","0.943","69"
"2117","3","3","0","72","36","1861","4","26","2","1560","1379","181","5.84","0","0.884","71"
"2148","9","9","1","72","14","609","5","4","1","309","275","34","3.34","0","0.890","63"
"1806","16","16","1","72","51","2828","25","19","1","1601","1428","173","3.67","1","0.892","69"
"1790","1","1","1","72","41","2302","11","27","2","1487","1307","180","4.69","0","0.879","67"
"1899","6","6","1","72","46","1941","6","25","3","1465","1261","204","6.30","0","0.861","58"
"1723","6","6","1","72","49","2041","16","13","3","1464","1295","169","4.97","0","0.885","65"
"1912","10","10","0","72","45","2459","18","20","1","1628","1476","152","3.71","1","0.907","77"
"1885","14","14","1","72","28","1333","14","10","0","789","692","97","4.37","0","0.877","63"
"1965","2","2","1","72","30","1608","19","4","2","806","716","90","3.36","1","0.888","67"
"1881","8","8","1","72","41","2227","21","16","2","1209","1080","129","3.47","1","0.893","69"
"1798","5","5","1","72","52","2580","24","20","0","1499","1342","157","3.65","3","0.895","68"
"1767","9","9","1","72","58","3382","31","20","5","1909","1701","208","3.69","2","0.891","71"
"2083","3","3","1","72","48","2686","29","11","5","1371","1224","147","3.28","2","0.893","69"
"2000","0","0","1","72","38","2043","17","17","1","1384","1239","145","4.26","1","0.895","72"
"1843","5","5","1","72","29","1383","11","10","1","843","754","89","3.86","0","0.894","69"
"2058","15","15","1","72","60","3342","27","29","2","2153","1922","231","4.15","3","0.893","73"
"1659","14","14","1","72","49","2642","25","14","3","1558","1406","152","3.45","0","0.902","74"
"2009","7","7","1","72","22","1126","3","12","1","784","696","88","4.69","1","0.888","69"
"2107","16","16","1","72","27","1128","11","10","0","699","629","70","3.72","1","0.900","66"
"1819","4","4","1","72","51","2808","26","18","3","1603","1415","188","4.02","4","0.883","66"
"132","4","4","2","72","7","414","2","5","0","199","177","22","3.18","0","0.889","67"
"33","1","1","2","72","9","544","3","6","0","343","307","36","3.97","0","0.895","75"
"4","12","12","2","72","4","206","2","1","0","111","104","7","2.03","1","0.937","82"
"135","1","1","0","72","49","2799","31","14","1","1520","1371","149","3.19","6","0.902","74"
"100","14","14","2","72","6","359","3","3","0","231","208","23","3.84","0","0.900","77"
"0","12","12","2","72","9","515","8","1","0","328","305","23","2.68","2","0.930","89"
"4","12","12","2","71","3","127","1","1","0","89","81","8","3.78","0","0.910","72"
"0","12","12","2","71","10","593","7","2","1","373","340","33","3.33","0","0.912","79"
"132","4","4","2","71","8","473","3","5","0","325","291","34","4.31","1","0.895","74"
"100","14","14","2","71","6","360","4","2","0","211","195","16","2.67","1","0.924","85"
"33","1","1","2","71","8","475","4","4","0","209","187","22","2.78","1","0.895","65"
"135","1","1","0","71","55","3229","28","21","5","1847","1645","202","3.75","1","0.891","70"
"702","9","9","3","71","9","544","4","4","1","323","297","26","2.86","2","0.920","83"
"566","19","19","0","71","20","1144","10","6","2","586","525","61","3.20","1","0.896","68"
"697","4","4","3","71","3","180","0","2","1","90","78","12","3.99","0","0.867","61"
"694","7","7","2","71","4","240","3","1","0","90","82","8","2.00","0","0.911","70"
"672","11","11","2","71","5","288","1","3","0","177","158","19","3.95","0","0.893","70"
"565","11","11","0","71","22","1058","13","3","2","516","469","47","2.66","0","0.909","68"
"660","7","7","3","71","8","425","4","2","1","251","237","14","1.97","1","0.944","85"
"657","6","6","2","71","2","119","1","1","0","60","53","7","3.51","0","0.883","68"
"733","7","7","3","71","5","294","2","3","0","196","171","25","5.09","0","0.872","67"
"631","13","13","3","71","8","487","5","2","1","240","221","19","2.34","0","0.921","78"
"730","1","1","2","71","5","249","2","2","0","135","124","11","2.64","0","0.919","74"
"708","5","5","2","71","5","243","0","4","0","156","141","15","3.70","0","0.904","72"
"740","0","0","3","71","3","180","2","1","0","90","80","10","3.33","0","0.889","68"
"629","6","6","3","71","4","231","1","2","1","132","116","16","4.15","0","0.879","66"
"744","5","5","3","71","8","411","4","3","0","266","247","19","2.77","1","0.929","80"
"563","21","21","0","71","14","791","12","1","0","387","349","38","2.88","0","0.902","70"
"741","14","14","0","71","22","1272","11","8","1","732","665","67","3.16","2","0.908","77"
"742","14","14","2","71","6","364","3","2","1","234","212","22","3.63","0","0.906","81"
"1370","17","17","1","71","55","2955","14","38","1","1781","1559","222","4.51","1","0.875","63"
"1635","0","0","1","71","60","3350","26","27","3","2189","1961","228","4.08","4","0.896","72"
"1521","8","8","1","71","28","1589","15","10","1","861","773","88","3.32","2","0.898","72"
"1553","17","17","1","71","24","1000","6","7","0","681","620","61","3.66","0","0.910","71"
"1413","14","14","0","71","46","2717","26","18","2","1571","1428","143","3.16","2","0.909","75"
"1564","7","7","1","71","59","3149","16","39","2","2133","1847","286","5.45","1","0.866","62"
"1306","18","18","0","71","46","2579","24","16","3","1318","1183","135","3.14","4","0.898","69"
"1499","3","3","1","71","41","2099","18","14","2","1231","1094","137","3.92","0","0.889","67"
"364","11","11","2","71","8","432","6","1","1","223","203","20","2.78","0","0.910","72"
"397","0","0","2","71","12","721","7","5","0","457","421","36","2.99","0","0.921","84"
"399","4","4","2","71","5","251","2","2","0","154","143","11","2.63","0","0.929","81"
"300","7","7","0","71","19","1028","11","5","1","582","509","73","4.26","1","0.875","63"
"465","2","2","0","71","26","1286","8","9","1","835","742","93","4.34","1","0.889","69"
"332","9","9","3","71","3","177","0","3","0","104","90","14","4.72","0","0.865","61"
"463","2","2","2","71","12","723","9","3","0","385","350","35","2.90","2","0.909","77"
"430","13","13","2","71","12","713","3","8","1","483","438","45","3.79","2","0.907","77"
"465","2","2","3","71","7","378","3","3","0","194","180","14","2.22","1","0.928","78"
"431","13","13","2","71","1","8","0","0","0","7","7","0","0.00","0","1.000","60"
"330","10","10","2","71","12","728","6","5","1","361","330","31","2.55","1","0.914","74"
"1889","4","4","1","71","26","1282","12","8","1","694","613","81","3.79","2","0.883","65"
"1767","9","9","1","71","52","2933","26","20","3","1698","1514","184","3.76","3","0.892","71"
"1790","1","1","1","71","42","2329","11","24","4","1484","1310","174","4.48","0","0.883","68"
"2107","16","16","1","71","33","1586","13","9","3","916","823","93","3.52","1","0.898","68"
"1659","14","14","1","71","21","986","14","3","0","494","445","49","2.98","1","0.901","68"
"2145","5","5","1","71","35","1957","23","10","1","913","818","95","2.91","3","0.896","68"
"1843","5","5","1","71","35","2019","22","8","2","1016","922","94","2.79","4","0.907","74"
"2148","9","9","1","71","21","1053","8","8","1","585","516","69","3.93","0","0.882","64"
"1899","6","6","1","71","17","887","6","7","1","561","510","51","3.45","1","0.909","74"
"2058","15","15","1","71","60","3398","22","34","0","2221","1969","252","4.45","0","0.887","70"
"2083","3","3","1","71","54","2900","25","26","1","1742","1550","192","3.97","1","0.890","68"
"1881","8","8","1","71","41","2381","18","18","4","1382","1254","128","3.22","2","0.907","77"
"1723","6","6","1","71","27","1445","7","15","2","921","820","101","4.19","1","0.890","71"
"1912","10","10","0","71","43","2352","16","22","2","1525","1376","149","3.80","1","0.902","75"
"1643","14","14","1","71","53","3008","34","9","6","1543","1376","167","3.33","3","0.892","69"
"1806","16","16","1","71","46","2405","18","19","4","1339","1200","139","3.47","1","0.896","70"
"2000","0","0","1","71","16","622","5","5","0","475","421","54","5.21","1","0.886","65"
"1965","2","2","1","71","10","602","7","1","1","313","286","27","2.69","0","0.914","77"
"1672","7","7","1","71","19","817","4","4","1","522","467","55","4.04","1","0.895","68"
"1819","4","4","1","71","48","2701","30","13","2","1483","1339","144","3.20","5","0.903","73"
"2103","15","15","1","71","20","565","3","7","0","439","388","51","5.41","0","0.884","59"
"781","12","12","3","71","1","14","0","0","0","8","5","3","12.25","0","0.625","31"
"764","20","20","0","71","54","3238","38","15","1","1736","1586","150","2.78","5","0.914","78"
"849","5","5","0","71","50","2891","38","7","3","1340","1217","123","2.55","6","0.908","72"
"770","5","5","3","71","6","304","2","3","0","181","168","13","2.56","1","0.928","77"
"1052","2","2","0","71","50","2683","25","22","1","1664","1467","197","4.40","0","0.882","67"
"826","13","13","3","71","4","238","1","3","0","122","107","15","3.77","0","0.877","63"
"897","12","12","3","71","12","705","5","6","1","356","322","34","2.89","1","0.904","72"
"992","7","7","0","71","51","2965","24","21","4","1701","1510","191","3.86","3","0.888","69"
"873","0","0","3","71","9","543","5","4","0","256","235","21","2.32","1","0.918","75"
"926","8","8","2","71","9","480","2","6","1","292","260","32","4.00","0","0.890","71"
"791","2","2","3","71","6","346","4","2","0","167","147","20","3.46","0","0.880","63"
"779","6","6","3","71","9","497","5","2","1","235","216","19","2.29","2","0.919","74"
"762","1","1","3","71","8","484","7","1","0","211","197","14","1.73","1","0.934","77"
"869","1","1","3","71","4","242","3","0","1","109","103","6","1.48","1","0.945","88"
"200","6","6","2","71","10","610","4","3","3","281","254","27","2.65","0","0.904","71"
"231","7","7","2","71","8","489","4","3","1","216","189","27","3.31","0","0.875","62"
"165","5","5","2","71","8","474","5","3","0","245","219","26","3.29","0","0.894","70"
"299","9","9","2","71","3","177","1","2","0","93","85","8","2.70","0","0.914","76"
"264","8","8","2","71","5","248","1","1","1","183","165","18","4.34","0","0.902","74"
"297","9","9","2","71","9","539","5","4","0","250","230","20","2.22","2","0.920","79"
"234","4","4","3","71","9","549","3","5","1","277","253","24","2.62","0","0.913","77"
"3136","9","9","0","71","13","727","3","9","0","450","401","49","4.04","0","0.891","71"
"2900","4","4","0","71","53","2438","3","37","2","2108","1857","251","6.18","0","0.881","67"
"3375","13","13","0","71","31","1489","15","8","2","857","772","85","3.42","0","0.901","70"
"2860","20","20","0","71","13","734","12","0","0","298","279","19","1.55","4","0.936","80"
"3514","12","12","0","71","56","3030","20","18","8","1729","1552","177","3.50","0","0.898","70"
"3273","18","18","0","71","30","1416","17","6","0","652","576","76","3.22","1","0.883","62"
"3428","12","12","0","71","23","968","3","16","1","737","640","97","6.01","0","0.868","61"
"3248","5","5","0","71","20","1084","12","6","0","512","460","52","2.88","1","0.898","69"
"3288","6","6","0","71","58","3244","17","29","6","2231","2007","224","4.14","1","0.900","74"
"3203","6","6","0","71","19","746","4","10","0","612","551","61","4.90","0","0.900","69"
"3494","8","8","0","71","31","1512","9","12","1","885","797","88","3.49","0","0.901","70"
"2921","21","21","0","71","55","3182","36","16","1","1607","1439","168","3.17","2","0.895","70"
"3516","10","10","0","71","31","1626","9","15","2","1105","983","122","4.50","1","0.890","71"
"2954","0","0","0","71","17","968","12","3","0","470","420","50","3.10","1","0.894","68"
"2904","4","4","0","71","39","1530","1","21","2","1309","1153","156","6.11","0","0.881","63"
"3547","13","13","0","71","46","2489","15","25","1","1518","1332","186","4.48","0","0.877","65"
"3562","15","15","0","71","19","848","9","3","0","420","385","35","2.47","0","0.917","70"
"3538","1","1","0","71","17","755","8","4","0","354","308","46","3.65","0","0.870","58"
"3521","3","3","0","71","21","809","1","11","0","738","656","82","6.08","0","0.889","67"
"2171","2","2","1","71","45","2655","34","7","3","1225","1108","117","2.64","6","0.904","72"
"2443","8","8","0","71","47","2455","11","31","2","1653","1460","193","4.72","1","0.883","68"
"2312","3","3","0","71","58","3150","9","45","0","2577","2282","295","5.62","0","0.886","72"
"2190","1","1","1","71","31","1648","11","12","4","1018","906","112","4.08","0","0.890","67"
"2828","9","9","0","71","54","3241","41","10","3","1639","1489","150","2.78","2","0.908","75"
"2595","15","15","0","71","54","3126","20","29","5","1824","1623","201","3.86","2","0.890","71"
"2789","0","0","0","71","52","3003","33","14","4","1656","1509","147","2.94","5","0.911","75"
"2575","11","11","0","71","51","2920","41","6","1","1342","1208","134","2.75","4","0.900","69"
"2357","19","19","0","71","49","2837","15","27","6","1498","1323","175","3.70","0","0.883","66"
"2789","0","0","0","70","54","3047","27","21","5","1663","1483","180","3.54","1","0.892","70"
"2595","15","15","0","70","52","2805","21","25","2","1782","1583","199","4.26","1","0.888","70"
"2571","13","13","0","70","37","1713","7","21","2","1176","1033","143","5.01","1","0.878","64"
"2357","19","19","0","70","46","2724","29","12","5","1256","1121","135","2.97","3","0.893","68"
"2179","1","1","0","70","17","837","10","2","0","357","323","34","2.44","3","0.905","68"
"2312","3","3","0","70","58","3092","5","48","1","2804","2515","289","5.61","0","0.897","77"
"2443","8","8","0","70","29","1622","20","7","0","855","774","81","3.00","2","0.905","74"
"2575","11","11","0","70","55","3268","43","9","2","1448","1286","162","2.97","1","0.888","66"
"2828","9","9","0","70","48","2767","26","20","1","1431","1262","169","3.66","2","0.882","65"
"2171","2","2","1","70","3","178","2","1","0","76","70","6","2.02","1","0.921","78"
"2189","10","10","0","70","18","692","3","10","0","512","446","66","5.72","0","0.871","60"
"2514","18","18","0","70","23","1241","16","5","0","592","523","69","3.33","0","0.883","65"
"3375","13","13","0","70","44","2265","10","20","6","1594","1416","178","4.71","0","0.888","69"
"2921","21","21","0","70","52","2977","43","7","0","1454","1322","132","2.66","8","0.909","74"
"2954","0","0","0","70","18","922","10","3","0","416","380","36","2.34","0","0.913","69"
"2900","4","4","0","70","51","2484","13","31","2","1828","1595","233","5.63","1","0.873","64"
"3248","12","12","0","70","54","3027","16","31","0","1836","1631","205","4.06","1","0.888","69"
"3288","6","6","0","70","57","3251","13","39","1","2300","2036","264","4.87","0","0.885","72"
"3273","18","18","0","70","46","2719","31","14","0","1260","1133","127","2.80","4","0.899","70"
"2862","11","11","0","70","14","704","10","2","0","281","253","28","2.38","1","0.900","65"
"2860","20","20","0","70","13","750","11","0","1","326","303","23","1.84","1","0.929","75"
"3203","6","6","0","70","15","707","1","12","0","540","481","59","5.00","0","0.891","68"
"3136","9","9","0","70","22","1197","10","8","1","700","632","68","3.41","0","0.903","73"
"2904","4","4","0","70","36","1471","7","12","1","983","858","125","5.10","0","0.873","60"
"3078","5","5","0","70","22","1194","14","6","1","586","508","78","3.92","1","0.867","59"
"234","4","4","3","70","8","429","4","3","1","230","203","27","3.77","0","0.883","65"
"297","9","9","2","70","8","454","7","1","0","187","175","12","1.59","3","0.936","78"
"200","6","6","2","70","9","507","2","7","0","220","194","26","3.07","1","0.882","63"
"168","5","5","3","70","3","144","0","1","1","84","73","11","4.57","0","0.869","60"
"299","9","9","2","70","5","270","1","2","1","98","86","12","2.66","1","0.878","60"
"300","7","7","0","70","27","1158","10","6","2","740","673","67","3.47","0","0.909","70"
"232","7","7","3","70","11","641","5","3","2","293","262","31","2.90","1","0.894","68"
"264","8","8","2","70","9","525","4","5","0","273","243","30","3.43","1","0.890","69"
"165","5","5","2","70","8","480","6","2","0","229","209","20","2.50","0","0.913","75"
"231","7","7","2","70","9","550","5","2","2","270","248","22","2.40","0","0.919","77"
"1413","14","14","0","70","46","2644","23","19","4","1523","1368","155","3.52","2","0.898","73"
"1635","0","0","1","70","59","3276","16","36","5","2027","1759","268","4.91","2","0.868","62"
"1553","17","17","1","70","16","770","9","3","1","305","277","28","2.18","1","0.908","66"
"1535","16","16","1","70","34","1635","11","14","2","865","768","97","3.56","2","0.888","65"
"1499","3","3","1","70","57","3220","29","19","5","1751","1557","194","3.61","2","0.889","68"
"1521","8","8","1","70","37","2081","11","23","1","1126","1003","123","3.55","1","0.891","68"
"1560","2","2","1","70","48","2784","35","10","3","1179","1056","123","2.65","5","0.896","68"
"1306","3","3","0","70","22","860","1","9","2","794","714","80","5.58","0","0.899","70"
"4","12","12","2","70","4","239","2","2","0","90","74","16","4.01","0","0.822","47"
"35","1","1","2","70","5","255","2","2","0","126","113","13","3.06","0","0.897","67"
"132","4","4","2","70","8","476","2","6","0","277","246","31","3.91","0","0.888","68"
"99","14","14","2","70","6","360","6","0","0","172","160","12","2.00","1","0.930","80"
"135","1","1","0","70","54","3151","29","21","4","1599","1421","178","3.39","3","0.889","68"
"1","0","0","3","70","10","599","9","1","0","234","214","20","2.00","1","0.915","72"
"101","2","2","2","70","3","172","0","3","0","110","93","17","5.92","0","0.845","53"
"0","12","12","2","70","8","480","5","3","0","213","198","15","1.88","1","0.930","77"
"33","1","1","2","70","8","464","6","2","0","211","193","18","2.33","3","0.915","76"
"100","14","14","2","70","6","360","3","3","0","196","175","21","3.50","1","0.893","69"
"66","2","2","3","70","9","550","5","2","2","220","204","16","1.75","1","0.927","76"
"672","11","11","2","70","4","223","1","2","1","138","122","16","4.29","0","0.884","64"
"657","6","6","2","70","4","207","2","1","0","111","106","5","1.45","0","0.955","84"
"566","19","19","0","70","21","1263","17","2","1","512","472","40","1.90","3","0.922","73"
"563","21","21","0","70","18","998","14","1","1","503","461","42","2.52","1","0.917","75"
"694","7","7","2","70","3","180","1","1","1","80","73","7","2.33","1","0.913","76"
"631","12","12","3","70","11","667","4","7","0","351","316","35","3.15","1","0.900","72"
"660","0","0","3","70","2","120","2","0","0","29","26","3","1.50","0","0.897","59"
"594","0","0","2","70","4","238","1","3","0","131","115","16","4.02","0","0.878","67"
"708","5","5","2","70","4","240","3","1","0","111","100","11","2.74","0","0.901","71"
"682","10","10","2","70","4","200","2","1","0","123","110","13","3.89","0","0.894","71"
"702","9","9","3","70","5","275","1","3","0","165","148","17","3.71","0","0.897","73"
"741","14","14","0","70","24","1360","12","6","2","785","717","68","3.00","1","0.913","77"
"629","7","7","3","70","3","91","0","1","1","52","43","9","5.88","0","0.827","47"
"595","15","15","0","70","26","1166","9","8","1","738","676","62","3.19","1","0.916","72"
"652","8","8","2","70","4","193","1","2","0","120","108","12","3.72","0","0.900","67"
"565","8","8","0","70","40","2347","21","16","2","1189","1070","119","3.04","4","0.900","71"
"764","20","20","0","70","54","3216","35","17","2","1728","1566","162","3.02","4","0.906","75"
"826","4","4","3","70","5","302","2","1","1","136","122","14","2.78","0","0.897","69"
"762","1","1","3","70","4","245","4","0","0","112","102","10","2.45","0","0.911","74"
"897","6","6","3","70","4","188","2","2","0","114","103","11","3.50","0","0.904","71"
"869","12","12","3","70","1","59","0","1","0","32","29","3","3.01","0","0.906","76"
"1052","2","2","0","70","55","3140","23","29","2","2013","1785","228","4.36","1","0.887","71"
"779","6","6","3","70","9","535","4","4","0","281","255","26","2.91","0","0.907","76"
"849","5","5","0","70","50","2795","27","13","5","1566","1421","145","3.11","4","0.907","73"
"992","7","7","0","70","52","2835","15","31","2","1940","1733","207","4.38","0","0.893","72"
"791","13","13","3","70","5","298","2","3","0","163","145","18","3.62","0","0.890","69"
"1095","12","12","0","70","21","933","5","14","0","659","572","87","5.59","1","0.868","60"
"364","11","11","2","70","9","504","2","4","2","323","293","30","3.57","0","0.907","77"
"465","2","2","0","70","19","838","3","6","3","604","525","79","5.65","0","0.869","60"
"365","9","9","3","70","9","446","2","6","0","293","264","29","3.89","0","0.901","71"
"430","5","5","3","70","10","583","1","8","1","401","359","42","4.32","0","0.895","72"
"397","2","2","3","70","3","185","3","0","0","66","59","7","2.27","0","0.894","65"
"431","13","13","2","70","1","21","0","0","0","12","12","0","0.00","0","1.000","70"
"330","10","10","2","70","9","521","1","8","0","260","231","29","3.34","1","0.888","65"
"399","4","4","2","70","4","246","3","1","0","121","111","10","2.44","0","0.917","76"
"432","13","13","3","70","7","424","5","2","0","163","151","12","1.70","3","0.926","77"
"463","2","2","2","70","10","556","3","5","1","332","303","29","3.13","0","0.913","75"
"397","0","0","2","70","8","495","7","1","0","236","214","22","2.67","0","0.907","76"
"430","13","13","2","70","12","698","6","5","1","471","432","39","3.35","0","0.917","83"
"396","1","1","3","70","8","481","5","3","0","203","178","25","3.11","1","0.877","63"
"1912","10","10","0","70","60","3282","20","29","4","2207","1974","233","4.26","1","0.894","72"
"1780","7","7","1","70","13","660","4","3","1","364","321","43","3.90","0","0.882","65"
"2113","1","1","1","70","34","2069","18","14","2","1010","914","96","2.78","3","0.905","74"
"2116","4","4","1","70","37","2158","31","4","1","970","881","89","2.47","5","0.908","73"
"1643","14","14","1","70","55","3261","36","13","4","1468","1314","154","2.83","3","0.895","68"
"2117","15","15","1","70","48","2487","13","26","4","1354","1188","166","4.00","0","0.877","63"
"1659","5","5","1","70","47","2753","23","19","4","1231","1081","150","3.27","1","0.878","62"
"2103","9","9","1","70","56","3251","22","30","4","1697","1496","201","3.71","2","0.882","66"
"2000","0","0","1","70","22","716","0","7","2","463","403","60","5.03","0","0.870","57"
"2083","6","6","1","70","21","1217","13","5","2","573","502","71","3.50","1","0.876","64"
"2058","15","15","1","70","29","1475","6","16","1","869","757","112","4.56","1","0.871","62"
"2009","9","9","1","70","17","729","8","1","1","322","289","33","2.71","1","0.898","63"
"2046","6","6","1","70","47","2767","33","12","1","1317","1187","130","2.82","3","0.901","72"
"1899","5","5","1","70","22","1218","8","9","3","581","519","62","3.05","1","0.893","67"
"1776","14","14","1","70","14","744","5","6","2","371","317","54","4.35","2","0.854","57"
"1775","3","3","1","70","18","771","4","9","0","454","389","65","5.06","0","0.857","56"
"1881","8","8","1","70","33","1908","5","21","5","1055","929","126","3.96","2","0.881","64"
"1827","7","7","1","70","59","3314","35","22","1","1745","1554","191","3.46","5","0.891","68"
"1806","16","16","1","70","43","2348","17","20","2","1174","1042","132","3.37","2","0.888","66"
"1790","1","1","1","70","32","1928","13","14","5","843","757","86","2.68","2","0.898","69"
"1822","17","17","1","70","54","3211","30","20","3","1336","1172","164","3.06","3","0.877","62"
"1819","4","4","1","70","32","1804","14","15","1","950","839","111","3.69","1","0.883","65"
"2116","4","4","1","69","45","2647","27","17","0","1040","913","127","2.88","6","0.878","62"
"1776","14","14","1","69","21","1032","9","5","1","526","460","66","3.84","0","0.875","61"
"1790","1","1","1","69","29","1753","15","11","3","722","644","78","2.67","4","0.892","67"
"2117","7","7","0","69","3","160","0","2","1","86","70","16","5.96","0","0.814","44"
"2118","16","16","1","69","49","2765","18","24","3","1270","1108","162","3.51","0","0.872","60"
"1775","3","3","1","69","23","1231","8","10","0","642","574","68","3.31","0","0.894","68"
"2117","15","15","1","69","60","3489","33","19","6","1449","1277","172","2.96","6","0.881","63"
"1723","2","2","1","69","24","1306","15","5","1","596","548","48","2.20","4","0.919","74"
"2114","6","6","1","69","21","1108","10","7","0","534","477","57","3.08","2","0.893","67"
"1757","8","8","1","69","25","1250","2","17","2","731","625","106","5.08","0","0.855","56"
"2046","6","6","1","69","49","2852","18","28","3","1535","1372","163","3.43","2","0.894","70"
"1672","15","15","1","69","10","490","5","2","1","221","199","22","2.69","1","0.900","67"
"1827","7","7","1","69","58","3458","40","15","3","1247","1104","143","2.48","13","0.885","65"
"1822","17","17","1","69","49","2951","31","13","5","1225","1114","111","2.26","8","0.909","72"
"1912","10","10","0","69","57","3123","14","36","4","2246","2012","234","4.49","2","0.896","72"
"1643","14","14","1","69","53","2933","22","27","2","1431","1278","153","3.13","3","0.893","67"
"2103","9","9","1","69","49","2669","27","18","2","1150","1014","136","3.06","4","0.882","62"
"1659","5","5","1","69","34","1988","5","27","1","1136","1000","136","4.10","0","0.880","67"
"1899","5","5","1","69","9","487","4","5","0","229","208","21","2.59","2","0.908","70"
"1896","17","17","1","69","18","975","10","6","0","389","344","45","2.77","1","0.884","62"
"1819","4","4","1","69","22","1314","14","6","2","455","408","47","2.15","4","0.897","66"
"2113","1","1","1","69","37","2221","27","8","2","902","818","84","2.27","6","0.907","71"
"1780","7","7","1","69","9","525","7","0","1","204","185","19","2.17","1","0.907","69"
"66","2","2","3","69","7","407","3","4","0","218","195","23","3.39","1","0.894","69"
"99","3","3","0","69","36","1941","9","24","0","1506","1349","157","4.85","1","0.896","73"
"66","2","2","0","69","3","180","1","2","0","95","87","8","2.67","1","0.916","76"
"132","4","4","2","69","10","603","5","5","0","319","289","30","2.98","0","0.906","74"
"99","14","14","2","69","6","365","1","4","1","188","167","21","3.44","0","0.888","66"
"100","14","14","2","69","6","379","2","1","3","210","194","16","2.53","0","0.924","83"
"35","1","1","2","69","6","364","4","1","1","158","149","9","1.48","1","0.943","85"
"101","2","2","2","69","4","145","1","1","0","79","72","7","2.88","0","0.911","66"
"33","1","1","2","69","6","359","3","3","0","170","157","13","2.17","3","0.924","78"
"4","12","12","2","69","6","315","3","1","1","210","190","20","3.81","0","0.905","73"
"135","1","1","0","69","56","3327","35","15","4","1592","1438","154","2.78","4","0.903","71"
"0","4","4","3","69","7","381","2","3","2","203","181","22","3.46","1","0.892","69"
"0","12","12","2","69","8","419","3","4","0","250","224","26","3.72","2","0.896","72"
"1","0","0","3","69","9","538","8","1","0","193","180","13","1.45","4","0.933","76"
"1","0","0","0","69","4","240","4","0","0","84","82","2","0.50","3","0.976","90"
"0","4","4","0","69","3","136","1","2","0","68","61","7","3.09","1","0.897","67"
"233","7","7","2","69","3","180","2","1","0","97","85","12","4.00","0","0.876","66"
"298","2","2","0","69","2","120","2","0","0","44","42","2","1.00","1","0.955","82"
"297","9","9","3","69","8","484","4","4","0","226","206","20","2.48","1","0.912","76"
"234","4","4","0","69","2","103","1","0","0","41","35","6","3.47","0","0.854","54"
"231","7","7","2","69","9","539","5","4","0","266","240","26","2.89","2","0.902","71"
"264","8","8","2","69","2","120","1","1","0","48","43","5","2.50","0","0.896","65"
"232","7","7","3","69","8","447","2","4","2","273","249","24","3.22","0","0.912","73"
"265","0","0","0","69","2","120","2","0","0","45","43","2","1.00","1","0.956","78"
"297","9","9","2","69","9","543","7","2","0","205","188","17","1.88","1","0.917","72"
"297","9","9","0","69","3","179","0","3","0","99","88","11","3.69","0","0.889","70"
"200","6","6","2","69","12","719","6","6","0","396","356","40","3.34","2","0.899","73"
"234","4","4","3","69","6","343","4","1","0","147","132","15","2.62","2","0.898","69"
"300","7","7","0","69","17","663","1","11","0","420","372","48","4.34","0","0.886","63"
"232","7","7","0","69","3","180","2","1","0","114","107","7","2.33","0","0.939","85"
"266","8","8","2","69","10","607","6","3","1","249","226","23","2.27","2","0.908","71"
"298","2","2","3","69","6","312","3","2","0","141","132","9","1.73","2","0.936","77"
"168","5","5","3","69","5","266","2","0","2","117","106","11","2.47","0","0.906","67"
"299","9","9","2","69","3","180","2","1","0","64","55","9","3.00","1","0.859","59"
"165","5","5","2","69","12","719","11","1","0","319","301","18","1.50","2","0.944","81"
"265","0","0","3","69","3","180","3","0","0","62","59","3","1.00","1","0.952","76"
"168","5","5","0","69","3","141","1","0","1","57","51","6","2.54","0","0.895","61"
"1386","9","9","1","69","28","1306","10","8","1","581","518","63","2.89","2","0.892","63"
"1535","16","16","1","69","27","1219","6","14","1","597","524","73","3.59","1","0.878","59"
"1553","17","17","1","69","1","60","1","0","0","14","14","0","0.00","1","1.000","85"
"1330","18","18","0","69","49","2784","29","15","4","1408","1251","157","3.38","1","0.888","67"
"1306","13","13","0","69","25","1241","5","13","0","748","670","78","3.77","1","0.896","69"
"1521","8","8","1","69","48","2715","11","33","1","1644","1464","180","3.98","0","0.891","70"
"1560","2","2","1","69","46","2660","29","15","1","1092","958","134","3.02","1","0.877","62"
"1499","3","3","1","69","51","2741","16","29","3","1355","1185","170","3.72","4","0.875","62"
"1635","0","0","1","69","39","2155","18","19","0","993","891","102","2.84","1","0.897","67"
"1413","14","14","0","69","47","2702","28","16","1","1349","1203","146","3.24","2","0.892","69"
"1475","5","5","1","69","27","1480","10","14","0","784","712","72","2.92","1","0.908","73"
"365","9","9","0","69","1","60","1","0","0","15","14","1","1.00","0","0.933","67"
"463","2","2","2","69","10","576","3","6","1","419","377","42","4.37","0","0.900","74"
"397","0","0","2","69","10","601","3","6","1","305","269","36","3.59","0","0.882","65"
"430","13","13","2","69","12","717","7","5","0","441","412","29","2.42","1","0.934","85"
"330","10","10","2","69","9","546","3","4","2","278","250","28","3.07","1","0.899","71"
"396","1","1","3","69","8","478","7","1","0","180","166","14","1.76","1","0.922","73"
"430","5","5","3","69","8","462","5","3","0","217","195","22","2.86","1","0.899","71"
"364","11","11","2","69","9","498","2","5","1","264","234","30","3.61","1","0.886","66"
"399","4","4","2","69","2","118","0","2","0","66","58","8","4.05","0","0.879","66"
"465","6","6","0","69","26","1341","5","13","2","930","825","105","4.70","0","0.887","69"
"430","5","5","0","69","3","163","1","2","0","93","80","13","4.78","0","0.860","59"
"396","1","1","0","69","2","120","2","0","0","46","44","2","1.00","0","0.957","81"
"431","13","13","2","69","1","6","0","0","0","1","1","0","0.00","0","1.000","49"
"365","9","9","3","69","4","244","3","1","0","97","88","9","2.21","1","0.907","73"
"741","14","14","0","69","24","1288","14","6","1","613","551","62","2.89","3","0.899","68"
"660","13","13","0","69","4","199","0","3","0","128","109","19","5.72","0","0.852","55"
"594","0","0","2","69","2","125","2","0","0","83","77","6","2.88","0","0.928","97"
"660","13","13","3","69","9","448","0","7","0","286","254","32","4.29","0","0.888","67"
"733","7","7","0","69","2","120","0","2","0","87","74","13","6.50","0","0.851","58"
"682","10","10","2","69","3","187","1","0","2","89","86","3","0.96","1","0.966","87"
"595","15","15","0","69","29","1256","6","14","0","882","787","95","4.54","0","0.892","67"
"733","7","7","3","69","5","280","0","4","0","207","180","27","5.78","0","0.870","62"
"631","12","12","3","69","8","488","5","3","0","265","241","24","2.94","1","0.909","77"
"702","13","13","3","69","5","274","0","4","1","197","177","20","4.37","0","0.898","76"
"631","12","12","0","69","3","183","2","1","0","90","83","7","2.28","1","0.922","84"
"702","13","13","0","69","2","99","0","2","0","70","63","7","4.20","0","0.900","74"
"672","11","11","2","69","5","221","1","3","0","131","114","17","4.61","0","0.870","59"
"566","19","19","0","69","20","1182","17","2","1","433","401","32","1.62","3","0.926","73"
"629","12","12","3","69","4","244","2","1","1","138","125","13","3.19","0","0.906","79"
"563","21","21","0","69","21","1190","14","4","2","598","545","53","2.67","3","0.911","73"
"629","12","12","0","69","2","118","1","1","0","53","48","5","2.52","0","0.906","73"
"565","8","8","0","69","44","2656","26","14","4","1352","1221","131","2.96","3","0.903","74"
"762","1","1","3","69","4","239","2","2","0","125","115","10","2.51","0","0.920","79"
"762","1","1","0","69","2","120","2","0","0","49","47","2","1.00","0","0.959","84"
"992","7","7","0","69","56","3144","11","37","3","1965","1742","223","4.25","1","0.887","69"
"1052","2","2","0","69","57","3166","13","39","3","2155","1914","241","4.57","0","0.888","70"
"791","6","6","3","69","5","255","2","2","0","144","127","17","3.99","1","0.882","66"
"791","6","6","0","69","2","89","0","2","0","59","48","11","7.40","0","0.814","42"
"779","6","6","3","69","9","469","3","5","0","306","276","30","3.84","0","0.902","74"
"764","20","20","0","69","54","3244","40","13","1","1578","1438","140","2.59","6","0.911","75"
"849","5","5","0","69","54","3187","34","16","4","1614","1469","145","2.73","8","0.910","75"
"779","6","6","0","69","4","210","1","2","0","130","117","13","3.70","0","0.900","73"
"1156","0","0","1","69","33","1797","14","14","1","768","679","89","2.97","4","0.884","63"
"1095","12","12","0","69","27","1169","0","18","3","1002","867","135","6.93","0","0.865","60"
"3203","6","6","0","69","49","2654","14","26","6","1763","1588","175","3.96","3","0.901","73"
"2860","20","20","0","69","12","717","10","2","0","276","249","27","2.26","2","0.902","68"
"2921","21","21","0","69","48","2805","31","12","3","1215","1082","133","2.84","3","0.891","67"
"3078","5","5","0","69","14","791","11","1","0","305","277","28","2.12","3","0.908","70"
"3136","9","9","0","69","15","686","4","8","0","425","379","46","4.02","1","0.892","65"
"2900","4","4","0","69","49","2850","27","15","6","1497","1360","137","2.88","6","0.908","75"
"2904","4","4","0","69","21","1144","12","5","1","487","437","50","2.62","2","0.897","66"
"3248","12","12","0","69","55","2798","13","30","2","1889","1677","212","4.54","2","0.888","69"
"2575","11","11","0","69","54","3241","40","12","2","1266","1117","149","2.76","5","0.882","63"
"2828","9","9","0","69","57","3280","28","19","7","1604","1437","167","3.05","1","0.896","69"
"2189","10","10","0","69","20","845","3","9","0","628","559","69","4.90","0","0.890","66"
"2595","15","15","0","69","51","2735","17","24","5","1749","1561","188","4.12","1","0.893","69"
"2443","8","8","0","69","22","1325","17","5","0","653","587","66","2.99","2","0.899","72"
"2522","0","0","0","69","16","868","12","1","1","359","331","28","1.93","2","0.922","72"
"2789","0","0","0","69","54","3105","32","18","2","1606","1450","156","3.01","5","0.903","72"
"2345","2","2","0","69","17","796","2","9","0","570","491","79","5.95","0","0.861","59"
"2752","11","11","0","69","13","730","12","0","0","271","255","16","1.31","3","0.941","76"
"2571","13","13","0","69","49","2709","12","35","1","1620","1450","170","3.76","2","0.895","71"
"2179","1","1","0","69","12","663","8","4","0","264","226","38","3.44","0","0.856","56"
"2514","18","18","0","69","22","1186","17","1","0","448","409","39","1.97","3","0.913","69"
"2357","19","19","0","69","48","2795","33","11","2","1083","974","109","2.34","4","0.899","66"
"2312","3","3","0","69","38","2040","4","26","3","1466","1309","157","4.62","0","0.893","72"
"2752","11","11","0","68","13","777","11","2","0","298","277","21","1.62","1","0.930","74"
"2189","10","10","0","68","20","910","3","8","3","622","551","71","4.68","0","0.886","64"
"2538","12","12","0","68","26","875","2","11","0","617","530","87","5.97","0","0.859","55"
"2443","8","8","0","68","23","1306","13","6","3","652","589","63","2.89","1","0.903","71"
"2522","0","0","0","68","15","772","11","1","0","352","324","28","2.17","4","0.920","73"
"2789","0","0","0","68","54","3205","34","18","2","1734","1559","175","3.28","4","0.899","74"
"2514","18","18","0","68","19","1130","15","2","1","492","457","35","1.86","4","0.929","78"
"2357","19","19","0","68","48","2897","37","8","3","1148","1034","114","2.36","4","0.901","68"
"2828","9","9","0","68","56","3288","26","25","4","1740","1563","177","3.23","4","0.898","72"
"2575","11","11","0","68","54","3203","43","8","2","1411","1284","127","2.38","8","0.910","73"
"2571","13","13","0","68","25","1321","8","12","1","807","722","85","3.86","0","0.895","70"
"2312","3","3","0","68","39","2251","24","10","3","1245","1118","127","3.38","0","0.898","70"
"2588","15","15","0","68","6","360","3","3","0","157","141","16","2.67","0","0.898","69"
"2179","1","1","0","68","14","771","10","1","1","305","270","35","2.72","0","0.885","62"
"2900","4","4","0","68","43","2457","23","15","3","1304","1162","142","3.47","1","0.891","70"
"2904","4","4","0","68","28","1535","17","7","1","778","688","90","3.52","1","0.884","66"
"2954","15","15","0","68","19","784","4","6","1","512","463","49","3.75","0","0.904","68"
"2860","20","20","0","68","15","750","8","3","1","349","310","39","3.12","2","0.888","64"
"3078","5","5","0","68","15","808","9","3","0","386","347","39","2.89","0","0.899","67"
"2921","21","21","0","68","41","2457","25","15","1","1164","1036","128","3.13","1","0.890","68"
"1052","2","2","0","68","57","3142","12","40","2","2440","2169","271","5.17","0","0.889","72"
"1156","0","0","1","68","56","3352","30","21","5","1575","1406","169","3.02","4","0.893","68"
"1095","12","12","0","68","60","3112","13","36","4","2086","1840","246","4.74","1","0.882","65"
"992","7","7","0","68","53","2911","13","30","7","1863","1656","207","4.27","1","0.889","69"
"849","5","5","0","68","55","3172","21","25","8","1728","1528","200","3.78","1","0.884","67"
"764","20","20","0","68","55","3236","32","16","6","1597","1439","158","2.93","4","0.901","72"
"234","2","2","3","68","5","198","3","0","0","88","80","8","2.42","0","0.909","64"
"264","8","8","2","68","3","155","0","1","1","85","75","10","3.86","0","0.882","64"
"200","6","6","2","68","12","723","6","5","1","348","319","29","2.40","1","0.917","74"
"232","7","7","3","68","9","524","3","4","2","337","305","32","3.66","0","0.905","77"
"231","7","7","2","68","8","488","7","1","0","215","201","14","1.72","1","0.935","79"
"165","5","5","2","68","12","703","3","7","2","338","303","35","2.99","0","0.896","67"
"297","9","9","2","68","6","364","5","1","0","174","158","16","2.64","1","0.908","74"
"165","5","5","3","68","8","429","4","4","0","194","168","26","3.64","0","0.866","58"
"166","5","5","2","68","1","21","0","0","0","3","3","0","0.00","0","1.000","53"
"297","9","9","3","68","8","427","7","0","0","213","198","15","2.11","0","0.930","76"
"233","7","7","2","68","4","240","4","0","0","100","93","7","1.75","0","0.930","77"
"300","7","7","0","68","22","971","6","8","0","571","512","59","3.64","1","0.897","66"
"201","4","4","3","68","4","239","1","3","0","86","79","7","1.76","0","0.919","68"
"265","13","13","3","68","5","280","2","2","1","173","155","18","3.84","0","0.896","73"
"298","2","2","3","68","3","173","2","1","0","94","88","6","2.07","2","0.936","85"
"299","9","9","2","68","6","358","5","1","0","147","135","12","2.01","0","0.918","72"
"168","12","12","3","68","8","479","4","4","0","272","248","24","3.00","0","0.912","78"
"198","9","9","0","68","12","686","4","6","1","381","339","42","3.67","0","0.890","69"
"266","8","8","2","68","10","569","3","6","1","233","203","30","3.16","1","0.871","60"
"2113","1","1","1","68","50","2843","19","25","4","1580","1398","182","3.84","2","0.885","67"
"1866","9","9","1","68","55","3170","26","25","3","1469","1330","139","2.63","8","0.905","71"
"2117","7","7","0","68","2","108","0","2","0","71","59","12","6.65","0","0.831","47"
"1862","4","4","1","68","19","978","5","6","3","528","465","63","3.86","0","0.881","64"
"1776","14","14","1","68","20","957","9","6","1","488","431","57","3.57","0","0.883","63"
"1827","7","7","1","68","58","3472","49","9","0","1411","1284","127","2.19","5","0.910","72"
"1861","17","17","1","68","47","2674","13","30","3","1384","1204","180","4.04","0","0.870","61"
"2116","4","4","1","68","55","3002","21","27","4","1672","1495","177","3.54","3","0.894","69"
"1823","2","2","0","68","18","833","2","10","0","692","597","95","6.84","0","0.863","59"
"2103","9","9","1","68","15","857","11","2","0","364","333","31","2.17","3","0.915","72"
"2112","1","1","1","68","21","1142","4","10","4","650","572","78","4.10","2","0.880","65"
"1672","15","15","1","68","4","71","0","0","0","49","43","6","5.04","0","0.878","54"
"1775","3","3","1","68","8","279","2","2","0","142","123","19","4.08","1","0.866","55"
"1846","8","8","1","68","6","364","4","2","0","163","147","16","2.64","1","0.902","72"
"1991","5","5","1","68","17","795","8","4","0","332","287","45","3.39","1","0.864","57"
"1896","17","17","1","68","26","1320","9","11","0","653","577","76","3.45","1","0.884","64"
"1912","10","10","0","68","55","3064","12","39","1","2073","1853","220","4.31","2","0.894","72"
"1780","7","7","1","68","8","483","5","2","1","192","176","16","1.99","1","0.917","72"
"2046","6","6","1","68","51","2828","18","21","7","1551","1391","160","3.39","2","0.897","70"
"2117","15","15","1","68","22","1248","5","16","1","701","615","86","4.13","1","0.877","64"
"1872","16","16","1","68","25","1353","9","12","2","571","509","62","2.75","3","0.891","65"
"2118","16","16","1","68","46","2640","27","13","3","1160","1053","107","2.43","4","0.908","71"
"1822","5","5","1","68","55","3173","25","26","3","1484","1299","185","3.50","2","0.875","62"
"2114","6","6","1","68","24","1190","8","10","2","637","553","84","4.24","0","0.868","60"
"1867","14","14","1","68","53","3005","33","16","1","1265","1124","141","2.81","6","0.889","66"
"34","0","0","3","68","8","451","2","5","0","218","188","30","3.99","0","0.862","57"
"4","12","12","2","68","2","75","0","1","0","41","36","5","3.95","0","0.878","59"
"135","1","1","0","68","54","3216","34","17","3","1417","1262","155","2.89","5","0.891","67"
"1","4","4","3","68","8","483","3","4","1","247","222","25","3.10","0","0.899","71"
"99","3","3","0","68","31","1748","22","6","1","904","799","105","3.60","2","0.884","66"
"33","1","1","3","68","8","459","5","2","1","167","144","23","3.00","0","0.862","57"
"100","14","14","2","68","8","359","4","2","0","217","195","22","3.67","1","0.899","68"
"133","4","4","2","68","1","23","0","0","0","7","7","0","0.00","0","1.000","60"
"35","1","1","2","68","8","492","2","3","3","248","222","26","3.17","0","0.895","69"
"99","14","14","2","68","8","368","4","2","0","253","227","26","4.24","0","0.897","70"
"67","6","6","0","68","35","1793","11","21","0","1281","1145","136","4.55","1","0.894","72"
"132","4","4","2","68","12","707","7","4","1","308","269","39","3.31","1","0.873","62"
"0","0","0","3","68","5","272","3","2","0","122","106","16","3.52","0","0.869","60"
"67","7","7","3","68","4","202","1","2","0","91","81","10","2.96","0","0.890","63"
"66","2","2","3","68","3","172","1","2","0","88","74","14","4.86","0","0.841","53"
"0","12","12","2","68","11","642","5","6","0","355","313","42","3.92","0","0.882","66"
"101","2","2","2","68","3","132","0","1","0","123","112","11","4.98","0","0.911","81"
"33","1","1","2","68","4","239","3","1","0","112","100","12","3.00","0","0.893","69"
"566","19","19","0","68","18","1078","17","1","0","347","316","31","1.72","2","0.911","68"
"741","14","14","0","68","21","1284","11","8","2","617","563","54","2.52","2","0.912","76"
"660","6","6","3","68","7","326","3","3","0","174","154","20","3.68","0","0.885","64"
"563","21","21","0","68","26","1516","19","5","1","747","681","66","2.61","4","0.912","75"
"561","2","2","3","68","3","180","1","2","0","65","53","12","4.00","0","0.815","45"
"595","15","15","0","68","49","2836","11","35","3","2034","1804","230","4.87","1","0.887","71"
"594","0","0","2","68","1","60","1","0","0","35","30","5","5.00","0","0.857","58"
"631","12","12","3","68","4","239","1","3","0","139","122","17","4.27","0","0.878","66"
"565","8","8","0","68","45","2690","24","15","5","1407","1263","144","3.21","3","0.898","72"
"1499","3","3","1","68","58","3211","21","28","7","1641","1455","186","3.48","4","0.887","67"
"1399","2","2","1","68","25","1348","13","8","1","608","548","60","2.67","0","0.901","68"
"1635","0","0","1","68","9","469","5","2","0","199","185","14","1.79","0","0.930","72"
"1386","9","9","1","68","42","2343","23","17","1","1010","877","133","3.40","1","0.868","60"
"1625","8","8","1","68","51","2962","27","18","6","1408","1239","169","3.42","1","0.880","65"
"1560","2","2","1","68","45","2615","23","18","3","1279","1142","137","3.14","4","0.893","67"
"1464","3","3","1","68","10","499","3","3","0","252","227","25","3.01","0","0.901","69"
"1330","18","18","0","68","48","2843","36","11","1","1467","1348","119","2.51","4","0.919","78"
"1413","14","14","0","68","45","2711","21","21","3","1296","1159","137","3.03","4","0.894","69"
"1410","8","8","1","68","1","4","0","0","0","1","0","1","12.33","0","0.000","40"
"1306","13","13","0","68","46","2640","8","32","5","1594","1414","180","4.09","0","0.887","69"
"396","1","1","3","68","5","267","3","0","1","114","107","7","1.57","1","0.939","77"
"432","6","6","3","68","7","401","4","2","0","174","150","24","3.58","0","0.862","57"
"463","2","2","2","68","11","601","4","5","2","378","338","40","3.99","0","0.894","72"
"365","13","13","3","68","8","443","2","5","0","228","205","23","3.11","1","0.899","71"
"430","5","5","3","68","5","288","2","2","0","83","74","9","1.87","2","0.892","63"
"330","10","10","2","68","12","722","4","7","1","339","317","22","1.83","2","0.935","82"
"397","0","0","2","68","11","669","10","1","0","312","287","25","2.24","0","0.920","77"
"465","6","6","0","68","42","2176","5","24","5","1425","1249","176","4.85","0","0.876","65"
"364","11","11","2","68","7","422","2","5","0","278","256","22","3.12","0","0.921","82"
"363","11","11","2","68","5","303","1","3","1","165","146","19","3.76","0","0.885","68"
"332","9","9","3","68","5","292","3","2","0","113","99","14","2.87","1","0.876","62"
"430","13","13","2","68","12","727","4","7","1","420","383","37","3.05","0","0.912","78"
"397","12","12","3","67","4","239","0","3","1","87","74","13","3.26","0","0.851","54"
"396","12","12","3","67","8","483","3","4","1","227","210","17","2.11","0","0.925","79"
"465","6","6","0","67","54","3190","21","26","6","1933","1735","198","3.72","2","0.898","74"
"431","13","13","2","67","5","232","0","3","0","141","121","20","5.15","0","0.858","56"
"430","13","13","3","67","7","413","4","2","1","188","174","14","2.03","2","0.926","78"
"430","13","13","2","67","9","494","2","5","2","289","260","29","3.52","0","0.900","72"
"397","0","0","2","67","12","713","2","7","3","358","314","44","3.70","0","0.877","64"
"396","0","0","2","67","1","17","0","0","0","11","11","0","0.00","0","1.000","67"
"330","10","10","2","67","12","719","5","7","0","295","266","29","2.42","0","0.902","67"
"429","13","13","3","67","6","322","2","2","1","145","131","14","2.61","0","0.903","69"
"363","11","11","2","67","4","197","2","2","0","91","80","11","3.35","0","0.879","60"
"364","11","11","2","67","9","534","3","4","1","271","237","34","3.82","0","0.875","64"
"1776","14","14","1","67","11","570","3","4","1","261","220","41","4.31","0","0.843","52"
"2117","15","15","1","67","12","614","4","5","1","252","214","38","3.71","0","0.849","53"
"1730","3","3","1","67","59","3546","34","24","1","1811","1634","177","2.99","4","0.902","73"
"1757","8","8","1","67","18","1053","13","3","1","409","371","38","2.16","1","0.907","70"
"2118","16","16","1","67","46","2698","27","14","5","1161","1046","115","2.56","5","0.901","70"
"1731","6","6","1","67","54","3073","30","23","1","1724","1538","186","3.63","3","0.892","70"
"1896","9","9","1","67","12","716","5","6","1","358","312","46","3.85","0","0.872","62"
"1780","7","7","1","67","11","608","5","3","0","242","213","29","2.86","1","0.880","62"
"1823","2","2","0","67","34","1446","0","16","2","1273","1119","154","6.39","0","0.879","65"
"2114","6","6","1","67","16","620","4","3","0","304","263","41","3.97","1","0.865","56"
"1872","16","16","1","67","23","1309","13","4","3","572","538","34","1.56","5","0.941","79"
"1867","14","14","1","67","49","2895","31","12","6","1188","1061","127","2.63","5","0.893","67"
"2112","1","1","1","67","40","2200","12","20","3","1120","986","134","3.65","2","0.880","64"
"1866","15","15","1","67","57","3367","40","15","1","1463","1311","152","2.71","6","0.896","68"
"2113","1","1","1","67","33","1793","11","15","5","910","801","109","3.65","0","0.880","64"
"1862","4","4","1","67","29","1542","3","18","2","953","844","109","4.24","0","0.886","66"
"1827","7","7","1","67","58","3359","33","22","3","1517","1352","165","2.95","6","0.891","67"
"1822","5","5","1","67","54","3162","29","23","1","1442","1288","154","2.92","4","0.893","68"
"1991","5","5","1","67","16","809","6","6","1","351","318","33","2.45","1","0.906","67"
"1912","10","10","0","67","52","2891","6","41","4","2147","1918","229","4.75","2","0.893","72"
"1861","17","17","1","67","59","3445","18","34","4","2021","1812","209","3.64","1","0.897","72"
"2116","4","4","1","67","44","2432","12","28","3","1531","1354","177","4.37","0","0.884","69"
"991","0","0","0","67","13","729","9","3","0","264","245","19","1.56","3","0.928","72"
"1156","0","0","1","67","58","3417","29","20","7","1663","1500","163","2.86","3","0.902","71"
"992","7","7","0","67","52","2675","12","33","2","1666","1467","199","4.46","0","0.881","65"
"764","20","20","0","67","52","2874","28","16","4","1480","1326","154","3.21","5","0.896","69"
"1097","20","20","0","67","20","1097","6","11","1","642","573","69","3.77","0","0.893","70"
"1095","12","12","0","67","27","1610","21","6","0","645","572","73","2.72","4","0.887","64"
"849","13","13","0","67","51","2855","24","23","1","1594","1420","174","3.66","1","0.891","69"
"232","7","7","3","67","4","186","0","3","0","110","94","16","5.15","0","0.855","55"
"231","7","7","2","67","8","479","7","1","0","208","194","14","1.75","3","0.933","77"
"264","8","8","2","67","3","186","2","0","1","64","58","6","1.93","0","0.906","70"
"200","6","6","2","67","12","731","5","5","2","353","322","31","2.54","1","0.912","74"
"297","9","9","3","67","8","484","5","2","1","172","159","13","1.61","0","0.924","71"
"299","9","9","2","67","9","540","9","0","0","167","159","8","0.89","4","0.952","78"
"166","5","5","2","67","4","218","3","0","0","117","110","7","1.92","2","0.940","83"
"199","6","6","3","67","3","178","1","2","0","62","53","9","3.02","1","0.855","58"
"165","5","5","3","67","10","612","5","3","2","280","252","28","2.74","0","0.900","70"
"165","5","5","2","67","9","512","7","1","1","225","208","17","1.99","2","0.924","76"
"266","8","8","2","67","9","541","3","5","1","222","204","18","1.99","1","0.919","73"
"168","5","5","3","67","2","120","1","1","0","50","45","5","2.50","0","0.900","68"
"298","9","9","3","67","4","240","2","2","0","111","102","9","2.25","1","0.919","76"
"297","9","9","2","67","3","181","3","0","0","74","70","4","1.32","0","0.946","80"
"198","6","6","3","67","9","537","2","7","0","238","211","27","3.02","0","0.887","64"
"233","7","7","2","67","4","244","3","1","0","96","86","10","2.46","0","0.896","67"
"198","2","2","0","67","55","2536","10","35","3","2018","1768","250","5.91","0","0.876","64"
"231","7","7","3","67","9","530","5","4","0","258","231","27","3.05","1","0.895","69"
"300","7","7","0","67","19","895","4","9","0","605","533","72","4.83","0","0.881","65"
"1560","2","2","1","67","15","903","12","3","0","373","332","41","2.72","0","0.890","66"
"1254","17","17","1","67","11","549","2","7","1","307","269","38","4.15","0","0.876","61"
"1413","14","14","0","67","46","2707","27","17","1","1318","1171","147","3.26","2","0.888","67"
"1399","2","2","1","67","16","921","8","5","2","360","318","42","2.73","1","0.883","63"
"1330","18","18","0","67","48","2847","34","12","1","1398","1273","125","2.63","6","0.911","75"
"1526","3","3","1","67","8","437","4","2","1","203","175","28","3.84","0","0.862","58"
"1268","12","12","0","67","40","2359","20","17","2","1216","1089","127","3.23","3","0.896","70"
"1306","5","5","0","67","55","3123","21","30","1","1750","1549","201","3.86","1","0.885","68"
"1345","2","2","1","67","36","2140","21","14","1","879","778","101","2.83","7","0.885","65"
"1386","9","9","1","67","55","3007","18","29","5","1528","1338","190","3.79","1","0.876","63"
"1625","8","8","1","67","49","2943","25","22","2","1300","1156","144","2.93","3","0.889","66"
"99","3","3","0","67","40","2403","27","11","2","1126","1034","92","2.30","4","0.918","75"
"66","2","2","3","67","8","490","8","0","0","172","160","12","1.47","2","0.930","76"
"100","14","14","2","67","4","240","3","1","0","115","105","10","2.50","0","0.913","73"
"67","2","2","3","67","4","240","4","0","0","116","112","4","1.00","1","0.966","94"
"99","14","14","2","67","8","479","6","2","0","224","209","15","1.88","0","0.933","80"
"35","1","1","2","67","7","408","5","1","0","170","154","16","2.35","1","0.906","71"
"0","12","12","2","67","10","598","6","4","0","252","229","23","2.31","2","0.909","73"
"0","0","0","3","67","9","537","4","5","0","196","171","25","2.79","1","0.872","60"
"135","1","1","0","67","55","3143","29","20","5","1398","1255","143","2.73","6","0.898","68"
"36","4","4","0","67","41","2409","22","14","4","1256","1135","121","3.01","3","0.904","73"
"67","6","6","0","67","15","803","5","7","1","497","431","66","4.93","0","0.867","61"
"66","2","2","2","67","12","722","4","8","0","378","343","35","2.91","1","0.907","74"
"33","1","1","2","67","6","319","2","2","2","123","113","10","1.88","2","0.919","70"
"132","4","4","3","67","9","520","4","4","0","226","207","19","2.19","0","0.916","73"
"4","12","12","2","67","2","124","1","1","0","50","46","4","1.93","0","0.920","74"
"1","0","0","3","67","3","178","0","3","0","67","57","10","3.36","0","0.851","53"
"33","1","1","3","67","8","495","7","0","1","185","165","20","2.42","0","0.892","67"
"133","4","4","2","67","8","449","0","8","0","252","216","36","4.80","0","0.857","57"
"132","4","4","2","67","6","271","1","2","1","143","121","22","4.86","0","0.846","52"
"133","4","4","3","67","4","193","0","4","0","91","78","13","4.03","0","0.857","53"
"34","1","1","3","67","4","250","3","0","1","99","90","9","2.16","0","0.909","71"
"741","14","14","0","67","22","1259","16","4","1","569","516","53","2.53","2","0.907","70"
"565","8","8","0","67","47","2831","32","11","4","1625","1471","154","3.26","2","0.905","76"
"663","5","5","0","67","17","847","9","5","0","435","386","49","3.47","3","0.887","66"
"697","0","0","1","67","12","575","1","8","1","302","259","43","4.49","0","0.858","55"
"595","15","15","0","67","54","2908","11","37","2","1989","1765","224","4.62","3","0.887","70"
"563","21","21","0","67","33","2007","18","12","3","1079","974","105","3.14","2","0.903","73"
"566","19","19","0","67","19","978","12","4","0","437","390","47","2.88","2","0.892","65"
"2860","15","15","0","67","19","855","8","4","0","485","435","50","3.51","1","0.897","67"
"2904","4","4","0","67","7","390","4","2","0","198","177","21","3.23","1","0.894","68"
"2862","9","9","0","67","15","696","0","9","2","598","534","64","5.51","0","0.893","69"
"2900","4","4","0","67","23","1187","10","7","3","663","591","72","3.64","2","0.891","69"
"2921","21","21","0","67","33","1989","19","12","2","1103","1009","94","2.84","3","0.915","77"
"2312","3","3","0","67","26","1561","20","5","1","803","717","86","3.31","3","0.893","71"
"2595","15","15","0","67","5","211","1","3","0","150","131","19","5.40","0","0.873","60"
"2179","1","1","0","67","16","850","5","3","4","382","329","53","3.74","0","0.861","58"
"2514","18","18","0","67","19","1134","14","5","0","508","456","52","2.75","1","0.898","69"
"2828","9","9","0","67","58","3295","19","29","7","2119","1914","205","3.73","3","0.903","76"
"2571","13","13","0","67","22","1145","14","3","1","523","464","59","3.09","0","0.887","63"
"2189","10","10","0","67","26","1083","2","11","2","793","716","77","4.27","1","0.903","71"
"2443","8","8","0","67","20","1180","10","6","3","601","540","61","3.10","1","0.899","72"
"2575","11","11","0","67","54","3258","39","12","3","1368","1233","135","2.49","3","0.901","69"
"2259","11","11","0","67","12","721","11","1","0","257","230","27","2.25","0","0.895","65"
"2357","19","19","0","67","51","2998","31","15","4","1303","1164","139","2.78","6","0.893","67"
"2752","7","7","0","67","9","389","3","3","0","214","186","28","4.32","1","0.869","60"
"2789","0","0","0","67","54","3233","26","24","4","1745","1549","196","3.64","1","0.888","69"
"2575","11","11","0","66","55","3205","32","21","1","1720","1538","182","3.41","0","0.894","70"
"2571","11","11","0","66","14","772","6","6","0","377","326","51","3.96","0","0.865","59"
"2443","8","8","0","66","25","1455","14","11","0","806","718","88","3.63","1","0.891","70"
"2179","1","1","0","66","14","780","10","1","2","372","346","26","2.00","1","0.930","77"
"2595","15","15","0","66","1","62","1","0","0","42","40","2","1.91","0","0.952","100"
"2650","9","9","0","66","53","2377","2","40","2","2144","1853","291","7.35","0","0.864","62"
"2249","15","15","0","66","20","933","6","4","3","585","524","61","3.92","1","0.896","69"
"2709","9","9","0","66","43","1579","3","19","0","1375","1191","184","6.99","0","0.866","60"
"2259","13","13","0","66","13","685","11","2","0","283","257","26","2.28","0","0.908","67"
"2522","21","21","0","66","16","794","9","3","0","437","392","45","3.40","0","0.897","68"
"2279","3","3","0","66","16","911","9","5","0","514","460","54","3.55","0","0.895","72"
"2357","19","19","0","66","47","2718","26","14","5","1267","1124","143","3.16","4","0.887","67"
"2501","7","7","0","66","15","543","2","8","1","384","331","53","5.85","0","0.862","57"
"2514","18","18","0","66","17","1019","14","3","0","379","343","36","2.12","2","0.905","69"
"2000102","1","1","2","66","4","241","0","3","1","119","101","18","4.46","0","0.849","55"
"2000865","2","2","2","66","12","719","4","7","1","387","353","34","2.84","1","0.912","76"
"2001252","8","8","2","66","3","179","1","2","0","113","104","9","3.01","0","0.920","79"
"2000933","1","1","2","66","8","476","2","6","0","225","200","25","3.15","0","0.889","66"
"2001389","5","5","2","66","12","714","7","5","0","387","344","43","3.61","1","0.889","69"
"595","15","15","0","66","53","2982","17","30","5","1959","1764","195","3.92","1","0.900","76"
"697","0","0","1","66","12","437","2","3","2","273","236","37","5.07","0","0.864","56"
"663","5","5","0","66","25","1293","3","16","1","937","847","90","4.17","1","0.904","76"
"565","6","6","0","66","56","3327","27","19","8","1829","1637","192","3.46","5","0.895","71"
"566","19","19","0","66","22","1271","14","6","1","571","516","55","2.59","1","0.904","69"
"741","14","14","0","66","27","1477","15","7","3","692","622","70","2.84","3","0.899","68"
"563","21","21","0","66","55","3193","21","27","6","1835","1644","191","3.59","0","0.896","72"
"1095","12","12","0","66","28","1576","20","3","0","703","639","64","2.44","2","0.909","71"
"849","13","13","0","66","55","3290","34","15","4","1623","1461","162","2.95","3","0.900","71"
"1156","0","0","1","66","62","3542","29","25","5","1863","1668","195","3.30","1","0.895","70"
"991","0","0","0","66","13","746","12","0","0","306","278","28","2.25","0","0.908","70"
"1097","20","20","0","66","19","965","8","7","1","545","487","58","3.61","0","0.894","68"
"1163","2","2","1","66","41","2352","22","16","1","992","892","100","2.55","5","0.899","68"
"764","20","20","0","66","51","3010","31","15","4","1681","1526","155","3.09","3","0.908","75"
"1095","4","4","1","66","35","1934","10","20","3","1157","1035","122","3.78","1","0.895","72"
"834","0","0","0","66","54","3223","30","22","2","1591","1419","172","3.20","3","0.892","69"
"992","7","7","0","66","7","370","2","4","1","212","188","24","3.88","0","0.887","68"
"1121","15","15","1","66","54","3109","32","21","1","1164","1034","130","2.51","7","0.888","64"
"430","13","13","2","66","8","414","3","3","1","283","259","24","3.48","1","0.915","77"
"364","11","11","2","66","4","230","1","2","0","142","128","14","3.65","0","0.901","76"
"432","4","4","0","66","13","767","8","2","2","407","363","44","3.44","0","0.892","69"
"431","13","13","2","66","6","310","2","3","0","219","193","26","5.02","0","0.881","67"
"397","0","0","2","66","12","715","3","8","1","423","382","41","3.44","0","0.903","74"
"333","10","10","2","66","8","434","4","3","0","239","219","20","2.76","2","0.916","76"
"363","11","11","2","66","9","493","4","5","0","238","205","33","4.01","0","0.861","57"
"465","8","8","0","66","43","2529","17","21","3","1414","1261","153","3.63","0","0.892","71"
"396","0","0","2","66","1","5","0","0","0","2","2","0","0.00","0","1.000","51"
"330","10","10","2","66","6","291","2","2","1","136","115","21","4.32","1","0.846","54"
"1731","6","6","1","66","59","3470","40","14","3","1612","1460","152","2.63","3","0.906","73"
"1912","10","10","0","66","54","2801","7","44","3","2339","2069","270","5.78","0","0.885","70"
"1658","4","4","3","66","5","305","4","1","0","174","161","13","2.56","0","0.925","82"
"1635","1","1","3","66","3","179","1","2","0","84","77","7","2.34","0","0.917","75"
"1642","4","4","3","66","7","422","2","5","0","245","227","18","2.55","1","0.927","83"
"1861","17","17","1","66","57","3109","19","33","2","1827","1593","234","4.52","1","0.872","62"
"1823","2","2","0","66","34","1805","10","23","0","1332","1174","158","5.25","0","0.881","70"
"1739","10","10","0","66","28","1177","4","8","0","920","832","88","4.48","0","0.904","72"
"1991","5","5","1","66","14","707","7","4","0","289","250","39","3.31","1","0.865","58"
"1799","13","13","3","66","5","305","2","3","0","198","178","20","3.93","0","0.899","76"
"1803","13","13","3","66","7","419","3","4","0","255","237","18","2.58","0","0.929","84"
"1872","16","16","1","66","10","602","6","3","1","223","199","24","2.39","0","0.892","64"
"1866","15","15","1","66","15","870","8","3","1","365","331","34","2.34","2","0.907","70"
"1873","9","9","1","66","26","1288","8","9","2","650","565","85","3.96","1","0.869","60"
"1712","9","9","3","66","8","439","5","3","0","252","230","22","3.00","0","0.913","76"
"1867","14","14","1","66","32","1863","23","6","3","641","571","70","2.25","3","0.891","64"
"1667","2","2","1","66","15","881","5","8","2","445","396","49","3.33","0","0.890","67"
"1780","6","6","1","66","1","48","0","1","0","26","20","6","7.36","0","0.769","31"
"1730","3","3","1","66","60","3612","41","14","4","1678","1505","173","2.87","4","0.897","70"
"1862","4","4","1","66","36","2039","11","19","3","1319","1173","146","4.30","2","0.889","71"
"99","14","14","2","66","8","461","6","1","0","253","225","28","3.64","1","0.889","68"
"36","4","4","0","66","54","3211","30","20","4","1726","1565","161","3.01","1","0.907","74"
"132","4","4","2","66","6","304","3","2","0","138","120","18","3.55","0","0.870","58"
"100","14","14","2","66","5","266","3","1","1","106","91","15","3.38","1","0.858","57"
"133","4","4","2","66","7","413","6","1","0","225","204","21","3.05","0","0.907","76"
"99","3","3","0","66","52","3066","29","21","2","1544","1376","168","3.29","1","0.891","68"
"135","1","1","0","66","54","3199","35","14","4","1560","1401","159","2.98","4","0.898","70"
"0","12","12","2","66","12","728","5","5","2","320","290","30","2.47","1","0.906","72"
"67","6","6","0","66","12","664","5","6","1","440","388","52","4.69","0","0.882","70"
"266","8","8","2","66","9","541","5","3","1","305","272","33","3.66","0","0.892","71"
"233","7","7","2","66","4","244","2","1","1","125","110","15","3.67","0","0.880","64"
"198","2","2","0","66","42","2173","15","13","5","1564","1432","132","3.64","0","0.916","77"
"165","5","5","2","66","1","9","0","0","0","4","4","0","0.00","0","1.000","55"
"299","9","9","2","66","7","420","6","1","0","171","153","18","2.57","0","0.895","68"
"297","9","9","2","66","5","305","5","0","0","101","90","11","2.16","0","0.891","64"
"231","7","7","2","66","8","486","7","1","0","202","186","16","1.97","1","0.921","75"
"200","6","6","2","66","12","727","3","7","2","405","360","45","3.71","0","0.889","70"
"232","7","7","0","66","54","3063","18","25","5","1989","1783","206","4.03","2","0.896","73"
"1468","9","9","1","66","32","1661","6","18","4","977","870","107","3.86","0","0.890","68"
"1498","12","12","3","66","5","270","0","5","0","135","111","24","5.33","0","0.822","46"
"1474","7","7","1","66","59","3535","24","30","5","1768","1584","184","3.12","8","0.896","70"
"1464","3","3","1","66","9","394","3","3","1","140","121","19","2.89","1","0.864","56"
"1516","0","0","3","66","6","371","3","1","2","204","192","12","1.94","1","0.941","92"
"1306","5","5","0","66","48","2679","19","25","2","1782","1590","192","4.30","1","0.892","73"
"1572","5","5","3","66","4","240","3","1","0","113","105","8","2.00","0","0.929","80"
"1439","2","2","3","66","8","458","6","1","0","287","267","20","2.62","1","0.930","86"
"1439","14","14","1","66","36","2119","26","7","1","849","771","78","2.21","2","0.908","70"
"1475","7","7","1","66","8","441","1","5","1","246","218","28","3.80","1","0.886","67"
"1254","17","17","1","66","20","865","4","8","0","573","494","79","5.48","0","0.862","56"
"1423","5","5","3","66","8","484","5","2","1","273","255","18","2.23","1","0.934","82"
"1441","1","1","3","66","9","555","7","0","2","210","191","19","2.05","0","0.910","72"
"1235","1","1","1","66","65","3637","17","44","2","2106","1874","232","3.83","3","0.890","68"
"1268","12","12","0","66","43","2416","23","15","5","1240","1106","134","3.33","3","0.892","68"
"1329","2","2","3","66","6","261","3","2","0","146","134","12","2.75","0","0.918","71"
"1330","18","18","0","66","49","2956","36","11","2","1299","1175","124","2.52","5","0.905","72"
"1605","12","12","3","66","8","449","1","5","1","240","216","24","3.20","0","0.900","71"
"1615","8","8","1","66","25","1431","10","11","2","643","563","80","3.35","1","0.876","62"
"1399","2","2","1","66","12","718","6","4","2","335","299","36","3.01","3","0.893","70"
"1368","7","7","3","66","4","245","2","1","1","134","121","13","3.18","1","0.903","75"
"1345","5","5","1","66","55","3264","38","15","2","1408","1270","138","2.54","4","0.902","70"
"1611","7","7","3","66","8","478","3","5","0","271","247","24","3.01","0","0.911","77"
"1610","16","16","1","66","56","3394","29","21","6","1383","1229","154","2.72","4","0.889","65"
"1386","9","9","1","66","22","1054","6","13","0","599","523","76","4.32","0","0.873","61"
"1399","6","6","3","66","4","245","3","0","1","108","103","5","1.22","2","0.954","86"
"1388","0","0","3","66","6","358","2","3","1","226","201","25","4.19","0","0.889","74"
"1589","6","6","3","66","8","480","4","4","0","247","229","18","2.25","2","0.927","79"
"1343","9","9","3","66","5","280","1","3","0","170","154","16","3.42","0","0.906","76"
"1413","14","14","0","66","43","2522","25","12","4","1235","1116","119","2.83","1","0.904","71"
"1625","8","8","1","66","44","2565","24","14","5","1119","996","123","2.88","3","0.890","67"
"1616","1","1","1","66","10","329","0","3","0","261","223","38","6.92","0","0.854","54"
"1468","9","9","1","65","57","3128","26","24","5","1760","1586","174","3.34","2","0.901","67"
"1374","9","9","0","65","43","2327","17","17","3","1562","1419","143","3.69","0","0.908","74"
"1474","7","7","1","65","29","1743","26","2","1","681","620","61","2.10","3","0.910","67"
"1268","12","12","0","65","54","3133","33","17","3","1911","1769","142","2.72","4","0.926","81"
"1285","6","6","3","65","9","519","4","1","3","259","241","18","2.08","1","0.931","72"
"1441","1","1","3","65","9","537","7","2","0","179","160","19","2.12","2","0.894","61"
"1611","7","7","3","65","8","485","6","2","0","219","195","24","2.97","0","0.890","65"
"1329","0","0","3","65","8","486","6","2","0","297","278","19","2.34","1","0.936","84"
"1322","1","1","1","65","38","1834","7","21","4","1467","1337","130","4.25","0","0.911","68"
"1345","5","5","1","65","52","2973","22","23","5","1867","1695","172","3.47","1","0.908","71"
"1467","9","9","3","65","8","483","7","1","0","136","124","12","1.49","1","0.912","65"
"1625","8","8","1","65","31","1601","13","13","1","801","705","96","3.60","0","0.880","58"
"1194","17","17","1","65","37","2041","10","25","1","1382","1236","146","4.29","0","0.894","66"
"1629","0","0","1","65","62","3469","13","42","3","2485","2255","230","3.98","0","0.907","71"
"1439","2","2","3","65","6","368","2","3","1","222","199","23","3.75","0","0.896","68"
"1589","6","6","3","65","4","213","1","3","0","136","116","20","5.63","0","0.853","47"
"1330","18","18","0","65","49","2842","27","17","4","1612","1472","140","2.96","3","0.913","75"
"1605","12","12","3","65","9","379","0","6","0","344","320","24","3.79","0","0.930","74"
"1422","5","5","3","65","6","370","6","0","0","147","132","15","2.43","0","0.898","68"
"1413","14","14","0","65","45","2611","19","22","4","1665","1528","137","3.15","4","0.918","77"
"1423","5","5","3","65","6","364","2","4","0","191","177","14","2.31","1","0.927","76"
"1235","1","1","1","65","40","2156","10","24","0","1588","1429","159","4.42","0","0.900","68"
"1572","12","12","3","65","6","338","0","6","0","333","297","36","6.37","0","0.892","68"
"1221","0","0","1","65","15","503","2","6","0","424","374","50","5.96","0","0.882","54"
"1610","16","16","1","65","51","2889","22","20","5","1796","1629","167","3.47","1","0.907","71"
"1615","8","8","1","65","41","2360","25","13","1","1381","1266","115","2.92","7","0.917","74"
"1439","14","14","1","65","43","2470","23","13","5","1145","1018","127","3.08","5","0.889","63"
"1333","2","2","3","65","6","358","2","4","0","228","210","18","3.01","1","0.921","76"
"432","4","4","0","65","15","641","1","10","1","599","543","56","5.24","0","0.907","67"
"363","11","11","2","65","9","544","7","1","1","322","303","19","2.09","1","0.941","84"
"430","13","13","2","65","3","133","1","2","0","95","86","9","4.03","0","0.905","65"
"397","0","0","2","65","12","671","4","4","3","430","391","39","3.48","1","0.909","69"
"396","0","0","2","65","2","60","0","0","1","42","40","2","1.99","0","0.952","72"
"330","10","10","2","65","5","245","2","1","1","149","139","10","2.44","0","0.933","74"
"431","13","13","2","65","10","586","2","6","1","386","349","37","3.79","0","0.904","68"
"333","10","10","2","65","8","477","4","4","0","270","247","23","2.89","0","0.915","74"
"465","8","8","0","65","57","3167","16","35","3","2341","2124","217","4.11","2","0.907","73"
"741","14","14","0","65","24","1373","12","7","2","806","735","71","3.10","1","0.912","71"
"595","15","15","0","65","58","3197","16","34","5","2350","2140","210","3.94","4","0.911","76"
"563","21","21","0","65","54","3109","28","20","5","2018","1845","173","3.34","0","0.914","76"
"596","2","2","0","65","53","3143","28","23","2","2001","1848","153","2.92","2","0.924","81"
"565","6","6","0","65","55","3181","37","14","1","1644","1516","128","2.41","4","0.922","75"
"566","5","5","0","65","56","3053","11","41","2","2440","2210","230","4.52","1","0.906","73"
"663","5","5","0","65","23","912","1","10","1","695","619","76","5.00","0","0.891","59"
"991","0","0","0","65","12","700","8","3","1","282","250","32","2.74","1","0.887","60"
"1069","17","17","1","65","1","60","0","1","0","68","60","8","8.00","0","0.882","72"
"1142","3","3","1","65","4","92","0","0","0","108","99","9","5.81","0","0.917","65"
"1095","12","12","0","65","18","858","12","1","0","368","337","31","2.17","4","0.916","66"
"990","7","7","1","65","37","2233","33","3","1","868","794","74","1.99","5","0.915","69"
"849","13","13","0","65","52","3095","37","13","2","1551","1418","133","2.58","2","0.914","73"
"834","0","0","0","65","55","3299","34","16","4","1744","1596","148","2.69","5","0.915","76"
"1142","9","9","0","65","33","1665","11","15","3","1113","1011","102","3.67","1","0.908","71"
"1052","2","2","0","65","13","777","9","4","0","467","438","29","2.24","1","0.938","84"
"1163","2","2","1","65","48","2795","25","15","5","1485","1345","140","3.01","3","0.906","68"
"1121","15","15","1","65","59","3580","42","11","6","1523","1368","155","2.60","1","0.898","63"
"1095","4","4","1","65","50","3004","33","14","3","1312","1198","114","2.28","8","0.913","71"
"1015","5","5","1","65","16","719","6","5","0","456","416","40","3.33","2","0.912","67"
"1097","20","20","0","65","27","1349","2","19","2","1190","1088","102","4.54","0","0.914","77"
"764","20","20","0","65","47","2628","14","25","4","1859","1700","159","3.63","2","0.914","77"
"231","7","7","2","65","5","299","4","1","0","106","100","6","1.20","2","0.943","77"
"266","8","8","2","65","12","628","5","7","0","415","371","44","4.20","1","0.894","67"
"233","7","7","2","65","7","434","7","0","0","161","143","18","2.49","0","0.888","61"
"232","7","7","0","65","55","3137","33","19","1","1569","1406","163","3.12","0","0.896","66"
"299","9","9","2","65","9","516","4","4","1","322","292","30","3.49","1","0.907","77"
"297","9","9","2","65","4","204","0","3","0","112","100","12","3.53","0","0.893","62"
"200","6","6","2","65","12","686","7","5","0","420","373","47","4.10","0","0.888","64"
"1799","4","4","3","65","4","240","4","0","0","92","90","2","0.50","3","0.978","81"
"1803","13","13","3","65","6","362","1","4","1","228","205","23","3.80","0","0.899","67"
"1635","1","1","3","65","3","185","2","0","1","65","59","6","1.95","1","0.908","65"
"1658","13","13","3","65","6","360","1","4","1","199","182","17","2.83","0","0.915","67"
"1731","6","6","1","65","56","3254","33","20","1","1606","1438","168","3.10","4","0.895","65"
"1779","7","7","3","65","4","244","2","1","1","108","103","5","1.23","1","0.954","85"
"1642","4","4","3","65","8","492","4","3","1","246","228","18","2.19","1","0.927","75"
"1667","2","2","1","65","23","1178","8","13","0","669","596","73","3.72","2","0.891","60"
"1863","3","3","1","65","23","973","2","14","0","768","683","85","5.24","0","0.889","61"
"1866","15","15","1","65","7","429","6","0","1","156","144","12","1.68","1","0.923","67"
"1867","14","14","1","65","30","1503","19","6","0","633","572","61","2.43","6","0.904","63"
"1868","9","9","1","65","21","849","3","8","0","557","495","62","4.38","0","0.889","59"
"1745","0","0","3","65","4","238","1","3","0","132","120","12","3.01","0","0.909","62"
"1739","10","10","0","65","22","995","2","11","0","890","818","72","4.34","0","0.919","74"
"1912","10","10","0","65","56","2964","4","48","1","2734","2502","232","4.69","0","0.915","79"
"1729","6","6","1","65","14","594","6","4","0","336","299","37","3.73","0","0.890","57"
"1730","3","3","1","65","50","2895","12","36","2","2149","1948","201","4.17","1","0.906","74"
"1862","4","4","1","65","17","969","14","1","1","352","330","22","1.36","3","0.938","70"
"1861","17","17","1","65","34","1867","12","16","1","1310","1198","112","3.60","2","0.915","71"
"1753","9","9","3","65","4","242","2","1","1","72","65","7","1.73","2","0.903","69"
"1872","16","16","1","65","8","399","3","2","1","267","248","19","2.85","0","0.929","73"
"1873","6","6","1","65","2","118","0","2","0","59","53","6","3.04","0","0.898","64"
"1823","2","2","0","65","1","51","0","0","0","49","46","3","3.48","0","0.939","92"
"99","3","3","0","65","51","3008","27","21","3","1845","1685","160","3.19","1","0.913","75"
"99","14","14","2","65","12","728","6","4","2","447","410","37","3.05","1","0.917","79"
"36","4","4","0","65","58","3357","16","34","4","2766","2551","215","3.84","0","0.922","82"
"67","6","6","0","65","14","771","7","7","0","512","469","43","3.34","0","0.916","73"
"132","4","4","2","65","6","350","1","4","0","178","150","28","4.80","0","0.843","45"
"135","1","1","0","65","53","3121","36","15","1","1695","1558","137","2.63","8","0.919","76"
"133","4","4","2","65","7","367","2","5","0","220","199","21","3.43","1","0.905","66"
"2200016","5","5","2","65","1","6","1","0","0","1","1","0","0.00","0","1.000","55"
"2001041","6","6","2","65","2","38","0","0","0","22","21","1","1.56","0","0.955","63"
"2001389","5","5","2","65","12","721","7","3","1","387","359","28","2.33","2","0.928","79"
"2001075","12","12","2","65","2","68","0","0","0","37","36","1","0.88","0","0.973","72"
"2000933","1","1","2","65","10","599","7","3","0","348","323","25","2.50","0","0.928","80"
"2001063","12","12","2","65","12","651","5","6","1","309","274","35","3.22","1","0.887","59"
"2001252","8","8","2","65","2","95","0","0","0","57","53","4","2.52","0","0.930","79"
"2000865","2","2","2","65","12","723","6","6","0","408","380","28","2.32","2","0.931","83"
"2000102","1","1","2","65","2","124","2","0","0","73","71","2","0.96","0","0.973","86"
"2000594","11","11","2","65","3","185","0","2","1","118","103","15","4.86","0","0.873","63"
"2259","13","13","0","65","15","895","13","1","0","351","315","36","2.41","0","0.897","65"
"2571","11","11","0","65","13","754","5","5","3","475","434","41","3.26","0","0.914","73"
"2538","8","8","0","65","5","109","0","0","0","76","66","10","5.48","0","0.868","54"
"2501","7","7","0","65","16","843","10","2","1","310","273","37","2.63","1","0.881","57"
"2179","1","1","0","65","16","854","11","2","1","317","284","33","2.32","0","0.896","59"
"2279","3","3","0","65","13","675","6","2","2","349","315","34","3.02","0","0.903","64"
"2514","18","18","0","65","19","1136","14","3","1","452","403","49","2.59","3","0.892","63"
"2443","8","8","0","65","12","700","1","9","2","494","440","54","4.63","0","0.891","66"
"2575","11","11","0","65","54","3246","36","14","3","1702","1568","134","2.48","8","0.921","77"
"2312","3","3","0","65","5","305","5","0","0","130","120","10","1.97","1","0.923","70"
"2522","21","21","0","65","18","863","11","2","0","342","313","29","2.01","2","0.915","64"
"2451","15","15","0","65","16","791","7","4","0","500","446","54","4.09","1","0.892","64"
"2357","19","19","0","65","55","3270","33","18","3","1866","1708","158","2.90","3","0.915","76"
"2345","19","19","0","65","13","720","10","1","1","325","290","35","2.92","1","0.892","59"
"2179","1","1","0","64","13","720","11","1","0","301","268","33","2.75","0","0.890","60"
"2357","19","19","0","64","54","3169","30","18","5","1666","1508","158","2.99","2","0.905","71"
"2345","19","19","0","64","16","806","5","7","1","413","366","47","3.50","1","0.886","60"
"2451","15","15","0","64","14","771","12","0","0","293","277","16","1.24","4","0.945","75"
"2259","13","13","0","64","14","792","12","1","0","318","290","28","2.12","1","0.912","65"
"2352","3","3","0","64","16","830","1","10","2","703","636","67","4.84","0","0.905","70"
"2000865","2","2","2","64","12","696","5","6","1","422","378","44","3.79","0","0.896","70"
"2000102","1","1","2","64","2","125","1","0","1","45","40","5","2.40","0","0.889","60"
"2000594","11","11","2","64","3","184","1","1","1","100","90","10","3.25","0","0.900","78"
"2001389","5","5","2","64","12","719","10","1","1","362","340","22","1.83","5","0.939","80"
"2001075","12","12","2","64","1","14","0","0","0","8","8","0","0.00","0","1.000","57"
"2001252","8","8","2","64","4","243","2","2","0","127","114","13","3.20","0","0.898","68"
"2001041","6","6","2","64","8","482","4","3","1","307","283","24","2.98","0","0.922","77"
"2001063","12","12","2","64","12","699","8","4","0","358","325","33","2.83","1","0.908","69"
"2000933","1","1","2","64","10","620","5","2","3","315","286","29","2.81","1","0.908","72"
"2200007","2","2","2","64","1","26","0","0","0","16","14","2","4.50","0","0.875","60"
"2200002","9","9","2","64","5","191","2","1","0","80","69","11","3.44","0","0.863","53"
"134","8","8","0","64","16","848","4","8","0","589","532","57","4.03","0","0.903","68"
"133","4","4","2","64","9","492","3","4","1","290","263","27","3.29","0","0.907","69"
"132","4","4","2","64","4","243","0","3","1","130","115","15","3.70","0","0.885","64"
"36","4","4","0","64","53","2833","8","38","1","2453","2268","185","3.92","2","0.925","81"
"99","3","3","0","64","56","3148","18","33","2","2392","2193","199","3.79","3","0.917","79"
"100","14","14","2","64","3","189","2","1","0","120","111","9","2.85","0","0.925","81"
"67","6","6","0","64","14","750","4","7","1","483","435","48","3.84","0","0.901","64"
"135","1","1","0","64","54","3248","41","13","0","1726","1609","117","2.16","2","0.932","81"
"99","14","14","2","64","9","542","3","5","1","338","309","29","3.21","2","0.914","75"
"630","18","18","0","64","22","1071","10","7","1","542","485","57","3.19","4","0.895","63"
"663","5","5","0","64","12","616","2","8","1","478","436","42","4.09","0","0.912","69"
"624","2","2","3","64","7","424","4","3","0","235","216","19","2.69","2","0.919","78"
"595","15","15","0","64","54","3232","35","12","7","1594","1452","142","2.64","7","0.911","75"
"566","21","21","0","64","22","1182","12","5","2","669","614","55","2.79","2","0.918","72"
"741","14","14","0","64","22","1164","12","6","1","644","592","52","2.68","1","0.919","73"
"564","5","5","0","64","53","3016","10","38","3","2330","2117","213","4.24","2","0.909","74"
"565","6","6","0","64","54","3236","35","15","4","1689","1540","149","2.76","2","0.912","73"
"563","21","21","0","64","49","2815","26","18","3","1739","1598","141","3.01","4","0.919","76"
"596","2","2","0","64","55","3229","31","20","4","1903","1733","170","3.16","2","0.911","73"
"523","5","5","1","64","1","25","0","0","0","9","8","1","2.35","0","0.889","50"
"1194","17","17","1","64","29","1722","14","12","3","1011","923","88","3.06","2","0.913","74"
"1285","6","6","3","64","8","488","5","2","1","173","158","15","1.84","2","0.913","67"
"1221","0","0","1","64","30","1204","5","10","1","826","746","80","3.99","1","0.903","64"
"1268","12","12","0","64","56","3292","29","21","5","1849","1692","157","2.86","2","0.915","75"
"1306","5","5","0","64","9","361","0","3","1","264","239","25","4.15","0","0.905","66"
"1589","6","6","3","64","4","243","2","1","1","95","88","7","1.72","1","0.926","65"
"1534","14","14","1","64","14","665","7","1","2","349","317","32","2.88","1","0.908","68"
"1611","7","7","3","64","10","597","5","3","1","341","310","31","3.11","0","0.909","69"
"1610","16","16","1","64","31","1638","15","11","2","837","757","80","2.93","2","0.904","66"
"1333","2","2","3","64","5","307","3","1","1","111","101","10","1.95","1","0.910","66"
"1615","8","8","1","64","45","2480","14","30","0","1855","1683","172","4.16","2","0.907","72"
"1254","5","5","1","64","19","1001","6","10","0","616","547","69","4.13","0","0.888","57"
"1252","17","17","1","64","37","2225","15","19","3","1337","1223","114","3.07","2","0.915","75"
"1572","0","0","3","64","6","314","1","3","1","248","232","16","3.05","0","0.935","79"
"1605","12","12","3","64","7","404","1","4","1","271","251","20","2.97","0","0.926","81"
"1278","1","1","1","64","50","2980","24","21","5","1508","1379","129","2.60","5","0.914","71"
"1280","9","9","1","64","35","1653","10","17","3","959","871","88","3.19","1","0.908","65"
"1616","0","0","1","64","52","2800","7","37","6","2018","1819","199","4.26","0","0.901","69"
"1474","7","7","1","64","29","1714","18","8","2","719","648","71","2.48","6","0.901","64"
"1410","8","8","1","64","4","140","0","2","0","130","119","11","4.70","0","0.915","69"
"1413","14","14","0","64","48","2846","24","19","4","1717","1577","140","2.95","3","0.918","80"
"1330","18","18","0","64","52","2902","31","15","2","1565","1432","133","2.75","6","0.915","72"
"1460","13","13","3","64","8","484","5","3","0","276","255","21","2.60","1","0.924","78"
"1423","5","5","3","64","4","240","4","0","0","67","64","3","0.75","1","0.955","72"
"1431","9","9","3","64","4","192","2","1","0","88","78","10","3.11","0","0.886","56"
"1439","14","14","1","64","58","3372","34","15","7","1690","1525","165","2.94","2","0.902","65"
"1422","5","5","3","64","8","480","8","0","0","156","148","8","1.00","3","0.949","76"
"1439","7","7","3","64","4","136","1","2","0","67","54","13","5.72","0","0.806","41"
"1467","12","12","3","64","6","316","1","5","0","210","190","20","3.79","0","0.905","65"
"1441","1","1","3","64","9","522","5","3","1","334","306","28","3.22","0","0.916","74"
"1374","9","9","0","64","53","3076","21","28","3","2085","1912","173","3.37","2","0.917","77"
"1279","2","2","1","64","28","1529","15","13","0","911","813","98","3.85","0","0.892","64"
"1468","9","9","1","64","39","2311","12","19","5","1404","1269","135","3.50","0","0.904","69"
"1345","15","15","1","64","9","443","3","4","1","214","189","25","3.38","1","0.883","61"
"397","0","0","2","64","12","731","6","4","2","542","508","34","2.79","2","0.937","87"
"363","11","11","2","64","9","543","3","6","0","265","234","31","3.42","0","0.883","63"
"431","13","13","2","64","10","479","5","3","0","346","319","27","3.38","1","0.922","74"
"333","10","10","2","64","7","428","4","2","1","230","214","16","2.24","0","0.930","77"
"465","8","8","0","64","54","3128","19","31","4","2198","2007","191","3.66","1","0.913","76"
"330","10","10","2","64","5","309","1","2","2","147","132","15","2.91","0","0.898","59"
"432","4","4","0","64","21","1111","2","17","0","988","878","110","5.94","0","0.889","64"
"430","13","13","2","64","6","247","1","3","0","166","140","26","6.30","0","0.843","50"
"1635","1","1","3","64","4","206","2","1","0","105","93","12","3.49","0","0.886","58"
"1730","3","3","1","64","56","3260","11","38","6","2283","2073","210","3.86","1","0.908","73"
"1823","2","2","0","64","15","762","6","2","3","394","347","47","3.70","1","0.881","58"
"1658","13","13","3","64","4","244","1","3","0","162","151","11","2.70","0","0.932","82"
"1739","10","10","0","64","55","3162","18","35","1","2419","2225","194","3.68","0","0.920","79"
"1642","4","4","3","64","5","250","1","2","1","139","129","10","2.40","1","0.928","69"
"1743","1","1","1","64","11","659","6","5","0","328","299","29","2.64","2","0.912","73"
"1901","11","11","0","64","22","1176","2","14","2","916","824","92","4.69","0","0.900","74"
"1731","6","6","1","64","28","1618","19","4","3","684","610","74","2.74","1","0.892","62"
"834","0","0","0","64","54","3214","36","16","2","1621","1483","138","2.58","3","0.915","76"
"1095","12","12","0","64","13","700","9","2","0","287","256","31","2.66","1","0.892","60"
"1097","20","20","0","64","55","2985","17","32","3","2344","2149","195","3.92","2","0.917","77"
"1075","4","4","3","64","8","481","2","5","1","262","238","24","2.99","0","0.908","72"
"1015","8","8","1","64","25","1371","8","9","3","1014","920","94","4.11","0","0.907","70"
"1107","3","3","1","64","20","744","0","8","3","511","449","62","5.00","0","0.879","56"
"1091","7","7","0","64","14","786","10","2","0","295","272","23","1.75","1","0.922","67"
"1108","6","6","1","64","40","2394","25","9","6","1189","1088","101","2.53","0","0.915","72"
"1121","15","15","1","64","59","3565","43","13","2","1842","1677","165","2.78","4","0.910","72"
"995","10","10","0","64","5","91","0","0","0","71","65","6","3.94","0","0.915","55"
"1000","9","9","0","64","20","906","7","6","1","492","444","48","3.18","0","0.902","62"
"1120","4","4","1","64","47","2834","40","6","1","913","825","88","1.86","6","0.904","64"
"1069","17","17","1","64","2","42","0","0","0","29","26","3","4.27","0","0.897","51"
"991","0","0","0","64","13","772","11","1","0","284","254","30","2.33","4","0.894","65"
"1061","7","7","1","64","2","61","1","0","0","31","29","2","1.95","0","0.935","60"
"1095","4","4","1","64","19","1146","17","2","0","301","269","32","1.68","4","0.894","62"
"1142","11","11","0","64","50","2827","21","22","5","1991","1827","164","3.48","0","0.918","78"
"905","20","20","0","64","7","257","0","2","0","260","239","21","4.89","0","0.919","71"
"859","16","16","1","64","41","2347","19","17","2","1198","1079","119","3.04","3","0.901","67"
"1163","2","2","1","64","43","2446","26","11","1","1319","1216","103","2.53","4","0.922","72"
"764","20","20","0","64","13","723","6","5","1","424","390","34","2.82","0","0.920","71"
"1158","5","5","1","64","50","2988","23","20","7","1772","1618","154","3.09","1","0.913","73"
"758","0","0","3","64","7","416","1","4","2","247","227","20","2.88","0","0.919","75"
"894","9","9","3","64","9","543","6","1","2","233","208","25","2.76","0","0.893","61"
"990","7","7","1","64","38","2208","24","10","3","939","847","92","2.50","4","0.902","65"
"849","13","13","0","64","53","3200","32","13","8","1679","1539","140","2.62","4","0.917","76"
"299","9","9","2","64","10","535","7","2","0","226","199","27","3.02","1","0.881","61"
"231","7","7","2","64","7","419","4","3","0","213","192","21","3.00","0","0.901","68"
"200","6","6","2","64","4","238","1","3","0","141","125","16","4.02","0","0.887","65"
"232","7","7","0","64","54","3197","36","14","4","1561","1412","149","2.80","1","0.905","69"
"233","7","7","2","64","5","309","3","1","1","176","161","15","2.91","0","0.915","74"
"266","8","8","2","64","8","489","3","3","2","342","309","33","4.05","0","0.904","75"
"232","7","7","0","63","54","3166","41","11","1","1338","1218","120","2.27","7","0.910","69"
"233","7","7","2","63","5","246","0","4","0","128","112","16","3.90","0","0.875","57"
"299","9","9","2","63","9","540","9","0","0","209","196","13","1.44","1","0.938","73"
"200","2","2","2","63","3","128","2","0","0","59","55","4","1.86","0","0.932","64"
"231","7","7","2","63","8","481","6","0","2","219","202","17","2.12","1","0.922","77"
"266","8","8","2","63","8","396","3","3","0","282","259","23","3.48","0","0.918","75"
"264","5","5","1","63","9","483","3","4","1","284","261","23","2.85","0","0.919","69"
"1374","9","9","0","63","25","1316","6","15","1","834","760","74","3.37","4","0.911","73"
"1268","12","12","0","63","53","3196","29","19","5","1787","1639","148","2.78","2","0.917","76"
"1194","17","17","1","63","17","1022","9","7","1","429","394","35","2.05","4","0.918","69"
"1439","2","2","3","63","3","178","1","2","0","92","82","10","3.36","0","0.891","67"
"1441","1","1","3","63","8","478","5","3","0","240","213","27","3.39","0","0.888","63"
"1439","14","14","1","63","23","1091","14","4","0","554","496","58","3.19","1","0.895","62"
"1616","0","0","1","63","34","1771","12","15","2","1078","982","96","3.25","2","0.911","69"
"1431","6","6","3","63","9","540","8","1","0","240","218","22","2.44","0","0.908","65"
"1221","0","0","1","63","33","1852","12","18","1","1054","945","109","3.53","1","0.897","65"
"1610","16","16","1","63","21","1006","8","4","2","596","539","57","3.40","0","0.904","67"
"1413","14","14","0","63","45","2550","16","22","2","1717","1575","142","3.34","1","0.917","78"
"1615","8","8","1","63","59","3148","5","44","7","2651","2383","268","5.11","0","0.899","67"
"1333","1","1","3","63","4","244","3","1","0","104","94","10","2.45","0","0.904","65"
"1330","18","18","0","63","28","1548","15","8","3","880","807","73","2.83","1","0.917","77"
"1422","5","5","3","63","6","360","6","0","0","143","134","9","1.50","2","0.937","69"
"1252","17","17","1","63","49","2975","31","13","5","1274","1147","127","2.56","2","0.900","66"
"1423","5","5","3","63","6","360","4","2","0","124","112","12","2.00","0","0.903","61"
"1409","0","0","0","63","14","819","8","1","3","321","292","29","2.12","1","0.910","65"
"1447","13","13","3","63","7","271","0","5","0","260","231","29","6.42","0","0.888","61"
"1470","12","12","3","63","3","142","1","1","0","83","71","12","5.06","0","0.855","51"
"1285","9","9","3","63","8","483","6","1","1","238","216","22","2.73","0","0.908","71"
"1460","4","4","3","63","5","259","1","3","0","191","171","20","4.62","0","0.895","68"
"1497","6","6","1","63","15","760","4","3","2","458","415","43","3.39","1","0.906","66"
"1278","1","1","1","63","54","3249","32","18","4","1513","1373","140","2.58","8","0.907","68"
"1467","12","12","3","63","10","582","2","5","3","416","377","39","4.02","0","0.906","72"
"1484","9","9","0","63","48","2676","15","22","7","1749","1605","144","3.23","1","0.918","75"
"1280","9","9","1","63","12","452","2","4","0","314","287","27","3.58","0","0.914","65"
"1329","2","2","3","63","9","544","5","3","1","257","232","25","2.75","0","0.903","63"
"1279","2","2","1","63","45","2650","29","14","1","1203","1076","127","2.87","4","0.894","63"
"1474","7","7","1","63","23","1331","6","15","1","860","780","80","3.60","0","0.907","68"
"132","1","1","1","63","12","731","6","3","3","352","317","35","2.87","1","0.901","66"
"67","6","6","0","63","13","719","7","5","0","386","354","32","2.67","2","0.917","72"
"99","14","14","2","63","12","696","7","5","0","421","387","34","2.93","1","0.919","74"
"133","4","4","2","63","9","502","5","3","1","269","246","23","2.74","0","0.914","72"
"134","8","8","0","63","16","854","7","7","0","575","530","45","3.16","0","0.922","76"
"36","4","4","0","63","54","3013","8","41","1","2530","2314","216","4.30","1","0.915","80"
"99","3","3","0","63","54","3281","31","19","4","1964","1818","146","2.67","5","0.926","80"
"135","1","1","0","63","55","3220","36","15","3","1425","1299","126","2.35","5","0.912","71"
"685","9","9","1","63","62","3514","37","22","1","1800","1625","175","2.99","2","0.903","65"
"565","6","6","0","63","54","3277","41","12","1","1509","1387","122","2.23","8","0.919","75"
"663","11","11","0","63","38","1826","2","27","3","1627","1456","171","5.62","0","0.895","64"
"566","21","21","0","63","16","744","6","4","1","324","287","37","2.98","1","0.886","59"
"596","2","2","0","63","52","3127","40","9","3","1140","1043","97","1.86","10","0.915","69"
"630","18","18","0","63","41","2451","23","14","3","1448","1323","125","3.06","2","0.914","75"
"595","15","15","0","63","54","3253","38","14","2","1367","1263","104","1.92","7","0.924","75"
"564","5","5","0","63","57","3226","18","32","4","2272","2068","204","3.79","5","0.910","74"
"741","14","14","0","63","28","1464","14","10","2","886","793","93","3.81","1","0.895","64"
"661","19","19","0","63","52","3164","30","16","6","1824","1684","140","2.65","6","0.923","80"
"624","0","0","3","63","12","695","3","7","2","374","328","46","3.97","0","0.877","57"
"563","21","21","0","63","56","3249","28","18","9","1836","1676","160","2.95","2","0.913","73"
"905","20","20","0","63","19","899","0","11","1","771","710","61","4.07","0","0.921","74"
"1015","3","3","1","63","54","3034","8","41","0","2102","1903","199","3.93","2","0.905","70"
"1069","4","4","3","63","10","456","1","7","0","297","261","36","4.73","0","0.879","55"
"1047","14","14","1","63","51","2879","27","20","1","1686","1546","140","2.92","1","0.917","73"
"1107","3","3","1","63","24","922","5","12","0","589","524","65","4.23","1","0.890","58"
"1075","7","7","3","63","6","354","5","1","0","222","206","16","2.71","1","0.928","77"
"1000","15","15","0","63","13","731","10","0","2","175","158","17","1.40","5","0.903","61"
"1142","11","11","0","63","44","2152","9","25","0","1738","1578","160","4.46","1","0.908","71"
"1041","8","8","1","63","23","843","3","6","1","690","617","73","5.19","0","0.894","58"
"1057","13","13","3","63","9","450","1","6","0","311","276","35","4.66","0","0.887","59"
"1180","15","15","1","63","17","883","4","7","1","550","497","53","3.60","0","0.904","63"
"894","9","9","3","63","5","238","3","1","0","72","64","8","2.01","0","0.889","53"
"1095","4","4","1","63","17","990","16","0","1","301","281","20","1.21","5","0.934","71"
"1097","20","20","0","63","54","3089","14","37","3","2423","2222","201","3.90","1","0.917","78"
"758","0","0","3","63","1","33","0","0","0","17","14","3","5.42","0","0.824","43"
"1091","7","7","0","63","16","810","13","0","0","239","212","27","2.00","2","0.887","59"
"1053","6","6","3","63","3","184","1","2","0","95","83","12","3.91","0","0.874","58"
"849","13","13","0","63","55","3282","29","21","5","1627","1455","172","3.14","2","0.894","66"
"995","10","10","0","63","39","2179","9","25","3","1433","1293","140","3.85","1","0.902","69"
"1120","4","4","1","63","50","2986","42","6","1","936","848","88","1.77","14","0.906","66"
"1158","5","5","1","63","59","3489","31","26","1","1833","1676","157","2.70","4","0.914","71"
"1163","2","2","1","63","24","1324","21","1","0","480","435","45","2.04","3","0.906","64"
"859","16","16","1","63","53","2971","25","24","3","1547","1394","153","3.09","4","0.901","67"
"1121","15","15","1","63","54","3097","23","28","3","1902","1729","173","3.35","1","0.909","72"
"959","7","7","3","63","7","373","4","2","0","193","177","16","2.57","1","0.917","73"
"834","0","0","0","63","54","3196","30","20","4","1793","1645","148","2.78","4","0.917","78"
"990","7","7","1","63","45","2638","14","27","3","1775","1614","161","3.66","2","0.909","71"
"1108","6","6","1","63","58","3225","31","22","4","1783","1607","176","3.27","0","0.901","67"
"396","0","0","2","63","5","248","3","2","0","124","115","9","2.17","0","0.927","71"
"363","11","11","2","63","9","494","3","4","2","244","221","23","2.79","0","0.906","65"
"430","13","13","2","63","3","100","0","2","1","80","68","12","7.20","0","0.850","42"
"465","8","8","0","63","54","3144","18","30","4","2014","1847","167","3.19","0","0.917","73"
"397","0","0","2","63","8","473","1","6","0","277","254","23","2.91","0","0.917","72"
"432","4","4","0","63","20","957","1","13","2","892","808","84","5.26","0","0.906","69"
"333","10","10","2","63","9","543","5","4","0","279","256","23","2.54","1","0.918","78"
"330","10","10","2","63","3","179","2","1","0","73","65","8","2.67","1","0.890","64"
"1739","10","10","0","63","32","1811","9","17","3","1178","1056","122","4.04","1","0.896","68"
"1901","5","5","0","63","18","767","2","10","0","518","462","56","4.38","0","0.892","61"
"1754","19","19","0","63","14","838","13","1","0","306","283","23","1.65","4","0.925","72"
"1823","2","2","0","63","15","845","10","4","0","371","333","38","2.70","2","0.898","61"
"2000933","1","1","2","63","12","733","6","4","2","394","363","31","2.54","2","0.921","76"
"2000930","8","8","2","63","6","331","1","4","1","291","269","22","3.98","0","0.924","80"
"2200016","5","5","2","63","1","26","0","0","0","24","20","4","9.09","0","0.833","45"
"2001041","6","6","2","63","12","733","5","7","0","428","382","46","3.76","0","0.893","66"
"2200002","9","9","2","63","3","180","3","0","0","66","63","3","1.00","0","0.955","76"
"2001340","12","12","2","63","12","718","8","4","0","336","309","27","2.26","1","0.920","70"
"2001032","13","13","2","63","11","633","2","5","2","401","366","35","3.32","0","0.913","76"
"2001389","5","5","2","63","12","701","8","3","1","315","288","27","2.31","0","0.914","66"
"2000563","4","4","2","63","4","224","0","2","1","144","128","16","4.27","0","0.889","68"
"2000865","2","2","2","63","10","595","4","5","1","321","284","37","3.73","0","0.885","65"
"2000132","14","14","2","63","2","29","0","0","0","33","30","3","6.14","0","0.909","58"
"2000594","11","11","2","63","4","240","1","1","1","161","146","15","3.75","0","0.907","71"
"2179","1","1","0","63","14","759","11","1","0","196","175","21","1.66","3","0.893","59"
"2279","3","3","0","63","12","734","5","3","4","426","390","36","2.94","0","0.915","74"
"2249","12","12","0","63","13","785","11","2","0","378","348","30","2.29","4","0.921","73"
"2259","13","13","0","63","15","711","7","3","1","254","227","27","2.28","3","0.894","60"
"2000132","14","14","2","62","1","0","0","0","0","0","0","0","0.00","0","0.000","50"
"2000563","4","4","2","62","7","420","3","4","0","279","256","23","3.28","0","0.918","80"
"2000594","11","11","2","62","2","120","2","0","0","46","44","2","1.00","0","0.957","75"
"2000865","2","2","2","62","12","729","8","4","0","355","328","27","2.22","3","0.924","78"
"2001340","12","12","2","62","10","600","7","3","0","290","272","18","1.80","1","0.938","77"
"2000930","8","8","2","62","12","727","5","5","2","424","391","33","2.72","0","0.922","76"
"2000933","1","1","2","62","12","724","4","7","1","359","325","34","2.82","0","0.905","71"
"2001669","12","12","2","62","2","120","2","0","0","67","61","6","3.00","0","0.910","73"
"2001041","6","6","2","62","12","722","5","6","1","484","446","38","3.16","1","0.921","80"
"2200002","9","9","2","62","9","539","6","3","0","258","234","24","2.67","2","0.907","69"
"2001389","5","5","2","62","6","363","5","0","1","153","136","17","2.81","0","0.889","58"
"2001032","13","13","2","62","12","720","3","9","0","489","437","52","4.33","1","0.894","68"
"2200016","5","5","2","62","6","359","5","1","0","146","137","9","1.50","2","0.938","76"
"1901","5","5","0","62","18","791","10","4","0","329","297","32","2.42","3","0.903","62"
"1739","10","10","0","62","54","3059","25","27","0","1914","1741","173","3.39","1","0.910","74"
"1823","2","2","0","62","13","752","9","3","0","252","227","25","1.99","1","0.901","61"
"1641","7","7","0","62","13","726","10","2","0","215","190","25","2.06","0","0.884","57"
"1754","19","19","0","62","23","1122","7","6","4","628","577","51","2.73","2","0.919","70"
"99","14","14","2","62","12","713","3","9","0","396","357","39","3.28","0","0.902","71"
"36","4","4","0","62","55","3083","10","40","2","2682","2452","230","4.48","1","0.914","79"
"132","1","1","1","62","19","1011","12","4","0","502","463","39","2.31","1","0.922","70"
"99","3","3","0","62","55","3229","28","22","5","1868","1734","134","2.49","9","0.928","79"
"135","1","1","0","62","54","3272","46","3","5","1621","1508","113","2.07","7","0.930","78"
"67","6","6","0","62","18","899","4","7","3","486","430","56","3.74","0","0.885","61"
"133","4","4","2","62","5","300","1","3","1","186","165","21","4.19","0","0.887","60"
"132","21","21","0","62","21","1042","11","4","3","490","439","51","2.94","0","0.896","61"
"232","7","7","0","62","54","3274","42","10","2","1719","1594","125","2.29","2","0.927","80"
"299","9","9","2","62","3","184","1","1","1","82","73","9","2.93","0","0.890","61"
"267","16","16","1","62","20","730","2","7","0","462","414","48","3.94","0","0.896","59"
"231","7","7","2","62","3","179","2","1","0","102","93","9","3.01","0","0.912","80"
"233","7","7","2","62","9","549","5","2","2","222","200","22","2.40","0","0.901","62"
"300","9","9","0","62","15","723","6","5","1","418","382","36","2.99","2","0.914","68"
"1285","9","9","3","62","6","251","2","2","0","118","110","8","1.91","1","0.932","67"
"1467","4","4","1","62","17","996","11","4","1","344","318","26","1.56","4","0.924","69"
"1409","1","1","0","62","12","720","10","2","0","200","174","26","2.17","2","0.870","53"
"1497","6","6","1","62","15","858","10","4","0","402","367","35","2.45","0","0.913","67"
"1413","14","14","0","62","46","2766","15","26","4","1986","1836","150","3.25","2","0.924","84"
"1220","8","8","1","62","23","998","4","9","0","839","762","77","4.63","0","0.908","70"
"1484","12","12","0","62","23","1142","6","12","1","648","573","75","3.94","0","0.884","60"
"1194","17","17","1","62","9","539","8","1","0","213","197","16","1.78","2","0.925","70"
"1374","9","9","0","62","56","3206","18","32","4","2226","2022","204","3.82","3","0.908","75"
"1303","1","1","3","62","12","727","6","5","1","384","354","30","2.47","1","0.922","73"
"1377","9","9","0","62","3","46","0","0","0","46","39","7","9.00","0","0.848","46"
"1373","5","5","1","62","14","772","4","9","0","443","397","46","3.57","1","0.896","64"
"1379","5","5","1","62","55","3201","17","33","3","1949","1757","192","3.60","2","0.901","69"
"1292","6","6","3","62","5","308","5","0","0","130","119","11","2.14","0","0.915","71"
"1382","1","1","1","62","52","2984","28","17","5","1468","1328","140","2.81","4","0.905","65"
"1384","15","15","1","62","11","633","6","3","1","360","333","27","2.56","1","0.925","74"
"1221","0","0","1","62","10","541","6","3","0","225","200","25","2.77","1","0.889","59"
"1268","12","12","0","62","49","2837","24","20","3","1586","1443","143","3.02","5","0.910","73"
"1278","9","9","1","62","17","728","6","4","0","375","339","36","2.97","1","0.904","64"
"1252","17","17","1","62","51","3061","27","24","0","1570","1428","142","2.78","5","0.910","70"
"1330","18","18","0","62","22","1219","9","8","3","709","644","65","3.20","2","0.908","73"
"1329","13","13","3","62","5","225","1","2","0","140","126","14","3.73","0","0.900","62"
"1279","2","2","1","62","25","1346","14","5","2","710","656","54","2.41","0","0.924","71"
"1281","5","5","3","62","10","604","9","1","0","217","205","12","1.19","4","0.945","75"
"1333","13","13","3","62","10","498","1","6","2","351","318","33","3.97","0","0.906","67"
"1284","5","5","3","62","2","125","1","0","1","38","36","2","0.96","1","0.947","75"
"366","8","8","1","62","54","2987","14","36","3","2196","2006","190","3.82","1","0.913","73"
"397","0","0","2","62","1","20","0","0","0","9","9","0","0.00","0","1.000","63"
"497","20","20","0","62","53","2820","9","36","3","2369","2146","223","4.74","1","0.906","73"
"333","10","10","2","62","10","559","5","4","1","308","281","27","2.89","1","0.912","73"
"363","11","11","2","62","10","623","9","1","0","337","320","17","1.64","1","0.950","91"
"496","3","3","0","62","14","760","4","7","0","410","373","37","2.92","2","0.910","65"
"432","4","4","0","62","20","874","1","13","0","701","631","70","4.80","0","0.900","64"
"396","0","0","2","62","12","700","2","8","2","409","371","38","3.26","0","0.907","71"
"330","10","10","2","62","3","164","1","1","0","88","76","12","4.38","0","0.864","53"
"465","8","8","0","62","25","1308","12","8","2","805","739","66","3.03","3","0.918","73"
"563","21","21","0","62","51","2951","21","21","6","1852","1709","143","2.91","2","0.923","77"
"565","6","6","0","62","55","3100","35","15","2","1435","1311","124","2.40","6","0.914","71"
"741","14","14","0","62","21","1223","5","15","1","875","799","76","3.73","1","0.913","79"
"663","11","11","0","62","45","2199","3","38","0","1873","1666","207","5.65","0","0.889","62"
"624","0","0","3","62","9","555","6","1","2","201","177","24","2.59","0","0.881","59"
"630","18","18","0","62","47","2813","19","20","7","1760","1592","168","3.58","0","0.905","73"
"636","2","2","3","62","8","477","3","4","1","224","202","22","2.76","1","0.902","64"
"564","5","5","0","62","55","3203","26","21","5","1758","1597","161","3.02","2","0.908","70"
"661","8","8","0","62","47","2704","24","15","5","1795","1648","147","3.26","2","0.918","76"
"566","19","19","0","62","50","2867","23","23","3","1613","1461","152","3.18","5","0.906","71"
"596","2","2","0","62","55","3232","37","10","7","1414","1287","127","2.36","8","0.910","69"
"685","9","9","1","62","57","3256","35","16","5","1551","1405","146","2.69","7","0.906","66"
"617","2","2","3","62","4","245","2","1","1","117","109","8","1.96","1","0.932","80"
"595","15","15","0","62","54","3282","38","10","5","1501","1372","129","2.36","3","0.914","73"
"894","9","9","3","62","8","478","3","4","1","251","223","28","3.51","0","0.888","62"
"1142","11","11","0","62","40","1773","2","22","1","1607","1461","146","4.94","0","0.909","70"
"990","7","7","1","62","58","3196","4","46","6","2556","2322","234","4.39","0","0.908","73"
"1075","7","7","3","62","12","722","4","8","0","358","318","40","3.32","0","0.888","60"
"1097","13","13","0","62","27","1491","14","8","1","797","716","81","3.26","0","0.898","67"
"871","2","2","1","62","45","2624","25","16","4","1400","1267","133","3.04","2","0.905","70"
"758","0","0","3","62","3","184","2","1","0","89","81","8","2.60","0","0.910","67"
"1186","2","2","1","62","1","24","0","0","0","20","19","1","2.45","0","0.950","73"
"1047","14","14","1","62","59","3543","31","25","2","1873","1723","150","2.54","6","0.920","74"
"814","14","14","1","62","9","442","5","1","2","184","164","20","2.71","0","0.891","57"
"1057","4","4","3","62","4","246","3","1","0","93","82","11","2.67","0","0.882","58"
"1069","4","4","3","62","8","485","2","4","2","230","205","25","3.09","0","0.891","66"
"849","13","13","0","62","44","2500","28","14","1","1213","1110","103","2.47","6","0.915","72"
"834","0","0","0","62","52","3134","38","14","0","1623","1467","156","2.99","3","0.904","73"
"1180","15","15","1","62","56","3361","27","25","4","1872","1700","172","3.07","3","0.908","69"
"1091","0","0","0","62","15","841","12","2","0","294","267","27","1.92","4","0.908","64"
"757","7","7","1","62","22","775","1","9","0","615","549","66","5.10","0","0.893","60"
"1151","0","0","1","62","57","3452","40","13","4","1636","1496","140","2.43","4","0.914","70"
"954","12","12","3","62","9","502","3","5","1","310","286","24","2.87","0","0.923","75"
"1108","6","6","1","62","49","2894","24","17","8","1507","1353","154","3.19","1","0.898","65"
"1000","15","15","0","62","13","721","11","2","0","187","173","14","1.16","3","0.925","66"
"1120","4","4","1","62","49","2934","33","11","5","1181","1084","97","1.98","8","0.918","69"
"1001","4","4","1","62","1","58","0","1","0","25","20","5","5.10","0","0.800","38"
"1107","3","3","1","62","47","2755","30","11","4","1191","1069","122","2.66","1","0.898","62"
"905","20","20","0","62","25","1162","2","16","0","1078","974","104","5.37","0","0.904","70"
"859","16","16","1","62","59","3234","17","39","1","2077","1867","210","3.90","0","0.899","68"
"1098","6","6","3","62","7","433","5","1","1","174","163","11","1.52","1","0.937","72"
"995","10","10","0","62","17","913","6","7","1","613","547","66","4.33","0","0.892","64"
"1158","3","3","1","62","9","539","8","1","0","177","160","17","1.89","3","0.904","66"
"1015","3","3","1","62","15","698","8","4","0","274","237","37","3.18","1","0.865","54"
"760","12","12","3","62","4","223","2","0","1","163","150","13","3.48","0","0.920","80"
"1142","11","11","0","61","53","2755","3","38","4","2371","2152","219","4.77","0","0.908","73"
"1097","13","13","0","61","28","1503","14","8","1","934","856","78","3.11","3","0.916","73"
"1170","17","17","1","61","13","592","2","6","0","392","354","38","3.85","1","0.903","62"
"1091","0","0","0","61","13","731","10","0","2","238","218","20","1.64","2","0.916","66"
"1179","3","3","1","61","55","3307","42","10","3","1407","1284","123","2.23","8","0.913","68"
"1120","4","4","1","61","31","1728","23","4","1","619","559","60","2.08","4","0.903","63"
"760","1","1","3","61","3","179","2","1","0","93","88","5","1.67","0","0.946","77"
"1180","15","15","1","61","58","3501","41","14","3","1695","1539","156","2.67","6","0.908","69"
"1151","0","0","1","61","30","1781","22","7","1","674","615","59","1.99","5","0.912","66"
"1107","3","3","1","61","11","657","9","2","0","225","202","23","2.10","0","0.898","58"
"1108","6","6","1","61","11","625","8","2","0","197","167","30","2.88","2","0.848","52"
"811","5","5","1","61","43","2329","9","26","5","1675","1513","162","4.17","0","0.903","72"
"1098","6","6","3","61","4","245","1","2","1","126","114","12","2.94","0","0.905","69"
"758","0","0","3","61","4","244","1","2","1","149","141","8","1.96","0","0.946","86"
"1075","7","7","3","61","7","423","6","1","0","139","130","9","1.28","0","0.935","69"
"1002","1","1","3","61","9","545","7","2","0","278","254","24","2.64","1","0.914","75"
"1057","12","12","3","61","9","548","2","5","2","321","295","26","2.84","0","0.919","72"
"959","7","7","3","61","5","300","3","2","0","91","81","10","2.00","1","0.890","61"
"1047","14","14","1","61","54","2940","17","33","3","1931","1741","190","3.88","3","0.902","67"
"903","6","6","0","61","17","766","3","10","1","447","400","47","3.68","2","0.895","62"
"905","20","20","0","61","8","305","1","3","0","235","211","24","4.71","0","0.898","66"
"871","2","2","1","61","50","2932","22","23","4","1702","1555","147","3.01","4","0.914","73"
"851","7","7","1","61","57","3252","16","32","7","2141","1953","188","3.47","1","0.912","72"
"859","16","16","1","61","43","2319","13","22","3","1591","1438","153","3.96","0","0.904","68"
"954","5","5","3","61","8","499","3","3","2","257","232","25","3.01","1","0.903","67"
"1062","0","0","1","61","19","1081","7","7","3","487","435","52","2.89","0","0.893","63"
"1069","4","4","3","61","4","239","2","2","0","78","69","9","2.26","0","0.885","55"
"881","8","8","1","61","46","2701","17","27","1","1660","1509","151","3.35","0","0.909","72"
"894","13","13","3","61","7","423","0","5","2","421","392","29","4.11","0","0.931","91"
"834","0","0","0","61","54","3245","36","16","2","1523","1394","129","2.38","4","0.915","74"
"827","4","4","1","61","39","2258","22","13","3","1072","980","92","2.44","3","0.914","71"
"300","9","9","0","61","13","711","9","3","0","408","376","32","2.70","1","0.922","69"
"264","16","16","1","61","30","1669","6","18","4","1034","934","100","3.59","1","0.903","64"
"264","8","8","0","61","21","1103","8","7","2","569","512","57","3.10","1","0.900","62"
"233","7","7","2","61","8","432","6","1","0","232","211","21","2.92","1","0.909","70"
"231","7","7","2","61","5","287","3","2","0","113","97","16","3.34","1","0.858","58"
"266","8","8","2","61","4","240","3","1","0","140","131","9","2.25","1","0.936","81"
"232","7","7","0","61","54","3255","37","14","2","1799","1656","143","2.64","3","0.921","78"
"198","20","20","0","61","6","359","2","4","0","241","221","20","3.34","0","0.917","71"
"299","9","9","2","61","5","262","4","0","0","89","80","9","2.06","1","0.899","63"
"168","10","10","0","61","14","779","8","4","0","288","261","27","2.08","2","0.906","62"
"1739","10","10","0","61","54","3197","22","26","6","1874","1707","167","3.13","3","0.911","73"
"1754","19","19","0","61","15","770","4","6","2","426","384","42","3.27","2","0.901","65"
"1641","7","7","0","61","13","746","12","1","0","238","218","20","1.61","2","0.916","63"
"1823","2","2","0","61","12","721","11","0","1","187","172","15","1.25","4","0.920","66"
"1901","5","5","0","61","13","726","6","6","0","320","285","35","2.89","1","0.891","61"
"135","1","1","0","61","54","3179","32","22","0","1539","1399","140","2.64","2","0.909","70"
"132","1","1","1","61","18","998","6","8","1","512","461","51","3.07","1","0.900","65"
"132","21","21","0","61","24","1171","7","9","3","792","733","59","3.02","2","0.926","75"
"99","14","14","2","61","12","736","6","4","2","442","412","30","2.44","0","0.932","83"
"99","3","3","0","61","58","3242","30","21","3","1675","1535","140","2.59","8","0.916","71"
"133","4","4","2","61","5","259","2","2","0","134","124","10","2.31","0","0.925","71"
"67","12","12","0","61","8","400","2","5","0","286","260","26","3.89","1","0.909","73"
"36","4","4","0","61","55","2913","8","39","1","2541","2348","193","3.97","1","0.924","81"
"66","6","6","1","61","56","3363","40","12","4","1491","1357","134","2.39","4","0.910","69"
"66","15","15","0","61","12","723","10","1","1","196","176","20","1.66","2","0.898","61"
"566","19","19","0","61","55","3201","27","24","3","1860","1692","168","3.15","5","0.910","73"
"685","9","9","1","61","32","1765","19","5","3","814","732","82","2.79","1","0.899","63"
"596","2","2","0","61","54","3251","46","8","0","1421","1298","123","2.27","4","0.913","71"
"563","21","21","0","61","49","2816","23","18","6","1541","1407","134","2.85","5","0.913","72"
"624","0","0","3","61","8","490","2","4","2","258","234","24","2.94","0","0.907","66"
"540","6","6","3","61","8","481","7","1","0","166","155","11","1.37","2","0.934","69"
"636","13","13","3","61","6","308","1","3","1","269","248","21","4.08","0","0.922","78"
"738","14","14","0","61","20","1022","7","11","0","745","668","77","4.52","0","0.897","70"
"617","9","9","3","61","3","176","1","2","0","78","68","10","3.41","1","0.872","55"
"660","2","2","1","61","3","52","0","0","0","33","29","4","4.55","0","0.879","51"
"564","5","5","0","61","54","3257","30","18","6","1831","1676","155","2.86","2","0.915","76"
"631","14","14","1","61","24","1041","4","9","0","789","712","77","4.44","0","0.902","63"
"678","12","12","3","61","3","179","1","2","0","124","118","6","2.01","0","0.952","90"
"663","11","11","0","61","25","1233","0","20","1","1222","1098","124","6.03","0","0.899","69"
"661","8","8","0","61","50","2899","26","19","4","1713","1575","138","2.86","2","0.919","77"
"757","7","7","1","61","16","732","1","10","0","513","455","58","4.75","0","0.887","61"
"565","6","6","0","61","58","3223","35","13","4","1787","1650","137","2.55","3","0.923","75"
"630","18","18","0","61","57","3213","27","24","3","1900","1744","156","2.91","5","0.918","73"
"595","15","15","0","61","54","3257","39","14","1","1559","1420","139","2.56","2","0.911","74"
"572","4","4","3","61","8","490","7","1","0","188","173","15","1.84","2","0.920","72"
"606","2","2","3","61","4","245","1","2","1","127","114","13","3.17","0","0.898","63"
"686","5","5","3","61","4","240","2","1","1","109","97","12","2.99","0","0.890","64"
"627","18","18","0","61","14","773","5","6","1","490","437","53","4.11","1","0.892","65"
"1384","15","15","1","61","9","495","3","3","2","215","191","24","2.91","0","0.888","56"
"1279","2","2","1","61","18","1011","7","8","2","535","486","49","2.91","0","0.908","68"
"1278","9","9","1","61","40","2197","23","15","0","1255","1146","109","2.98","2","0.913","69"
"1409","1","1","0","61","14","775","10","1","1","216","194","22","1.70","2","0.898","58"
"1379","5","5","1","61","31","1668","10","16","0","1144","1027","117","4.21","0","0.898","68"
"1382","1","1","1","61","53","2982","28","21","2","1670","1524","146","2.94","2","0.913","71"
"1377","9","9","0","61","3","62","0","0","0","38","32","6","5.73","0","0.842","48"
"1268","12","12","0","61","56","3284","24","23","7","1952","1802","150","2.74","4","0.923","78"
"1484","12","12","0","61","5","300","2","3","0","183","168","15","3.00","0","0.918","75"
"1252","17","17","1","61","58","3380","28","28","2","1852","1667","185","3.28","4","0.900","69"
"1374","9","9","0","61","56","3209","27","25","2","1969","1791","178","3.33","1","0.910","74"
"1413","14","14","0","61","53","2983","19","26","3","2313","2134","179","3.60","3","0.923","83"
"332","9","9","1","61","1","8","0","0","1","2","1","1","6.88","0","0.500","44"
"496","3","3","0","61","14","725","3","8","1","460","414","46","3.81","1","0.900","66"
"366","8","8","1","61","23","1287","10","8","3","738","684","54","2.52","1","0.927","75"
"333","10","10","2","61","9","488","5","3","1","226","209","17","2.09","0","0.925","73"
"429","13","13","0","61","43","2465","17","21","5","1572","1422","150","3.65","2","0.905","72"
"497","20","20","0","61","57","3322","17","33","6","2183","1998","185","3.34","5","0.915","77"
"432","4","4","0","61","23","1043","1","17","0","995","893","102","5.87","0","0.897","66"
"330","10","10","2","61","4","249","1","0","2","104","90","14","3.37","0","0.865","52"
"467","9","9","3","61","10","553","5","4","0","304","277","27","2.93","0","0.911","68"
"363","11","11","2","61","12","722","6","6","0","349","313","36","2.99","0","0.897","65"
"509","2","2","3","61","8","495","6","0","2","198","180","18","2.18","1","0.909","63"
"396","0","0","2","61","12","727","5","6","1","403","364","39","3.22","1","0.903","72"
"2200007","2","2","2","61","3","166","0","2","0","114","103","11","3.96","0","0.904","73"
"2200002","9","9","2","61","8","458","5","3","0","221","198","23","3.01","1","0.896","67"
"2001340","12","12","2","61","5","303","4","0","1","156","143","13","2.57","0","0.917","71"
"2001389","5","5","2","61","12","720","10","2","0","310","283","27","2.25","0","0.913","67"
"2000930","8","8","2","61","8","478","1","7","0","280","247","33","4.14","1","0.882","65"
"2001041","6","6","2","61","9","535","1","8","0","362","330","32","3.58","0","0.912","74"
"2000933","1","1","2","61","9","539","8","1","0","221","205","16","1.78","1","0.928","74"
"2000102","1","1","2","61","3","180","3","0","0","77","71","6","2.00","0","0.922","81"
"2000067","0","0","2","61","1","0","0","0","0","0","0","0","0.00","0","0.000","50"
"2000563","4","4","2","61","8","469","3","5","0","277","246","31","3.96","0","0.888","67"
"2000865","2","2","2","61","10","556","4","6","0","325","300","25","2.69","0","0.923","76"
"2000429","6","6","2","61","4","180","2","1","0","125","120","5","1.67","1","0.960","86"
"2000565","12","12","2","61","7","418","2","4","1","221","195","26","3.73","0","0.882","61"
"2000264","13","13","2","61","12","726","0","10","2","550","499","51","4.21","0","0.907","76"
"2000865","2","2","2","60","11","666","3","7","1","426","389","37","3.33","0","0.913","78"
"2000854","10","10","2","60","8","373","3","4","0","179","159","20","3.21","0","0.888","62"
"2000132","14","14","2","60","1","6","0","0","0","4","4","0","0.00","0","1.000","50"
"2000102","1","1","2","60","1","65","1","0","0","17","15","2","1.85","0","0.882","53"
"2000930","8","8","2","60","12","728","3","7","2","489","442","47","3.87","1","0.904","72"
"2000563","4","4","2","60","9","515","2","7","0","322","285","37","4.31","0","0.885","64"
"2000565","12","12","2","60","8","478","3","5","0","272","250","22","2.76","0","0.919","74"
"2000910","7","7","2","60","4","240","4","0","0","124","115","9","2.25","0","0.927","76"
"2000594","11","11","2","60","4","238","1","3","0","126","109","17","4.27","0","0.865","59"
"2000067","0","0","2","60","1","0","0","0","0","0","0","0","0.00","0","0.000","50"
"2000429","6","6","2","60","5","305","4","1","0","160","148","12","2.36","0","0.925","74"
"2000264","13","13","2","60","4","182","0","3","0","132","119","13","4.27","0","0.902","67"
"2200007","2","2","2","60","1","65","0","0","1","31","29","2","1.85","0","0.935","81"
"2001032","13","13","2","60","9","538","2","6","1","415","382","33","3.68","0","0.920","82"
"2200016","5","5","2","60","12","649","8","3","0","296","273","23","2.13","2","0.922","70"
"2001340","12","12","2","60","4","250","4","0","0","107","100","7","1.68","1","0.935","73"
"2001308","5","5","2","60","2","68","1","0","0","31","29","2","1.75","0","0.935","62"
"2000933","1","1","2","60","11","659","6","5","0","404","374","30","2.73","1","0.926","82"
"2001041","6","6","2","60","7","418","3","4","0","281","258","23","3.29","1","0.918","81"
"2200002","9","9","2","60","8","489","6","1","1","264","241","23","2.82","1","0.913","74"
"509","2","2","3","60","9","530","3","4","1","247","223","24","2.72","1","0.903","68"
"331","10","10","0","60","49","2908","16","28","4","1926","1761","165","3.40","1","0.914","77"
"429","13","13","0","60","56","3319","30","22","3","2074","1900","174","3.14","3","0.916","78"
"396","0","0","2","60","12","723","7","4","1","541","506","35","2.90","1","0.935","88"
"467","9","9","3","60","8","485","4","3","1","202","175","27","3.34","0","0.866","54"
"363","11","11","2","60","8","480","5","3","0","262","235","27","3.37","0","0.897","69"
"432","4","4","0","60","7","367","4","2","0","271","246","25","4.08","1","0.908","68"
"496","3","3","0","60","13","731","8","4","0","335","302","33","2.71","0","0.901","63"
"333","10","10","2","60","6","342","2","3","0","212","196","16","2.80","0","0.925","78"
"497","20","20","0","60","57","3151","19","30","5","1957","1767","190","3.62","4","0.903","71"
"1754","19","19","0","60","18","907","7","4","3","477","424","53","3.50","1","0.889","62"
"1739","10","10","0","60","20","1106","13","3","2","544","498","46","2.49","2","0.915","70"
"663","6","6","0","60","20","814","3","10","0","455","407","48","3.54","0","0.895","59"
"738","14","14","0","60","19","911","3","9","2","789","717","72","4.74","0","0.909","71"
"731","8","8","1","60","15","705","8","3","0","356","325","31","2.64","2","0.913","63"
"757","7","7","1","60","58","3520","27","27","4","2157","1992","165","2.81","5","0.924","77"
"661","8","8","0","60","29","1686","15","10","3","999","920","79","2.81","2","0.921","79"
"685","9","9","1","60","36","1971","20","12","1","1132","1029","103","3.13","5","0.909","69"
"660","4","4","0","60","7","372","1","5","0","254","223","31","4.99","0","0.878","57"
"516","1","1","3","60","4","183","2","1","0","86","82","4","1.30","0","0.953","76"
"565","11","11","0","60","45","2476","10","30","2","1955","1795","160","3.88","4","0.918","76"
"521","9","9","3","60","4","240","4","0","0","93","86","7","1.75","1","0.925","72"
"596","2","2","0","60","48","2887","36","11","1","1342","1220","122","2.54","5","0.909","70"
"606","2","2","3","60","4","197","2","2","0","99","88","11","3.34","0","0.889","62"
"563","21","21","0","60","45","2517","15","26","3","1578","1435","143","3.41","1","0.909","70"
"629","5","5","0","60","19","1098","9","5","3","629","572","57","3.11","1","0.909","71"
"540","6","6","3","60","8","481","8","0","0","163","158","5","0.62","5","0.969","81"
"627","18","18","0","60","13","699","8","3","1","367","334","33","2.83","1","0.910","72"
"564","5","5","0","60","49","2899","18","26","5","1819","1646","173","3.58","2","0.905","71"
"595","15","15","0","60","54","3263","32","19","3","1623","1483","140","2.57","4","0.914","76"
"630","18","18","0","60","55","3292","26","24","4","1781","1635","146","2.66","4","0.918","75"
"566","19","19","0","60","56","3090","24","22","6","1699","1537","162","3.14","1","0.905","68"
"631","14","14","1","60","27","836","2","6","0","655","588","67","4.81","0","0.898","61"
"572","4","4","3","60","9","544","3","5","1","283","260","23","2.54","0","0.919","74"
"834","0","0","0","60","55","3290","40","9","5","1599","1454","145","2.64","2","0.909","73"
"1001","9","9","0","60","17","833","5","5","2","455","406","49","3.53","1","0.892","60"
"1001","0","0","3","60","8","484","5","3","0","207","181","26","3.22","0","0.874","56"
"959","7","7","3","60","8","492","7","0","1","166","149","17","2.07","0","0.898","64"
"1097","7","7","0","60","18","1046","15","1","1","423","398","25","1.43","3","0.941","76"
"771","6","6","1","60","35","2045","23","9","2","878","794","84","2.46","3","0.904","64"
"951","0","0","3","60","4","240","2","2","0","127","115","12","3.00","0","0.906","70"
"1050","7","7","1","60","10","487","3","5","0","304","273","31","3.81","0","0.898","65"
"1044","12","12","3","60","6","329","1","2","1","221","206","15","2.73","0","0.932","77"
"954","5","5","3","60","10","507","4","5","1","307","278","29","3.43","0","0.906","64"
"1120","4","4","1","60","22","1275","17","3","1","449","407","42","1.98","2","0.906","64"
"1047","14","14","1","60","59","3123","9","47","2","2454","2196","258","4.96","3","0.895","68"
"1098","13","13","3","60","9","491","2","6","1","279","246","33","4.03","0","0.882","61"
"795","1","1","1","60","48","2662","14","28","3","1921","1756","165","3.72","4","0.914","73"
"827","4","4","1","60","44","2644","38","4","2","1000","914","86","1.95","3","0.914","68"
"1180","15","15","1","60","56","3352","30","19","6","1824","1657","167","2.99","2","0.908","70"
"897","0","0","1","60","26","1449","17","7","0","613","554","59","2.44","5","0.904","64"
"811","6","6","1","60","58","3507","33","23","2","1779","1609","170","2.91","3","0.904","69"
"1057","1","1","3","60","9","538","4","4","1","265","234","31","3.45","0","0.883","60"
"881","8","8","1","60","57","3292","20","27","8","1915","1734","181","3.30","4","0.905","68"
"1091","0","0","0","60","13","706","11","1","0","195","175","20","1.70","2","0.897","60"
"1142","11","11","0","60","28","1506","7","14","3","1189","1094","95","3.78","1","0.920","78"
"1069","4","4","3","60","3","180","2","1","0","70","64","6","2.00","0","0.914","63"
"1059","6","6","3","60","4","242","1","2","1","117","106","11","2.72","0","0.906","69"
"903","20","20","0","60","18","826","3","9","0","571","504","67","4.86","0","0.883","60"
"1062","0","0","1","60","2","120","2","0","0","33","30","3","1.50","0","0.909","64"
"1075","7","7","3","60","4","245","3","1","0","82","73","9","2.20","0","0.890","60"
"1179","3","3","1","60","58","3450","39","14","5","1596","1456","140","2.43","8","0.912","72"
"871","2","2","1","60","53","2956","16","31","4","2027","1854","173","3.51","1","0.915","75"
"1079","13","13","3","60","4","232","0","2","1","130","116","14","3.61","0","0.892","66"
"826","12","12","3","60","8","394","3","5","0","252","220","32","4.87","0","0.873","53"
"905","13","13","0","60","17","654","9","2","0","321","291","30","2.75","1","0.907","61"
"1053","5","5","3","60","4","217","0","2","0","139","127","12","3.31","0","0.914","71"
"233","7","7","2","60","8","479","5","3","0","270","254","16","2.00","1","0.941","86"
"232","7","7","0","60","49","2948","32","16","1","1737","1598","139","2.83","3","0.920","78"
"299","9","9","2","60","4","244","2","1","1","104","97","7","1.72","0","0.933","69"
"166","0","0","1","60","14","844","8","5","1","431","396","35","2.49","0","0.919","71"
"264","8","8","0","60","39","2303","23","11","4","1178","1087","91","2.37","4","0.923","74"
"1278","9","9","1","60","36","1997","16","14","3","1071","965","106","3.18","0","0.901","66"
"1277","5","5","1","60","15","652","6","3","0","324","294","30","2.76","1","0.907","64"
"1268","12","12","0","60","59","3309","20","30","4","2219","2028","191","3.46","0","0.914","75"
"1409","1","1","0","60","14","791","9","3","0","266","230","36","2.73","0","0.865","52"
"1280","1","1","1","60","18","1009","3","12","1","771","698","73","4.34","0","0.905","71"
"1413","14","14","0","60","55","3070","11","41","0","2410","2172","238","4.65","0","0.901","72"
"1374","9","9","0","60","56","3161","29","21","4","1774","1611","163","3.09","2","0.908","72"
"1279","2","2","1","60","20","1017","4","11","0","742","669","73","4.30","0","0.902","68"
"135","1","1","0","60","54","3186","36","16","2","1660","1526","134","2.52","7","0.919","75"
"132","21","21","0","60","29","1465","15","7","0","889","823","66","2.70","0","0.926","78"
"36","4","4","0","60","56","3231","14","38","2","2543","2332","211","3.92","1","0.917","80"
"66","5","5","1","60","57","3341","26","26","5","2012","1832","180","3.23","4","0.911","71"
"133","4","4","2","60","5","206","1","2","0","126","118","8","2.33","0","0.937","72"
"68","15","15","1","60","12","648","5","4","2","308","274","34","3.14","0","0.890","59"
"99","14","14","2","60","12","727","8","2","2","391","358","33","2.72","2","0.916","74"
"134","6","6","0","60","56","3184","26","21","6","1793","1642","151","2.85","4","0.916","74"
"66","15","15","0","60","12","725","11","0","1","217","199","18","1.49","1","0.917","64"
"67","12","12","0","60","17","679","0","11","1","494","433","61","5.39","0","0.877","58"
"36","3","3","1","60","10","546","8","0","0","194","174","20","2.20","0","0.897","58"
"132","1","1","1","60","6","302","1","3","1","171","150","21","4.17","0","0.877","55"
"100","2","2","0","60","18","1081","13","4","1","361","325","36","2.00","3","0.900","64"
"99","3","3","0","60","54","3253","34","14","6","1735","1594","141","2.60","4","0.919","78"
"3","1","1","3","59","5","303","1","3","1","194","173","21","4.15","0","0.892","58"
"99","14","14","2","59","6","359","4","2","0","192","178","14","2.34","0","0.927","78"
"66","5","5","1","59","24","1293","12","10","0","731","656","75","3.48","1","0.897","63"
"132","4","4","0","59","21","1087","5","10","2","831","763","68","3.75","0","0.918","76"
"99","3","3","0","59","54","3256","38","13","3","1738","1608","130","2.40","8","0.925","79"
"102","2","2","0","59","13","772","12","0","0","291","268","23","1.79","3","0.921","67"
"36","4","4","0","59","52","2904","16","31","2","2267","2093","174","3.59","1","0.923","80"
"36","3","3","1","59","3","83","0","0","0","66","61","5","3.60","0","0.924","66"
"134","6","6","0","59","55","3227","18","29","7","1920","1748","172","3.20","4","0.910","73"
"135","1","1","0","59","54","3238","38","14","2","1343","1216","127","2.35","3","0.905","66"
"100","19","19","0","59","21","1207","8","11","1","717","652","65","3.23","1","0.909","72"
"132","1","1","1","59","8","427","4","3","0","149","128","21","2.95","0","0.859","49"
"67","12","12","0","59","19","960","3","13","1","855","783","72","4.50","0","0.916","74"
"1142","11","11","0","59","13","745","5","5","1","415","377","38","3.06","0","0.908","69"
"897","0","0","1","59","5","300","5","0","0","83","73","10","2.00","1","0.880","58"
"959","7","7","3","59","5","262","2","1","1","103","89","14","3.20","0","0.864","50"
"881","8","8","1","59","57","3269","16","33","5","2056","1864","192","3.52","4","0.907","71"
"1179","3","3","1","59","34","1833","12","16","3","1069","983","86","2.81","2","0.920","73"
"788","6","6","3","59","3","180","3","0","0","44","41","3","1.00","1","0.932","64"
"1180","15","15","1","59","21","1166","12","8","0","577","523","54","2.78","1","0.906","64"
"905","13","13","0","59","15","758","6","3","3","415","374","41","3.24","0","0.901","62"
"954","5","5","3","59","6","252","1","3","0","122","111","11","2.61","0","0.910","62"
"951","4","4","3","59","4","240","4","0","0","54","49","5","1.25","2","0.907","65"
"871","2","2","1","59","34","1950","14","18","1","1167","1068","99","3.05","1","0.915","74"
"834","0","0","0","59","54","3271","41","10","3","1472","1329","143","2.62","1","0.903","70"
"828","11","11","0","59","3","59","0","0","0","43","39","4","4.04","0","0.907","55"
"1050","7","7","1","59","9","542","7","2","0","174","155","19","2.10","2","0.891","58"
"1047","14","14","1","59","16","957","3","12","1","608","540","68","4.26","0","0.888","63"
"827","4","4","1","59","22","1235","12","6","2","450","403","47","2.28","3","0.896","61"
"826","5","5","3","59","8","470","5","3","0","261","228","33","4.21","0","0.874","61"
"795","1","1","1","59","42","2476","32","6","3","884","787","97","2.35","2","0.890","59"
"1097","7","7","0","59","22","1049","1","16","0","920","837","83","4.75","0","0.910","72"
"811","6","6","1","59","14","715","5","3","2","351","318","33","2.77","1","0.906","64"
"814","0","0","1","59","13","724","9","1","2","316","287","29","2.40","0","0.908","65"
"837","1","1","0","59","13","739","11","1","0","254","232","22","1.79","1","0.913","65"
"1091","0","0","0","59","12","717","9","3","0","225","198","27","2.26","0","0.880","55"
"431","6","6","3","59","9","543","6","3","0","170","155","15","1.66","2","0.912","68"
"467","9","9","3","59","8","428","6","1","0","161","148","13","1.82","2","0.919","68"
"331","10","10","0","59","56","3292","27","25","2","2151","1981","170","3.10","5","0.921","79"
"363","11","11","2","59","12","724","10","1","1","360","332","28","2.32","3","0.922","75"
"509","2","2","3","59","8","462","4","3","1","270","247","23","2.98","1","0.915","73"
"497","15","15","0","59","24","1435","19","5","0","599","551","48","2.01","4","0.920","71"
"429","13","13","0","59","54","3241","25","24","5","2077","1917","160","2.96","5","0.923","81"
"333","10","10","2","59","6","366","5","1","0","213","199","14","2.29","1","0.934","80"
"396","0","0","2","59","12","717","8","4","0","435","394","41","3.43","1","0.906","69"
"566","19","19","0","59","47","2761","27","16","3","1288","1186","102","2.22","7","0.921","76"
"588","0","0","3","59","6","329","3","1","1","130","116","14","2.55","0","0.892","60"
"580","9","9","1","59","45","2663","23","18","3","1559","1416","143","3.22","0","0.908","71"
"595","15","15","0","59","42","2526","30","10","2","1177","1086","91","2.16","8","0.923","76"
"627","18","18","0","59","21","1072","2","12","2","844","753","91","5.09","0","0.892","69"
"575","1","1","1","59","18","1088","13","4","1","433","394","39","2.15","5","0.910","66"
"563","9","9","0","59","55","3213","28","21","4","1853","1692","161","3.01","2","0.913","74"
"625","15","15","1","59","1","51","0","0","0","38","36","2","2.32","0","0.947","82"
"564","5","5","0","59","18","1037","3","14","0","806","731","75","4.34","0","0.907","74"
"606","13","13","3","59","6","287","0","6","0","168","144","24","5.01","0","0.857","51"
"605","15","15","1","59","46","2743","23","23","0","1448","1317","131","2.87","4","0.910","73"
"565","11","11","0","59","55","3182","20","32","3","2204","2016","188","3.54","3","0.915","76"
"685","9","9","1","59","23","1327","9","12","1","686","618","68","3.07","1","0.901","64"
"596","2","2","0","59","54","3192","44","9","1","1475","1353","122","2.29","7","0.917","73"
"572","13","13","3","59","8","429","2","4","0","244","216","28","3.91","0","0.885","59"
"540","12","12","3","59","7","280","0","6","0","244","221","23","4.93","0","0.906","64"
"731","8","8","1","59","16","715","4","7","1","405","360","45","3.77","1","0.889","59"
"521","9","9","3","59","5","291","3","1","1","94","79","15","3.09","1","0.840","50"
"661","8","8","0","59","24","1400","18","5","1","646","585","61","2.61","1","0.906","69"
"630","18","18","0","59","52","2925","23","23","4","1641","1487","154","3.16","1","0.906","68"
"663","6","6","0","59","16","761","2","9","1","523","474","49","3.86","0","0.906","65"
"660","3","3","0","59","15","746","6","4","2","305","266","39","3.13","0","0.872","53"
"738","14","14","0","59","52","2978","9","39","4","2322","2115","207","4.17","1","0.911","77"
"757","7","7","1","59","57","3454","34","18","5","1603","1457","146","2.54","2","0.909","69"
"516","2","2","3","59","5","266","3","0","1","154","138","16","3.60","0","0.896","67"
"523","12","12","3","59","8","438","2","4","0","307","279","28","3.83","0","0.909","71"
"629","5","5","0","59","52","2928","19","27","3","2061","1900","161","3.30","2","0.922","79"
"672","0","0","1","59","50","2963","31","15","3","1273","1148","125","2.53","2","0.902","65"
"1377","14","14","0","59","13","557","1","6","0","520","471","49","5.28","0","0.906","68"
"1409","9","9","0","59","6","93","0","0","1","55","51","4","2.56","0","0.927","53"
"1268","12","12","0","59","53","3026","23","22","4","2020","1870","150","2.97","3","0.926","79"
"1374","9","9","0","59","14","682","6","5","1","304","267","37","3.25","0","0.878","56"
"1413","14","14","0","59","8","435","2","4","1","320","295","25","3.45","0","0.922","82"
"297","5","5","1","59","44","2629","18","20","6","1522","1403","119","2.72","4","0.922","78"
"232","3","3","1","59","35","2071","13","19","3","1178","1069","109","3.16","1","0.907","70"
"299","9","9","2","59","2","118","1","1","0","73","66","7","3.55","0","0.904","67"
"168","7","7","3","59","8","461","6","1","1","189","172","17","2.21","1","0.910","64"
"263","5","5","1","59","4","67","0","0","0","49","46","3","2.65","0","0.939","59"
"232","4","4","3","59","8","478","5","3","0","201","185","16","2.01","1","0.920","69"
"200","1","1","3","59","7","422","3","4","0","217","194","23","3.26","0","0.894","64"
"233","7","7","2","59","9","547","4","4","1","324","302","22","2.41","2","0.932","82"
"264","8","8","0","59","43","2592","24","15","3","1401","1286","115","2.66","3","0.918","77"
"297","0","0","3","59","7","411","1","5","1","212","185","27","3.94","0","0.873","56"
"168","10","10","0","59","13","687","3","9","0","513","464","49","4.28","0","0.904","69"
"166","6","6","1","59","57","3322","30","20","6","1771","1619","152","2.74","4","0.914","71"
"232","7","7","0","59","53","2931","22","23","4","1757","1588","169","3.46","1","0.904","73"
"266","14","14","1","59","41","2307","12","24","4","1517","1381","136","3.54","2","0.910","69"
"200","4","4","1","59","47","2750","29","12","5","1083","982","101","2.20","5","0.907","64"
"266","8","8","2","59","4","245","2","1","1","137","126","11","2.69","0","0.920","72"
"168","2","2","1","59","36","2048","13","18","2","1268","1159","109","3.19","3","0.914","73"
"2200016","5","5","2","59","5","258","1","3","0","136","120","16","3.72","0","0.882","58"
"2200002","9","9","2","59","10","603","7","2","1","298","276","22","2.19","2","0.926","75"
"2001032","13","13","2","59","5","238","0","4","0","221","197","24","6.04","0","0.891","65"
"2200007","2","2","2","59","2","66","0","1","0","47","40","7","6.33","0","0.851","48"
"2001041","6","6","2","59","3","190","3","0","0","114","104","10","3.16","0","0.912","79"
"2000933","1","1","2","59","10","610","4","3","3","345","310","35","3.44","0","0.899","72"
"2000429","6","6","2","59","9","537","4","5","0","276","252","24","2.68","1","0.913","68"
"2000067","0","0","2","59","1","16","0","0","0","9","7","2","7.24","0","0.778","43"
"2000854","10","10","2","59","6","365","5","0","1","207","193","14","2.30","1","0.932","84"
"2000565","12","12","2","59","11","660","7","4","0","322","291","31","2.82","0","0.904","69"
"2000563","4","4","2","59","12","723","1","9","2","485","436","49","4.06","0","0.899","70"
"2000102","1","1","2","59","2","125","2","0","0","46","42","4","1.92","0","0.913","67"
"2000865","2","2","2","59","11","655","2","9","0","491","449","42","3.84","0","0.914","78"
"2000132","14","14","2","59","6","370","4","0","2","207","189","18","2.92","0","0.913","73"
"2000910","7","7","2","59","3","180","2","1","0","100","92","8","2.67","0","0.920","69"
"2000930","8","8","2","59","8","487","4","3","1","370","347","23","2.83","0","0.938","88"
"2000264","13","13","2","59","9","494","2","4","2","391","357","34","4.13","0","0.913","75"
"2000870","5","5","2","59","8","464","2","5","1","190","160","30","3.88","0","0.842","50"
"2000134","12","12","2","59","1","60","0","1","0","31","28","3","3.00","0","0.903","66"
"2000594","11","11","2","58","1","60","1","0","0","23","23","0","0.00","1","1.000","96"
"2000102","1","1","2","58","3","179","3","0","0","53","45","8","2.67","0","0.849","51"
"2000910","7","7","2","58","5","301","0","4","1","195","174","21","4.17","0","0.892","66"
"2000728","8","8","2","58","1","21","0","0","0","21","18","3","8.19","0","0.857","53"
"2000134","12","12","2","58","3","96","0","0","0","44","39","5","3.13","0","0.886","52"
"2000870","5","5","2","58","8","485","6","1","1","200","183","17","2.10","2","0.915","71"
"2000264","9","9","2","58","2","119","1","1","0","47","41","6","3.00","0","0.872","57"
"2000067","0","0","2","58","1","0","0","0","0","0","0","0","0.00","0","0.000","50"
"2000565","12","12","2","58","12","625","5","6","1","385","342","43","4.12","0","0.888","63"
"2000930","8","8","2","58","12","720","7","3","2","568","526","42","3.50","0","0.926","85"
"2000429","6","6","2","58","10","601","5","4","1","331","297","34","3.39","0","0.897","71"
"2000563","4","4","2","58","12","720","2","9","1","506","463","43","3.58","0","0.915","79"
"2000865","2","2","2","58","9","516","0","9","0","353","315","38","4.41","0","0.892","70"
"2000132","14","14","2","58","7","196","1","2","0","114","100","14","4.27","0","0.877","54"
"2000854","10","10","2","58","7","402","3","4","0","264","233","31","4.62","0","0.883","66"
"2000933","1","1","2","58","9","540","6","3","0","233","214","19","2.11","2","0.918","73"
"2200002","9","9","2","58","10","598","8","2","0","307","289","18","1.80","3","0.941","83"
"2200007","2","2","2","58","4","200","2","1","0","121","114","7","2.10","0","0.942","77"
"2200016","5","5","2","58","4","243","2","2","0","107","94","13","3.21","0","0.879","57"
"2001032","13","13","2","58","7","313","1","5","0","217","192","25","4.78","0","0.885","61"
"2001041","6","6","2","58","2","125","1","0","1","73","68","5","2.40","0","0.932","77"
"233","7","7","2","58","7","423","2","5","0","270","243","27","3.82","0","0.900","73"
"263","5","5","1","58","2","53","0","0","0","40","36","4","4.50","0","0.900","56"
"233","0","0","1","58","51","2982","27","22","2","1444","1339","105","2.11","8","0.927","72"
"232","3","3","1","58","60","3529","24","30","4","1717","1563","154","2.62","7","0.910","69"
"299","0","0","0","58","3","185","2","0","1","50","44","6","1.95","1","0.880","66"
"232","9","9","3","58","9","548","8","1","0","194","175","19","2.08","1","0.902","64"
"198","1","1","1","58","48","2911","40","6","2","1186","1095","91","1.88","11","0.923","72"
"297","0","0","3","58","6","365","4","1","1","151","138","13","2.14","1","0.914","70"
"234","9","9","3","58","3","179","2","1","0","66","62","4","1.34","2","0.939","72"
"166","6","6","1","58","58","3473","27","26","5","1898","1744","154","2.66","5","0.919","73"
"168","2","2","1","58","55","3030","13","34","2","2001","1821","180","3.56","1","0.910","69"
"201","15","15","1","58","34","2049","23","7","3","818","751","67","1.96","6","0.918","70"
"200","13","13","3","58","9","537","4","5","0","255","227","28","3.13","0","0.890","60"
"168","7","7","3","58","8","478","5","3","0","217","201","16","2.00","1","0.926","72"
"200","4","4","1","58","46","2733","27","15","3","1012","912","100","2.20","6","0.901","64"
"297","5","5","1","58","49","2895","16","29","4","1790","1638","152","3.15","4","0.915","74"
"266","14","14","1","58","59","3500","28","27","3","1685","1534","151","2.59","6","0.910","70"
"264","8","8","0","58","49","2904","29","17","3","1365","1242","123","2.54","4","0.910","70"
"168","10","10","0","58","14","707","3","8","1","495","448","47","3.99","0","0.905","68"
"232","7","7","0","58","56","3255","26","25","3","2130","1950","180","3.32","2","0.915","76"
"363","11","11","2","58","11","661","9","2","0","324","303","21","1.91","2","0.935","79"
"467","7","7","3","58","4","240","3","1","0","83","76","7","1.75","0","0.916","64"
"300","5","5","3","58","5","183","1","2","0","111","98","13","4.25","0","0.883","54"
"396","0","0","2","58","12","717","8","4","0","432","401","31","2.59","1","0.928","81"
"509","3","3","1","58","10","448","4","3","1","211","190","21","2.81","0","0.900","64"
"456","13","13","2","58","8","409","1","4","1","314","282","32","4.69","0","0.898","70"
"429","13","13","0","58","54","3180","20","28","6","2005","1823","182","3.43","4","0.909","75"
"497","15","15","0","58","31","1817","24","5","1","769","713","56","1.85","5","0.927","75"
"509","2","2","3","58","7","422","1","5","1","191","165","26","3.69","0","0.864","54"
"333","10","10","2","58","8","316","5","0","0","153","142","11","2.08","0","0.928","66"
"331","13","13","3","58","3","180","2","1","0","81","71","10","3.33","0","0.877","59"
"431","6","6","3","58","6","359","5","1","0","139","134","5","0.84","3","0.964","78"
"331","10","10","0","58","55","3278","20","28","6","2037","1868","169","3.09","3","0.917","78"
"36","4","4","0","58","31","1767","17","7","5","837","755","82","2.78","2","0.902","65"
"134","6","6","0","58","56","3236","23","30","1","2175","1989","186","3.45","1","0.914","76"
"67","12","12","0","58","30","1410","2","21","1","1107","992","115","4.89","1","0.896","66"
"99","4","4","3","58","6","340","1","5","0","178","154","24","4.23","1","0.865","53"
"3","1","1","3","58","9","541","4","5","0","317","286","31","3.43","0","0.902","69"
"99","3","3","0","58","48","2845","33","10","5","1378","1265","113","2.38","3","0.918","73"
"100","9","9","0","58","56","3150","34","16","3","1604","1446","158","3.01","4","0.901","66"
"135","6","6","3","58","6","364","3","2","1","133","119","14","2.31","1","0.895","62"
"132","4","4","0","58","38","2221","17","19","1","1355","1245","110","2.97","2","0.919","76"
"68","15","15","1","58","2","59","0","0","1","23","23","0","0.00","0","1.000","63"
"2","5","5","1","58","23","1032","5","12","0","670","596","74","4.30","0","0.890","57"
"35","11","11","0","58","1","28","0","0","1","9","9","0","0.00","0","1.000","61"
"99","14","14","2","58","10","525","5","4","0","312","278","34","3.88","1","0.891","64"
"102","2","2","0","58","16","826","11","1","2","275","240","35","2.54","0","0.873","54"
"135","1","1","0","58","9","537","7","2","0","153","138","15","1.67","0","0.902","59"
"33","1","1","0","58","54","3257","33","17","4","1268","1161","107","1.97","13","0.916","71"
"134","5","5","3","58","10","537","3","5","1","405","378","27","3.01","2","0.933","79"
"903","19","19","0","58","20","1060","4","9","2","609","557","52","2.94","0","0.915","71"
"881","8","8","1","58","35","1832","4","20","6","1074","951","123","4.03","1","0.885","59"
"1081","9","9","1","58","10","506","3","5","0","290","255","35","4.14","0","0.879","57"
"871","2","2","1","58","23","957","4","12","1","664","602","62","3.89","1","0.907","63"
"1091","0","0","0","58","9","544","7","1","1","136","122","14","1.54","2","0.897","60"
"795","1","1","1","58","18","1088","13","4","1","453","410","43","2.37","2","0.905","66"
"827","4","4","1","58","21","1256","14","6","1","424","379","45","2.15","5","0.894","62"
"826","12","12","3","58","12","724","4","7","1","397","358","39","3.23","0","0.902","65"
"905","13","13","0","58","17","823","9","3","0","410","373","37","2.70","1","0.910","66"
"801","4","13","3","58","7","378","3","2","1","190","177","13","2.06","0","0.932","73"
"789","1","1","3","58","3","179","1","2","0","84","78","6","2.00","0","0.929","68"
"828","7","7","0","58","13","739","1","9","2","547","487","60","4.87","0","0.890","64"
"837","1","1","0","58","3","179","2","1","0","55","52","3","1.00","1","0.945","71"
"788","0","0","3","58","6","357","3","3","0","154","141","13","2.18","1","0.916","71"
"834","0","0","0","58","54","3259","33","17","4","1495","1382","113","2.08","13","0.924","77"
"1142","11","11","0","58","12","629","5","7","0","336","303","33","3.15","2","0.902","65"
"1268","12","12","0","58","50","2580","18","19","5","1790","1647","143","3.32","2","0.920","76"
"1377","14","14","0","58","18","785","1","10","1","623","548","75","5.73","0","0.880","58"
"1374","9","9","0","58","12","638","7","4","0","272","238","34","3.19","1","0.875","58"
"516","2","2","3","58","5","299","3","2","0","138","132","6","1.20","0","0.957","82"
"630","18","18","0","58","51","2969","24","25","0","1840","1682","158","3.19","3","0.914","75"
"596","2","2","0","58","53","3165","39","12","1","1325","1193","132","2.50","6","0.900","67"
"693","9","9","0","58","4","196","1","1","0","100","89","11","3.36","0","0.890","59"
"757","7","7","1","58","10","604","6","1","2","280","255","25","2.48","2","0.911","69"
"566","19","19","0","58","51","2919","20","29","2","1649","1471","178","3.66","0","0.892","66"
"661","8","8","0","58","18","1083","15","2","0","422","391","31","1.72","1","0.927","74"
"575","7","7","1","58","57","3383","34","20","3","1498","1360","138","2.45","6","0.908","67"
"516","8","8","1","58","39","2083","14","20","1","1199","1073","126","3.63","2","0.895","63"
"629","5","5","0","58","52","3027","20","26","3","2128","1959","169","3.35","1","0.921","81"
"580","9","9","1","58","59","3465","23","34","1","2050","1861","189","3.27","4","0.908","71"
"685","14","14","1","58","8","471","7","1","0","168","149","19","2.42","2","0.887","60"
"595","15","15","0","58","36","2157","30","6","0","906","828","78","2.17","2","0.914","72"
"563","3","3","0","58","20","1142","13","4","1","523","481","42","2.21","4","0.920","72"
"617","6","6","1","58","11","523","7","1","0","231","210","21","2.41","0","0.909","63"
"663","6","6","0","58","16","742","3","8","1","565","518","47","3.80","0","0.917","70"
"627","18","18","0","58","20","1003","6","9","2","625","561","64","3.83","0","0.898","66"
"540","0","0","1","58","17","988","9","5","1","399","364","35","2.12","1","0.912","65"
"605","15","15","1","58","33","1891","23","7","2","709","636","73","2.32","2","0.897","64"
"565","11","11","0","58","57","3319","21","30","2","2013","1839","174","3.14","3","0.914","75"
"564","5","5","0","58","19","979","5","11","1","737","669","68","4.17","1","0.908","70"
"738","14","14","0","58","58","3199","9","40","5","2439","2205","234","4.39","1","0.904","73"
"563","3","3","0","57","20","1088","8","9","2","608","552","56","3.09","2","0.908","69"
"738","14","14","0","57","25","1392","8","14","1","776","712","64","2.76","4","0.918","72"
"516","8","8","1","57","15","845","6","8","0","453","416","37","2.63","0","0.918","72"
"564","5","5","0","57","21","1118","5","11","2","759","699","60","3.22","0","0.921","75"
"731","5","5","1","57","20","1028","6","10","2","517","457","60","3.50","1","0.884","58"
"565","11","11","0","57","55","3270","30","22","2","1706","1569","137","2.51","5","0.920","74"
"531","6","6","0","57","60","3241","16","36","2","2323","2100","223","4.13","3","0.904","72"
"566","19","19","0","57","55","3112","17","36","1","1952","1788","164","3.16","3","0.916","74"
"663","6","6","0","57","21","732","1","10","1","640","571","69","5.65","0","0.892","60"
"575","7","7","1","57","57","3452","30","21","6","1824","1667","157","2.73","6","0.914","73"
"660","9","9","0","57","4","182","2","0","0","59","53","6","1.98","0","0.898","57"
"627","18","18","0","57","20","1064","2","12","2","732","654","78","4.40","0","0.893","64"
"627","4","4","1","57","18","953","3","13","0","526","459","67","4.22","0","0.873","57"
"629","5","5","0","57","49","2872","19","26","3","1923","1756","167","3.49","5","0.913","77"
"605","15","15","1","57","28","1635","18","3","4","689","623","66","2.42","3","0.904","67"
"596","2","2","0","57","51","3077","39","9","3","1385","1262","123","2.40","4","0.911","71"
"617","6","6","1","57","10","538","3","5","0","252","224","28","3.12","0","0.889","56"
"595","15","15","0","57","37","2131","23","13","0","1134","1050","84","2.36","6","0.926","75"
"594","12","12","0","57","24","1293","1","18","1","1003","908","95","4.41","0","0.905","73"
"630","18","18","0","57","51","2925","25","21","4","1565","1424","141","2.89","4","0.910","71"
"661","8","8","0","57","20","1113","15","2","1","368","340","28","1.51","3","0.924","67"
"580","9","9","1","57","24","1349","8","12","3","812","738","74","3.29","1","0.909","69"
"36","4","4","0","57","25","1443","20","4","0","527","477","50","2.08","7","0.905","65"
"3","13","13","3","57","7","396","2","5","0","203","179","24","3.63","0","0.882","61"
"100","9","9","0","57","10","610","8","1","1","209","186","23","2.26","2","0.890","61"
"99","14","14","2","57","6","359","4","2","0","189","173","16","2.67","0","0.915","71"
"135","1","1","0","57","5","304","4","1","0","100","94","6","1.18","2","0.940","75"
"3","1","1","1","57","34","1939","20","9","4","925","855","70","2.17","4","0.924","72"
"2","12","12","3","57","6","364","5","1","0","203","190","13","2.14","1","0.936","80"
"99","14","14","1","57","49","2918","22","21","5","1480","1349","131","2.69","6","0.911","69"
"99","4","4","3","57","8","487","4","3","1","185","162","23","2.83","1","0.876","56"
"99","3","3","0","57","50","2894","26","17","4","1505","1381","124","2.57","6","0.918","73"
"135","6","6","3","57","8","482","6","1","1","188","171","17","2.12","1","0.910","63"
"67","12","12","0","57","50","2683","11","35","0","1864","1708","156","3.49","0","0.916","76"
"132","4","4","0","57","43","2537","22","16","4","1451","1333","118","2.79","5","0.919","77"
"66","0","0","3","57","8","495","3","3","2","247","225","22","2.67","1","0.911","74"
"102","2","2","0","57","15","905","14","0","1","236","213","23","1.52","3","0.903","61"
"67","9","9","3","57","6","359","4","2","0","142","132","10","1.67","1","0.930","75"
"33","1","1","0","57","54","3265","40","11","2","1362","1234","128","2.35","2","0.906","68"
"134","5","5","3","57","9","537","4","5","0","268","251","17","1.90","1","0.937","77"
"135","2","2","1","57","11","649","8","2","0","338","313","25","2.31","0","0.926","73"
"35","11","11","0","57","2","120","1","1","0","76","67","9","4.50","0","0.882","64"
"166","2","2","3","57","6","368","5","0","1","182","169","13","2.12","0","0.929","71"
"297","9","9","0","57","54","3200","35","15","4","1657","1504","153","2.87","2","0.908","70"
"198","1","1","1","57","35","2051","17","16","0","1059","971","88","2.57","4","0.917","71"
"200","1","1","3","57","10","557","4","4","1","303","278","25","2.69","0","0.917","71"
"232","3","3","1","57","60","3556","29","24","5","1884","1700","184","3.10","4","0.902","68"
"233","7","7","2","57","10","527","4","5","0","384","350","34","3.87","2","0.911","74"
"266","14","14","1","57","18","1094","8","8","2","620","566","54","2.96","3","0.913","69"
"202","8","8","1","57","52","3164","19","28","5","1653","1488","165","3.13","3","0.900","67"
"201","15","15","1","57","41","2371","31","5","5","1178","1084","94","2.38","6","0.920","72"
"264","8","8","0","57","48","2878","29","17","2","1409","1280","129","2.69","8","0.908","70"
"168","10","10","0","57","12","669","1","11","0","545","489","56","5.02","0","0.897","68"
"232","4","4","3","57","4","239","0","4","0","89","76","13","3.26","0","0.854","51"
"234","9","9","1","57","44","2642","18","20","5","1666","1530","136","3.09","2","0.918","77"
"201","13","13","3","57","6","328","1","2","2","186","172","14","2.56","1","0.925","74"
"297","5","5","1","57","44","2615","24","16","3","1297","1181","116","2.66","1","0.911","70"
"168","9","9","3","57","6","370","5","0","1","148","138","10","1.62","1","0.932","73"
"168","2","2","1","57","56","3361","29","22","5","1811","1671","140","2.50","3","0.923","75"
"263","5","5","1","57","7","340","2","2","1","206","186","20","3.52","0","0.903","64"
"200","4","4","1","57","51","3025","19","26","5","1583","1423","160","3.17","1","0.899","66"
"166","6","6","1","57","58","3463","30","22","6","1680","1514","166","2.88","3","0.901","66"
"233","0","0","1","57","53","3154","33","12","7","1329","1223","106","2.02","8","0.920","71"
"232","7","7","0","57","57","3288","10","40","4","2416","2222","194","3.54","3","0.920","79"
"297","0","0","3","57","4","239","2","2","0","98","90","8","2.01","0","0.918","68"
"463","14","14","0","57","46","2588","14","27","2","1705","1550","155","3.59","2","0.909","74"
"456","13","13","2","57","8","282","1","4","0","245","212","33","7.01","0","0.865","51"
"396","0","0","2","57","12","728","7","3","2","390","358","32","2.63","0","0.918","76"
"429","13","13","0","57","54","3255","29","18","7","1838","1694","144","2.65","2","0.922","78"
"331","10","10","0","57","56","3290","20","31","3","2022","1848","174","3.17","3","0.914","75"
"431","6","6","3","57","4","239","3","1","0","89","78","11","2.75","0","0.876","53"
"331","1","1","3","57","3","174","0","3","0","85","73","12","4.13","0","0.859","53"
"333","10","10","2","57","5","300","4","1","0","155","145","10","2.00","2","0.935","78"
"467","7","7","1","57","10","550","3","5","1","343","307","36","3.92","0","0.895","61"
"497","15","15","0","57","32","1837","21","7","2","806","731","75","2.45","4","0.907","67"
"363","11","11","2","57","4","240","3","1","0","109","96","13","3.25","0","0.881","62"
"430","19","19","0","57","18","856","5","6","1","629","579","50","3.50","2","0.921","76"
"1142","11","11","0","57","11","598","6","3","1","302","275","27","2.71","2","0.911","70"
"1091","0","0","0","57","13","782","10","2","1","239","212","27","2.07","2","0.887","59"
"837","1","1","0","57","4","189","3","0","1","48","46","2","0.63","2","0.958","67"
"834","0","0","0","57","53","3207","40","11","2","1591","1474","117","2.19","6","0.926","77"
"905","13","13","0","57","1","25","0","0","0","7","7","0","0.00","0","1.000","59"
"788","7","7","3","57","8","487","5","2","1","231","212","19","2.34","1","0.918","71"
"828","7","7","0","57","15","685","3","8","1","479","430","49","4.29","1","0.898","62"
"956","3","3","1","57","9","460","1","6","1","252","222","30","3.91","1","0.881","58"
"770","5","5","3","57","3","180","2","1","0","90","80","10","3.33","0","0.889","61"
"826","12","12","3","57","6","360","2","3","1","198","187","11","1.83","0","0.944","82"
"771","0","0","1","57","16","844","9","4","1","333","300","33","2.35","0","0.901","61"
"789","7","7","3","57","4","241","2","2","0","128","115","13","3.23","0","0.898","68"
"1097","1","1","0","57","4","240","4","0","0","60","56","4","1.00","1","0.933","67"
"801","2","2","3","57","6","359","1","5","0","195","175","20","3.34","1","0.897","67"
"2200016","5","5","2","57","6","363","5","1","0","191","175","16","2.64","1","0.916","76"
"2200002","9","9","2","57","11","668","7","4","0","315","286","29","2.60","2","0.908","74"
"2200007","2","2","2","57","4","199","0","2","0","93","82","11","3.31","0","0.882","56"
"2001041","6","6","2","57","4","238","2","2","0","110","97","13","3.27","0","0.882","59"
"2000933","1","1","2","57","10","602","8","2","0","295","261","34","3.38","0","0.885","64"
"2001032","13","13","2","57","9","437","1","6","0","408","363","45","6.17","0","0.890","66"
"2000463","11","11","2","57","8","483","5","2","1","220","201","19","2.36","1","0.914","70"
"2000565","12","12","2","57","12","718","7","5","0","317","283","34","2.84","1","0.893","66"
"2000930","8","8","2","57","12","710","4","8","0","580","525","55","4.64","0","0.905","79"
"2000563","4","4","2","57","5","229","1","2","0","136","127","9","2.36","0","0.934","79"
"2000870","5","5","2","57","6","358","5","1","0","117","104","13","2.17","0","0.889","60"
"2000264","9","9","2","57","1","58","0","1","0","33","26","7","7.18","0","0.788","20"
"2000854","10","10","2","57","7","422","2","4","1","206","175","31","4.40","1","0.850","58"
"2000910","7","7","2","57","5","196","1","2","0","139","123","16","4.88","0","0.885","54"
"2000102","1","1","2","57","2","120","1","1","0","48","41","7","3.50","0","0.854","54"
"2000132","14","14","2","57","6","361","3","2","1","234","213","21","3.48","0","0.910","73"
"2000134","12","12","2","57","1","1","0","0","0","1","1","0","0.00","0","1.000","50"
"2000728","8","8","2","57","1","8","0","0","0","3","3","0","0.00","0","1.000","51"
"2000429","6","6","2","57","8","483","4","3","1","263","245","18","2.23","1","0.932","81"
"2000865","2","2","2","57","10","515","3","7","0","291","266","25","2.91","1","0.914","70"
"2000629","4","4","2","57","9","495","2","6","1","365","328","37","4.48","0","0.899","68"
"2000000","1","1","2","56","3","180","2","1","0","58","53","5","1.67","0","0.914","66"
"2000463","11","11","2","56","8","476","5","3","0","277","252","25","3.15","0","0.910","71"
"2000132","14","14","2","56","9","482","3","5","0","307","276","31","3.85","0","0.899","67"
"2000033","10","10","2","56","1","9","0","0","0","10","10","0","0.00","0","1.000","63"
"2000565","12","12","2","56","12","709","9","3","0","346","312","34","2.87","1","0.902","69"
"2000264","9","9","2","56","6","359","4","2","0","159","143","16","2.67","0","0.899","68"
"2000532","13","13","2","56","8","418","2","5","0","347","314","33","4.73","0","0.905","71"
"2000865","2","2","2","56","12","727","5","5","2","452","421","31","2.56","2","0.931","86"
"2000429","6","6","2","56","12","720","8","3","1","365","333","32","2.67","2","0.912","74"
"2000930","8","8","2","56","12","615","2","10","0","472","415","57","5.55","0","0.879","66"
"2000629","4","4","2","56","7","428","3","2","2","273","254","19","2.66","0","0.930","86"
"2000067","0","0","2","56","12","718","6","4","2","388","347","41","3.42","1","0.894","69"
"2000693","12","12","2","56","1","14","0","0","0","6","6","0","0.00","0","1.000","63"
"2000728","8","8","2","56","4","103","0","0","0","99","90","9","5.23","0","0.909","64"
"2000910","7","7","2","56","6","367","0","4","2","224","200","24","3.92","0","0.893","66"
"2000870","5","5","2","56","12","715","10","1","0","280","253","27","2.26","2","0.904","67"
"2000563","4","4","2","56","5","299","1","4","0","219","205","14","2.80","0","0.936","86"
"2000854","10","10","2","56","12","715","7","4","1","490","449","41","3.44","0","0.916","80"
"2000869","5","5","2","56","1","9","0","1","0","6","5","1","6.52","0","0.833","45"
"2000933","1","1","2","56","9","541","6","2","1","213","196","17","1.88","2","0.920","70"
"2001032","13","13","2","56","6","304","0","5","0","274","251","23","4.53","0","0.916","80"
"2200002","9","9","2","56","6","357","3","3","0","190","168","22","3.70","1","0.884","63"
"1179","0","0","0","56","8","416","6","0","0","128","119","9","1.30","2","0.930","67"
"828","7","7","0","56","13","475","1","6","0","294","264","30","3.78","0","0.898","59"
"834","0","0","0","56","44","2580","28","16","0","1204","1106","98","2.28","9","0.919","73"
"1001","19","19","0","56","12","539","6","0","1","195","178","17","1.89","1","0.913","62"
"1097","1","1","0","56","2","120","2","0","0","31","28","3","1.50","0","0.903","60"
"837","1","1","0","56","1","60","1","0","0","14","13","1","1.00","0","0.929","71"
"264","8","8","0","56","44","2659","34","6","4","1147","1074","73","1.65","9","0.936","78"
"297","9","9","0","56","44","2586","28","16","0","1233","1121","112","2.60","8","0.909","71"
"297","5","5","1","56","36","2146","19","13","3","1099","989","110","3.08","0","0.900","68"
"266","14","14","1","56","25","1512","15","8","2","786","721","65","2.58","1","0.917","73"
"233","0","0","3","56","10","548","4","4","1","253","233","20","2.19","0","0.921","69"
"234","9","9","1","56","34","1978","20","12","1","969","875","94","2.85","2","0.903","67"
"233","7","7","2","56","6","365","2","3","1","257","237","20","3.28","0","0.922","80"
"232","3","3","1","56","24","1403","19","4","0","541","503","38","1.62","3","0.930","73"
"198","1","1","1","56","14","827","5","5","3","379","343","36","2.61","0","0.905","64"
"233","0","0","1","56","26","1413","12","8","3","570","509","61","2.59","2","0.893","60"
"232","7","7","0","56","44","2553","9","31","3","1896","1735","161","3.78","1","0.915","77"
"232","4","4","3","56","7","423","2","5","0","194","178","16","2.27","0","0.918","65"
"166","6","6","1","56","37","2218","18","17","2","1029","923","106","2.87","3","0.897","63"
"168","7","7","3","56","8","467","5","2","0","200","183","17","2.18","1","0.915","66"
"168","2","2","1","56","11","667","6","5","0","291","254","37","3.32","1","0.873","53"
"199","7","7","3","56","2","75","0","1","1","38","31","7","5.60","0","0.816","38"
"200","4","4","1","56","11","605","3","3","2","304","267","37","3.66","1","0.878","57"
"202","8","8","1","56","44","2550","16","25","3","1589","1446","143","3.36","2","0.910","72"
"201","15","15","1","56","37","2174","14","20","3","1174","1069","105","2.90","5","0.911","71"
"200","1","1","3","56","4","203","1","2","0","114","100","14","4.14","0","0.877","55"
"168","10","10","0","56","6","359","2","4","0","283","256","27","4.50","0","0.905","75"
"627","18","18","0","56","10","395","3","3","0","242","227","15","2.28","1","0.938","72"
"660","3","3","0","56","9","419","0","5","1","352","326","26","3.72","0","0.926","72"
"629","5","5","0","56","44","2588","19","23","2","1673","1522","151","3.50","1","0.910","75"
"661","8","8","0","56","5","298","3","2","0","105","96","9","1.81","1","0.914","70"
"531","6","6","0","56","35","1751","6","23","2","1392","1265","127","4.35","0","0.909","70"
"738","14","14","0","56","21","1281","11","6","4","617","571","46","2.15","3","0.925","72"
"630","18","18","0","56","44","2612","22","19","3","1599","1463","136","3.12","3","0.915","75"
"529","13","13","0","56","7","371","4","1","1","152","138","14","2.26","0","0.908","61"
"663","6","6","0","56","26","1266","5","14","0","1052","959","93","4.41","0","0.912","70"
"693","5","5","0","56","9","432","6","0","0","206","196","10","1.39","2","0.951","77"
"728","4","4","0","56","3","180","3","0","0","33","28","5","1.67","0","0.848","48"
"605","15","15","1","56","15","842","9","3","1","417","385","32","2.28","2","0.923","71"
"565","11","11","0","56","46","2595","21","20","3","1320","1196","124","2.87","3","0.906","70"
"596","2","2","0","56","44","2607","36","4","3","1155","1076","79","1.82","10","0.932","76"
"595","12","12","0","56","32","1614","4","22","1","1538","1409","129","4.79","1","0.916","77"
"580","9","9","1","56","17","1031","11","5","1","520","475","45","2.62","1","0.913","69"
"66","8","8","0","56","1","60","1","0","0","11","9","2","2.00","0","0.818","44"
"35","11","11","0","56","10","406","0","6","0","325","288","37","5.46","0","0.886","62"
"2","5","5","3","56","8","423","3","4","0","140","122","18","2.55","1","0.871","53"
"135","1","1","0","56","3","185","2","0","1","41","39","2","0.65","2","0.951","69"
"99","4","4","3","56","5","299","2","3","0","118","105","13","2.61","0","0.890","61"
"67","12","12","0","56","29","1404","0","20","3","1352","1241","111","4.74","0","0.918","80"
"132","4","4","0","56","44","2641","30","13","1","1184","1083","101","2.29","7","0.915","71"
"135","6","6","3","56","10","552","4","4","1","293","268","25","2.72","1","0.915","71"
"99","3","3","0","56","45","2602","19","23","2","1535","1407","128","2.95","4","0.917","75"
"3","1","1","1","56","37","2190","12","24","1","1268","1153","115","3.15","4","0.909","72"
"134","5","5","3","56","5","297","2","3","0","114","102","12","2.42","0","0.895","57"
"36","4","4","0","56","3","180","2","1","0","53","46","7","2.33","1","0.868","58"
"99","14","14","1","56","25","1509","13","10","2","839","764","75","2.98","1","0.911","70"
"99","14","14","2","56","5","249","2","1","1","117","107","10","2.40","1","0.915","70"
"101","9","9","0","56","9","418","4","1","1","152","143","9","1.29","1","0.941","66"
"3","1","1","3","56","10","517","5","3","1","210","192","18","2.09","2","0.914","65"
"33","1","1","0","56","44","2656","32","9","3","1207","1117","90","2.03","6","0.925","76"
"102","2","2","0","56","7","432","4","0","3","133","121","12","1.67","1","0.910","63"
"66","0","0","3","56","3","174","2","1","0","77","67","10","3.44","0","0.870","57"
"67","9","9","3","56","4","240","3","1","0","133","122","11","2.75","1","0.917","72"
"430","2","2","3","56","7","431","4","3","0","211","196","15","2.09","0","0.929","71"
"429","13","13","0","56","44","2658","20","21","3","1780","1663","117","2.64","2","0.934","84"
"430","19","19","0","56","43","2476","11","29","3","1444","1307","137","3.32","3","0.905","70"
"432","7","7","3","56","3","178","2","1","0","75","68","7","2.35","0","0.907","61"
"431","6","6","3","56","3","170","1","2","0","101","87","14","4.93","0","0.861","56"
"331","10","10","0","56","44","2655","14","28","2","1625","1479","146","3.30","1","0.910","74"
"430","7","7","1","56","44","2602","10","31","3","1721","1552","169","3.90","2","0.902","70"
"399","2","2","1","56","39","2383","17","16","6","1198","1083","115","2.90","2","0.904","68"
"400","2","2","3","56","5","299","3","2","0","144","136","8","1.60","1","0.944","86"
"467","7","7","1","56","5","279","2","2","0","177","165","12","2.57","0","0.932","78"
"363","11","11","2","56","5","247","4","0","0","90","81","9","2.18","1","0.900","63"
"363","8","8","1","56","10","459","2","4","0","213","188","25","3.27","0","0.883","53"
"398","0","0","1","56","27","1605","17","9","1","683","610","73","2.73","5","0.893","62"
"365","9","9","3","56","8","483","5","2","1","184","173","11","1.37","2","0.940","74"
"365","4","4","1","56","42","2424","25","14","3","1153","1054","99","2.45","7","0.914","70"
"495","15","15","0","56","7","376","4","2","0","119","107","12","1.91","1","0.899","61"
"497","15","15","0","56","44","2638","30","14","0","1272","1158","114","2.59","2","0.910","69"
"400","3","3","1","56","27","1603","20","7","0","648","588","60","2.25","2","0.907","67"
"463","14","14","0","56","29","1747","17","9","3","875","802","73","2.51","5","0.917","74"
"516","6","6","1","56","2","68","0","1","0","30","23","7","6.18","0","0.767","33"
"396","0","0","2","56","2","16","0","0","0","8","7","1","3.54","0","0.875","50"
"509","5","5","1","56","15","902","8","5","2","474","431","43","2.86","1","0.909","68"
"333","1","1","1","55","2","120","0","2","0","76","67","9","4.50","0","0.882","68"
"399","2","2","1","55","39","2278","18","17","3","1107","999","108","2.84","2","0.902","67"
"509","2","2","1","55","13","731","7","5","0","334","295","39","3.20","1","0.883","57"
"398","0","0","1","55","41","2445","30","8","3","992","926","66","1.62","9","0.933","75"
"497","15","15","0","55","44","2524","22","19","3","1443","1320","123","2.92","1","0.915","73"
"431","6","6","3","55","12","728","3","7","2","433","394","39","3.21","1","0.910","70"
"495","15","15","0","55","9","497","6","0","0","202","188","14","1.69","1","0.931","72"
"365","4","4","1","55","40","2419","26","8","5","1006","923","83","2.06","6","0.917","69"
"430","7","7","1","55","40","2321","10","26","2","1366","1232","134","3.46","2","0.902","70"
"363","11","11","2","55","2","120","2","0","0","48","45","3","1.50","0","0.938","75"
"400","3","3","1","55","42","2494","21","19","2","1317","1210","107","2.57","4","0.919","74"
"365","9","9","3","55","8","480","4","3","1","240","222","18","2.25","0","0.925","72"
"430","2","2","3","55","8","446","4","2","1","182","171","11","1.48","1","0.940","74"
"432","4","4","3","55","7","423","2","3","2","216","194","22","3.11","0","0.898","67"
"463","14","14","0","55","40","2415","25","11","4","1207","1107","100","2.48","2","0.917","73"
"462","0","0","0","55","6","360","6","0","0","74","69","5","0.83","3","0.932","67"
"331","10","10","0","55","45","2547","11","33","0","2081","1925","156","3.67","2","0.925","81"
"430","13","13","0","55","11","572","2","7","0","363","323","40","4.19","1","0.890","64"
"363","8","8","1","55","8","383","2","3","1","180","160","20","3.13","1","0.889","60"
"429","13","13","0","55","42","2443","17","22","2","1286","1168","118","2.90","3","0.908","69"
"400","2","2","3","55","5","284","3","1","1","123","109","14","2.96","0","0.886","64"
"663","6","6","0","55","22","564","0","6","0","556","500","56","5.95","0","0.899","57"
"630","4","4","0","55","10","530","6","1","1","207","192","15","1.70","1","0.928","70"
"530","10","10","0","55","8","462","1","5","0","423","395","28","3.64","0","0.934","87"
"738","14","14","0","55","10","606","9","0","1","189","169","20","1.98","2","0.894","63"
"575","7","7","1","55","14","701","5","5","2","342","304","38","3.25","1","0.889","60"
"616","15","15","1","55","33","1732","11","19","1","1134","1021","113","3.91","0","0.900","65"
"595","12","12","0","55","50","2893","15","32","2","1984","1788","196","4.06","3","0.901","71"
"531","2","2","0","55","6","360","6","0","0","84","76","8","1.33","1","0.905","63"
"661","8","8","0","55","5","305","4","0","1","71","68","3","0.59","3","0.958","79"
"627","5","5","0","55","7","382","4","1","1","166","152","14","2.19","1","0.916","68"
"565","11","11","0","55","46","2639","21","20","2","1430","1291","139","3.16","3","0.903","67"
"580","9","9","1","55","13","785","11","2","0","299","273","26","1.99","1","0.913","70"
"585","5","5","1","55","14","754","5","6","2","360","317","43","3.42","0","0.881","58"
"596","2","2","0","55","44","2645","27","14","3","1083","986","97","2.20","4","0.910","69"
"629","5","5","0","55","44","2649","23","15","6","1503","1395","108","2.45","3","0.928","79"
"660","3","3","0","55","14","438","0","6","0","420","372","48","6.57","0","0.886","58"
"834","0","0","0","55","44","2633","34","10","0","1050","962","88","2.01","5","0.916","71"
"828","7","7","0","55","9","390","2","4","0","167","145","22","3.38","1","0.868","52"
"903","11","11","0","55","10","388","2","4","1","290","263","27","4.17","0","0.907","62"
"266","14","14","1","55","13","742","2","8","2","525","480","45","3.64","0","0.914","74"
"264","8","8","0","55","44","2632","26","13","5","1299","1188","111","2.53","4","0.915","73"
"202","8","8","1","55","45","2626","16","25","3","1331","1190","141","3.22","1","0.894","62"
"233","0","0","1","55","10","571","5","4","0","245","223","22","2.31","1","0.910","67"
"297","9","9","0","55","44","2598","33","8","2","1179","1077","102","2.36","7","0.913","71"
"232","7","7","0","55","45","2644","12","28","4","1818","1668","150","3.40","2","0.917","79"
"198","1","1","1","55","7","368","5","1","0","141","123","18","2.93","1","0.872","55"
"201","15","15","1","55","23","1273","6","13","0","873","790","83","3.91","0","0.905","68"
"199","6","6","1","55","43","2552","21","17","5","1035","919","116","2.73","0","0.888","61"
"199","7","7","3","55","4","244","3","1","0","94","89","5","1.23","2","0.947","77"
"199","6","6","0","55","47","2439","8","36","0","2213","2010","203","4.99","2","0.908","73"
"263","6","6","1","55","9","479","6","1","0","185","169","16","2.00","0","0.914","64"
"165","5","5","3","55","8","474","5","3","0","282","261","21","2.65","1","0.926","79"
"165","5","5","1","55","39","2273","19","15","3","1256","1159","97","2.56","2","0.923","74"
"233","7","7","2","55","12","652","2","8","2","464","415","49","4.51","0","0.894","68"
"234","9","9","1","55","37","2232","26","10","1","923","849","74","1.99","6","0.920","71"
"233","0","0","3","55","2","120","2","0","0","56","53","3","1.50","0","0.946","81"
"33","1","1","0","55","44","2644","25","17","2","1140","1032","108","2.45","5","0.905","69"
"101","9","9","0","55","8","405","6","1","0","104","89","15","2.22","1","0.856","52"
"132","4","4","0","55","42","2504","30","9","3","1219","1118","101","2.42","7","0.917","73"
"3","1","1","3","55","11","642","5","4","1","255","231","24","2.24","1","0.906","64"
"3","1","1","1","55","42","2544","28","10","4","1040","935","105","2.48","8","0.899","64"
"99","4","4","3","55","5","298","2","3","0","157","142","15","3.02","0","0.904","67"
"66","8","8","0","55","3","107","1","0","0","43","40","3","1.67","1","0.930","64"
"69","4","4","1","55","11","602","9","1","1","210","190","20","1.99","0","0.905","60"
"1","3","3","1","55","12","542","3","4","1","298","273","25","2.77","1","0.916","65"
"66","0","0","3","55","10","608","7","3","0","325","303","22","2.17","2","0.932","77"
"1","7","7","3","55","8","482","3","4","1","234","208","26","3.23","0","0.889","61"
"2","5","5","3","55","5","248","2","2","0","104","93","11","2.66","0","0.894","60"
"36","1","1","3","55","2","78","0","2","0","40","34","6","4.58","0","0.850","50"
"99","14","14","1","55","38","2019","8","28","2","1418","1279","139","4.13","1","0.902","67"
"67","9","9","3","55","4","241","3","1","0","104","95","9","2.24","0","0.913","68"
"99","14","14","2","55","8","497","5","2","1","345","323","22","2.65","1","0.936","87"
"99","3","3","0","55","48","2561","10","33","1","2028","1858","170","3.98","2","0.916","77"
"35","1","1","0","55","6","365","5","0","1","78","75","3","0.49","4","0.962","72"
"67","12","12","0","55","12","133","1","0","0","96","90","6","2.71","0","0.938","56"
"2200007","2","2","2","55","4","239","1","3","0","165","149","16","4.02","0","0.903","72"
"2001032","13","13","2","55","5","253","1","3","1","222","199","23","5.45","0","0.896","70"
"2000933","1","1","2","55","9","544","8","1","0","200","188","12","1.32","2","0.940","78"
"2000264","9","9","2","55","12","721","7","4","1","412","375","37","3.08","0","0.910","72"
"2000067","0","0","2","55","12","733","6","4","2","408","372","36","2.94","1","0.912","75"
"2000429","6","6","2","55","12","723","7","4","1","405","374","31","2.57","1","0.923","78"
"2000132","14","14","2","55","5","241","1","3","0","154","139","15","3.73","0","0.903","69"
"2000033","10","10","2","55","10","606","5","3","2","356","321","35","3.46","0","0.902","74"
"2000532","13","13","2","55","9","473","0","6","1","411","381","30","3.80","0","0.927","80"
"2000463","11","11","2","55","10","597","6","4","0","260","237","23","2.31","0","0.912","71"
"2000563","4","4","2","55","6","283","2","2","1","157","141","16","3.39","0","0.898","64"
"2000565","12","12","2","55","12","693","8","3","0","348","312","36","3.11","0","0.897","66"
"2000629","4","4","2","55","8","451","4","2","1","310","285","25","3.33","1","0.919","79"
"2000696","12","12","2","55","2","29","0","1","0","21","19","2","4.11","0","0.905","54"
"2000854","10","10","2","55","2","120","1","1","0","79","73","6","3.00","0","0.924","77"
"2000865","2","2","2","55","9","484","2","4","2","284","260","24","2.97","1","0.915","74"
"2000869","5","5","2","55","1","17","0","0","0","7","7","0","0.00","0","1.000","61"
"2000000","1","1","2","55","3","180","3","0","0","45","41","4","1.33","1","0.911","66"
"2000870","5","5","2","55","12","708","9","3","0","270","236","34","2.88","0","0.874","56"
"2000930","8","8","2","55","12","727","4","8","0","411","371","40","3.30","0","0.903","73"
"2000910","7","7","2","55","3","81","0","0","0","62","53","9","6.59","0","0.855","54"
"2000396","12","12","2","54","4","240","3","1","0","108","98","10","2.50","0","0.907","66"
"2000264","9","9","2","54","12","727","7","3","2","405","371","34","2.80","1","0.916","74"
"2000854","10","10","2","54","3","178","0","3","0","119","106","13","4.36","0","0.891","69"
"2000930","8","8","2","54","12","716","3","9","0","434","398","36","3.01","0","0.917","75"
"2000865","2","2","2","54","12","722","5","6","1","441","401","40","3.32","0","0.909","72"
"2000563","4","4","2","54","1","4","0","0","0","4","3","1","13.38","0","0.750","42"
"2000429","6","6","2","54","12","734","8","3","1","317","277","40","3.27","0","0.874","58"
"2000132","14","14","2","54","8","455","4","3","0","282","263","19","2.50","0","0.933","82"
"2000869","5","5","2","54","6","370","5","0","1","142","124","18","2.92","1","0.873","62"
"2000910","7","7","2","54","1","17","0","0","0","8","8","0","0.00","0","1.000","62"
"2000165","4","4","2","54","12","725","7","5","0","411","370","41","3.39","0","0.900","68"
"2000870","5","5","2","54","6","359","4","1","1","148","133","15","2.50","0","0.899","64"
"2000067","0","0","2","54","12","731","3","8","1","389","351","38","3.12","0","0.902","72"
"2000463","11","11","2","54","9","528","8","0","0","176","159","17","1.93","1","0.903","62"
"2000033","10","10","2","54","9","547","6","2","1","304","284","20","2.19","0","0.934","79"
"2000565","12","12","2","54","8","493","2","3","3","295","264","31","3.77","0","0.895","70"
"2000532","13","13","2","54","12","710","1","11","0","608","554","54","4.56","0","0.911","79"
"2000000","1","1","2","54","1","60","1","0","0","31","28","3","3.00","0","0.903","61"
"2000035","13","13","2","54","1","6","0","0","0","7","6","1","9.05","0","0.857","46"
"2000933","1","1","2","54","11","669","8","2","1","278","255","23","2.06","0","0.917","67"
"132","4","4","0","54","44","2564","23","17","4","1304","1195","109","2.55","4","0.916","73"
"67","2","2","0","54","43","2596","32","9","2","1101","1005","96","2.22","8","0.913","71"
"69","4","4","1","54","11","578","6","3","0","252","227","25","2.59","1","0.901","63"
"66","2","2","0","54","6","364","5","1","0","73","65","8","1.32","2","0.890","55"
"1","0","0","0","54","6","360","6","0","0","64","56","8","1.33","1","0.875","58"
"67","9","9","3","54","5","248","1","4","0","141","128","13","3.14","0","0.908","63"
"69","4","4","3","54","5","303","2","2","1","125","116","9","1.78","1","0.928","67"
"66","0","0","3","54","4","236","0","4","0","130","114","16","4.05","0","0.877","57"
"3","1","1","1","54","11","664","10","0","1","258","243","15","1.35","2","0.942","74"
"33","1","1","0","54","44","2640","29","13","2","1149","1050","99","2.25","2","0.914","71"
"35","1","1","0","54","6","360","6","0","0","88","83","5","0.83","2","0.943","68"
"34","1","1","1","54","39","2359","22","11","6","983","899","84","2.14","6","0.915","69"
"99","14","14","2","54","5","272","1","3","1","164","147","17","3.75","0","0.896","73"
"99","3","3","0","54","46","2508","10","30","2","1851","1706","145","3.47","4","0.922","78"
"1","0","0","1","54","26","1393","8","12","2","701","632","69","2.97","0","0.902","62"
"834","0","0","0","54","44","2643","35","7","2","971","887","84","1.91","8","0.913","68"
"828","7","7","0","54","11","456","4","1","0","222","198","24","3.15","2","0.892","59"
"463","14","14","0","54","40","2419","23","13","4","1156","1044","112","2.78","2","0.903","67"
"462","4","4","0","54","3","166","2","0","0","62","57","5","1.80","1","0.919","68"
"497","15","15","0","54","44","2623","24","15","5","1443","1325","118","2.70","1","0.918","75"
"509","2","2","1","54","14","697","6","6","0","427","388","39","3.36","1","0.909","66"
"330","9","9","0","54","5","249","0","4","0","175","155","20","4.81","0","0.886","54"
"432","6","6","3","54","7","340","4","2","0","174","152","22","3.88","0","0.874","60"
"431","6","6","3","54","7","389","2","3","1","221","200","21","3.23","0","0.905","65"
"432","5","5","1","54","1","60","0","1","0","24","23","1","1.00","0","0.958","74"
"495","15","15","0","54","8","411","2","4","0","226","209","17","2.48","0","0.925","70"
"300","3","3","1","54","11","449","0","5","0","310","276","34","4.54","0","0.890","59"
"331","10","10","0","54","44","2438","12","30","2","2000","1832","168","4.13","1","0.916","78"
"430","7","7","1","54","17","905","5","10","1","469","431","38","2.52","1","0.919","70"
"429","13","13","0","54","36","2157","20","16","0","1051","963","88","2.45","3","0.916","74"
"365","4","4","1","54","41","2446","28","10","3","1060","966","94","2.31","5","0.911","69"
"398","0","0","1","54","30","1632","14","11","3","838","760","78","2.87","2","0.907","66"
"430","13","13","0","54","16","855","13","1","0","330","305","25","1.75","3","0.924","70"
"399","2","2","1","54","39","2312","14","24","0","1510","1379","131","3.40","1","0.913","74"
"363","11","11","2","54","4","198","4","0","0","89","82","7","2.12","0","0.921","70"
"365","9","9","3","54","8","474","2","5","0","258","237","21","2.65","0","0.919","72"
"400","3","3","1","54","45","2385","10","31","2","1503","1371","132","3.32","4","0.912","70"
"363","11","11","0","54","43","2534","17","25","1","1522","1386","136","3.22","2","0.911","72"
"396","12","12","0","54","25","1350","11","12","0","693","620","73","3.24","1","0.895","64"
"430","7","7","3","54","5","298","3","2","0","139","130","9","1.81","2","0.935","81"
"363","8","8","1","54","24","1355","10","12","0","644","580","64","2.83","1","0.901","63"
"400","4","4","3","54","7","422","4","2","1","187","176","11","1.56","2","0.941","76"
"531","12","12","0","54","28","1548","14","10","1","803","717","86","3.33","0","0.893","63"
"530","10","10","0","54","13","530","1","4","1","398","357","41","4.63","0","0.897","65"
"660","3","3","0","54","11","496","1","7","0","397","351","46","5.56","0","0.884","60"
"596","2","2","0","54","1","60","1","0","0","17","15","2","2.00","0","0.882","55"
"529","8","8","0","54","9","421","5","0","1","106","97","9","1.28","1","0.915","58"
"528","11","11","0","54","2","51","0","0","0","41","39","2","2.32","0","0.951","68"
"663","6","6","0","54","30","1032","0","17","0","1056","936","120","6.97","0","0.886","59"
"595","12","12","0","54","2","124","2","0","0","64","59","5","2.40","0","0.922","74"
"627","5","5","0","54","8","428","3","4","0","139","124","15","2.10","2","0.892","58"
"738","14","14","0","54","10","598","7","3","0","223","200","23","2.31","0","0.897","60"
"630","4","4","0","54","5","290","4","0","0","72","65","7","1.45","1","0.903","61"
"728","10","10","0","54","1","45","0","0","0","30","25","5","6.60","0","0.833","41"
"564","7","7","0","54","1","60","1","0","0","18","17","1","1.00","0","0.944","66"
"565","11","11","0","54","7","427","2","4","1","289","262","27","3.79","0","0.907","77"
"199","6","6","1","54","21","1250","9","10","1","570","514","56","2.69","1","0.902","65"
"165","6","6","0","54","39","1751","1","28","0","1763","1601","162","5.55","0","0.908","71"
"231","7","7","1","54","35","2093","17","15","2","1100","1008","92","2.64","2","0.916","73"
"299","5","5","3","54","9","539","6","3","0","254","230","24","2.67","0","0.906","64"
"297","9","9","0","54","46","2713","28","14","3","1378","1254","124","2.74","5","0.910","71"
"229","2","2","3","54","8","480","7","1","0","204","189","15","1.88","2","0.926","69"
"167","1","1","3","54","4","164","1","2","0","75","62","13","4.73","0","0.827","43"
"202","8","8","1","54","29","1663","16","11","1","842","761","81","2.92","2","0.904","66"
"233","0","0","3","54","8","490","3","3","2","296","274","22","2.69","1","0.926","78"
"233","7","7","2","54","12","714","4","5","3","454","415","39","3.27","0","0.914","75"
"229","6","6","1","54","30","1795","15","11","4","753","685","68","2.27","2","0.910","66"
"165","5","5","1","54","22","1064","8","6","3","577","520","57","3.21","1","0.901","62"
"199","5","5","0","54","44","2577","25","17","1","963","867","96","2.23","9","0.900","65"
"199","7","7","3","54","7","425","2","5","0","240","216","24","3.39","0","0.900","64"
"166","2","2","3","54","4","239","3","1","0","112","105","7","1.75","0","0.938","73"
"264","8","8","0","54","44","2599","21","19","4","1314","1170","144","3.32","2","0.890","64"
"232","7","7","0","54","44","2485","10","32","2","1670","1522","148","3.57","3","0.911","74"
"234","9","9","1","54","8","433","4","3","0","178","155","23","3.19","1","0.871","54"
"299","9","9","1","54","44","2592","28","10","5","1149","1044","105","2.43","3","0.909","67"
"231","1","1","3","54","11","552","6","3","0","311","283","28","3.04","0","0.910","68"
"167","5","5","1","54","34","1909","19","13","0","944","852","92","2.89","4","0.903","67"
"165","5","5","3","54","3","180","2","1","0","98","90","8","2.66","0","0.918","71"
"167","5","5","1","53","19","1126","9","9","0","565","513","52","2.77","1","0.908","68"
"229","6","6","1","53","32","1866","11","18","2","940","855","85","2.73","2","0.910","67"
"299","9","9","1","53","40","2298","16","21","3","1406","1293","113","2.95","2","0.920","74"
"229","2","2","3","53","6","369","5","1","0","143","127","16","2.60","1","0.888","60"
"199","6","6","0","53","44","2490","8","34","1","1686","1532","154","3.71","0","0.909","72"
"165","5","5","3","53","4","183","0","3","0","96","89","7","2.29","0","0.927","65"
"167","1","1","3","53","9","543","6","2","1","245","231","14","1.54","3","0.943","78"
"165","5","5","0","53","40","2415","32","7","1","975","901","74","1.84","7","0.924","74"
"299","5","5","3","53","9","544","3","4","2","258","232","26","2.86","1","0.899","64"
"199","7","7","3","53","9","500","4","4","1","244","216","28","3.35","1","0.885","59"
"165","5","5","1","53","32","1896","18","11","3","899","810","89","2.82","2","0.901","66"
"298","9","9","0","53","29","1754","19","7","3","761","685","76","2.60","2","0.900","66"
"199","6","6","1","53","20","1150","9","9","1","642","584","58","3.02","2","0.910","71"
"297","9","9","0","53","21","1271","13","6","2","550","506","44","2.08","2","0.920","70"
"265","8","8","1","53","38","2295","21","15","2","1055","954","101","2.64","2","0.904","67"
"231","7","7","1","53","33","1994","26","5","2","648","584","64","1.92","3","0.901","63"
"231","1","1","3","53","3","188","1","1","1","71","64","7","2.23","0","0.901","56"
"264","6","6","3","53","2","26","0","0","0","11","10","1","2.29","0","0.909","54"
"265","0","0","3","53","4","243","2","1","1","130","119","11","2.72","0","0.915","72"
"232","7","7","0","53","41","2338","17","18","5","1500","1382","118","3.03","3","0.921","77"
"264","8","8","0","53","44","2568","27","14","2","1156","1042","114","2.66","4","0.901","66"
"231","7","7","0","53","13","705","4","4","2","359","325","34","2.89","1","0.905","64"
"233","7","7","2","53","12","645","4","8","0","425","380","45","4.18","0","0.894","68"
"429","4","4","1","53","12","470","2","5","1","285","266","19","2.42","0","0.933","69"
"429","13","13","0","53","44","2653","32","8","4","1041","936","105","2.37","4","0.899","63"
"363","11","11","0","53","43","2466","18","23","2","1510","1386","124","3.02","3","0.918","72"
"495","15","15","0","53","15","672","2","8","0","439","400","39","3.48","0","0.911","67"
"398","0","0","1","53","20","1192","9","9","2","443","385","58","2.92","3","0.869","56"
"363","8","8","1","53","13","737","6","5","1","384","344","40","3.26","0","0.896","63"
"400","3","3","1","53","44","2638","13","28","3","1492","1363","129","2.93","3","0.914","72"
"330","14","14","0","53","9","542","4","4","1","309","283","26","2.88","1","0.916","75"
"398","7","7","3","53","4","222","2","1","0","104","94","10","2.70","0","0.904","70"
"399","2","2","1","53","24","1441","9","14","1","835","763","72","3.00","0","0.914","71"
"399","2","2","3","53","6","358","4","2","0","107","93","14","2.34","1","0.869","56"
"400","4","4","3","53","6","315","2","3","0","192","176","16","3.04","1","0.917","68"
"463","14","14","0","53","42","2497","25","13","3","1235","1140","95","2.28","5","0.923","75"
"363","11","11","2","53","3","180","3","0","0","46","42","4","1.33","1","0.913","61"
"333","9","9","3","53","2","64","0","0","0","27","26","1","0.93","0","0.963","65"
"331","10","10","0","53","44","2533","11","29","4","1677","1534","143","3.39","1","0.915","73"
"365","9","9","3","53","12","658","5","6","1","339","301","38","3.46","0","0.888","59"
"430","7","7","1","53","17","1019","15","2","0","343","318","25","1.47","4","0.927","69"
"430","4","4","3","53","7","401","2","5","0","248","224","24","3.59","1","0.903","69"
"432","5","5","1","53","1","6","0","0","0","3","3","0","0.00","0","1.000","51"
"430","13","13","0","53","7","362","3","3","0","120","106","14","2.32","0","0.883","56"
"396","12","12","0","53","41","2424","22","16","2","1216","1111","105","2.60","3","0.914","72"
"497","15","15","0","53","41","2328","7","33","0","1609","1458","151","3.89","1","0.906","71"
"351","3","3","1","53","6","358","4","2","0","176","160","16","2.68","1","0.909","68"
"333","1","1","1","53","9","447","4","2","0","191","172","19","2.55","0","0.901","61"
"365","4","4","1","53","43","2556","21","17","4","1415","1301","114","2.68","5","0.919","74"
"33","1","1","0","53","44","2641","21","21","2","1298","1172","126","2.86","4","0.903","70"
"1","0","0","0","53","43","2422","28","13","1","1127","1041","86","2.13","5","0.924","73"
"0","6","6","0","53","11","530","2","4","1","434","396","38","4.29","1","0.912","69"
"1","0","0","1","53","32","1833","20","9","1","756","694","62","2.03","4","0.918","68"
"3","9","9","1","53","4","190","1","2","0","123","111","12","3.79","0","0.902","62"
"132","4","4","0","53","46","2674","21","20","3","1242","1128","114","2.56","4","0.908","67"
"66","2","2","0","53","6","360","5","1","0","103","94","9","1.50","2","0.913","65"
"67","2","2","1","53","27","1582","8","16","2","924","844","80","3.03","0","0.913","70"
"99","3","3","0","53","46","2341","5","34","3","2021","1832","189","4.84","1","0.906","73"
"35","1","1","0","53","7","362","3","3","0","216","199","17","2.81","2","0.921","73"
"101","3","3","0","53","20","668","1","7","0","579","517","62","5.57","0","0.893","60"
"34","0","0","3","53","8","490","7","1","0","219","204","15","1.84","1","0.932","75"
"133","4","4","0","53","6","341","4","2","0","111","93","18","3.16","1","0.838","48"
"67","2","2","0","53","44","2672","35","6","3","1103","1009","94","2.11","5","0.915","72"
"34","1","1","1","53","44","2568","27","14","3","1110","1006","104","2.43","5","0.906","66"
"67","6","6","3","53","12","703","5","6","1","384","354","30","2.56","1","0.922","76"
"627","5","5","0","53","10","604","10","0","0","166","159","7","0.70","4","0.958","75"
"565","11","11","0","53","7","424","4","2","1","208","191","17","2.41","0","0.918","75"
"532","0","0","0","53","12","579","7","1","0","192","171","21","2.17","1","0.891","59"
"528","11","11","0","53","5","116","0","0","0","73","66","7","3.60","0","0.904","55"
"530","10","10","0","53","10","486","1","4","1","343","311","32","3.95","0","0.907","71"
"529","8","8","0","53","9","459","4","0","3","144","128","16","2.09","0","0.889","58"
"531","12","12","0","53","11","586","5","4","1","308","284","24","2.45","1","0.922","72"
"2000933","1","1","2","53","9","533","6","3","0","221","194","27","3.04","0","0.878","62"
"2000562","6","6","2","53","1","59","0","1","0","31","27","4","4.06","0","0.871","52"
"2000910","7","7","2","53","3","75","0","0","0","60","55","5","3.97","0","0.917","60"
"2000463","11","11","2","53","9","541","8","1","0","191","178","13","1.44","2","0.932","72"
"2000199","0","0","2","53","6","363","2","3","1","166","148","18","2.97","0","0.892","62"
"2000429","6","6","2","53","11","672","7","2","2","331","300","31","2.77","0","0.906","69"
"2000865","2","2","2","53","5","298","3","2","0","165","150","15","3.01","1","0.909","75"
"2000165","4","4","2","53","12","677","5","6","0","353","310","43","3.81","2","0.878","59"
"2000870","5","5","2","53","3","180","3","0","0","53","50","3","1.00","1","0.943","70"
"2000563","4","4","2","53","1","40","0","1","0","28","25","3","4.40","0","0.893","67"
"2000532","13","13","2","53","12","692","3","8","1","415","367","48","4.16","0","0.884","62"
"2000033","10","10","2","53","8","489","4","3","1","283","259","24","2.94","0","0.915","76"
"2000132","14","14","2","53","12","715","5","7","0","475","430","45","3.77","2","0.905","73"
"2000930","8","8","2","53","12","717","4","8","0","410","374","36","3.01","0","0.912","70"
"2000854","10","10","2","53","4","239","1","3","0","156","147","9","2.26","1","0.942","88"
"2000869","5","5","2","53","9","541","8","0","1","200","186","14","1.55","3","0.930","76"
"2000298","14","14","2","53","1","8","0","0","0","8","7","1","6.87","0","0.875","48"
"2000696","12","12","2","53","1","0","0","0","0","0","0","0","0.00","0","0.000","50"
"2000597","9","9","2","53","1","58","0","1","0","17","13","4","4.09","0","0.765","27"
"2000067","0","0","2","53","6","361","5","1","0","176","166","10","1.66","1","0.943","79"
"2000264","9","9","2","53","11","658","6","5","0","415","383","32","2.92","0","0.923","81"
"2000396","12","12","2","53","12","716","2","10","0","403","356","47","3.94","0","0.883","61"
"2000035","13","13","2","53","3","31","0","0","0","16","12","4","7.62","0","0.750","42"
"2000001","1","1","2","53","4","186","3","0","0","69","62","7","2.25","0","0.899","58"
"2000231","2","2","2","53","7","421","2","4","1","235","212","23","3.28","1","0.902","73"
"2000165","4","4","2","52","12","696","5","6","1","385","347","38","3.17","0","0.901","0"
"2000033","10","10","2","52","10","562","2","5","2","327","294","33","3.30","1","0.899","0"
"2000930","8","8","2","52","1","35","0","0","0","16","13","3","3.00","0","0.813","0"
"2000396","12","12","2","52","12","728","8","4","0","424","386","38","3.17","0","0.910","0"
"2000298","14","14","2","52","5","190","2","2","0","108","100","8","1.60","0","0.926","0"
"2000910","7","7","2","52","3","94","0","0","0","62","58","4","1.33","0","0.935","0"
"2000001","1","1","2","52","12","687","10","2","0","331","301","30","2.50","0","0.909","0"
"2000429","6","6","2","52","12","730","3","6","3","389","355","34","2.83","1","0.913","0"
"2000869","5","5","2","52","10","499","5","5","0","256","216","40","4.00","0","0.844","0"
"2000231","2","2","2","52","8","464","3","3","2","258","229","29","3.63","0","0.888","0"
"2000067","0","0","2","52","10","520","4","1","2","282","247","35","3.50","0","0.876","0"
"2000629","4","4","2","52","1","35","0","0","0","15","12","3","3.00","0","0.800","0"
"2000264","9","9","2","52","12","633","8","3","0","368","341","27","2.25","1","0.927","0"
"2000854","10","10","2","52","5","166","0","3","0","96","77","19","3.80","0","0.802","0"
"2000035","13","13","2","52","12","659","6","3","1","382","348","34","2.83","1","0.911","0"
"2000870","5","5","2","52","5","231","2","0","0","94","87","7","1.40","0","0.926","0"
"2000199","0","0","2","52","5","220","3","1","1","111","101","10","2.00","0","0.910","0"
"2000132","14","14","2","52","10","540","3","4","1","314","275","39","3.90","0","0.876","0"
"1100278","15","15","0","52","5","305","2","2","1","181","164","17","3.40","0","0.906","0"
"2000463","11","11","2","52","9","541","4","4","1","273","248","25","2.78","0","0.908","0"
"1101302","6","6","0","52","7","410","0","5","1","246","212","34","4.86","0","0.862","0"
"2000865","2","2","2","52","5","268","3","1","0","144","133","11","2.20","0","0.924","0"
"2000933","1","1","2","52","1","37","0","0","0","10","8","2","2.00","0","0.800","0"
"2221121","13","13","2","52","2","70","0","2","0","43","39","4","2.00","0","0.907","0"
"5000236","1","1","1","52","32","1911","17","10","5","772","685","87","2.72","0","0.887","0"
"2221089","9","9","2","52","3","92","1","0","0","44","42","2","0.67","0","0.955","0"
"5000237","2","2","1","52","44","2582","16","24","4","1184","1039","145","3.30","1","0.878","0"
"2221112","8","8","2","52","12","692","5","6","1","333","301","32","2.67","0","0.904","0"
"5000235","3","3","1","52","45","2671","23","12","9","1214","1099","115","2.56","2","0.905","0"
"1100157","12","12","0","52","37","2257","23","7","7","1129","1037","92","2.49","2","0.919","0"
"1100159","5","5","0","52","2","120","1","1","0","60","48","12","6.00","0","0.800","0"
"1100192","8","8","0","52","6","360","4","2","0","214","200","14","2.33","1","0.935","0"
"627","5","5","0","52","4","245","1","1","2","123","107","16","4.00","0","0.870","0"
"565","11","11","0","52","6","359","1","5","0","191","169","22","3.67","0","0.885","0"
"463","14","14","0","52","44","2669","22","16","6","1397","1266","131","2.98","0","0.906","0"
"363","11","11","2","52","3","185","2","0","1","96","88","8","2.67","0","0.917","0"
"331","10","10","0","52","44","2683","18","21","5","1424","1296","128","2.91","2","0.910","0"
"396","12","12","0","52","13","793","8","5","0","399","360","39","3.00","1","0.902","0"
"429","13","13","0","52","32","1935","15","15","2","952","846","106","3.31","2","0.889","0"
"462","10","10","0","52","6","367","1","3","2","245","225","20","3.33","1","0.918","0"
"330","14","14","0","52","6","365","3","2","1","163","150","13","2.17","1","0.920","0"
"495","15","15","0","52","45","2712","18","24","3","1525","1364","161","3.58","1","0.894","0"
"430","13","13","0","52","18","1089","10","6","2","566","513","53","2.94","2","0.906","0"
"363","11","11","0","52","44","2645","23","21","0","1289","1162","127","2.89","1","0.901","0"
"167","5","5","1","52","37","2072","18","12","5","899","794","105","2.84","2","0.883","0"
"231","7","7","1","52","39","2254","21","15","2","1058","921","137","3.51","0","0.871","0"
"231","7","7","0","52","44","2640","18","25","1","1441","1297","144","3.27","1","0.900","0"
"233","7","7","1","52","16","782","8","3","1","349","315","34","2.13","0","0.903","0"
"165","5","5","1","52","19","973","9","5","1","428","378","50","2.63","1","0.883","0"
"199","6","6","1","52","12","621","5","3","2","204","176","28","2.33","0","0.863","0"
"265","8","8","1","52","41","2389","23","13","4","1011","898","113","2.76","1","0.888","0"
"298","9","9","1","52","42","2408","23","13","2","1062","940","122","2.91","1","0.885","0"
"199","6","6","0","52","44","2604","16","25","3","1562","1409","153","3.48","1","0.902","0"
"233","7","7","2","52","12","625","5","7","0","387","344","43","3.58","1","0.889","0"
"299","9","9","1","52","12","605","6","5","1","261","230","31","2.58","0","0.881","0"
"229","6","6","1","52","41","2442","22","13","5","1063","948","115","2.81","0","0.892","0"
"264","8","8","1","52","14","661","3","6","1","328","289","39","2.79","0","0.881","0"
"264","8","8","0","52","44","2677","20","20","4","1413","1271","142","3.23","0","0.900","0"
"297","9","9","0","52","20","1209","10","8","2","618","564","54","2.70","2","0.913","0"
"298","9","9","0","52","30","1810","19","10","1","889","814","75","2.50","1","0.916","0"
"165","5","5","0","52","44","2677","22","17","5","1416","1274","142","3.23","2","0.900","0"
"834","0","0","0","52","5","261","2","2","1","112","98","14","2.80","0","0.875","0"
"1179","7","7","0","52","6","360","3","3","0","168","154","14","2.33","0","0.917","0"
"34","1","1","1","52","20","1129","8","8","2","542","486","56","2.80","0","0.897","0"
"1","0","0","0","52","46","2567","26","17","2","1341","1214","127","2.76","0","0.905","0"
"66","2","2","1","52","8","437","2","3","1","193","168","25","3.13","0","0.870","0"
"1","0","0","1","52","27","1345","9","10","4","604","529","75","2.78","0","0.876","0"
"133","4","4","0","52","7","418","4","3","0","232","209","23","3.29","0","0.901","0"
"133","4","4","1","52","20","1029","8","8","1","436","378","58","2.90","2","0.867","0"
"99","3","3","0","52","44","2665","19","18","7","1604","1467","137","3.11","2","0.915","0"
"35","1","1","0","52","6","368","3","2","1","192","171","21","3.50","0","0.891","0"
"66","2","2","0","52","6","360","4","2","0","175","153","22","3.67","0","0.874","0"
"0","0","0","1","52","33","1694","12","13","2","819","730","89","2.70","2","0.891","0"
"0","0","0","0","52","6","184","0","0","0","101","91","10","1.67","0","0.901","0"
"101","3","3","1","52","8","399","1","4","1","187","163","24","3.00","0","0.872","0"
"101","3","3","0","52","6","364","5","1","0","175","158","17","2.83","1","0.903","0"
"67","2","2","0","52","44","2669","29","13","2","1483","1348","135","3.07","2","0.909","0"
"132","4","4","0","52","43","2596","24","18","1","1447","1332","115","2.67","5","0.921","0"
"132","4","4","1","52","39","2015","16","13","4","819","716","103","2.64","1","0.874","0"
"33","1","1","0","52","44","2660","26","14","4","1497","1371","126","2.86","1","0.916","0"
"1","0","0","1","51","11","390","2","7","1","192","161","31","2.82","0","0.839","0"
"101","3","3","0","51","6","357","3","3","0","234","218","16","2.67","0","0.932","0"
"67","2","2","0","51","46","2727","28","14","3","1454","1315","139","3.02","6","0.904","0"
"99","3","3","0","51","44","2651","18","23","3","1560","1426","134","3.05","3","0.914","0"
"133","4","4","0","51","9","491","5","1","2","256","234","22","2.44","0","0.914","0"
"34","1","1","1","51","5","209","1","2","1","94","79","15","3.00","0","0.840","0"
"1","0","0","0","51","45","2565","22","20","2","1296","1176","120","2.67","3","0.907","0"
"35","1","1","0","51","7","414","4","2","0","211","192","19","2.71","0","0.910","0"
"33","1","1","0","51","44","2586","26","18","0","1415","1287","128","2.91","4","0.910","0"
"132","4","4","0","51","42","2543","21","17","4","1301","1174","127","3.02","2","0.902","0"
"0","0","0","0","51","10","454","5","1","0","209","189","20","2.00","1","0.904","0"
"0","0","0","1","51","48","2568","25","9","5","1144","1033","111","2.31","3","0.903","0"
"132","4","4","1","51","15","763","7","2","2","291","258","33","2.20","0","0.887","0"
"231","7","7","0","51","44","2668","24","19","1","1476","1342","134","3.05","1","0.909","0"
"298","9","9","1","51","9","462","5","3","0","219","198","21","2.33","0","0.904","0"
"233","7","7","1","51","24","1308","5","14","1","605","528","77","3.21","0","0.873","0"
"264","8","8","0","51","44","2656","25","17","2","1441","1318","123","2.80","3","0.915","0"
"167","5","5","1","51","32","1743","11","18","1","757","660","97","3.03","1","0.872","0"
"298","9","9","0","51","44","2667","32","9","3","1363","1256","107","2.43","4","0.921","0"
"199","6","6","0","51","44","2667","21","19","4","1380","1246","134","3.05","0","0.903","0"
"233","7","7","2","51","12","697","3","7","2","354","316","38","3.17","0","0.893","0"
"297","6","6","0","51","6","362","3","3","0","221","201","20","3.33","0","0.910","0"
"165","5","5","0","51","44","2664","18","21","5","1398","1261","137","3.11","2","0.902","0"
"229","6","6","1","51","44","2645","20","22","2","1053","936","117","2.66","1","0.889","0"
"265","8","8","1","51","46","2564","22","18","3","1203","1071","132","2.87","2","0.890","0"
"532","13","13","0","51","7","425","3","3","1","224","203","21","3.00","0","0.906","0"
"463","14","14","0","51","44","2651","33","9","2","1278","1160","118","2.68","2","0.908","0"
"396","12","12","0","51","10","436","2","4","0","232","202","30","3.00","0","0.871","0"
"429","13","13","0","51","43","2588","18","22","3","1388","1251","137","3.19","4","0.901","0"
"431","6","6","1","51","4","198","1","2","0","77","66","11","2.75","0","0.857","0"
"331","10","10","0","51","6","306","1","3","1","168","148","20","3.33","0","0.881","0"
"432","5","5","1","51","19","1002","9","7","0","422","369","53","2.79","1","0.874","0"
"462","10","10","0","51","19","1046","6","13","0","545","479","66","3.47","0","0.879","0"
"495","15","15","0","51","44","2662","18","25","1","1595","1450","145","3.30","0","0.909","0"
"363","11","11","0","51","44","2664","21","20","3","1398","1272","126","2.86","4","0.910","0"
"330","10","10","0","51","28","1443","12","12","1","729","653","76","2.71","0","0.899","0"
"903","11","11","0","51","4","245","0","3","1","113","96","17","4.25","0","0.850","0"
"1100192","8","8","0","51","6","370","1","3","2","189","167","22","3.67","0","0.884","0"
"1100186","9","9","0","51","6","361","0","5","1","204","178","26","4.33","0","0.873","0"
"1100172","7","7","0","51","6","364","1","4","1","240","221","19","3.17","0","0.921","0"
"1100159","5","5","0","51","6","367","3","1","2","188","165","23","3.83","0","0.878","0"
"1100184","10","10","0","51","8","221","0","1","0","122","113","9","1.13","0","0.926","0"
"1100157","12","12","0","51","45","2579","16","23","5","1320","1188","132","2.93","0","0.900","0"
"2000933","1","1","2","51","1","18","0","0","0","12","10","2","2.00","0","0.833","0"
"2000199","0","0","2","51","4","151","1","2","0","71","63","8","2.00","0","0.887","0"
"2000298","14","14","2","51","7","398","2","3","1","235","212","23","3.29","0","0.902","0"
"2000264","9","9","2","51","12","734","6","6","0","404","366","38","3.17","0","0.906","0"
"2000231","2","2","2","51","8","500","5","1","2","257","236","21","2.63","0","0.918","0"
"2000001","1","1","2","51","12","711","4","7","1","354","319","35","2.92","1","0.901","0"
"2000165","4","4","2","51","10","599","7","3","0","306","285","21","2.10","1","0.931","0"
"2000629","4","4","2","51","2","120","1","1","0","66","59","7","3.50","0","0.894","0"
"2000067","0","0","2","51","10","588","4","2","3","336","305","31","3.10","0","0.908","0"
"1100297","8","8","1","51","12","462","1","5","1","211","183","28","2.33","0","0.867","0"
"1100292","11","11","0","51","2","120","1","1","0","55","49","6","3.00","0","0.891","0"
"2000854","10","10","2","51","3","180","1","1","1","100","92","8","2.67","0","0.920","0"
"2000035","13","13","2","51","12","655","4","8","0","352","314","38","3.17","1","0.892","0"
"2000865","2","2","2","51","4","239","3","1","0","121","111","10","2.50","0","0.917","0"
"1101302","2","2","0","51","6","300","3","1","1","111","91","20","3.33","0","0.820","0"
"1100278","15","15","0","51","6","360","3","3","0","170","152","18","3.00","0","0.894","0"
"2000396","12","12","2","51","12","663","5","6","0","351","312","39","3.25","1","0.889","0"
"2000463","11","11","2","51","9","544","8","1","0","239","225","14","1.56","1","0.941","0"
"2000429","6","6","2","51","9","545","7","0","2","268","246","22","2.44","1","0.918","0"
"2000033","10","10","2","51","9","544","3","6","0","321","291","30","3.33","0","0.907","0"
"2000132","14","14","2","51","6","328","3","3","0","198","187","11","1.83","1","0.944","0"
"1102304","3","3","1","51","1","32","0","1","0","19","17","2","2.00","0","0.895","0"
"5000242","9","9","1","51","45","2572","30","9","3","1104","993","111","2.47","3","0.899","0"
"5000237","2","2","1","51","11","474","3","2","2","229","211","18","1.64","0","0.921","0"
"5000236","1","1","1","51","46","2637","21","20","2","1110","987","123","2.67","2","0.889","0"
"2221132","5","5","2","51","12","739","6","3","3","375","342","33","2.75","1","0.912","0"
"5000235","3","3","1","51","43","2484","19","20","3","1125","1008","117","2.72","1","0.896","0"
"2221133","12","12","2","51","2","57","0","1","0","36","33","3","1.50","0","0.917","0"
"5000238","4","4","1","51","39","2280","18","17","4","914","809","105","2.69","0","0.885","0"
"2221123","11","11","2","51","3","180","3","0","0","76","69","7","2.33","0","0.908","0"
"5000239","2","2","1","51","45","2545","25","15","3","1166","1037","129","2.87","3","0.889","0"
"2221112","8","8","2","51","12","721","7","5","0","397","361","36","3.00","1","0.909","0"
"2221121","13","13","2","51","2","68","0","0","0","32","29","3","1.50","0","0.906","0"
"5000280","6","6","1","51","3","180","2","1","0","66","59","7","2.33","0","0.894","0"
"5000240","5","5","1","51","16","795","4","4","3","332","296","36","2.25","1","0.892","0"
"2221097","6","6","2","51","3","180","1","2","0","64","58","6","2.00","0","0.906","0"
"5000241","7","7","1","51","31","1722","16","11","3","756","667","89","2.87","0","0.882","0"
"2221102","7","7","2","51","1","31","0","0","0","14","14","0","0.00","0","1.000","0"
"2221131","12","12","2","50","1","31","0","0","0","32","30","2","2.00","0","0.938","0"
"2221112","8","8","2","50","12","720","2","6","4","416","378","38","3.17","0","0.909","0"
"2221123","11","11","2","50","4","215","1","2","0","103","90","13","3.25","0","0.874","0"
"5000241","7","7","1","50","36","2033","16","11","6","904","784","120","3.33","2","0.867","0"
"2221097","6","6","2","50","7","379","4","2","1","177","159","18","2.57","0","0.898","0"
"2221121","13","13","2","50","4","139","0","0","0","82","76","6","1.50","0","0.927","0"
"5000238","4","4","1","50","46","2545","23","19","2","1039","919","120","2.61","2","0.885","0"
"2221101","5","5","2","50","12","728","9","3","0","347","316","31","2.58","2","0.911","0"
"5000240","3","3","1","50","37","2039","14","17","4","943","835","108","2.92","0","0.885","0"
"2221089","9","9","2","50","4","245","2","1","1","127","111","16","4.00","0","0.874","0"
"5000239","2","2","1","50","36","2000","15","16","1","900","794","106","2.94","3","0.882","0"
"5000244","5","5","1","50","7","422","3","3","1","208","185","23","3.29","0","0.889","0"
"5000279","6","6","1","50","44","2589","28","15","1","1030","929","101","2.30","2","0.902","0"
"5000280","6","6","1","50","9","356","2","3","0","185","161","24","2.67","0","0.870","0"
"5000242","9","9","1","50","44","2362","25","10","3","1033","911","122","2.77","3","0.882","0"
"5000236","1","1","1","50","44","2466","20","19","3","1054","921","133","3.02","2","0.874","0"
"5000235","3","3","1","50","22","990","9","5","1","396","347","49","2.23","0","0.876","0"
"5000243","5","5","1","50","33","1927","16","13","3","838","747","91","2.76","3","0.891","0"
"2000933","1","1","2","50","3","135","0","0","1","60","57","3","1.00","0","0.950","0"
"1100159","5","5","0","50","6","359","3","3","0","206","189","17","2.83","0","0.917","0"
"1100172","7","7","0","50","6","364","2","3","1","212","186","26","4.33","0","0.877","0"
"1100166","15","15","0","50","27","1637","9","12","6","991","905","86","3.19","0","0.916","0"
"1100186","9","9","0","50","6","364","3","2","1","203","176","27","4.50","0","0.867","0"
"1100169","3","3","0","50","6","359","3","3","0","207","185","22","3.67","1","0.894","0"
"1100157","12","12","0","50","46","2690","29","11","3","1266","1150","116","2.52","2","0.908","0"
"1100192","8","8","0","50","6","360","4","2","0","176","160","16","2.67","0","0.909","0"
"1100184","10","10","0","50","7","352","0","7","0","181","153","28","4.00","0","0.845","0"
"1100158","14","14","0","50","3","181","3","0","0","78","70","8","2.67","0","0.897","0"
"2000854","10","10","2","50","2","81","0","1","0","51","44","7","3.50","0","0.863","0"
"2000463","11","11","2","50","9","508","6","3","0","246","229","17","1.89","2","0.931","0"
"2000628","8","8","2","50","1","21","0","0","0","14","12","2","2.00","0","0.857","0"
"2000264","9","9","2","50","8","485","2","5","1","283","256","27","3.38","0","0.905","0"
"2000396","12","12","2","50","12","693","7","5","0","347","309","38","3.17","0","0.890","0"
"2000865","2","2","2","50","2","119","1","1","0","49","46","3","1.50","0","0.939","0"
"2000429","6","6","2","50","7","356","3","2","0","172","157","15","2.14","0","0.913","0"
"2000231","2","2","2","50","10","604","9","1","0","326","304","22","2.20","0","0.933","0"
"2000035","13","13","2","50","12","596","3","6","3","322","276","46","3.83","0","0.857","0"
"2000067","0","0","2","50","8","484","6","2","0","214","195","19","2.38","0","0.911","0"
"2000132","14","14","2","50","4","244","3","1","0","147","132","15","3.75","0","0.898","0"
"2000298","14","14","2","50","8","494","5","3","0","240","219","21","2.63","0","0.913","0"
"1100291","7","7","1","50","16","819","6","7","0","382","345","37","2.31","1","0.903","0"
"2000033","10","10","2","50","11","644","6","5","0","406","378","28","2.55","0","0.931","0"
"2000001","1","1","2","50","12","592","5","5","1","257","220","37","3.08","1","0.856","0"
"1100297","8","8","1","50","22","1099","7","7","3","537","473","64","2.91","1","0.881","0"
"2000199","0","0","2","50","4","239","1","3","0","118","110","8","2.00","0","0.932","0"
"2000165","4","4","2","50","12","730","7","3","2","317","292","25","2.08","2","0.921","0"
"1100307","0","0","0","50","9","300","1","2","0","157","135","22","2.44","0","0.860","0"
"1101302","2","2","0","50","6","318","3","3","0","153","138","15","2.50","1","0.902","0"
"265","8","8","1","50","37","1919","16","16","1","909","797","112","3.03","0","0.877","0"
"298","9","9","1","50","14","657","3","8","1","291","250","41","2.93","0","0.859","0"
"297","6","6","0","50","7","423","3","3","1","247","228","19","2.71","1","0.923","0"
"233","7","7","2","50","12","730","2","8","2","398","354","44","3.67","0","0.889","0"
"233","0","0","1","50","2","99","1","0","0","35","32","3","1.50","0","0.914","0"
"199","6","6","0","50","43","2627","27","11","5","1416","1301","115","2.67","6","0.919","0"
"264","8","8","0","50","44","2656","23","18","3","1378","1246","132","3.00","2","0.904","0"
"165","5","5","0","50","44","2665","21","19","4","1359","1209","150","3.41","1","0.890","0"
"231","7","7","0","50","44","2675","22","19","3","1501","1367","134","3.05","0","0.911","0"
"298","9","9","0","50","44","2658","25","17","2","1311","1196","115","2.61","4","0.912","0"
"532","13","13","0","50","6","370","4","1","1","186","166","20","3.33","0","0.892","0"
"132","4","4","0","50","45","2414","23","15","4","1219","1112","107","2.38","3","0.912","0"
"67","2","2","0","50","46","2706","26","16","2","1472","1347","125","2.72","1","0.915","0"
"99","3","3","0","50","44","2646","23","19","2","1558","1413","145","3.30","1","0.907","0"
"133","4","4","0","50","15","604","3","5","0","302","279","23","1.53","1","0.924","0"
"33","1","1","0","50","44","2632","21","20","3","1446","1308","138","3.14","1","0.905","0"
"101","11","11","0","50","3","179","2","1","0","59","52","7","2.33","0","0.884","0"
"1","0","0","0","50","48","2743","25","14","8","1435","1321","114","2.38","3","0.921","0"
"0","0","0","1","50","47","2487","24","16","2","1117","986","131","2.79","5","0.883","0"
"35","1","1","0","50","7","403","3","3","0","232","211","21","3.00","0","0.909","0"
"132","4","4","1","50","12","492","2","2","2","161","138","23","1.92","0","0.857","0"
"396","12","12","0","50","8","344","3","3","1","185","164","21","2.63","0","0.886","0"
"330","10","10","0","50","45","2667","15","22","6","1350","1205","145","3.22","0","0.893","0"
"463","14","14","0","50","44","2642","25","18","1","1246","1119","127","2.89","0","0.898","0"
"495","15","15","0","50","6","362","1","4","1","252","225","27","4.50","0","0.893","0"
"432","5","5","1","50","12","659","7","4","0","272","236","36","3.00","0","0.868","0"
"363","11","11","0","50","31","1880","14","15","2","947","838","109","3.52","0","0.885","0"
"351","1","1","1","50","8","352","2","4","0","164","141","23","2.88","0","0.860","0"
"462","14","14","0","50","3","179","0","3","0","93","78","15","5.00","0","0.839","0"
"331","2","2","1","50","21","1029","4","11","3","485","423","62","2.95","0","0.872","0"
"429","13","13","0","50","44","2657","22","22","0","1395","1264","131","2.98","4","0.906","0"
"462","0","0","0","49","11","340","1","4","0","191","164","27","2.45","0","0.859","0"
"363","11","11","0","49","43","2616","19","15","9","1372","1246","126","2.93","3","0.908","0"
"330","10","10","0","49","45","2676","21","20","3","1410","1283","127","2.82","4","0.910","0"
"396","12","12","0","49","16","892","8","7","0","468","426","42","2.63","1","0.910","0"
"351","1","1","1","49","9","432","4","1","1","176","156","20","2.22","0","0.886","0"
"331","2","2","1","49","6","371","1","2","3","144","125","19","3.17","0","0.868","0"
"495","15","15","0","49","7","430","3","3","1","261","239","22","3.14","0","0.916","0"
"463","14","14","0","49","44","2682","25","14","5","1278","1158","120","2.73","4","0.906","0"
"529","9","9","0","49","1","62","1","0","0","33","30","3","3.00","0","0.909","0"
"532","13","13","0","49","44","2681","19","16","9","1425","1290","135","3.07","1","0.905","0"
"530","7","7","0","49","4","240","3","1","0","116","109","7","1.75","0","0.940","0"
"199","6","6","0","49","44","2682","21","17","6","1528","1387","141","3.20","0","0.908","0"
"264","8","8","0","49","44","2673","31","10","3","1399","1282","117","2.66","3","0.916","0"
"165","5","5","0","49","44","2675","31","11","2","1318","1221","97","2.20","6","0.926","0"
"231","7","7","0","49","44","2666","26","13","5","1343","1224","119","2.70","5","0.911","0"
"233","7","7","2","49","12","735","6","6","0","431","394","37","3.08","0","0.914","0"
"298","9","9","0","49","44","2681","24","18","2","1411","1265","146","3.32","0","0.897","0"
"1","0","0","0","49","48","2687","25","15","5","1337","1224","113","2.35","4","0.915","0"
"67","2","2","0","49","44","2664","19","21","4","1453","1311","142","3.23","1","0.902","0"
"0","0","0","1","49","44","2437","19","20","4","954","827","127","2.89","1","0.867","0"
"35","1","1","0","49","6","359","1","5","0","205","177","28","4.67","0","0.863","0"
"101","13","13","0","49","6","360","2","3","1","173","154","19","3.17","0","0.890","0"
"99","3","3","0","49","44","2659","18","24","2","1543","1395","148","3.36","2","0.904","0"
"133","4","4","0","49","26","1189","14","3","0","625","584","41","1.58","2","0.934","0"
"33","1","1","0","49","44","2657","21","20","3","1442","1303","139","3.16","0","0.904","0"
"132","4","4","0","49","36","1828","19","12","2","967","874","93","2.58","2","0.904","0"
"2000132","14","14","2","49","3","179","1","2","0","99","86","13","4.33","0","0.869","0"
"2000396","12","12","2","49","12","649","2","8","2","379","338","41","3.42","0","0.892","0"
"2000429","6","6","2","49","1","65","0","0","1","32","31","1","1.00","0","0.969","0"
"1100309","7","7","1","49","9","491","6","1","1","192","160","32","3.56","0","0.833","0"
"1100293","0","0","1","49","15","605","2","5","0","278","248","30","2.00","0","0.892","0"
"2000001","1","1","2","49","12","718","6","5","1","402","360","42","3.50","0","0.896","0"
"1100297","8","8","1","49","18","844","4","9","2","383","331","52","2.89","0","0.864","0"
"1100307","9","9","1","49","16","840","5","7","1","372","331","41","2.56","0","0.890","0"
"2000199","0","0","2","49","6","365","4","2","0","165","148","17","2.83","0","0.897","0"
"2000298","14","14","2","49","9","554","7","1","1","280","256","24","2.67","0","0.914","0"
"2000165","4","4","2","49","12","715","5","7","0","317","283","34","2.83","1","0.893","0"
"2000264","9","9","2","49","10","543","6","3","0","271","251","20","2.00","0","0.926","0"
"2000854","10","10","2","49","3","180","1","2","0","80","69","11","3.67","0","0.863","0"
"1100288","3","3","1","49","14","514","2","3","2","213","177","36","2.57","1","0.831","0"
"1100285","6","6","1","49","10","446","2","4","1","199","179","20","2.00","0","0.899","0"
"2000728","8","8","2","49","3","171","1","1","0","78","71","7","2.33","0","0.910","0"
"2000463","11","11","2","49","10","569","6","2","1","272","250","22","2.20","2","0.919","0"
"2000033","10","10","2","49","9","560","5","2","2","340","309","31","3.44","0","0.909","0"
"1100279","11","11","0","49","7","427","3","3","1","196","174","22","3.14","1","0.888","0"
"2000231","2","2","2","49","12","657","3","4","4","317","287","30","2.50","1","0.905","0"
"2000067","0","0","2","49","6","368","4","2","0","160","147","13","2.17","0","0.919","0"
"1100291","1","1","1","49","44","2610","24","15","5","1061","937","124","2.82","2","0.883","0"
"2000035","13","13","2","49","12","689","8","4","0","433","397","36","3.00","0","0.917","0"
"2221089","9","9","2","49","4","181","0","3","0","112","100","12","3.00","0","0.893","0"
"2221101","5","5","2","49","12","705","6","4","2","375","345","30","2.50","0","0.920","0"
"5000242","4","4","1","49","28","1639","12","13","2","753","660","93","3.32","1","0.876","0"
"5000245","6","6","1","49","45","2606","20","14","9","1041","913","128","2.84","3","0.877","0"
"5000243","5","5","1","49","32","1884","13","15","4","792","693","99","3.09","1","0.875","0"
"2221097","6","6","2","49","11","662","7","4","0","326","299","27","2.45","0","0.917","0"
"5000244","5","5","1","49","11","626","4","5","1","257","224","33","3.00","0","0.872","0"
"2221085","5","5","2","49","1","24","0","0","0","13","13","0","0.00","0","1.000","0"
"2221110","2","2","2","49","2","81","0","1","0","48","43","5","2.50","0","0.896","0"
"2221112","8","8","2","49","10","555","5","3","2","277","245","32","3.20","1","0.884","0"
"5000240","3","3","1","49","42","2369","24","15","2","972","867","105","2.50","2","0.892","0"
"5000279","7","7","1","49","42","2511","25","12","5","989","883","106","2.52","6","0.893","0"
"2221121","13","13","2","49","1","30","0","0","0","19","15","4","4.00","0","0.789","0"
"5000280","8","8","1","49","40","2201","20","13","2","945","833","112","2.80","0","0.881","0"
"2221123","11","11","2","49","3","160","1","1","1","70","65","5","1.67","0","0.929","0"
"5000239","2","2","1","49","44","2684","25","13","6","1131","1017","114","2.59","0","0.899","0"
"2221108","4","4","2","49","1","11","0","0","0","7","6","1","1.00","0","0.857","0"
"2221127","12","12","2","49","3","84","0","0","0","62","58","4","1.33","0","0.935","0"
"5000238","4","4","1","49","24","1393","14","8","1","672","602","70","2.92","0","0.896","0"
"1100167","14","14","0","49","6","368","2","3","1","176","155","21","3.50","0","0.881","0"
"1100169","3","3","0","49","6","364","3","3","0","192","165","27","4.50","0","0.859","0"
"1100186","9","9","0","49","5","304","1","4","0","166","146","20","4.00","0","0.880","0"
"1100159","5","5","0","49","6","358","3","3","0","185","162","23","3.83","0","0.876","0"
"1100184","10","10","0","49","6","341","2","4","0","217","192","25","4.17","0","0.885","0"
"1100177","15","15","0","49","9","533","3","4","2","274","242","32","3.56","0","0.883","0"
"1100187","6","6","0","49","6","360","2","3","1","197","169","28","4.67","0","0.858","0"
"1100166","15","15","0","49","35","2072","13","19","2","1154","1048","106","3.03","1","0.908","0"
"1100172","7","7","0","49","2","119","1","1","0","62","54","8","4.00","0","0.871","0"
"1100188","9","9","1","49","39","2199","19","13","5","1015","912","103","2.64","4","0.899","0"
"1100192","2","2","0","49","6","359","0","6","0","197","177","20","3.33","0","0.898","0"
"1100157","12","12","0","49","37","2143","12","19","4","1117","995","122","3.30","0","0.891","0"
"1100113","8","8","0","49","6","362","3","3","0","218","194","24","4.00","0","0.890","0"
"1100117","3","3","0","48","44","2674","21","16","7","1416","1285","131","2.98","3","0.907","0"
"1100113","8","8","0","48","6","365","3","2","1","186","168","18","3.00","0","0.903","0"
"2000132","14","14","2","48","3","153","1","2","0","72","62","10","3.33","0","0.861","0"
"1100279","8","8","1","48","9","458","5","2","0","184","164","20","2.22","1","0.891","0"
"2000035","13","13","2","48","12","713","6","5","1","407","366","41","3.42","0","0.899","0"
"2000033","10","10","2","48","10","565","3","7","0","330","296","34","3.40","0","0.897","0"
"2000001","1","1","2","48","12","718","5","6","1","388","352","36","3.00","0","0.907","0"
"2000067","0","0","2","48","7","398","5","1","0","196","181","15","2.14","0","0.923","0"
"2000165","4","4","2","48","12","683","9","3","0","304","277","27","2.25","1","0.911","0"
"1100281","2","2","1","48","9","487","4","3","0","211","192","19","2.11","1","0.910","0"
"1100284","7","7","1","48","10","577","5","3","1","201","180","21","2.10","0","0.896","0"
"2000264","9","9","2","48","4","204","1","2","1","112","95","17","4.25","0","0.848","0"
"1100291","6","6","1","48","37","1943","14","17","4","795","695","100","2.70","1","0.874","0"
"2000298","14","14","2","48","10","563","4","5","0","317","289","28","2.80","0","0.912","0"
"2000231","2","2","2","48","12","719","11","1","0","337","317","20","1.67","1","0.941","0"
"2000199","0","0","2","48","6","322","4","1","1","171","152","19","3.17","0","0.889","0"
"2000869","10","10","2","48","3","156","0","1","1","91","81","10","3.33","0","0.890","0"
"2000629","12","12","2","48","5","304","3","1","1","145","128","17","3.40","0","0.883","0"
"2000396","12","12","2","48","7","420","0","6","1","268","240","28","4.00","0","0.896","0"
"2000463","11","11","2","48","12","704","9","3","0","336","309","27","2.25","1","0.920","0"
"1100292","1","1","1","48","11","459","2","3","1","225","200","25","2.27","0","0.889","0"
"1100293","0","0","1","48","15","556","3","6","2","228","199","29","1.93","0","0.873","0"
"1100297","8","8","1","48","2","25","0","0","0","10","9","1","0.50","0","0.900","0"
"1100195","6","6","0","48","5","308","0","2","3","153","131","22","4.40","0","0.856","0"
"1100166","15","15","0","48","43","2570","20","20","3","1350","1220","130","3.02","1","0.904","0"
"1100167","14","14","0","48","6","360","5","1","0","171","159","12","2.00","0","0.930","0"
"1100172","7","7","0","48","1","61","1","0","0","43","37","6","6.00","0","0.860","0"
"1100184","10","10","0","48","6","363","1","4","1","212","188","24","4.00","0","0.887","0"
"1100157","12","12","0","48","43","2534","23","17","3","1252","1129","123","2.86","1","0.902","0"
"1100177","15","15","0","48","8","452","3","2","2","251","231","20","2.50","1","0.920","0"
"1100159","5","5","0","48","6","365","5","1","0","179","165","14","2.33","1","0.922","0"
"1100158","11","11","0","48","35","2130","23","11","1","1104","1014","90","2.57","3","0.918","0"
"1100183","3","3","1","48","15","799","8","4","1","283","242","41","2.73","0","0.855","0"
"1100192","9","9","1","48","44","2647","24","15","5","1059","950","109","2.48","2","0.897","0"
"1100192","2","2","0","48","8","490","3","4","1","264","232","32","4.00","0","0.879","0"
"1100187","4","4","0","48","16","464","0","3","0","243","216","27","1.69","0","0.889","0"
"1100175","0","0","0","48","9","311","1","4","0","150","135","15","1.67","1","0.900","0"
"1100169","3","3","0","48","1","65","0","0","1","45","42","3","3.00","0","0.933","0"
"1100145","1","1","0","48","44","2669","18","21","5","1509","1357","152","3.45","0","0.899","0"
"1100188","9","9","1","48","5","269","1","2","1","135","121","14","2.80","0","0.896","0"
"1100186","9","9","0","48","6","359","0","6","0","189","163","26","4.33","0","0.862","0"
"5000278","5","5","1","48","41","2414","27","13","1","1002","911","91","2.22","5","0.909","0"
"2221085","5","5","2","48","3","125","1","1","0","55","48","7","2.33","0","0.873","0"
"5000239","2","2","1","48","43","2511","16","24","3","1121","985","136","3.16","0","0.879","0"
"5000246","0","0","1","48","44","2332","23","15","0","933","825","108","2.46","3","0.884","0"
"5000248","8","8","1","48","44","2549","28","12","3","1073","957","116","2.64","1","0.892","0"
"5000243","5","5","1","48","12","625","3","4","2","310","272","38","3.17","0","0.877","0"
"2221090","8","8","2","48","2","82","0","0","0","49","48","1","0.50","0","0.980","0"
"5000247","4","4","1","48","44","2599","22","21","1","1162","1030","132","3.00","1","0.886","0"
"2221075","11","11","2","48","1","16","0","0","0","8","7","1","1.00","0","0.875","0"
"5000242","4","4","1","48","8","413","4","2","0","197","176","21","2.63","0","0.893","0"
"2221108","4","4","2","48","1","43","0","0","0","25","22","3","3.00","0","0.880","0"
"2221089","9","9","2","48","9","523","7","0","1","246","231","15","1.67","1","0.939","0"
"5000279","7","7","1","48","41","2426","24","14","3","954","830","124","3.02","2","0.870","0"
"2221102","7","7","2","48","6","276","1","4","0","162","143","19","3.17","0","0.883","0"
"2221112","8","8","2","48","12","644","4","7","1","417","368","49","4.08","0","0.882","0"
"5000245","6","6","1","48","21","1084","4","8","3","433","386","47","2.24","0","0.891","0"
"2221101","5","5","2","48","11","594","7","3","0","283","257","26","2.36","2","0.908","0"
"2221121","13","13","2","48","1","14","0","0","0","6","5","1","1.00","0","0.833","0"
"2221097","6","6","2","48","12","723","2","8","2","367","329","38","3.17","0","0.896","0"
"5000249","1","1","1","48","45","2561","13","27","4","1138","989","149","3.31","0","0.869","0"
"5000240","3","3","1","48","37","2172","20","11","5","813","744","69","1.87","2","0.915","0"
"33","1","1","0","48","3","180","2","1","0","83","77","6","2.00","0","0.928","0"
"67","2","2","0","48","42","2547","24","14","4","1351","1239","112","2.67","3","0.917","0"
"1","0","0","0","48","48","2719","26","15","4","1417","1285","132","2.75","2","0.907","0"
"132","4","4","0","48","6","292","1","3","1","141","120","21","3.50","0","0.851","0"
"101","13","13","0","48","23","1386","9","13","1","746","669","77","3.35","0","0.897","0"
"133","4","4","0","48","47","2273","16","22","4","1204","1070","134","2.85","2","0.889","0"
"35","1","1","0","48","3","178","1","2","0","94","85","9","3.00","0","0.904","0"
"99","3","3","0","48","5","304","4","1","0","149","133","16","3.20","0","0.893","0"
"165","5","5","0","48","44","2678","21","21","2","1483","1342","141","3.20","1","0.905","0"
"530","7","7","0","48","5","304","3","1","1","143","127","16","3.20","0","0.888","0"
"532","13","13","0","48","27","1625","11","16","0","904","823","81","3.00","1","0.910","0"
"396","12","12","0","48","10","472","5","2","0","234","214","20","2.00","1","0.915","0"
"463","14","14","0","48","44","2666","25","14","5","1311","1193","118","2.68","3","0.910","0"
"330","10","10","0","48","44","2680","19","20","5","1414","1284","130","2.95","1","0.908","0"
"363","11","11","0","48","15","901","6","8","1","471","423","48","3.20","0","0.898","0"
"199","6","6","0","48","44","2673","27","10","7","1537","1413","124","2.82","2","0.919","0"
"264","8","8","0","48","44","2668","21","17","6","1404","1273","131","2.98","0","0.907","0"
"231","7","7","0","48","44","2651","26","16","2","1385","1264","121","2.75","2","0.913","0"
"298","9","9","0","48","44","2684","25","14","5","1311","1174","137","3.11","0","0.895","0"
"297","6","6","0","48","1","60","1","0","0","18","17","1","1.00","0","0.944","0"
"233","7","7","2","48","9","444","1","6","0","220","194","26","2.89","0","0.882","0"
"199","6","6","0","47","41","2472","13","23","5","1531","1385","146","3.56","2","0.905","0"
"231","7","7","0","47","44","2648","31","11","2","1353","1232","121","2.75","3","0.911","0"
"298","9","9","0","47","44","2658","30","13","1","1353","1243","110","2.50","4","0.919","0"
"264","8","8","0","47","44","2669","24","14","6","1415","1291","124","2.82","1","0.912","0"
"532","13","13","0","47","35","2117","14","17","4","1081","981","100","2.86","2","0.907","0"
"132","4","4","0","47","3","106","1","2","0","52","45","7","2.33","0","0.865","0"
"1","0","0","0","47","45","2645","25","18","1","1325","1201","124","2.76","0","0.906","0"
"101","13","13","0","47","15","898","6","8","1","418","375","43","2.87","2","0.897","0"
"33","1","1","0","47","3","180","0","3","0","110","99","11","3.67","0","0.900","0"
"165","5","5","0","47","44","2676","17","17","10","1504","1371","133","3.02","2","0.912","0"
"67","2","2","0","47","44","2657","16","23","5","1472","1335","137","3.11","3","0.907","0"
"99","3","3","0","47","1","60","1","0","0","29","26","3","3.00","0","0.897","0"
"35","1","1","0","47","3","180","2","1","0","81","72","9","3.00","0","0.889","0"
"133","4","4","0","47","46","2423","22","17","2","1259","1133","126","2.74","1","0.900","0"
"396","12","12","0","47","6","311","4","0","1","159","149","10","1.67","0","0.937","0"
"363","11","11","0","47","27","1618","15","12","0","917","830","87","3.22","1","0.905","0"
"330","10","10","0","47","44","2664","18","22","4","1388","1248","140","3.18","3","0.899","0"
"463","14","14","0","47","44","2661","28","13","3","1287","1162","125","2.84","2","0.903","0"
"2221097","6","6","2","47","12","710","3","7","2","345","308","37","3.08","0","0.893","0"
"2221112","8","8","2","47","9","434","2","4","1","260","234","26","2.89","0","0.900","0"
"2221089","9","9","2","47","10","610","4","4","2","318","294","24","2.40","0","0.925","0"
"2221090","8","8","2","47","7","296","2","3","0","171","149","22","3.14","0","0.871","0"
"2221108","4","4","2","47","1","36","1","0","0","13","13","0","0.00","0","1.000","0"
"2221120","10","10","2","47","1","38","0","0","0","16","15","1","1.00","0","0.938","0"
"2221102","7","7","2","47","12","734","7","5","0","401","357","44","3.67","0","0.890","0"
"2221121","13","13","2","47","1","36","0","1","0","40","37","3","3.00","0","0.925","0"
"2221101","5","5","2","47","12","697","6","3","3","364","325","39","3.25","0","0.893","0"
"5000240","3","3","1","47","13","764","6","6","1","290","258","32","2.46","0","0.890","0"
"5000243","5","5","1","47","5","284","2","3","0","136","115","21","4.20","0","0.846","0"
"5000239","2","2","1","47","13","771","5","8","0","373","334","39","3.00","0","0.895","0"
"2221096","6","6","2","47","1","21","0","0","0","17","17","0","0.00","0","1.000","0"
"2221110","2","2","2","47","1","20","0","0","0","9","7","2","2.00","0","0.778","0"
"2221075","11","11","2","47","1","43","1","0","0","14","13","1","1.00","0","0.929","0"
"5000247","4","4","1","47","22","1109","7","6","3","438","385","53","2.41","1","0.879","0"
"5000250","6","6","1","47","25","1188","6","12","1","528","463","65","2.60","0","0.877","0"
"5000251","4","4","1","47","34","1860","19","11","2","767","701","66","1.94","5","0.914","0"
"5000248","8","8","1","47","44","2574","29","11","3","1061","934","127","2.89","2","0.880","0"
"5000246","0","0","1","47","45","2574","24","16","4","1141","1031","110","2.44","3","0.904","0"
"2221085","5","5","2","47","2","37","0","0","0","23","21","2","1.00","0","0.913","0"
"5000278","5","5","1","47","40","2286","21","10","7","915","824","91","2.28","4","0.901","0"
"1100117","3","3","0","47","44","2672","26","16","2","1496","1349","147","3.34","1","0.902","0"
"1100113","8","8","0","47","6","364","4","2","0","172","156","16","2.67","0","0.907","0"
"1100158","11","11","0","47","23","1402","7","13","3","759","686","73","3.17","1","0.904","0"
"1100172","7","7","0","47","6","364","5","1","0","153","135","18","3.00","0","0.882","0"
"1100175","0","0","0","47","8","369","4","2","0","202","184","18","2.25","0","0.911","0"
"1100169","3","3","0","47","5","298","1","4","0","133","113","20","4.00","0","0.850","0"
"1100157","12","12","0","47","45","2718","20","22","3","1291","1163","128","2.84","3","0.901","0"
"1100177","15","15","0","47","1","10","0","0","0","2","1","1","1.00","0","0.500","0"
"1100167","14","14","0","47","6","359","5","1","0","147","132","15","2.50","0","0.898","0"
"1100183","10","10","0","47","3","180","1","2","0","82","71","11","3.67","0","0.866","0"
"1100186","9","9","0","47","6","362","3","3","0","167","148","19","3.17","0","0.886","0"
"1100192","2","2","0","47","3","183","2","0","1","95","88","7","2.33","1","0.926","0"
"1100145","1","1","0","47","44","2665","22","19","3","1479","1353","126","2.86","4","0.915","0"
"1100184","10","10","0","47","3","189","0","1","2","75","65","10","3.33","0","0.867","0"
"1100187","4","4","0","47","15","492","2","4","0","244","216","28","1.87","0","0.885","0"
"1100183","3","3","1","47","38","2272","24","11","2","881","784","97","2.55","1","0.890","0"
"1100159","5","5","0","47","6","365","2","3","1","205","184","21","3.50","0","0.898","0"
"1100192","9","9","1","47","44","2609","27","11","4","1060","944","116","2.64","4","0.891","0"
"1100166","15","15","0","47","44","2643","23","20","1","1344","1213","131","2.98","1","0.903","0"
"1100195","6","6","0","47","9","548","3","6","0","307","262","45","5.00","0","0.853","0"
"1100196","15","15","0","47","6","364","3","3","0","158","136","22","3.67","0","0.861","0"
"1100196","1","1","1","47","42","2458","21","19","2","1127","983","144","3.43","2","0.872","0"
"1100191","2","2","0","47","3","183","0","2","1","104","89","15","5.00","0","0.856","0"
"1100285","1","1","1","47","1","34","0","0","0","9","9","0","0.00","0","1.000","0"
"2000629","12","12","2","47","3","117","0","0","0","68","61","7","2.33","0","0.897","0"
"1100279","8","8","1","47","9","449","4","3","0","200","179","21","2.33","0","0.895","0"
"1100284","7","7","1","47","44","2656","20","20","3","1128","1000","128","2.91","0","0.887","0"
"2000035","13","13","2","47","12","699","4","3","4","389","351","38","3.17","0","0.902","0"
"1100290","4","4","1","47","3","72","0","1","1","29","24","5","1.67","0","0.828","0"
"1100291","6","6","1","47","35","1830","10","18","3","798","698","100","2.86","2","0.875","0"
"1100281","2","2","1","47","37","2231","16","17","4","1016","906","110","2.97","1","0.892","0"
"2000001","1","1","2","47","12","742","8","2","2","386","355","31","2.58","0","0.920","0"
"2000033","10","10","2","47","12","686","4","8","0","440","402","38","3.17","0","0.914","0"
"1100292","1","1","1","47","11","561","1","4","3","245","219","26","2.36","0","0.894","0"
"1100293","0","0","1","47","10","451","1","4","1","220","191","29","2.90","0","0.868","0"
"2000132","14","14","2","47","3","185","2","0","1","72","65","7","2.33","0","0.903","0"
"2000165","4","4","2","47","12","694","9","2","0","352","318","34","2.83","0","0.903","0"
"2000396","12","12","2","47","12","602","2","9","1","395","355","40","3.33","1","0.899","0"
"2000231","2","2","2","47","12","704","9","3","0","348","320","28","2.33","2","0.920","0"
"2000264","9","9","2","47","2","120","1","1","0","83","74","9","4.50","0","0.892","0"
"1100278","9","9","1","47","8","414","3","4","1","148","121","27","3.38","0","0.818","0"
"2000298","14","14","2","47","9","544","7","2","0","264","245","19","2.11","0","0.928","0"
"2000067","0","0","2","47","12","728","7","4","1","352","324","28","2.33","1","0.920","0"
"2000463","11","11","2","47","12","682","5","4","2","309","282","27","2.25","1","0.913","0"
"2000231","2","2","2","46","12","704","6","4","2","308","282","26","2.17","1","0.916","0"
"1100286","5","5","1","46","3","87","0","0","0","24","21","3","1.00","0","0.875","0"
"2000067","0","0","2","46","12","765","3","2","7","376","350","26","2.17","1","0.931","0"
"2000396","12","12","2","46","12","690","2","6","3","424","384","40","3.33","0","0.906","0"
"1100280","0","0","1","46","14","562","5","3","0","221","199","22","1.57","0","0.900","0"
"1100287","7","7","1","46","23","1355","11","10","2","544","483","61","2.65","1","0.888","0"
"1100281","2","2","1","46","43","2357","19","16","5","966","858","108","2.51","4","0.888","0"
"2000132","14","14","2","46","1","12","0","0","0","16","15","1","1.00","0","0.938","0"
"2000165","4","4","2","46","12","687","8","3","0","304","275","29","2.42","0","0.905","0"
"1100279","2","2","1","46","14","674","4","5","1","287","260","27","1.93","0","0.906","0"
"2000463","11","11","2","46","12","664","7","5","0","324","298","26","2.17","2","0.920","0"
"2000298","14","14","2","46","12","713","6","5","1","343","314","29","2.42","1","0.915","0"
"2000001","1","1","2","46","12","678","7","5","0","323","296","27","2.25","0","0.916","0"
"1100284","7","7","1","46","28","1674","11","14","2","708","630","78","2.79","0","0.890","0"
"2000264","9","9","2","46","12","720","7","4","1","386","346","40","3.33","0","0.896","0"
"2221102","7","7","2","46","12","650","6","5","0","354","313","41","3.42","0","0.884","0"
"2221097","6","6","2","46","12","721","7","5","0","336","309","27","2.25","1","0.920","0"
"2221075","11","11","2","46","2","55","0","0","0","16","15","1","0.50","0","0.938","0"
"5000248","8","8","1","46","45","2420","28","14","1","983","858","125","2.78","1","0.873","0"
"2221114","10","10","2","46","2","81","0","0","0","57","55","2","1.00","0","0.965","0"
"2221116","12","12","2","46","1","38","0","1","0","20","17","3","3.00","0","0.850","0"
"2221110","2","2","2","46","1","20","0","0","0","7","7","0","0.00","0","1.000","0"
"5000251","4","4","1","46","37","2223","21","15","1","931","848","83","2.24","5","0.911","0"
"2221108","4","4","2","46","1","31","1","0","0","17","17","0","0.00","0","1.000","0"
"2221077","13","13","2","46","12","735","11","1","0","432","404","28","2.33","0","0.935","0"
"5000252","3","3","1","46","19","1029","7","10","0","414","369","45","2.37","1","0.891","0"
"2221113","10","10","2","46","12","638","0","11","1","446","390","56","4.67","0","0.874","0"
"2221101","5","5","2","46","12","684","6","6","0","347","315","32","2.67","1","0.908","0"
"5000278","5","5","1","46","38","2073","18","15","4","850","755","95","2.50","1","0.888","0"
"5000246","0","0","1","46","45","2451","21","18","3","1003","897","106","2.36","2","0.894","0"
"5000247","4","4","1","46","14","788","5","6","2","313","279","34","2.43","1","0.891","0"
"5000254","8","8","1","46","7","336","2","2","0","114","104","10","1.43","0","0.912","0"
"2221112","8","8","2","46","4","150","0","1","0","89","77","12","3.00","0","0.865","0"
"2221085","5","5","2","46","1","39","0","0","0","16","15","1","1.00","0","0.938","0"
"2221090","8","8","2","46","12","572","6","4","1","268","235","33","2.75","0","0.877","0"
"5000253","1","1","1","46","40","2341","22","12","4","946","847","99","2.48","2","0.895","0"
"5000250","6","6","1","46","43","2458","15","22","5","1049","926","123","2.86","0","0.883","0"
"2221067","1","1","2","46","1","51","0","0","0","21","20","1","1.00","0","0.952","0"
"1100166","15","15","0","46","44","2678","24","17","3","1413","1273","140","3.18","2","0.901","0"
"1100188","5","5","1","46","17","885","7","4","2","362","323","39","2.29","0","0.892","0"
"1100157","12","12","0","46","44","2660","22","18","4","1283","1166","117","2.66","4","0.909","0"
"1100156","11","11","0","46","8","480","3","5","0","272","241","31","3.88","0","0.886","0"
"1100183","10","10","0","46","3","179","2","1","0","89","81","8","2.67","0","0.910","0"
"1100192","9","9","1","46","44","2565","22","16","5","1037","929","108","2.46","4","0.896","0"
"1100172","7","7","0","46","6","359","1","5","0","166","142","24","4.00","0","0.855","0"
"1100196","1","1","1","46","13","697","10","1","1","222","201","21","1.62","2","0.905","0"
"1100186","9","9","0","46","6","360","4","2","0","151","132","19","3.17","0","0.874","0"
"1100188","14","14","0","46","3","184","1","1","1","93","84","9","3.00","1","0.903","0"
"1100167","6","6","0","46","9","550","7","1","1","321","297","24","2.67","0","0.925","0"
"1100180","14","14","0","46","3","179","0","2","1","97","85","12","4.00","0","0.876","0"
"1100159","13","13","0","46","8","480","1","6","1","233","209","24","3.00","0","0.897","0"
"1100183","3","3","1","46","35","2015","16","11","6","836","756","80","2.29","2","0.904","0"
"1100151","5","5","0","46","9","542","3","5","1","313","284","29","3.22","0","0.907","0"
"1100184","10","10","0","46","3","180","0","3","0","89","77","12","4.00","0","0.865","0"
"1100177","15","15","0","46","6","360","1","5","0","202","171","31","5.17","0","0.847","0"
"1100187","4","4","0","46","15","547","2","6","1","278","246","32","2.13","0","0.885","0"
"1100158","1","1","0","46","32","1952","15","15","2","1085","989","96","3.00","0","0.912","0"
"1100145","1","1","0","46","14","854","8","5","1","454","421","33","2.36","1","0.927","0"
"1100175","0","0","0","46","10","463","4","2","1","199","178","21","2.10","1","0.894","0"
"1100169","3","3","0","46","7","317","3","2","0","160","138","22","3.14","0","0.863","0"
"1100113","8","8","0","46","6","362","2","3","1","197","176","21","3.50","0","0.893","0"
"1100117","3","3","0","46","46","2733","26","16","3","1343","1218","125","2.72","2","0.907","0"
"1100141","11","11","0","46","42","2553","16","19","7","1370","1253","117","2.79","1","0.915","0"
"1100131","6","6","1","46","13","586","3","4","1","204","186","18","1.39","0","0.912","0"
"396","12","12","0","46","6","359","2","4","0","186","157","29","4.83","0","0.844","0"
"395","2","2","0","46","9","474","2","3","1","251","226","25","2.78","0","0.900","0"
"463","14","14","0","46","44","2654","26","16","2","1287","1177","110","2.50","4","0.915","0"
"330","10","10","0","46","44","2681","26","15","3","1435","1293","142","3.23","2","0.901","0"
"532","13","13","0","46","42","2543","24","14","4","1206","1091","115","2.74","2","0.905","0"
"264","8","8","0","46","44","2663","22","18","4","1460","1334","126","2.86","2","0.914","0"
"231","7","7","0","46","44","2663","23","14","7","1336","1196","140","3.18","2","0.895","0"
"199","6","6","0","46","41","2500","18","16","7","1475","1355","120","2.93","3","0.919","0"
"298","9","9","0","46","44","2653","20","19","5","1366","1224","142","3.23","1","0.896","0"
"233","7","7","2","46","2","81","1","0","0","42","41","1","0.50","0","0.976","0"
"165","5","5","0","46","41","2478","15","22","4","1382","1254","128","3.12","0","0.907","0"
"33","1","1","0","46","3","185","1","1","1","96","85","11","3.67","0","0.885","0"
"1","0","0","0","46","45","2572","24","12","7","1259","1147","112","2.49","4","0.911","0"
"133","4","4","0","46","48","2482","27","12","2","1310","1189","121","2.52","3","0.908","0"
"67","2","2","0","46","44","2583","25","14","5","1336","1201","135","3.07","2","0.899","0"
"35","1","1","0","46","1","60","0","1","0","42","38","4","4.00","0","0.905","0"
"67","2","2","0","45","44","2469","18","23","2","1317","1185","132","3.00","2","0.900","0"
"165","5","5","0","45","44","2656","23","19","2","1435","1288","147","3.34","1","0.898","0"
"133","4","4","0","45","18","960","9","6","0","503","458","45","2.50","0","0.911","0"
"532","13","13","0","45","39","2375","19","15","5","1143","1024","119","3.05","0","0.896","0"
"463","9","9","0","45","6","362","3","1","2","158","140","18","3.00","0","0.886","0"
"330","10","10","0","45","44","2661","23","17","4","1308","1175","133","3.02","1","0.898","0"
"395","2","2","0","45","11","537","3","4","0","276","253","23","2.09","0","0.917","0"
"199","6","6","0","45","37","2231","13","22","2","1268","1148","120","3.24","1","0.905","0"
"231","7","7","0","45","44","2661","27","15","2","1413","1274","139","3.16","0","0.902","0"
"264","8","8","0","45","41","2478","17","22","2","1277","1154","123","3.00","3","0.904","0"
"298","9","9","0","45","44","2664","38","5","1","1290","1201","89","2.02","3","0.931","0"
"1100131","6","6","1","45","11","464","4","2","0","171","155","16","1.46","0","0.906","0"
"1100113","8","8","0","45","9","537","5","4","0","260","239","21","2.33","2","0.919","0"
"1100117","3","3","0","45","44","2661","22","19","3","1343","1213","130","2.95","2","0.903","0"
"1100141","11","11","0","45","44","2672","21","17","6","1406","1279","127","2.89","2","0.910","0"
"2221102","7","7","2","45","5","304","2","3","0","167","148","19","3.80","0","0.886","0"
"5000252","3","3","1","45","16","740","6","4","0","293","258","35","2.19","0","0.881","0"
"2221077","13","13","2","45","10","604","2","7","1","296","262","34","3.40","0","0.885","0"
"2221106","6","6","2","45","1","38","0","1","0","19","15","4","4.00","0","0.789","0"
"5000254","8","8","1","45","11","571","6","3","0","247","224","23","2.09","0","0.907","0"
"5000255","7","7","1","45","44","2564","27","14","2","1115","1000","115","2.61","3","0.897","0"
"5000253","1","1","1","45","46","2650","26","16","3","1147","1014","133","2.89","0","0.884","0"
"2221101","5","5","2","45","9","540","5","3","1","272","245","27","3.00","1","0.901","0"
"5000246","0","0","1","45","42","2443","24","12","4","933","838","95","2.26","3","0.898","0"
"2221085","5","5","2","45","1","60","0","1","0","34","29","5","5.00","0","0.853","0"
"2221090","8","8","2","45","10","602","1","8","1","373","335","38","3.80","0","0.898","0"
"2221075","11","11","2","45","10","611","8","1","1","293","268","25","2.50","0","0.915","0"
"5000277","9","9","1","45","44","2482","25","16","1","966","854","112","2.55","3","0.884","0"
"2221097","6","6","2","45","10","566","6","3","0","288","264","24","2.40","1","0.917","0"
"5000256","8","8","1","45","34","1893","18","13","1","820","733","87","2.56","1","0.894","0"
"5000250","6","6","1","45","45","2571","18","21","5","1061","936","125","2.78","2","0.882","0"
"5000251","4","4","1","45","43","2507","13","27","3","1151","1016","135","3.14","0","0.883","0"
"2221084","4","4","2","45","10","581","6","4","0","333","300","33","3.30","0","0.901","0"
"5000278","5","5","1","45","25","1361","9","12","1","582","519","63","2.52","0","0.892","0"
"5000248","8","8","1","45","10","543","4","5","0","218","191","27","2.70","1","0.876","0"
"2000231","2","2","2","45","10","600","8","2","0","299","277","22","2.20","2","0.926","0"
"2000264","9","9","2","45","10","613","4","5","1","374","341","33","3.30","0","0.912","0"
"1100283","4","4","1","45","10","498","2","5","0","210","178","32","3.20","0","0.848","0"
"1100281","2","2","1","45","42","2362","11","24","6","1048","917","131","3.12","0","0.875","0"
"2000298","14","14","2","45","10","607","4","4","2","342","315","27","2.70","1","0.921","0"
"1100284","7","7","1","45","10","466","4","3","0","179","150","29","2.90","0","0.838","0"
"1100285","1","1","1","45","9","370","4","1","0","149","129","20","2.22","0","0.866","0"
"2000165","4","4","2","45","1","27","0","0","0","12","10","2","2.00","0","0.833","0"
"2000001","1","1","2","45","10","512","4","4","1","256","226","30","3.00","0","0.883","0"
"1100279","2","2","1","45","14","663","5","3","1","265","246","19","1.36","2","0.928","0"
"1100278","0","0","1","45","11","586","6","4","0","221","197","24","2.18","0","0.891","0"
"2000067","0","0","2","45","10","599","7","2","1","304","277","27","2.70","1","0.911","0"
"1100166","15","15","0","45","43","2557","27","12","3","1349","1241","108","2.51","2","0.920","0"
"1100158","4","4","0","45","36","2062","13","18","4","1150","1041","109","3.03","1","0.905","0"
"1100159","13","13","0","45","11","672","5","5","1","373","335","38","3.45","0","0.898","0"
"1100169","3","3","0","45","6","370","2","3","1","167","143","24","4.00","0","0.856","0"
"1100156","11","11","0","45","6","370","2","2","2","172","150","22","3.67","0","0.872","0"
"1100175","0","0","0","45","16","663","3","4","1","329","298","31","1.94","0","0.906","0"
"1100176","12","12","0","45","6","357","1","5","0","237","214","23","3.83","0","0.903","0"
"1100177","15","15","0","45","8","451","5","3","0","214","186","28","3.50","0","0.869","0"
"1100152","0","0","0","45","43","2354","17","22","3","1175","1042","133","3.09","3","0.887","0"
"1100192","9","9","1","45","13","551","4","3","1","221","193","28","2.15","0","0.873","0"
"1100157","12","12","0","45","44","2649","17","25","2","1393","1257","136","3.09","1","0.902","0"
"1100188","5","5","1","45","30","1659","11","16","1","767","675","92","3.07","3","0.880","0"
"1100180","10","10","0","45","6","364","4","2","0","164","146","18","3.00","1","0.890","0"
"1100183","3","3","1","45","42","2288","23","13","4","929","815","114","2.71","1","0.877","0"
"1100151","5","5","0","45","6","359","3","3","0","176","160","16","2.67","0","0.909","0"
"1100167","6","6","0","45","13","780","7","6","0","419","385","34","2.62","0","0.919","0"
"1100172","7","7","0","45","6","366","3","1","2","139","118","21","3.50","0","0.849","0"
"2221062","7","7","2","45","5","300","3","2","0","202","186","16","3.20","0","0.921","0"
"2221067","1","1","2","45","2","94","0","0","1","56","53","3","1.50","0","0.946","0"
"2221062","7","7","2","44","10","569","6","3","0","309","287","22","2.20","1","0.929","0"
"2221067","1","1","2","44","10","578","3","5","2","306","272","34","3.40","0","0.889","0"
"5000277","9","9","1","44","44","2506","24","15","4","1092","973","119","2.71","4","0.891","0"
"5000256","8","8","1","44","43","2363","24","12","4","1026","916","110","2.56","1","0.893","0"
"5000276","6","6","1","44","43","2342","22","17","1","1097","986","111","2.58","3","0.899","0"
"5000257","3","3","1","44","44","2434","22","16","5","1074","943","131","2.98","2","0.878","0"
"5000255","7","7","1","44","44","2675","29","9","6","1228","1110","118","2.68","2","0.904","0"
"2221075","11","11","2","44","10","607","6","3","1","312","286","26","2.60","0","0.917","0"
"2221077","13","13","2","44","10","610","6","2","2","332","313","19","1.90","1","0.943","0"
"2221102","7","7","2","44","1","31","0","1","0","16","13","3","3.00","0","0.813","0"
"2221085","5","5","2","44","5","307","3","1","1","125","110","15","3.00","0","0.880","0"
"2221105","8","8","2","44","2","76","0","0","0","30","26","4","2.00","0","0.867","0"
"2221097","6","6","2","44","10","609","6","4","0","327","297","30","3.00","0","0.908","0"
"2221084","4","4","2","44","10","575","5","3","1","279","254","25","2.50","0","0.910","0"
"2221089","9","9","2","44","5","212","0","2","0","130","115","15","3.00","0","0.885","0"
"2221090","8","8","2","44","10","528","4","6","0","265","234","31","3.10","0","0.883","0"
"2221101","5","5","2","44","5","304","2","2","1","165","150","15","3.00","0","0.909","0"
"5000253","1","1","1","44","19","950","4","12","2","552","472","80","4.21","0","0.855","0"
"1100117","3","3","0","44","44","2651","29","13","2","1329","1238","91","2.07","3","0.932","0"
"1100136","10","10","0","44","6","361","4","2","0","181","157","24","4.00","0","0.867","0"
"1100116","5","5","0","44","44","2674","19","20","5","1434","1294","140","3.18","2","0.902","0"
"1100113","8","8","0","44","17","1035","11","5","1","491","454","37","2.18","3","0.925","0"
"1100142","4","4","0","44","6","235","0","1","1","133","121","12","2.00","0","0.910","0"
"1100131","6","6","1","44","15","693","2","5","3","307","270","37","2.47","0","0.879","0"
"1100141","11","11","0","44","44","2680","24","14","6","1305","1187","118","2.68","2","0.910","0"
"1100172","8","8","1","44","15","676","4","3","3","292","261","31","2.07","0","0.894","0"
"1100144","6","6","0","44","34","2061","11","20","3","1154","1030","124","3.65","0","0.893","0"
"1100172","7","7","0","44","6","364","4","2","0","141","126","15","2.50","0","0.894","0"
"1100175","0","0","0","44","8","387","2","4","0","183","158","25","3.13","0","0.863","0"
"1100159","13","13","0","44","6","361","4","2","0","187","171","16","2.67","0","0.914","0"
"1100180","2","2","1","44","14","699","7","5","1","357","320","37","2.64","0","0.896","0"
"1100164","3","3","1","44","15","591","5","2","0","262","231","31","2.07","1","0.882","0"
"1100151","5","5","0","44","6","359","1","5","0","199","181","18","3.00","0","0.910","0"
"1100152","0","0","0","44","46","2630","17","22","5","1424","1277","147","3.20","2","0.897","0"
"1100157","12","12","0","44","44","2662","12","26","6","1662","1513","149","3.39","1","0.910","0"
"1100166","15","15","0","44","43","2591","23","19","1","1468","1347","121","2.81","2","0.918","0"
"1100176","12","12","0","44","6","366","1","4","1","228","206","22","3.67","0","0.904","0"
"1100158","4","4","0","44","44","2552","18","21","5","1552","1422","130","2.95","1","0.916","0"
"1100169","3","3","0","44","6","360","4","2","0","170","151","19","3.17","0","0.888","0"
"1100177","15","15","0","44","7","425","5","2","0","214","193","21","3.00","0","0.902","0"
"1100156","11","11","0","44","6","370","5","1","0","179","168","11","1.83","0","0.939","0"
"1100277","1","1","1","44","18","822","1","10","1","437","380","57","3.17","0","0.870","0"
"2000264","9","9","2","44","8","392","2","6","0","228","201","27","3.38","0","0.882","0"
"2000298","14","14","2","44","10","615","3","4","3","274","242","32","3.20","0","0.883","0"
"2000165","4","4","2","44","1","33","0","1","0","19","14","5","5.00","0","0.737","0"
"1100275","0","0","1","44","3","65","0","0","0","33","28","5","1.67","0","0.848","0"
"2000001","1","1","2","44","1","34","0","0","0","8","8","0","0.00","0","1.000","0"
"1100279","2","2","1","44","36","2120","17","16","2","880","783","97","2.69","0","0.890","0"
"2000067","0","0","2","44","10","553","4","4","1","300","271","29","2.90","0","0.903","0"
"1100280","9","9","1","44","4","119","0","1","0","47","43","4","1.00","0","0.915","0"
"1100274","0","0","1","44","15","734","3","7","1","352","312","40","2.67","0","0.886","0"
"1100278","0","0","1","44","40","2293","20","14","5","1015","881","134","3.35","0","0.868","0"
"2000199","0","0","2","44","2","58","1","0","0","21","20","1","0.50","0","0.952","0"
"1100271","7","7","1","44","6","360","3","3","0","180","163","17","2.83","0","0.906","0"
"2000231","2","2","2","44","10","600","9","1","0","289","263","26","2.60","0","0.910","0"
"298","9","9","0","44","44","2675","29","11","4","1312","1197","115","2.61","4","0.912","0"
"264","8","8","0","44","33","2001","17","13","3","1031","944","87","2.64","1","0.916","0"
"231","7","7","0","44","44","2666","25","12","7","1304","1186","118","2.68","0","0.910","0"
"199","6","6","0","44","16","968","6","9","1","549","494","55","3.44","0","0.900","0"
"532","13","13","0","44","44","2672","26","14","4","1315","1187","128","2.91","1","0.903","0"
"133","4","4","0","44","4","234","0","4","0","108","95","13","3.25","0","0.880","0"
"67","2","2","0","44","44","2508","21","17","5","1237","1124","113","2.57","5","0.909","0"
"463","9","9","0","44","6","360","6","0","0","149","137","12","2.00","0","0.919","0"
"395","2","2","0","44","11","525","4","2","1","277","252","25","2.27","1","0.910","0"
"330","10","10","0","44","44","2693","22","19","3","1424","1290","134","3.05","1","0.906","0"
"463","9","9","0","43","6","364","3","2","1","123","107","16","2.67","0","0.870","0"
"395","2","2","0","43","15","624","4","1","1","298","271","27","1.80","0","0.909","0"
"330","10","10","0","43","44","2647","22","21","1","1303","1176","127","2.89","0","0.903","0"
"532","13","13","0","43","42","2541","25","16","1","1385","1254","131","3.12","2","0.905","0"
"199","6","6","0","43","4","239","3","1","0","122","112","10","2.50","0","0.918","0"
"298","9","9","0","43","14","843","2","11","1","438","387","51","3.64","0","0.900","0"
"231","7","7","0","43","44","2660","22","19","3","1325","1194","131","2.98","3","0.901","0"
"133","6","6","0","43","3","180","1","2","0","88","77","11","3.67","0","0.875","0"
"67","2","2","0","43","44","2392","26","17","1","1082","969","113","2.57","4","0.896","0"
"1100276","8","8","1","43","11","521","5","2","0","224","204","20","1.82","0","0.911","0"
"1100277","9","9","1","43","11","561","6","2","0","224","205","19","1.73","1","0.915","0"
"1100271","7","7","1","43","7","377","2","4","0","162","144","18","2.57","1","0.889","0"
"1100273","6","6","1","43","10","466","2","3","2","200","176","24","2.40","0","0.880","0"
"1100275","0","0","1","43","10","282","1","0","1","115","108","7","0.70","0","0.939","0"
"1100274","0","0","1","43","22","1030","8","11","0","483","423","60","2.73","0","0.876","0"
"2000298","14","14","2","43","10","610","5","4","1","350","316","34","3.40","1","0.903","0"
"2000199","0","0","2","43","2","84","0","1","0","42","38","4","2.00","0","0.905","0"
"2000165","4","4","2","43","1","15","0","0","0","6","6","0","0.00","0","1.000","0"
"2000001","1","1","2","43","2","57","0","0","0","22","21","1","0.50","0","0.955","0"
"2000231","2","2","2","43","10","610","9","0","1","278","260","18","1.80","2","0.935","0"
"2000067","0","0","2","43","10","521","4","4","1","225","200","25","2.50","1","0.889","0"
"5000257","3","3","1","43","43","2458","31","9","1","1011","909","102","2.37","5","0.899","0"
"5000258","1","1","1","43","46","2682","20","24","2","1198","1079","119","2.59","3","0.901","0"
"5000276","6","6","1","43","45","2584","24","17","2","1131","1004","127","2.82","2","0.888","0"
"2221097","6","6","2","43","10","592","3","7","0","332","305","27","2.70","0","0.919","0"
"2221094","13","13","2","43","1","50","0","0","0","24","22","2","2.00","0","0.917","0"
"2221085","5","5","2","43","2","72","0","1","0","38","34","4","2.00","0","0.895","0"
"5000277","9","9","1","43","42","2452","17","22","3","1096","969","127","3.02","1","0.884","0"
"2221101","5","5","2","43","10","538","4","3","2","246","211","35","3.50","0","0.858","0"
"5000259","2","2","1","43","45","2541","17","19","8","1034","899","135","3.00","3","0.869","0"
"5000255","7","7","1","43","45","2640","24","18","2","1108","996","112","2.49","1","0.899","0"
"2221075","11","11","2","43","10","604","4","5","1","303","276","27","2.70","0","0.911","0"
"2221089","9","9","2","43","10","609","3","6","1","332","301","31","3.10","1","0.907","0"
"5000256","8","8","1","43","44","2523","22","15","6","1023","901","122","2.77","1","0.881","0"
"2221084","4","4","2","43","10","599","6","3","1","286","259","27","2.70","0","0.906","0"
"2221102","7","7","2","43","1","25","0","0","0","11","9","2","2.00","0","0.818","0"
"2221077","13","13","2","43","10","554","2","7","1","307","276","31","3.10","0","0.899","0"
"2221090","8","8","2","43","10","605","8","1","1","273","253","20","2.00","1","0.927","0"
"2221062","7","7","2","43","10","590","7","3","0","339","314","25","2.50","1","0.926","0"
"2221067","1","1","2","43","10","552","5","5","0","290","256","34","3.40","0","0.883","0"
"1100180","2","2","1","43","13","514","2","3","1","209","189","20","1.54","0","0.904","0"
"1100167","5","5","0","43","6","365","3","2","1","156","143","13","2.17","1","0.917","0"
"1100164","3","3","1","43","11","571","3","4","2","227","200","27","2.46","0","0.881","0"
"1100149","12","12","0","43","7","424","2","4","1","247","222","25","3.57","0","0.899","0"
"1100161","7","7","0","43","6","359","1","5","0","177","156","21","3.50","0","0.881","0"
"1100163","15","15","0","43","7","429","3","4","0","241","214","27","3.86","0","0.888","0"
"1100166","15","15","0","43","43","2606","22","18","3","1376","1239","137","3.19","1","0.900","0"
"1100144","6","6","0","43","43","2597","24","15","4","1330","1196","134","3.12","1","0.899","0"
"1100184","1","1","1","43","36","1974","16","15","2","965","856","109","3.03","2","0.887","0"
"1100169","3","3","0","43","5","309","1","2","2","186","165","21","4.20","0","0.887","0"
"1100157","12","12","0","43","43","2612","15","20","8","1617","1459","158","3.67","1","0.902","0"
"1100171","4","4","0","43","6","370","1","4","1","221","193","28","4.67","0","0.873","0"
"1100172","0","0","0","43","6","301","4","1","0","145","129","16","2.67","0","0.890","0"
"1100156","11","11","0","43","6","358","4","2","0","153","137","16","2.67","0","0.895","0"
"1100158","4","4","0","43","44","2665","19","21","4","1509","1370","139","3.16","0","0.908","0"
"1100152","0","0","0","43","45","2713","22","18","5","1427","1292","135","3.00","2","0.905","0"
"1100151","8","8","0","43","6","360","6","0","0","143","132","11","1.83","0","0.923","0"
"1100159","13","13","0","43","8","484","3","4","1","259","236","23","2.88","1","0.911","0"
"1100116","5","5","0","43","44","2653","18","23","3","1354","1213","141","3.20","3","0.896","0"
"1100136","10","10","0","43","6","365","6","0","0","185","173","12","2.00","0","0.935","0"
"1100117","3","3","0","43","10","610","5","3","2","310","282","28","2.80","0","0.904","0"
"1100113","8","8","0","43","44","2652","21","21","2","1314","1176","138","3.14","3","0.895","0"
"1100141","11","11","0","43","44","2656","30","12","2","1309","1186","123","2.80","1","0.906","0"
"1100136","10","10","0","42","6","363","3","2","1","165","149","16","2.67","0","0.903","0"
"1100113","8","8","0","42","44","2662","24","15","5","1334","1206","128","2.91","4","0.904","0"
"1100117","9","9","0","42","44","2662","28","12","4","1325","1201","124","2.82","2","0.906","0"
"1100141","11","11","0","42","44","2656","21","19","4","1314","1186","128","2.91","1","0.903","0"
"1100142","0","0","0","42","1","60","1","0","0","34","32","2","2.00","0","0.941","0"
"1100135","9","9","0","42","6","365","2","3","1","185","159","26","4.33","0","0.859","0"
"1100122","2","2","0","42","44","2620","26","12","5","1303","1174","129","2.93","1","0.901","0"
"1100116","5","5","0","42","44","2679","23","15","6","1452","1309","143","3.25","1","0.902","0"
"2221089","9","9","2","42","10","604","5","5","0","330","301","29","2.90","0","0.912","0"
"5000277","9","9","1","42","45","2622","18","23","3","1068","950","118","2.62","1","0.890","0"
"2221090","8","8","2","42","10","602","6","2","2","361","338","23","2.30","2","0.936","0"
"5000260","2","2","1","42","43","2374","17","24","2","925","808","117","2.72","1","0.874","0"
"5000276","6","6","1","42","41","2397","17","14","8","1112","993","119","2.90","1","0.893","0"
"5000259","1","1","1","42","40","2327","29","8","2","902","805","97","2.43","0","0.892","0"
"2221075","11","11","2","42","10","603","4","5","1","304","269","35","3.50","0","0.885","0"
"5000256","8","8","1","42","2","125","1","1","0","56","49","7","3.50","0","0.875","0"
"5000255","7","7","1","42","45","2556","19","17","7","1087","977","110","2.44","5","0.899","0"
"2221084","4","4","2","42","10","611","7","2","1","292","267","25","2.50","0","0.914","0"
"2221077","13","13","2","42","10","605","4","5","1","372","338","34","3.40","0","0.909","0"
"5000257","3","3","1","42","16","888","8","5","1","342","304","38","2.38","2","0.889","0"
"2221098","14","14","2","42","1","22","0","0","0","22","21","1","1.00","0","0.955","0"
"2221082","6","6","2","42","1","22","0","0","0","7","6","1","1.00","0","0.857","0"
"5000258","0","0","1","42","44","2357","18","17","5","1102","974","128","2.91","1","0.884","0"
"2221097","6","6","2","42","10","588","4","4","2","322","292","30","3.00","0","0.907","0"
"2221085","5","5","2","42","10","604","6","4","0","295","273","22","2.20","1","0.925","0"
"1100274","0","0","1","42","16","677","5","5","0","272","239","33","2.06","1","0.879","0"
"2000199","0","0","2","42","7","375","2","2","1","190","172","18","2.57","0","0.905","0"
"2000298","14","14","2","42","10","592","7","2","1","281","260","21","2.10","0","0.925","0"
"1100270","9","9","1","42","10","407","3","2","1","161","145","16","1.60","0","0.901","0"
"2000231","2","2","2","42","10","614","6","3","1","296","270","26","2.60","0","0.912","0"
"1100273","6","6","1","42","14","665","7","4","0","255","229","26","1.86","0","0.898","0"
"2000067","0","0","2","42","5","229","2","3","0","89","76","13","2.60","0","0.854","0"
"1100271","7","7","1","42","11","484","2","3","2","188","163","25","2.27","0","0.867","0"
"1100164","0","0","0","42","5","163","1","2","0","92","81","11","2.20","0","0.880","0"
"1100164","3","3","1","42","35","2108","28","6","1","866","782","84","2.40","3","0.903","0"
"1100171","4","4","0","42","6","359","2","4","0","226","207","19","3.17","0","0.916","0"
"1100180","2","2","1","42","15","670","3","2","2","326","296","30","2.00","0","0.908","0"
"1100165","12","12","0","42","8","484","2","5","1","281","246","35","4.38","0","0.875","0"
"1100177","1","1","1","42","14","717","6","5","0","281","245","36","2.57","1","0.872","0"
"1100167","5","5","0","42","6","369","3","2","1","178","161","17","2.83","0","0.904","0"
"1100172","8","8","1","42","22","1145","7","7","2","479","426","53","2.41","0","0.889","0"
"1100187","8","8","1","42","34","1773","12","16","4","715","620","95","2.79","1","0.867","0"
"1100151","8","8","0","42","6","367","5","0","1","189","178","11","1.83","1","0.942","0"
"1100169","3","3","0","42","6","367","0","3","3","200","176","24","4.00","0","0.880","0"
"1100166","15","15","0","42","44","2667","24","16","4","1399","1260","139","3.16","3","0.901","0"
"1100163","15","15","0","42","6","362","3","3","0","191","168","23","3.83","0","0.880","0"
"1100157","12","12","0","42","42","2538","18","21","3","1447","1304","143","3.40","1","0.901","0"
"1100144","6","6","0","42","44","2677","21","19","4","1433","1297","136","3.09","0","0.905","0"
"1100152","0","0","0","42","47","2789","25","18","3","1456","1339","117","2.49","4","0.920","0"
"1100156","11","11","0","42","6","360","4","2","0","180","164","16","2.67","1","0.911","0"
"1100158","4","4","0","42","44","2669","11","28","5","1600","1435","165","3.75","1","0.897","0"
"1100159","13","13","0","42","8","485","5","3","0","274","243","31","3.88","0","0.887","0"
"1100161","7","7","0","42","6","374","2","2","2","199","172","27","4.50","0","0.864","0"
"2221070","7","7","2","42","10","608","3","5","2","326","296","30","3.00","0","0.908","0"
"2221067","1","1","2","42","10","606","4","4","2","328","299","29","2.90","0","0.912","0"
"133","6","6","0","42","3","179","0","3","0","88","76","12","4.00","0","0.864","0"
"395","2","2","0","42","8","426","4","1","2","215","195","20","2.50","1","0.907","0"
"330","10","10","0","42","44","2667","21","21","2","1359","1219","140","3.18","0","0.897","0"
"532","13","13","0","42","42","2543","23","19","0","1381","1245","136","3.24","2","0.902","0"
"231","7","7","0","42","44","2672","24","15","5","1358","1238","120","2.73","1","0.912","0"
"298","3","3","0","42","44","2638","23","20","1","1450","1308","142","3.23","1","0.902","0"
"199","6","6","0","42","3","186","1","1","1","91","80","11","3.67","0","0.879","0"
"231","7","7","0","41","44","2664","24","16","4","1412","1285","127","2.89","1","0.910","0"
"298","3","3","0","41","33","1987","15","17","1","1098","978","120","3.64","1","0.891","0"
"395","2","2","0","41","6","364","5","1","0","181","170","11","1.83","1","0.939","0"
"532","13","13","0","41","40","2431","26","10","4","1263","1141","122","3.05","1","0.903","0"
"2221067","1","1","2","41","10","604","7","3","0","312","285","27","2.70","1","0.913","0"
"2221070","7","7","2","41","10","583","6","3","1","291","268","23","2.30","0","0.921","0"
"2221062","7","7","2","41","1","36","0","0","0","28","27","1","1.00","0","0.964","0"
"2221022","9","9","2","41","1","13","0","0","0","6","6","0","0.00","0","1.000","0"
"5000259","1","1","1","41","46","2560","23","13","7","963","844","119","2.59","3","0.876","0"
"5000276","6","6","1","41","10","440","3","3","2","178","157","21","2.10","1","0.882","0"
"5000261","7","7","1","41","43","2441","22","17","2","1082","966","116","2.70","3","0.893","0"
"5000258","0","0","1","41","45","2638","22","20","2","1208","1088","120","2.67","2","0.901","0"
"2221089","9","9","2","41","10","598","1","5","4","286","248","38","3.80","0","0.867","0"
"2221075","11","11","2","41","10","616","6","2","2","304","278","26","2.60","0","0.914","0"
"2221082","6","6","2","41","10","541","2","7","1","308","269","39","3.90","0","0.873","0"
"2221084","4","4","2","41","10","602","3","6","1","316","288","28","2.80","0","0.911","0"
"2221072","5","5","2","41","10","604","4","5","1","277","253","24","2.40","0","0.913","0"
"2221087","2","2","2","41","10","600","8","2","0","301","278","23","2.30","0","0.924","0"
"2221077","13","13","2","41","10","572","6","3","1","321","296","25","2.50","0","0.922","0"
"2221090","8","8","2","41","10","610","6","3","1","335","305","30","3.00","0","0.910","0"
"2221096","6","6","2","41","2","64","0","0","0","39","34","5","2.50","0","0.872","0"
"2221094","13","13","2","41","1","33","0","0","0","18","16","2","2.00","0","0.889","0"
"5000260","2","2","1","41","18","779","3","7","1","370","326","44","2.44","0","0.881","0"
"2221092","0","0","2","41","10","538","7","3","0","248","221","27","2.70","0","0.891","0"
"2221091","14","14","2","41","1","29","0","0","0","9","8","1","1.00","0","0.889","0"
"1100141","11","11","0","41","44","2651","31","9","4","1255","1143","112","2.55","3","0.911","0"
"1100116","5","5","0","41","44","2669","20","19","5","1272","1134","138","3.14","1","0.892","0"
"1100136","10","10","0","41","6","364","3","2","1","170","152","18","3.00","0","0.894","0"
"1100121","15","15","0","41","19","1144","5","13","1","663","583","80","4.21","0","0.879","0"
"1100135","9","9","0","41","6","365","5","1","0","205","186","19","3.17","0","0.907","0"
"1100122","4","4","0","41","35","2106","15","19","1","1257","1152","105","3.00","3","0.916","0"
"1100117","9","9","0","41","44","2667","27","12","5","1319","1201","118","2.68","2","0.911","0"
"1100113","8","8","0","41","44","2664","25","17","2","1441","1311","130","2.95","3","0.910","0"
"1100120","3","3","0","41","17","1034","6","7","4","576","520","56","3.29","2","0.906","0"
"1100158","4","4","0","41","15","925","7","5","3","549","488","61","4.07","0","0.889","0"
"1100167","3","3","1","41","38","2124","22","12","2","862","759","103","2.71","1","0.881","0"
"1100159","13","13","0","41","10","600","7","3","0","308","281","27","2.70","0","0.912","0"
"1100143","5","5","0","41","6","360","4","2","0","184","165","19","3.17","1","0.897","0"
"1100157","12","12","0","41","44","2665","12","28","4","1528","1360","168","3.82","0","0.890","0"
"1100175","8","8","1","41","3","140","1","0","1","53","47","6","2.00","0","0.887","0"
"1100156","11","11","0","41","6","370","5","0","1","147","128","19","3.17","0","0.871","0"
"1100145","2","2","0","41","44","2667","20","18","6","1382","1236","146","3.32","1","0.894","0"
"1100186","0","0","1","41","8","388","1","5","0","176","154","22","2.75","0","0.875","0"
"1100149","15","15","0","41","13","787","6","7","0","453","397","56","4.31","0","0.876","0"
"1100151","8","8","0","41","6","365","4","2","0","170","154","16","2.67","0","0.906","0"
"1100187","8","8","1","41","45","2670","27","13","4","1044","934","110","2.44","0","0.895","0"
"1100152","0","0","0","41","44","2689","24","13","7","1386","1250","136","3.09","4","0.902","0"
"1100154","10","10","0","41","44","2672","24","15","5","1387","1256","131","2.98","2","0.906","0"
"1100144","6","6","0","41","20","1218","7","10","3","694","615","79","3.95","0","0.886","0"
"1100172","8","8","1","41","4","224","2","1","1","60","50","10","2.50","1","0.833","0"
"1100166","9","9","1","41","43","2512","21","18","3","1097","966","131","3.05","0","0.881","0"
"1100160","1","1","1","41","12","480","2","3","2","203","168","35","2.92","0","0.828","0"
"1100161","7","7","0","41","6","368","2","2","2","177","160","17","2.83","0","0.904","0"
"1100166","15","15","0","41","7","428","3","3","1","237","221","16","2.29","0","0.932","0"
"1100163","2","2","1","41","42","2278","10","21","8","1139","1020","119","2.83","1","0.896","0"
"1100165","12","12","0","41","6","365","2","3","1","219","198","21","3.50","0","0.904","0"
"1100164","0","0","0","41","6","360","2","4","0","175","150","25","4.17","0","0.857","0"
"1100163","15","15","0","41","11","668","2","7","2","349","298","51","4.64","0","0.854","0"
"1100271","7","7","1","41","13","591","3","5","1","267","233","34","2.62","0","0.873","0"
"1100272","3","3","1","41","1","41","1","0","0","9","9","0","0.00","0","1.000","0"
"2000298","14","14","2","41","10","573","4","6","0","294","265","29","2.90","0","0.901","0"
"2000199","0","0","2","41","3","68","0","0","0","30","28","2","0.67","0","0.933","0"
"1100270","9","9","1","41","10","457","3","4","0","224","195","29","2.90","0","0.871","0"
"1100268","6","6","1","41","45","2603","26","14","2","1136","1005","131","2.91","0","0.885","0"
"2000298","14","14","2","40","10","619","9","1","0","314","294","20","2.00","2","0.936","0"
"1100269","7","7","1","40","9","413","4","1","1","162","146","16","1.78","0","0.901","0"
"1100268","6","6","1","40","31","1644","12","13","2","723","637","86","2.77","0","0.881","0"
"2000199","0","0","2","40","1","9","0","0","0","7","4","3","3.00","0","0.571","0"
"5000259","1","1","1","40","10","408","3","3","0","155","135","20","2.00","0","0.871","0"
"5000258","0","0","1","40","47","2517","8","32","4","1260","1107","153","3.26","0","0.879","0"
"2221085","5","5","2","40","2","119","1","1","0","46","41","5","2.50","0","0.891","0"
"2221075","11","11","2","40","10","616","5","2","3","322","297","25","2.50","2","0.922","0"
"2221082","6","6","2","40","10","602","2","3","5","320","296","24","2.40","1","0.925","0"
"2221077","13","13","2","40","10","488","2","7","1","279","244","35","3.50","1","0.875","0"
"5000261","7","7","1","40","45","2619","24","17","3","1187","1070","117","2.60","1","0.901","0"
"2221095","6","6","2","40","1","27","0","0","0","15","14","1","1.00","0","0.933","0"
"2221087","2","2","2","40","10","610","6","3","1","283","260","23","2.30","1","0.919","0"
"2221094","13","13","2","40","3","117","0","0","0","72","67","5","1.67","0","0.931","0"
"2221089","9","9","2","40","10","563","4","3","3","300","261","39","3.90","0","0.870","0"
"2221092","0","0","2","40","10","594","5","4","1","248","223","25","2.50","1","0.899","0"
"2221084","4","4","2","40","10","613","5","4","1","332","295","37","3.70","0","0.889","0"
"2221072","5","5","2","40","8","483","6","2","0","205","184","21","2.63","0","0.898","0"
"2221067","1","1","2","40","10","613","7","2","1","357","325","32","3.20","0","0.910","0"
"2221022","9","9","2","40","2","60","0","0","0","27","22","5","2.50","0","0.815","0"
"2221070","7","7","2","40","10","607","7","2","1","313","287","26","2.60","1","0.917","0"
"2221065","8","8","2","40","10","606","1","8","1","313","277","36","3.60","0","0.885","0"
"1100157","6","6","1","40","28","1383","12","9","2","622","546","76","2.71","0","0.878","0"
"1100175","8","8","1","40","8","367","4","2","0","106","94","12","1.50","0","0.887","0"
"1100144","6","6","0","40","44","2663","9","32","3","1737","1561","176","4.00","0","0.899","0"
"1100156","11","11","0","40","6","365","5","1","0","136","123","13","2.17","0","0.904","0"
"1100157","12","12","0","40","6","361","2","4","0","196","176","20","3.33","0","0.898","0"
"1100154","10","10","0","40","42","2571","20","14","8","1300","1178","122","2.90","1","0.906","0"
"1100163","15","15","0","40","7","432","6","1","0","185","161","24","3.43","0","0.870","0"
"1100164","3","3","1","40","7","261","0","5","1","124","107","17","2.43","0","0.863","0"
"1100163","2","2","1","40","44","2384","26","12","3","996","874","122","2.77","4","0.878","0"
"1100186","0","0","1","40","15","511","1","4","1","278","242","36","2.40","0","0.871","0"
"1100146","6","6","0","40","3","179","0","3","0","117","106","11","3.67","0","0.906","0"
"1100150","12","12","0","40","2","120","0","2","0","100","85","15","7.50","0","0.850","0"
"1100151","8","8","0","40","6","364","4","1","1","147","135","12","2.00","0","0.918","0"
"1100187","8","8","1","40","46","2666","26","12","6","1048","935","113","2.46","3","0.892","0"
"1100161","7","7","0","40","6","370","3","2","1","165","142","23","3.83","0","0.861","0"
"1100152","0","0","0","40","44","2662","16","26","2","1374","1248","126","2.86","3","0.908","0"
"1100145","2","2","0","40","44","2689","25","12","7","1288","1179","109","2.48","2","0.915","0"
"1100143","5","5","0","40","6","365","4","2","0","162","147","15","2.50","0","0.907","0"
"1100160","1","1","1","40","45","2602","31","13","0","1000","894","106","2.36","5","0.894","0"
"1100158","4","4","0","40","6","366","2","3","1","222","194","28","4.67","0","0.874","0"
"1100159","13","13","0","40","7","429","3","3","1","219","193","26","3.71","0","0.881","0"
"1100158","9","9","1","40","28","1495","10","13","3","734","662","72","2.57","3","0.902","0"
"1100166","9","9","1","40","28","1564","14","8","2","742","663","79","2.82","1","0.894","0"
"1100160","6","6","0","40","3","185","0","2","1","127","113","14","4.67","0","0.890","0"
"1100167","3","3","1","40","49","2772","23","16","5","1186","1052","134","2.74","2","0.887","0"
"1100169","2","2","1","40","15","613","2","5","1","247","212","35","2.33","0","0.858","0"
"1100117","9","9","0","40","44","2668","25","13","6","1320","1214","106","2.41","2","0.920","0"
"1100116","5","5","0","40","44","2668","23","15","6","1321","1208","113","2.57","6","0.914","0"
"1100135","9","9","0","40","6","369","2","2","2","154","137","17","2.83","1","0.890","0"
"1100120","12","12","0","40","42","2562","19","17","6","1331","1210","121","2.88","3","0.909","0"
"1100142","0","0","0","40","6","358","2","4","0","192","169","23","3.83","0","0.880","0"
"1100121","15","15","0","40","43","2625","26","11","6","1505","1386","119","2.77","6","0.921","0"
"1100136","10","10","0","40","8","483","4","2","2","256","228","28","3.50","0","0.891","0"
"1100113","8","8","0","40","44","2673","27","12","5","1283","1159","124","2.82","4","0.903","0"
"1100141","11","11","0","40","44","2681","27","10","7","1300","1173","127","2.89","1","0.902","0"
"1100122","4","4","0","40","44","2669","22","17","5","1433","1318","115","2.61","2","0.920","0"
"1100087","3","3","0","40","7","420","3","4","0","249","223","26","3.71","1","0.896","0"
"532","13","13","0","40","43","2623","22","15","6","1386","1253","133","3.09","0","0.904","0"
"298","3","3","0","40","43","2621","18","19","6","1631","1470","161","3.74","0","0.901","0"
"231","7","7","0","40","44","2679","28","14","2","1379","1258","121","2.75","1","0.912","0"
"395","2","2","0","40","6","374","3","1","2","123","111","12","2.00","1","0.902","0"
"395","2","2","0","39","6","365","4","1","1","194","177","17","2.83","0","0.912","0"
"532","13","13","0","39","6","366","3","2","1","180","158","22","3.67","0","0.878","0"
"231","7","7","0","39","44","2679","20","17","7","1348","1205","143","3.25","2","0.894","0"
"1100087","3","3","0","39","38","2316","16","19","3","1340","1214","126","3.32","1","0.906","0"
"2221082","6","6","2","39","3","93","0","0","0","42","38","4","1.33","0","0.905","0"
"2221077","13","13","2","39","10","610","3","5","2","388","359","29","2.90","0","0.925","0"
"2221075","11","11","2","39","10","578","6","4","0","304","275","29","2.90","1","0.905","0"
"5000261","7","7","1","39","44","2602","21","18","4","980","873","107","2.43","3","0.891","0"
"5000262","0","0","1","39","44","2415","22","18","4","978","866","112","2.55","5","0.885","0"
"2221072","5","5","2","39","8","470","6","1","1","239","218","21","2.63","1","0.912","0"
"2221071","0","0","2","39","10","586","7","2","0","251","232","19","1.90","0","0.924","0"
"2221083","11","11","2","39","1","22","0","0","0","15","13","2","2.00","0","0.867","0"
"2221086","0","0","2","39","1","17","1","0","0","11","11","0","0.00","0","1.000","0"
"2221084","4","4","2","39","10","546","6","3","0","289","263","26","2.60","0","0.910","0"
"2221087","2","2","2","39","10","597","7","3","0","351","331","20","2.00","1","0.943","0"
"2221085","5","5","2","39","3","139","0","2","0","61","53","8","2.67","0","0.869","0"
"2221089","9","9","2","39","10","568","4","4","1","275","235","40","4.00","0","0.855","0"
"2221091","14","14","2","39","3","183","1","1","1","116","105","11","3.67","0","0.905","0"
"2221090","8","8","2","39","1","32","0","0","0","13","11","2","2.00","0","0.846","0"
"1100268","6","6","1","39","17","829","8","4","1","315","281","34","2.00","1","0.892","0"
"1100262","0","0","1","39","13","605","2","2","2","248","219","29","2.23","0","0.883","0"
"1100269","7","7","1","39","8","427","4","3","0","152","129","23","2.88","0","0.849","0"
"2000298","14","14","2","39","7","434","1","4","2","249","221","28","4.00","0","0.888","0"
"1102373","3","3","1","39","9","424","2","4","0","168","148","20","2.22","0","0.881","0"
"1100113","8","8","0","39","44","2664","27","14","3","1323","1212","111","2.52","3","0.916","0"
"1100108","15","15","0","39","6","363","3","2","1","197","179","18","3.00","0","0.909","0"
"1100122","4","4","0","39","44","2644","18","25","1","1512","1371","141","3.20","2","0.907","0"
"1100128","15","15","0","39","44","2664","21","18","5","1392","1261","131","2.98","1","0.906","0"
"1100142","0","0","0","39","7","418","4","3","0","254","231","23","3.29","0","0.909","0"
"1100116","5","5","0","39","43","2597","23","16","4","1263","1138","125","2.91","1","0.901","0"
"1100134","9","9","0","39","2","118","1","1","0","55","47","8","4.00","0","0.855","0"
"1100117","9","9","0","39","43","2613","24","17","2","1385","1258","127","2.95","0","0.908","0"
"1100120","12","12","0","39","44","2659","21","20","3","1410","1276","134","3.05","0","0.905","0"
"1100133","4","4","0","39","6","360","1","4","1","209","183","26","4.33","0","0.876","0"
"1100126","13","13","0","39","44","2671","22","17","5","1365","1257","108","2.45","4","0.921","0"
"1100135","11","11","0","39","7","419","3","4","0","197","177","20","2.86","0","0.898","0"
"1100136","10","10","0","39","5","310","2","1","2","150","136","14","2.80","0","0.907","0"
"1100141","11","11","0","39","43","2589","28","14","1","1315","1202","113","2.63","3","0.914","0"
"1100121","6","6","0","39","25","1508","8","15","2","844","760","84","3.36","1","0.900","0"
"2221069","6","6","2","39","10","506","4","6","0","279","252","27","2.70","1","0.903","0"
"2221022","9","9","2","39","2","42","0","0","1","18","14","4","2.00","0","0.778","0"
"2221042","4","4","2","39","2","59","0","1","0","44","36","8","4.00","0","0.818","0"
"2221065","8","8","2","39","10","568","3","7","0","347","310","37","3.70","0","0.893","0"
"2221067","1","1","2","39","10","613","4","4","2","326","295","31","3.10","0","0.905","0"
"2221070","7","7","2","39","10","613","7","3","0","328","302","26","2.60","0","0.921","0"
"1100158","9","9","1","39","44","2490","20","21","2","1063","951","112","2.55","0","0.895","0"
"1100175","8","8","1","39","9","443","5","1","1","149","135","14","1.56","0","0.906","0"
"1100187","8","8","1","39","44","2583","29","11","3","941","843","98","2.23","6","0.896","0"
"1100150","12","12","0","39","4","240","3","1","0","126","115","11","2.75","0","0.913","0"
"1100154","10","10","0","39","45","2723","26","14","5","1411","1287","124","2.76","5","0.912","0"
"1100159","2","2","1","39","16","719","1","8","2","322","273","49","3.06","1","0.848","0"
"1100151","8","8","0","39","6","365","6","0","0","191","180","11","1.83","0","0.942","0"
"1100152","0","0","0","39","43","2604","15","22","6","1398","1278","120","2.79","1","0.914","0"
"1100177","1","1","1","39","12","592","4","2","1","186","165","21","1.75","1","0.887","0"
"1100166","9","9","1","39","12","543","2","5","0","258","228","30","2.50","0","0.884","0"
"1100155","7","7","0","39","6","365","4","2","0","202","178","24","4.00","0","0.881","0"
"1100143","5","5","0","39","7","416","2","5","0","191","165","26","3.71","0","0.864","0"
"1100157","12","12","0","39","2","120","1","1","0","71","60","11","5.50","0","0.845","0"
"1100145","2","2","0","39","44","2673","29","11","4","1336","1208","128","2.91","1","0.904","0"
"1100163","2","2","1","39","42","2333","12","20","7","983","870","113","2.69","0","0.885","0"
"1100158","9","9","0","39","5","304","3","2","0","117","104","13","2.60","0","0.889","0"
"1100157","6","6","1","39","38","2198","23","12","2","879","788","91","2.40","4","0.896","0"
"1100156","3","3","0","39","12","726","4","6","2","483","433","50","4.17","0","0.896","0"
"1100167","3","3","1","39","45","2602","25","16","3","1081","952","129","2.87","2","0.881","0"
"1100160","1","1","1","39","44","2447","20","19","4","1015","898","117","2.66","0","0.885","0"
"1100144","6","6","0","39","25","1523","8","15","2","842","760","82","3.28","0","0.903","0"
"1100149","15","15","0","38","7","420","2","5","0","242","216","26","3.71","0","0.893","0"
"1100187","8","8","1","38","18","843","5","5","2","363","319","44","2.44","1","0.879","0"
"1100145","2","2","0","38","44","2666","22","19","3","1510","1369","141","3.20","1","0.907","0"
"1100150","12","12","0","38","8","486","5","2","1","222","198","24","3.00","1","0.892","0"
"1100167","3","3","1","38","37","2067","20","10","3","791","698","93","2.51","1","0.882","0"
"1100152","0","0","0","38","34","2059","12","20","2","1118","1013","105","3.09","0","0.906","0"
"1100149","9","9","1","38","10","447","4","3","0","181","162","19","1.90","0","0.895","0"
"1100159","1","1","1","38","39","2125","13","17","5","928","813","115","2.95","2","0.876","0"
"1100151","8","8","0","38","6","365","4","1","1","174","163","11","1.83","3","0.937","0"
"1100144","8","8","1","38","37","2098","20","15","2","822","719","103","2.78","2","0.875","0"
"1100175","1","1","1","38","3","160","1","0","1","76","68","8","2.67","0","0.895","0"
"1100144","6","6","0","38","6","364","3","2","1","209","189","20","3.33","0","0.904","0"
"1100160","1","1","1","38","39","2294","18","14","6","916","811","105","2.69","2","0.885","0"
"1100154","10","10","0","38","44","2703","28","10","6","1383","1262","121","2.75","6","0.913","0"
"1100143","5","5","0","38","6","364","4","1","1","177","160","17","2.83","0","0.904","0"
"1100157","6","6","1","38","16","767","4","7","1","341","298","43","2.69","0","0.874","0"
"1100156","3","3","1","38","19","988","5","5","7","431","386","45","2.37","2","0.896","0"
"1100177","1","1","1","38","1","17","0","0","0","8","7","1","1.00","0","0.875","0"
"1100158","9","9","1","38","44","2544","22","19","2","1065","946","119","2.71","1","0.888","0"
"2221072","5","5","2","38","6","360","2","3","1","207","187","20","3.33","0","0.903","0"
"5000263","7","7","1","38","44","2593","26","12","4","1041","925","116","2.64","3","0.889","0"
"5000262","0","0","1","38","39","2289","26","12","1","916","811","105","2.69","0","0.885","0"
"2221075","11","11","2","38","10","572","7","1","1","243","220","23","2.30","1","0.905","0"
"2221083","11","11","2","38","1","33","0","1","0","28","23","5","5.00","0","0.821","0"
"2221084","4","4","2","38","10","569","4","3","1","268","234","34","3.40","0","0.873","0"
"2221077","13","13","2","38","10","581","5","5","0","361","329","32","3.20","0","0.911","0"
"2221086","0","0","2","38","2","88","0","1","0","35","33","2","1.00","0","0.943","0"
"2221085","5","5","2","38","4","240","4","0","0","105","92","13","3.25","0","0.876","0"
"2221071","0","0","2","38","10","516","7","2","0","237","213","24","2.40","0","0.899","0"
"5000261","7","7","1","38","5","193","0","3","0","70","57","13","2.60","0","0.814","0"
"2221087","2","2","2","38","10","602","3","6","1","287","260","27","2.70","0","0.906","0"
"1100087","3","3","0","38","42","2546","15","21","6","1455","1304","151","3.60","0","0.896","0"
"1100089","4","4","0","38","6","362","5","1","0","175","162","13","2.17","1","0.926","0"
"2221065","8","8","2","38","10","604","4","5","1","345","314","31","3.10","0","0.910","0"
"2221070","7","7","2","38","10","560","5","2","2","283","260","23","2.30","1","0.919","0"
"2221055","13","13","2","38","1","19","0","0","0","18","17","1","1.00","0","0.944","0"
"2221069","6","6","2","38","10","609","4","6","0","366","337","29","2.90","2","0.921","0"
"2221042","4","4","2","38","2","40","0","2","0","29","24","5","2.50","0","0.828","0"
"2221062","7","7","2","38","1","50","0","1","0","20","19","1","1.00","0","0.950","0"
"2221067","1","1","2","38","10","608","6","4","0","308","279","29","2.90","0","0.906","0"
"2221045","9","9","2","38","10","609","3","6","1","326","292","34","3.40","0","0.896","0"
"1100262","0","0","1","38","10","467","5","1","0","205","183","22","2.20","0","0.893","0"
"1100265","2","2","1","38","10","579","3","6","1","250","218","32","3.20","0","0.872","0"
"2000298","14","14","2","38","10","600","6","3","1","341","312","29","2.90","0","0.915","0"
"1100258","9","9","1","38","6","294","3","1","1","88","76","12","2.00","0","0.864","0"
"1100120","12","12","0","38","42","2557","30","9","3","1333","1231","102","2.43","4","0.923","0"
"1100142","0","0","0","38","16","973","4","11","1","517","454","63","3.94","0","0.878","0"
"1100108","7","7","0","38","6","364","1","4","1","187","164","23","3.83","0","0.877","0"
"1100131","0","0","1","38","44","2476","20","20","3","1046","925","121","2.75","1","0.884","0"
"1100113","8","8","0","38","44","2661","21","20","3","1329","1207","122","2.77","4","0.908","0"
"1100141","11","11","0","38","44","2658","32","9","3","1335","1208","127","2.89","2","0.905","0"
"1100138","3","3","0","38","8","488","1","5","2","298","262","36","4.50","0","0.879","0"
"1100121","9","9","0","38","44","2677","16","22","6","1496","1348","148","3.36","1","0.901","0"
"1100128","15","15","0","38","43","2606","17","22","4","1385","1263","122","2.84","2","0.912","0"
"1100126","13","13","0","38","44","2664","18","22","4","1372","1226","146","3.32","2","0.894","0"
"1100122","4","4","0","38","44","2664","24","16","4","1429","1296","133","3.02","3","0.907","0"
"1100116","5","5","0","38","44","2664","28","13","3","1375","1248","127","2.89","3","0.908","0"
"1100117","6","6","0","38","44","2676","25","14","5","1385","1256","129","2.93","2","0.907","0"
"1100134","9","9","0","38","6","360","3","3","0","192","171","21","3.50","0","0.891","0"
"1100135","11","11","0","38","6","364","3","3","0","170","150","20","3.33","0","0.882","0"
"1100136","10","10","0","38","6","359","3","2","1","156","138","18","3.00","0","0.885","0"
"231","7","7","0","38","44","2658","19","22","3","1376","1250","126","2.86","0","0.908","0"
"395","2","2","0","38","6","363","3","2","1","208","189","19","3.17","0","0.909","0"
"532","13","13","0","38","6","357","2","4","0","188","169","19","3.17","0","0.899","0"
"395","2","2","0","37","34","2044","14","17","3","1119","1011","108","3.18","1","0.903","0"
"231","7","7","0","37","6","364","5","1","0","156","141","15","2.50","0","0.904","0"
"199","7","7","0","37","1","9","0","0","0","7","6","1","1.00","0","0.857","0"
"1100104","7","7","0","37","44","2664","24","15","5","1243","1127","116","2.64","4","0.907","0"
"1100116","5","5","0","37","43","2600","20","21","2","1356","1215","141","3.28","1","0.896","0"
"1100109","13","13","0","37","6","360","2","3","1","169","153","16","2.67","0","0.905","0"
"1100105","10","10","0","37","42","2545","23","14","5","1220","1117","103","2.45","5","0.916","0"
"1100110","12","12","0","37","6","361","0","5","1","165","139","26","4.33","0","0.842","0"
"1100128","15","15","0","37","42","2559","24","14","4","1231","1111","120","2.86","1","0.903","0"
"1100140","9","9","0","37","10","603","3","6","1","342","307","35","3.50","1","0.898","0"
"1100113","8","8","0","37","44","2674","23","15","6","1343","1216","127","2.89","3","0.905","0"
"1100126","13","13","0","37","44","2664","23","17","4","1371","1251","120","2.73","4","0.912","0"
"1100106","11","11","0","37","44","2655","29","14","1","1297","1178","119","2.70","0","0.908","0"
"1100138","3","3","0","37","6","362","2","3","1","182","153","29","4.83","0","0.841","0"
"1100129","10","10","0","37","8","480","5","3","0","252","231","21","2.63","0","0.917","0"
"1100142","4","4","0","37","6","358","2","4","0","142","123","19","3.17","0","0.866","0"
"1100117","6","6","0","37","41","2478","29","9","3","1221","1124","97","2.37","4","0.921","0"
"1100114","0","0","0","37","45","2729","23","20","2","1424","1294","130","2.89","3","0.909","0"
"1100121","9","9","0","37","40","2438","13","21","6","1351","1219","132","3.30","1","0.902","0"
"1100107","0","0","0","37","5","300","2","3","0","172","150","22","4.40","0","0.872","0"
"1100141","0","0","1","37","42","2316","20","13","4","1009","894","115","2.74","2","0.886","0"
"1100122","4","4","0","37","44","2660","20","21","3","1428","1307","121","2.75","1","0.915","0"
"1100131","6","6","1","37","45","2592","25","16","3","1110","996","114","2.53","1","0.897","0"
"1100123","15","15","0","37","8","480","3","5","0","229","198","31","3.88","1","0.865","0"
"1100120","12","12","0","37","44","2652","16","25","3","1529","1411","118","2.68","2","0.923","0"
"1100141","11","11","0","37","6","359","3","3","0","193","174","19","3.17","0","0.902","0"
"5000263","7","7","1","37","44","2537","25","15","4","1029","911","118","2.68","2","0.885","0"
"5000264","9","9","1","37","46","2607","23","16","4","1076","959","117","2.54","3","0.891","0"
"2221072","5","5","2","37","10","607","9","0","1","287","258","29","2.90","1","0.899","0"
"2221075","11","11","2","37","2","73","0","0","1","30","29","1","0.50","0","0.967","0"
"2221074","11","11","2","37","10","531","5","4","0","259","229","30","3.00","1","0.884","0"
"2221087","2","2","2","37","10","603","5","4","1","321","290","31","3.10","1","0.903","0"
"2221079","14","14","2","37","1","41","0","0","0","8","8","0","0.00","0","1.000","0"
"2221077","13","13","2","37","10","527","2","7","0","354","312","42","4.20","0","0.881","0"
"2221082","6","6","2","37","3","79","0","0","0","34","29","5","1.67","0","0.853","0"
"2221078","4","4","2","37","3","61","0","0","0","28","26","2","0.67","0","0.929","0"
"1100143","5","5","0","37","7","424","4","3","0","171","157","14","2.00","0","0.918","0"
"1100156","3","3","1","37","44","2502","15","23","5","1011","896","115","2.61","1","0.886","0"
"1100144","6","6","0","37","6","360","4","2","0","162","149","13","2.17","0","0.920","0"
"1100146","6","6","0","37","3","180","2","1","0","104","94","10","3.33","0","0.904","0"
"1100159","2","2","1","37","16","894","8","5","1","394","353","41","2.56","1","0.896","0"
"1100145","2","2","0","37","16","970","7","7","2","507","456","51","3.19","1","0.899","0"
"1100144","8","8","1","37","41","2366","20","16","4","963","851","112","2.73","2","0.884","0"
"1100145","1","1","1","37","17","945","7","6","2","443","402","41","2.41","1","0.907","0"
"1100152","2","2","1","37","36","2159","24","5","7","821","740","81","2.25","5","0.901","0"
"1100150","3","3","1","37","11","521","1","6","0","228","202","26","2.36","0","0.886","0"
"1100160","1","1","1","37","28","1621","8","15","5","688","606","82","2.93","2","0.881","0"
"1100149","9","9","1","37","10","421","2","5","0","171","147","24","2.40","1","0.860","0"
"1100259","8","8","1","37","3","110","0","0","0","58","53","5","1.67","0","0.914","0"
"1100260","1","1","1","37","10","429","2","4","1","198","175","23","2.30","1","0.884","0"
"1100261","8","8","1","37","14","599","5","4","1","249","222","27","1.93","1","0.892","0"
"1100262","0","0","1","37","16","721","7","6","0","300","262","38","2.38","1","0.873","0"
"1100258","7","7","1","37","10","490","4","1","1","216","198","18","1.80","0","0.917","0"
"1100264","6","6","1","37","9","408","4","2","0","150","137","13","1.44","1","0.913","0"
"1100087","3","3","0","37","44","2648","23","18","3","1352","1215","137","3.11","1","0.899","0"
"1100081","8","8","0","37","6","358","2","4","0","146","131","15","2.50","0","0.897","0"
"2221069","6","6","2","37","10","516","1","9","0","286","255","31","3.10","0","0.892","0"
"2221070","7","7","2","37","10","589","8","2","0","292","260","32","3.20","0","0.890","0"
"2221065","8","8","2","37","10","567","5","5","0","309","278","31","3.10","1","0.900","0"
"2221046","0","0","2","37","1","47","0","1","0","23","19","4","4.00","0","0.826","0"
"2221052","4","4","2","37","10","544","4","5","1","243","212","31","3.10","1","0.872","0"
"2221053","9","9","2","37","10","605","7","2","1","299","271","28","2.80","1","0.906","0"
"2221071","0","0","2","37","10","551","5","4","0","276","251","25","2.50","1","0.909","0"
"2221055","13","13","2","37","2","72","0","1","0","57","55","2","1.00","0","0.965","0"
"2221056","14","14","2","37","10","557","4","6","0","280","249","31","3.10","0","0.889","0"
"2221062","7","7","2","37","1","16","0","0","0","9","7","2","2.00","0","0.778","0"
"2221067","1","1","2","37","10","610","5","3","2","315","286","29","2.90","0","0.908","0"
"2221031","8","8","2","37","1","43","0","0","0","26","25","1","1.00","0","0.962","0"
"2221062","7","7","2","36","1","44","0","1","0","18","16","2","2.00","0","0.889","0"
"2221053","9","9","2","36","10","572","5","3","2","282","252","30","3.00","0","0.894","0"
"2221031","8","8","2","36","10","600","5","5","0","387","354","33","3.30","0","0.915","0"
"2221069","6","6","2","36","10","561","4","5","0","316","283","33","3.30","0","0.896","0"
"2221070","7","7","2","36","10","561","6","2","1","273","251","22","2.20","1","0.919","0"
"2221067","1","1","2","36","10","597","6","3","1","291","256","35","3.50","0","0.880","0"
"2221071","0","0","2","36","10","614","8","1","1","310","290","20","2.00","1","0.935","0"
"2221056","14","14","2","36","10","587","6","1","3","287","258","29","2.90","0","0.899","0"
"2221045","9","9","2","36","1","39","0","0","0","21","20","1","1.00","0","0.952","0"
"2221055","13","13","2","36","4","131","1","1","0","73","69","4","1.00","0","0.945","0"
"2221052","4","4","2","36","10","530","4","3","2","280","246","34","3.40","0","0.879","0"
"2221020","5","5","2","36","1","43","0","0","1","40","37","3","3.00","0","0.925","0"
"2221087","2","2","2","36","10","535","5","4","1","297","271","26","2.60","0","0.912","0"
"2221075","11","11","2","36","2","61","0","0","0","32","30","2","1.00","0","0.938","0"
"2221072","5","5","2","36","10","567","5","3","1","304","272","32","3.20","0","0.895","0"
"2221081","6","6","2","36","2","43","0","1","0","28","21","7","3.50","0","0.750","0"
"2221074","11","11","2","36","10","543","4","6","0","284","251","33","3.30","0","0.884","0"
"2221079","14","14","2","36","1","24","0","0","0","10","10","0","0.00","0","1.000","0"
"2221077","13","13","2","36","10","469","1","7","0","287","254","33","3.30","1","0.885","0"
"2221078","4","4","2","36","2","77","0","0","1","38","35","3","1.50","0","0.921","0"
"5000264","9","9","1","36","44","2442","16","24","4","1134","1011","123","2.80","1","0.892","0"
"2221076","1","1","2","36","1","13","0","0","0","6","6","0","0.00","0","1.000","0"
"5000263","7","7","1","36","46","2664","20","17","6","1095","985","110","2.39","3","0.900","0"
"1100126","13","13","0","36","44","2660","21","19","4","1360","1241","119","2.70","2","0.913","0"
"1100113","8","8","0","36","6","360","4","2","0","179","165","14","2.33","1","0.922","0"
"1100122","4","4","0","36","41","2478","21","18","2","1378","1255","123","3.00","2","0.911","0"
"1100123","15","15","0","36","6","360","4","2","0","190","171","19","3.17","0","0.900","0"
"1100121","6","6","0","36","2","120","0","1","1","72","64","8","4.00","0","0.913","0"
"1100120","12","12","0","36","43","2610","13","26","4","1485","1348","137","3.19","1","0.908","0"
"1100117","6","6","0","36","41","2495","24","11","6","1342","1221","121","2.95","1","0.910","0"
"1100116","5","5","0","36","44","2655","24","14","6","1271","1156","115","2.61","1","0.910","0"
"1100114","0","0","0","36","44","2671","27","14","3","1361","1236","125","2.84","2","0.908","0"
"1100128","15","15","0","36","44","2671","25","14","5","1268","1150","118","2.68","0","0.907","0"
"1100110","12","12","0","36","7","420","1","6","0","247","210","37","5.29","0","0.850","0"
"1100136","10","10","0","36","5","299","0","5","0","167","147","20","4.00","0","0.880","0"
"1100140","3","3","1","36","43","2484","23","16","4","911","797","114","2.65","3","0.875","0"
"1100109","9","9","0","36","9","549","2","6","1","344","307","37","4.11","0","0.899","0"
"1100107","0","0","0","36","6","362","1","5","0","192","157","35","5.83","0","0.818","0"
"1100139","4","4","0","36","9","542","3","6","0","295","261","34","3.78","0","0.885","0"
"1100137","5","5","0","36","6","369","2","3","1","193","163","30","5.00","0","0.845","0"
"1100104","7","7","0","36","44","2644","23","20","1","1237","1108","129","2.93","4","0.896","0"
"1100138","3","3","0","36","6","364","2","3","1","180","162","18","3.00","1","0.900","0"
"1100134","9","9","0","36","2","120","1","1","0","68","62","6","3.00","0","0.912","0"
"1100135","11","11","0","36","6","361","3","3","0","197","170","27","4.50","0","0.863","0"
"1100141","0","0","1","36","44","2512","23","16","4","1077","965","112","2.55","3","0.896","0"
"1100105","10","10","0","36","45","2739","26","12","7","1324","1215","109","2.42","4","0.918","0"
"1100106","11","11","0","36","44","2680","27","13","4","1303","1180","123","2.80","0","0.906","0"
"1100127","2","2","0","36","6","359","3","3","0","190","168","22","3.67","0","0.884","0"
"1100131","6","6","1","36","45","2572","24","18","1","996","886","110","2.44","4","0.890","0"
"1100079","7","7","0","36","6","365","4","2","0","189","173","16","2.67","0","0.915","0"
"1100087","3","3","0","36","44","2683","24","15","5","1357","1227","130","2.95","3","0.904","0"
"1100089","13","13","0","36","6","358","3","3","0","156","142","14","2.33","1","0.910","0"
"1100081","8","8","0","36","44","2668","27","13","4","1245","1129","116","2.64","6","0.907","0"
"1100142","9","9","1","36","15","589","2","2","2","260","230","30","2.00","0","0.885","0"
"1100253","7","7","1","36","9","384","2","5","0","140","117","23","2.56","0","0.836","0"
"1100143","1","1","1","36","13","603","6","3","0","240","215","25","1.92","1","0.896","0"
"1100144","8","8","1","36","41","2435","21","14","5","856","756","100","2.44","4","0.883","0"
"1100159","2","2","1","36","9","491","5","3","0","195","166","29","3.22","0","0.851","0"
"1100145","1","1","1","36","42","2409","17","22","2","949","851","98","2.33","4","0.897","0"
"1100156","3","3","1","36","12","548","6","1","0","191","172","19","1.58","0","0.901","0"
"1100161","0","0","1","36","11","517","3","3","1","196","176","20","1.82","0","0.898","0"
"1100152","2","2","1","36","43","2527","23","15","4","1012","913","99","2.30","5","0.902","0"
"2000231","2","2","2","36","2","66","0","0","0","41","37","4","2.00","0","0.902","0"
"1100259","6","6","1","36","10","460","3","2","2","169","147","22","2.20","0","0.870","0"
"1100261","8","8","1","36","12","602","6","4","0","210","185","25","2.08","0","0.881","0"
"395","2","2","0","36","44","2668","15","23","6","1396","1247","149","3.39","1","0.893","0"
"395","2","2","0","35","7","418","1","6","0","210","183","27","3.86","0","0.871","0"
"1100259","6","6","1","35","3","109","0","0","0","42","38","4","1.33","0","0.905","0"
"1100262","2","2","1","35","15","642","1","6","1","297","263","34","2.27","0","0.886","0"
"1100261","8","8","1","35","12","659","5","2","3","245","221","24","2.00","1","0.902","0"
"1100260","1","1","1","35","12","608","5","4","1","233","206","27","2.25","0","0.884","0"
"1100258","3","3","1","35","9","425","2","3","1","182","162","20","2.22","0","0.890","0"
"2221087","2","2","2","35","10","618","5","3","2","323","294","29","2.90","0","0.910","0"
"2221076","1","1","2","35","1","40","0","0","0","29","26","3","3.00","0","0.897","0"
"2221074","11","11","2","35","10","618","7","2","1","286","252","34","3.40","0","0.881","0"
"5000263","7","7","1","35","45","2558","20","20","3","1071","953","118","2.62","1","0.890","0"
"2221072","5","5","2","35","10","572","4","4","1","314","285","29","2.90","1","0.908","0"
"2221077","13","13","2","35","9","536","3","4","2","312","287","25","2.78","0","0.920","0"
"2221046","0","0","2","35","1","47","1","0","0","24","23","1","1.00","0","0.958","0"
"2221031","8","8","2","35","10","578","6","3","1","322","287","35","3.50","0","0.891","0"
"2221069","6","6","2","35","5","305","1","4","0","165","148","17","3.40","0","0.897","0"
"2221067","1","1","2","35","10","569","2","6","2","267","236","31","3.10","0","0.884","0"
"2221053","9","9","2","35","10","610","5","3","2","291","266","25","2.50","1","0.914","0"
"2221054","6","6","2","35","5","312","2","1","2","171","155","16","3.20","0","0.906","0"
"2221062","7","7","2","35","1","32","0","0","0","13","11","2","2.00","0","0.846","0"
"2221020","5","5","2","35","1","34","0","0","1","19","18","1","1.00","0","0.947","0"
"2221065","8","8","2","35","1","37","0","0","0","13","12","1","1.00","0","0.923","0"
"2221056","14","14","2","35","10","609","6","3","1","312","281","31","3.10","0","0.901","0"
"2221071","0","0","2","35","10","563","7","1","1","251","228","23","2.30","2","0.908","0"
"2221055","13","13","2","35","2","79","0","1","0","63","53","10","5.00","0","0.841","0"
"2221070","7","7","2","35","10","586","5","1","4","291","266","25","2.50","0","0.914","0"
"2221052","4","4","2","35","10","615","6","3","1","320","291","29","2.90","0","0.909","0"
"1100255","6","6","1","35","8","402","1","5","0","177","156","21","2.63","0","0.881","0"
"1100143","1","1","1","35","42","2418","19","19","2","985","886","99","2.36","1","0.899","0"
"1100142","9","9","1","35","9","463","2","2","2","180","162","18","2.00","0","0.900","0"
"1100152","2","2","1","35","45","2370","18","24","0","1108","982","126","2.80","1","0.886","0"
"1100151","9","9","1","35","44","2601","20","18","6","1041","923","118","2.68","1","0.887","0"
"1100107","0","0","0","35","6","360","3","3","0","196","168","28","4.67","0","0.857","0"
"1100114","0","0","0","35","44","2677","18","17","9","1316","1196","120","2.73","3","0.909","0"
"1100108","2","2","0","35","42","2546","16","23","3","1450","1314","136","3.24","0","0.906","0"
"1100123","15","15","0","35","6","364","2","3","1","193","172","21","3.50","0","0.891","0"
"1100104","7","7","0","35","47","2849","25","17","5","1447","1314","133","2.83","4","0.908","0"
"1100122","4","4","0","35","44","2676","21","17","6","1393","1256","137","3.11","4","0.902","0"
"1100135","7","7","1","35","11","456","2","5","0","186","162","24","2.18","0","0.871","0"
"1100132","8","8","1","35","41","2382","29","11","0","909","820","89","2.17","5","0.902","0"
"1100116","5","5","0","35","44","2662","26","14","4","1269","1150","119","2.70","3","0.906","0"
"1100133","6","6","0","35","3","185","0","2","1","93","84","9","3.00","0","0.903","0"
"1100117","6","6","0","35","40","2410","17","21","2","1236","1117","119","2.98","3","0.904","0"
"1100106","11","11","0","35","44","2670","26","17","1","1413","1282","131","2.98","2","0.907","0"
"1100105","10","10","0","35","44","2667","20","21","3","1428","1294","134","3.05","2","0.906","0"
"1100131","5","5","0","35","6","370","4","2","0","185","170","15","2.50","0","0.919","0"
"1100131","6","6","1","35","45","2504","22","19","3","1046","934","112","2.49","1","0.893","0"
"1100141","0","0","1","35","45","2579","20","20","4","1072","966","106","2.36","4","0.901","0"
"1100128","15","15","0","35","44","2665","24","16","4","1341","1210","131","2.98","2","0.902","0"
"1100134","9","9","0","35","6","360","2","4","0","209","184","25","4.17","0","0.880","0"
"1100113","8","8","0","35","6","365","6","0","0","164","150","14","2.33","1","0.915","0"
"1100109","9","9","0","35","44","2666","17","22","5","1369","1242","127","2.89","1","0.907","0"
"1100120","3","3","0","35","44","2665","24","16","4","1424","1289","135","3.07","2","0.905","0"
"1100126","13","13","0","35","43","2595","24","16","3","1298","1185","113","2.63","0","0.913","0"
"1100127","2","2","0","35","1","60","1","0","0","30","26","4","4.00","0","0.867","0"
"1100129","12","12","0","35","39","2358","24","12","3","1091","1004","87","2.23","4","0.920","0"
"1100124","11","11","0","35","6","360","2","4","0","198","173","25","4.17","0","0.874","0"
"1100130","10","10","0","35","6","359","1","5","0","194","164","30","5.00","0","0.845","0"
"1100121","4","4","0","35","6","359","1","5","0","200","175","25","4.17","0","0.890","0"
"1100140","3","3","1","35","45","2598","30","12","2","1001","909","92","2.04","7","0.908","0"
"1100139","0","0","1","35","9","444","4","2","0","171","153","18","2.00","0","0.895","0"
"1100081","8","8","0","35","44","2660","30","12","2","1179","1079","100","2.27","4","0.915","0"
"1100089","13","13","0","35","7","424","4","2","1","223","204","19","2.71","0","0.915","0"
"1100087","3","3","0","35","6","369","4","1","1","169","161","8","1.33","2","0.918","0"
"1100079","7","7","0","35","3","178","0","3","0","93","84","9","3.00","0","0.903","0"
"1100081","8","8","0","34","44","2672","23","16","5","1222","1099","123","2.80","1","0.899","0"
"1100098","5","5","0","34","6","368","4","0","2","180","166","14","2.33","0","0.922","0"
"1100087","12","12","0","34","44","2668","26","16","2","1382","1269","113","2.57","2","0.918","0"
"1100099","3","3","0","34","7","425","5","2","0","178","163","15","2.14","2","0.916","0"
"1100079","7","7","0","34","6","367","2","3","1","199","185","14","2.33","1","0.930","0"
"1100090","6","6","0","34","6","369","3","2","1","237","223","14","2.33","0","0.941","0"
"1100089","13","13","0","34","6","375","4","0","2","169","154","15","2.50","0","0.911","0"
"2221072","5","5","2","34","1","33","0","0","0","11","11","0","0.00","0","1.000","0"
"2221074","11","11","2","34","10","577","5","3","2","273","249","24","2.40","0","0.912","0"
"2221087","2","2","2","34","10","605","4","5","1","298","272","26","2.60","1","0.913","0"
"2221075","11","11","2","34","1","33","0","0","0","14","13","1","1.00","0","0.929","0"
"1100299","3","3","1","34","26","1359","9","13","2","616","544","72","2.77","0","0.883","0"
"1100139","0","0","1","34","9","451","3","2","1","177","159","18","2.00","0","0.898","0"
"1100119","2","2","0","34","44","2672","19","18","7","1375","1241","134","3.05","1","0.903","0"
"1100117","6","6","0","34","44","2700","18","16","10","1375","1259","116","2.64","3","0.916","0"
"1100104","7","7","0","34","44","2670","19","22","3","1229","1103","126","2.86","2","0.897","0"
"1100121","4","4","0","34","6","359","5","1","0","175","161","14","2.33","1","0.920","0"
"1100140","3","3","1","34","31","1656","11","14","1","754","669","85","2.74","1","0.887","0"
"1100105","10","10","0","34","44","2679","24","15","5","1467","1334","133","3.02","2","0.909","0"
"1100136","8","8","1","34","8","427","6","0","0","139","126","13","1.63","1","0.906","0"
"1100100","15","15","0","34","6","365","3","3","0","185","161","24","4.00","0","0.870","0"
"1100141","0","0","1","34","44","2585","22","19","3","1075","957","118","2.68","0","0.890","0"
"1100120","3","3","0","34","43","2619","20","18","5","1426","1287","139","3.23","2","0.903","0"
"1100109","9","9","0","34","44","2688","20","18","6","1382","1255","127","2.89","1","0.908","0"
"1100132","8","8","1","34","44","2449","29","12","2","958","844","114","2.59","1","0.881","0"
"1100131","6","6","1","34","10","538","4","4","0","224","204","20","2.00","1","0.911","0"
"1100114","0","0","0","34","44","2660","16","24","4","1484","1338","146","3.32","2","0.902","0"
"1100108","2","2","0","34","6","363","0","5","1","197","175","22","3.67","0","0.888","0"
"1100123","10","10","0","34","6","360","1","4","1","211","186","25","4.17","0","0.882","0"
"1100129","12","12","0","34","6","370","4","0","2","186","175","11","1.83","1","0.941","0"
"1100113","8","8","0","34","6","365","3","3","0","200","179","21","3.50","0","0.895","0"
"1100125","7","7","1","34","15","836","9","4","2","344","304","40","2.67","1","0.884","0"
"1100116","5","5","0","34","44","2689","29","12","3","1345","1211","134","3.05","2","0.900","0"
"1100107","0","0","0","34","6","365","1","4","1","205","185","20","3.33","0","0.902","0"
"1100128","15","15","0","34","44","2683","24","15","5","1344","1210","134","3.05","0","0.900","0"
"1100106","11","11","0","34","44","2676","23","14","7","1257","1120","137","3.11","1","0.891","0"
"1100126","13","13","0","34","44","2691","26","12","6","1336","1226","110","2.50","5","0.918","0"
"1100112","9","9","0","34","6","365","1","5","0","214","187","27","4.50","0","0.874","0"
"1100135","7","7","1","34","28","1533","14","10","2","618","548","70","2.50","2","0.887","0"
"1100122","4","4","0","34","44","2667","24","18","2","1380","1238","142","3.23","1","0.897","0"
"1100124","11","11","0","34","6","364","3","2","1","170","152","18","3.00","0","0.894","0"
"2221020","5","5","2","34","10","569","5","4","1","288","258","30","3.00","0","0.896","0"
"2221052","4","4","2","34","10","613","4","4","2","305","276","29","2.90","0","0.905","0"
"2221067","1","1","2","34","10","575","2","8","0","285","250","35","3.50","0","0.877","0"
"2221046","0","0","2","34","2","59","0","1","0","31","28","3","1.50","0","0.903","0"
"2221031","8","8","2","34","10","606","5","3","2","330","301","29","2.90","1","0.912","0"
"2221071","0","0","2","34","10","556","5","2","2","252","225","27","2.70","1","0.893","0"
"2221070","7","7","2","34","10","601","6","4","0","318","290","28","2.80","0","0.912","0"
"2221045","9","9","2","34","1","33","0","1","0","15","14","1","1.00","0","0.933","0"
"2221066","1","1","2","34","1","23","0","0","0","18","17","1","1.00","0","0.944","0"
"2221055","13","13","2","34","10","600","7","3","0","342","316","26","2.60","1","0.924","0"
"2221056","14","14","2","34","10","607","6","4","0","308","279","29","2.90","1","0.906","0"
"2221054","6","6","2","34","10","597","6","4","0","335","312","23","2.30","0","0.931","0"
"2221053","9","9","2","34","10","582","5","2","2","272","249","23","2.30","0","0.915","0"
"1100143","1","1","1","34","44","2569","19","16","8","1102","988","114","2.59","2","0.897","0"
"1100256","1","1","1","34","10","483","4","1","2","170","153","17","1.70","0","0.900","0"
"1100151","9","9","1","34","45","2617","29","14","1","1034","926","108","2.40","1","0.896","0"
"1100155","2","2","1","34","16","698","5","6","1","337","304","33","2.06","0","0.902","0"
"1100257","9","9","1","34","8","386","2","4","0","175","156","19","2.38","0","0.891","0"
"1100152","2","2","1","34","42","2324","9","26","3","1130","990","140","3.33","0","0.876","0"
"1100255","6","6","1","34","42","2495","22","15","5","1077","964","113","2.69","0","0.895","0"
"1100161","6","6","1","33","3","59","0","0","0","21","19","2","0.67","0","0.905","0"
"1100250","8","8","1","33","12","541","2","4","1","195","172","23","1.92","0","0.882","0"
"1100248","2","2","1","33","37","2117","26","4","4","799","729","70","1.89","2","0.912","0"
"1100255","6","6","1","33","24","1406","11","9","4","552","486","66","2.75","0","0.880","0"
"1100254","3","3","1","33","10","439","1","4","0","199","175","24","2.40","0","0.879","0"
"1100171","2","2","1","33","17","927","5","8","3","382","336","46","2.71","0","0.880","0"
"1100151","9","9","1","33","45","2589","27","10","5","1000","902","98","2.18","0","0.902","0"
"1100155","7","7","1","33","15","776","7","6","0","304","272","32","2.13","0","0.895","0"
"1100143","1","1","1","33","45","2697","28","11","5","1033","933","100","2.22","4","0.903","0"
"2221073","13","13","2","33","2","69","0","0","0","31","28","3","1.50","0","0.903","0"
"2221087","2","2","2","33","10","607","4","6","0","335","302","33","3.30","0","0.901","0"
"1100099","12","12","0","33","9","554","5","3","1","245","220","25","2.78","1","0.898","0"
"1100079","7","7","0","33","6","361","3","3","0","159","148","11","1.83","1","0.931","0"
"1100087","3","3","0","33","39","2392","19","12","8","1128","1023","105","2.69","2","0.907","0"
"1100090","6","6","0","33","6","369","3","2","1","168","155","13","2.17","1","0.923","0"
"1100098","5","5","0","33","9","548","7","2","0","223","200","23","2.56","0","0.897","0"
"1100089","13","13","0","33","7","425","4","3","0","212","194","18","2.57","1","0.915","0"
"1100081","8","8","0","33","44","2669","26","13","5","1137","1023","114","2.59","4","0.900","0"
"2221066","1","1","2","33","1","19","0","0","0","10","9","1","1.00","0","0.900","0"
"2221046","0","0","2","33","1","49","0","1","0","13","12","1","1.00","0","0.923","0"
"2221020","5","5","2","33","10","609","4","6","0","310","282","28","2.80","0","0.910","0"
"2221071","0","0","2","33","10","549","7","2","0","263","239","24","2.40","1","0.909","0"
"2221055","13","13","2","33","10","545","3","5","2","308","280","28","2.80","1","0.909","0"
"2221064","11","11","2","33","5","299","4","1","0","127","118","9","1.80","1","0.929","0"
"2221054","6","6","2","33","10","602","3","7","0","312","286","26","2.60","0","0.917","0"
"2221062","7","7","2","33","9","473","4","5","0","238","212","26","2.89","0","0.891","0"
"2221031","8","8","2","33","10","605","7","3","0","334","314","20","2.00","3","0.940","0"
"2221070","7","7","2","33","3","129","0","0","1","69","65","4","1.33","0","0.942","0"
"2221041","11","11","2","33","5","300","2","3","0","151","137","14","2.80","0","0.907","0"
"2221045","9","9","2","33","2","59","0","0","0","35","33","2","1.00","0","0.943","0"
"2221056","14","14","2","33","10","564","5","3","1","298","267","31","3.10","0","0.896","0"
"2221038","14","14","2","33","2","40","1","0","0","19","19","0","0.00","0","1.000","0"
"2221067","1","1","2","33","10","586","6","3","1","296","266","30","3.00","0","0.899","0"
"2221052","4","4","2","33","10","599","7","3","0","338","312","26","2.60","1","0.923","0"
"2221053","9","9","2","33","10","551","3","5","2","304","268","36","3.60","0","0.882","0"
"1100299","3","3","1","33","46","2569","12","29","4","1193","1066","127","2.76","0","0.894","0"
"1100121","4","4","0","33","6","358","4","2","0","197","182","15","2.50","0","0.924","0"
"1100129","12","12","0","33","41","2495","15","21","5","1316","1182","134","3.27","1","0.898","0"
"1100128","15","15","0","33","6","358","3","3","0","179","158","21","3.50","1","0.883","0"
"1100126","13","13","0","33","43","2614","25","13","5","1247","1121","126","2.93","4","0.899","0"
"1100127","2","2","0","33","2","120","1","1","0","65","57","8","4.00","0","0.877","0"
"1100122","4","4","0","33","44","2668","18","20","6","1302","1164","138","3.14","1","0.894","0"
"1100125","0","0","1","33","45","2539","29","12","2","1009","911","98","2.18","2","0.903","0"
"1100140","9","9","1","33","2","120","2","0","0","48","44","4","2.00","0","0.917","0"
"1100135","7","7","1","33","39","2248","16","18","3","891","793","98","2.51","3","0.890","0"
"1100136","1","1","1","33","6","342","3","3","0","122","109","13","2.17","1","0.893","0"
"1100132","8","8","1","33","44","2489","16","21","6","972","853","119","2.71","2","0.878","0"
"1100137","6","6","1","33","29","1568","12","12","2","592","515","77","2.66","1","0.870","0"
"1100123","10","10","0","33","6","365","1","4","1","191","169","22","3.67","0","0.885","0"
"1100139","0","0","1","33","12","499","3","3","1","206","183","23","1.92","0","0.888","0"
"1100124","11","11","0","33","6","358","2","4","0","166","145","21","3.50","0","0.873","0"
"1100125","2","2","0","33","5","304","0","4","1","140","119","21","4.20","0","0.850","0"
"1100120","3","3","0","33","11","676","3","5","3","327","301","26","2.36","0","0.920","0"
"1100114","0","0","0","33","44","2652","21","21","2","1356","1230","126","2.86","3","0.907","0"
"1100105","10","10","0","33","44","2658","19","22","3","1408","1290","118","2.68","2","0.916","0"
"1100104","7","7","0","33","44","2684","25","15","4","1120","1025","95","2.16","2","0.915","0"
"1100117","6","6","0","33","44","2658","25","16","3","1249","1130","119","2.70","4","0.905","0"
"1100107","0","0","0","33","6","359","3","3","0","183","156","27","4.50","0","0.852","0"
"1100116","5","5","0","33","41","2480","25","13","3","1170","1068","102","2.49","4","0.913","0"
"1100109","9","9","0","33","44","2654","25","15","4","1222","1103","119","2.70","2","0.903","0"
"1100100","15","15","0","33","44","2678","15","23","6","1320","1188","132","3.00","1","0.900","0"
"1100112","9","9","0","33","6","365","5","1","0","170","154","16","2.67","0","0.906","0"
"1100119","2","2","0","33","43","2610","19","19","5","1322","1189","133","3.09","3","0.899","0"
"1100106","11","11","0","33","44","2679","25","16","3","1277","1143","134","3.05","1","0.895","0"
"1100113","8","8","0","33","6","375","4","1","1","157","139","18","3.00","0","0.885","0"
"1100106","11","11","0","32","42","2560","17","18","7","1227","1096","131","3.12","1","0.893","0"
"1100116","5","5","0","32","44","2665","26","15","3","1276","1171","105","2.39","4","0.918","0"
"1100133","3","3","1","32","36","2005","15","15","3","863","760","103","2.86","1","0.881","0"
"1100117","6","6","0","32","44","2680","25","14","5","1230","1124","106","2.41","1","0.914","0"
"1100109","9","9","0","32","44","2644","29","14","1","1195","1106","89","2.02","8","0.926","0"
"1100126","13","13","0","32","44","2682","35","7","2","1235","1126","109","2.48","3","0.912","0"
"1100113","8","8","0","32","6","361","5","0","1","119","107","12","2.00","1","0.899","0"
"1100127","5","5","0","32","3","180","2","1","0","81","74","7","2.33","0","0.914","0"
"1100124","11","11","0","32","8","484","5","3","0","219","196","23","2.88","0","0.895","0"
"1100128","2","2","1","32","42","2429","31","8","1","936","847","89","2.12","7","0.905","0"
"1100125","0","0","1","32","45","2574","25","14","5","932","831","101","2.24","3","0.892","0"
"1100123","10","10","0","32","6","359","1","5","0","206","179","27","4.50","0","0.869","0"
"1100129","8","8","1","32","45","2510","16","23","5","993","876","117","2.60","1","0.882","0"
"1100122","4","4","0","32","42","2546","25","11","6","1214","1097","117","2.79","2","0.904","0"
"1100135","7","7","1","32","24","1126","8","10","1","482","408","74","3.08","1","0.846","0"
"1100104","7","7","0","32","44","2666","24","16","4","1269","1144","125","2.84","1","0.901","0"
"1100137","6","6","1","32","41","2304","13","23","4","910","804","106","2.59","4","0.884","0"
"1100121","4","4","0","32","8","483","3","4","1","239","216","23","2.88","0","0.904","0"
"1100118","0","0","0","32","9","550","4","3","2","274","246","28","3.11","0","0.898","0"
"1100139","0","0","1","32","12","475","1","5","0","213","191","22","1.83","1","0.897","0"
"1100136","1","1","1","32","17","869","11","1","1","297","270","27","1.59","0","0.909","0"
"1100119","2","2","0","32","19","1155","8","9","2","578","517","61","3.21","1","0.894","0"
"1100100","15","15","0","32","43","2599","26","15","2","1156","1052","104","2.42","4","0.910","0"
"1100114","0","0","0","32","41","2490","17","19","5","1284","1165","119","2.90","3","0.907","0"
"1100112","9","9","0","32","6","359","1","5","0","182","152","30","5.00","0","0.835","0"
"1100120","3","3","0","32","14","853","6","6","2","390","352","38","2.71","0","0.903","0"
"1100105","10","10","0","32","44","2661","22","19","3","1338","1238","100","2.27","4","0.925","0"
"2221072","5","5","2","32","2","80","0","0","0","35","34","1","0.50","0","0.971","0"
"2221087","2","2","2","32","10","603","4","6","0","319","283","36","3.60","0","0.887","0"
"1100165","9","9","1","32","11","538","3","3","1","223","199","24","2.18","0","0.892","0"
"1100250","8","8","1","32","13","527","2","4","0","208","184","24","1.85","0","0.885","0"
"1100151","9","9","1","32","43","2529","22","16","5","1028","915","113","2.63","2","0.890","0"
"1100253","7","7","1","32","25","1188","10","8","1","536","479","57","2.28","0","0.894","0"
"1100254","3","3","1","32","20","1011","6","11","0","465","415","50","2.50","1","0.892","0"
"1100155","7","7","1","32","12","730","7","2","3","279","258","21","1.75","1","0.925","0"
"1100143","1","1","1","32","37","2150","20","15","2","833","728","105","2.84","1","0.874","0"
"1100171","2","2","1","32","11","585","5","5","0","240","209","31","2.82","2","0.871","0"
"1100161","6","6","1","32","16","712","5","5","0","292","264","28","1.75","0","0.904","0"
"1100098","5","5","0","32","3","184","2","0","1","62","55","7","2.33","0","0.911","0"
"1100090","6","6","0","32","6","365","5","1","0","178","166","12","2.00","2","0.933","0"
"1100087","3","3","0","32","36","2192","12","18","6","1095","990","105","2.92","1","0.904","0"
"1100081","8","8","0","32","44","2664","22","18","4","1246","1120","126","2.86","2","0.899","0"
"1100097","15","15","0","32","7","424","2","4","1","215","193","22","3.14","0","0.898","0"
"1100083","12","12","0","32","7","420","0","7","0","246","220","26","3.71","0","0.894","0"
"1100099","12","12","0","32","43","2601","7","33","3","1531","1367","164","3.81","0","0.893","0"
"1100089","13","13","0","32","6","365","3","3","0","185","169","16","2.67","2","0.914","0"
"1100079","7","7","0","32","6","358","2","3","1","157","138","19","3.17","0","0.879","0"
"2221042","4","4","2","32","1","23","0","0","0","13","11","2","2.00","0","0.846","0"
"2221041","11","11","2","32","9","477","6","1","0","216","192","24","2.67","0","0.889","0"
"2221054","6","6","2","32","10","560","3","2","3","247","219","28","2.80","0","0.887","0"
"2221038","14","14","2","32","1","42","0","1","0","30","28","2","2.00","0","0.933","0"
"2221062","7","7","2","32","10","604","1","7","2","352","318","34","3.40","0","0.903","0"
"2221056","14","14","2","32","10","560","2","6","1","307","274","33","3.30","0","0.893","0"
"2221067","1","1","2","32","10","599","8","2","0","281","260","21","2.10","2","0.925","0"
"2221053","9","9","2","32","10","605","7","3","0","255","238","17","1.70","1","0.933","0"
"2221071","0","0","2","32","10","613","8","1","1","305","276","29","2.90","0","0.905","0"
"2221031","8","8","2","32","10","612","7","2","1","348","319","29","2.90","0","0.917","0"
"2221069","6","6","2","32","2","52","0","2","0","30","28","2","1.00","0","0.933","0"
"2221052","4","4","2","32","10","581","5","4","1","250","224","26","2.60","1","0.896","0"
"2221055","13","13","2","32","10","608","6","3","1","281","260","21","2.10","2","0.925","0"
"2221020","5","5","2","32","10","521","3","7","0","257","230","27","2.70","0","0.895","0"
"2221064","11","11","2","32","3","135","0","1","2","59","53","6","2.00","0","0.898","0"
"2221053","9","9","2","31","10","605","6","3","1","262","243","19","1.90","1","0.927","0"
"2221062","7","7","2","31","10","590","6","4","0","297","273","24","2.40","0","0.919","0"
"2221056","14","14","2","31","10","587","6","4","0","262","240","22","2.20","2","0.916","0"
"2221069","6","6","2","31","2","58","0","0","0","27","25","2","1.00","0","0.926","0"
"2221041","11","11","2","31","10","604","7","3","0","246","225","21","2.10","0","0.915","0"
"2221071","0","0","2","31","6","294","3","2","0","127","112","15","2.50","1","0.882","0"
"2221070","7","7","2","31","1","15","0","0","0","6","6","0","0.00","0","1.000","0"
"2221042","4","4","2","31","2","47","0","0","0","22","20","2","1.00","0","0.909","0"
"2221054","6","6","2","31","10","546","6","4","0","250","223","27","2.70","0","0.892","0"
"2221060","13","13","2","31","1","12","0","0","0","4","4","0","0.00","0","1.000","0"
"2221021","5","5","2","31","10","610","5","3","2","354","330","24","2.40","0","0.932","0"
"2221031","8","8","2","31","10","544","5","3","1","270","243","27","2.70","1","0.900","0"
"2221046","0","0","2","31","6","305","3","2","0","144","127","17","2.83","0","0.882","0"
"2221035","2","2","2","31","10","595","2","8","0","320","294","26","2.60","1","0.919","0"
"2221038","14","14","2","31","1","19","0","0","0","11","11","0","0.00","0","1.000","0"
"2221052","4","4","2","31","10","557","3","6","1","253","227","26","2.60","1","0.897","0"
"2221067","1","1","2","31","10","606","4","4","2","301","280","21","2.10","1","0.930","0"
"2221065","8","8","2","31","2","66","0","1","0","28","26","2","1.00","0","0.929","0"
"2221055","13","13","2","31","10","591","4","5","1","264","240","24","2.40","1","0.909","0"
"1100104","7","7","0","31","44","2621","26","16","2","1173","1069","104","2.36","2","0.911","0"
"1100100","4","4","0","31","44","2666","20","21","3","1427","1306","121","2.75","1","0.915","0"
"1100113","8","8","0","31","6","360","2","4","0","151","137","14","2.33","0","0.907","0"
"1100139","0","0","1","31","13","510","1","6","0","212","188","24","1.85","0","0.887","0"
"1100126","3","3","1","31","44","2613","27","15","2","1066","955","111","2.52","5","0.896","0"
"1100112","9","9","0","31","6","360","2","3","1","216","191","25","4.17","0","0.884","0"
"1100111","7","7","1","31","41","2381","17","17","6","1001","892","109","2.66","1","0.891","0"
"1100128","2","2","1","31","28","1533","16","8","2","616","557","59","2.11","4","0.904","0"
"1100106","11","11","0","31","44","2660","11","27","6","1402","1255","147","3.34","2","0.895","0"
"1100105","10","10","0","31","44","2659","26","17","1","1360","1239","121","2.75","3","0.911","0"
"1100107","2","2","0","31","3","185","1","2","0","96","80","16","5.33","0","0.833","0"
"1100136","1","1","1","31","8","409","1","3","2","166","144","22","2.75","0","0.867","0"
"1100133","3","3","1","31","7","377","4","2","0","149","136","13","1.86","0","0.913","0"
"1100108","12","12","0","31","43","2603","18","23","2","1538","1406","132","3.07","0","0.914","0"
"1100109","9","9","0","31","44","2674","26","13","5","1170","1074","96","2.18","6","0.918","0"
"1100137","6","6","1","31","10","471","5","2","0","153","137","16","1.60","1","0.895","0"
"1100129","8","8","1","31","40","2167","15","20","3","909","807","102","2.55","2","0.888","0"
"1100117","6","6","0","31","44","2657","22","18","4","1205","1087","118","2.68","3","0.902","0"
"1100122","4","4","0","31","3","179","0","3","0","92","80","12","4.00","0","0.870","0"
"1100124","11","11","0","31","6","363","2","4","0","172","153","19","3.17","0","0.890","0"
"1100119","2","2","0","31","6","360","2","4","0","193","171","22","3.67","0","0.886","0"
"1100120","3","3","0","31","6","364","5","1","0","156","143","13","2.17","0","0.917","0"
"1100121","6","6","1","31","44","2555","22","18","3","1077","981","96","2.18","4","0.911","0"
"1100123","10","10","0","31","6","359","4","2","0","182","168","14","2.33","1","0.923","0"
"1100122","1","1","1","31","45","2638","29","10","5","958","865","93","2.07","4","0.903","0"
"1100121","4","4","0","31","3","185","0","2","1","77","67","10","3.33","0","0.870","0"
"1100118","13","13","0","31","6","369","3","3","0","204","184","20","3.33","0","0.902","0"
"1100116","5","5","0","31","30","1809","22","6","2","789","718","71","2.37","3","0.910","0"
"1100113","2","2","1","31","26","1492","14","8","2","556","498","58","2.23","5","0.896","0"
"1100125","2","2","0","31","6","374","1","3","2","227","208","19","3.17","0","0.916","0"
"1100119","0","0","1","31","45","2503","19","20","4","1109","999","110","2.44","5","0.901","0"
"1100114","0","0","0","31","44","2669","15","25","4","1363","1232","131","2.98","3","0.904","0"
"1100125","9","9","1","31","42","2414","17","20","5","985","875","110","2.62","1","0.888","0"
"1100097","15","15","0","31","6","360","4","2","0","170","155","15","2.50","1","0.912","0"
"1100090","6","6","0","31","6","365","4","2","0","172","159","13","2.17","1","0.924","0"
"1100087","3","3","0","31","44","2645","27","15","2","1246","1143","103","2.34","6","0.917","0"
"1100089","13","13","0","31","44","2654","24","19","1","1380","1257","123","2.80","2","0.911","0"
"1100079","7","7","0","31","7","388","2","3","1","192","171","21","3.00","0","0.891","0"
"1100099","2","2","0","31","35","2119","10","23","2","1150","1036","114","3.26","3","0.901","0"
"1100083","12","12","0","31","7","424","3","4","0","227","201","26","3.71","0","0.885","0"
"1100098","15","15","0","31","44","2678","26","13","5","1207","1098","109","2.48","3","0.910","0"
"1100080","5","5","0","31","20","1210","10","7","3","566","516","50","2.50","3","0.912","0"
"1100081","8","8","0","31","44","2673","30","12","2","1230","1119","111","2.52","7","0.910","0"
"1100085","0","0","0","31","6","361","2","3","1","181","158","23","3.83","0","0.873","0"
"1100216","9","9","1","31","1","14","1","0","0","2","2","0","0.00","0","1.000","0"
"1100249","9","9","1","31","14","610","4","3","0","245","218","27","1.93","0","0.890","0"
"1100250","8","8","1","31","18","863","4","7","1","338","302","36","2.00","0","0.893","0"
"1100155","7","7","1","31","13","659","4","4","2","254","227","27","2.08","1","0.894","0"
"1100250","8","8","1","30","9","432","3","4","0","152","134","18","2.00","0","0.882","0"
"1100237","6","6","1","30","15","528","1","5","1","255","228","27","1.80","0","0.894","0"
"1100248","1","1","1","30","9","432","2","2","1","191","171","20","2.22","0","0.895","0"
"1100155","7","7","1","30","10","481","5","2","0","174","151","23","2.30","0","0.868","0"
"1100245","3","3","1","30","31","1709","16","11","1","697","622","75","2.42","0","0.892","0"
"2221054","6","6","2","30","10","599","4","6","0","300","272","28","2.80","0","0.907","0"
"2221021","5","5","2","30","10","598","5","5","0","268","237","31","3.10","0","0.884","0"
"2221055","13","13","2","30","10","605","5","4","1","352","317","35","3.50","0","0.901","0"
"2221052","4","4","2","30","10","491","2","6","1","255","222","33","3.30","0","0.871","0"
"2221046","0","0","2","30","10","516","5","4","0","232","206","26","2.60","1","0.888","0"
"2221056","14","14","2","30","10","563","5","3","1","276","246","30","3.00","0","0.891","0"
"2221053","9","9","2","30","10","562","4","6","0","278","252","26","2.60","2","0.906","0"
"2221045","9","9","2","30","1","37","0","0","0","12","12","0","0.00","0","1.000","0"
"2221042","4","4","2","30","3","118","0","1","0","72","67","5","1.67","0","0.931","0"
"2221038","14","14","2","30","2","43","0","1","0","23","21","2","1.00","0","0.913","0"
"2221035","2","2","2","30","10","538","4","6","0","290","260","30","3.00","1","0.897","0"
"2221064","11","11","2","30","1","31","0","0","0","17","17","0","0.00","0","1.000","0"
"2221065","8","8","2","30","2","120","0","2","0","55","48","7","3.50","0","0.873","0"
"2221066","1","1","2","30","1","60","1","0","0","24","23","1","1.00","0","0.958","0"
"2221031","8","8","2","30","8","485","7","0","1","225","202","23","2.88","0","0.898","0"
"2221062","7","7","2","30","1","59","0","1","0","36","34","2","2.00","0","0.944","0"
"2221067","1","1","2","30","9","544","6","2","1","305","283","22","2.44","0","0.928","0"
"2221063","0","0","2","30","3","93","0","0","1","43","37","6","2.00","0","0.860","0"
"2221023","7","7","2","30","9","540","7","2","0","290","269","21","2.33","1","0.928","0"
"2221041","11","11","2","30","10","577","5","3","2","298","270","28","2.80","0","0.906","0"
"1100055","9","9","0","30","9","544","5","4","0","258","233","25","2.78","0","0.903","0"
"2221087","2","2","2","30","2","63","0","0","0","50","46","4","2.00","0","0.920","0"
"1100099","2","2","0","30","30","1808","5","21","4","932","836","96","3.20","0","0.897","0"
"1100089","13","13","0","30","42","2538","19","20","3","1407","1280","127","3.02","1","0.910","0"
"1100088","3","3","0","30","6","360","2","3","1","161","142","19","3.17","0","0.882","0"
"1100098","15","15","0","30","44","2654","27","15","2","1333","1198","135","3.07","1","0.899","0"
"1100080","5","5","0","30","44","2659","26","17","1","1226","1116","110","2.50","3","0.910","0"
"1100087","3","3","0","30","44","2655","23","16","5","1179","1066","113","2.57","7","0.904","0"
"1100097","15","15","0","30","6","369","2","4","0","161","138","23","3.83","0","0.857","0"
"1100085","0","0","0","30","18","1087","4","12","2","670","600","70","3.89","0","0.896","0"
"1100090","6","6","0","30","6","368","4","1","1","153","139","14","2.33","1","0.908","0"
"1100083","12","12","0","30","8","479","1","7","0","290","260","30","3.75","0","0.897","0"
"1100081","8","8","0","30","44","2663","31","12","1","1234","1129","105","2.39","6","0.915","0"
"1100079","7","7","0","30","17","1028","12","3","2","414","384","30","1.76","3","0.928","0"
"1100092","10","10","0","30","7","420","5","2","0","181","164","17","2.43","1","0.906","0"
"1100118","13","13","0","30","8","480","3","5","0","316","282","34","4.25","1","0.892","0"
"1100107","2","2","0","30","20","1211","4","12","4","689","617","72","3.60","1","0.896","0"
"1100129","8","8","1","30","45","2616","23","14","6","1130","1022","108","2.40","4","0.904","0"
"1100113","8","8","0","30","6","364","4","1","1","143","130","13","2.17","1","0.909","0"
"1100124","0","0","1","30","12","466","1","7","0","215","184","31","2.58","0","0.856","0"
"1100126","3","3","1","30","26","1324","11","10","1","581","516","65","2.50","0","0.888","0"
"1100122","1","1","1","30","46","2614","31","11","3","996","882","114","2.48","1","0.886","0"
"1100109","9","9","0","30","41","2489","29","10","2","1233","1131","102","2.49","4","0.917","0"
"1100100","12","12","0","30","42","2534","13","27","2","1518","1386","132","3.14","1","0.913","0"
"1100104","7","7","0","30","33","2017","17","11","5","945","849","96","2.91","1","0.898","0"
"1100116","5","5","0","30","6","359","3","3","0","172","159","13","2.17","2","0.924","0"
"1100120","9","9","1","30","31","1525","14","11","2","593","520","73","2.36","1","0.877","0"
"1100125","9","9","1","30","29","1504","11","10","2","573","496","77","2.66","2","0.866","0"
"1100108","4","4","0","30","25","1506","13","9","3","785","711","74","2.96","0","0.906","0"
"1100115","4","4","0","30","25","1516","17","7","1","806","739","67","2.68","4","0.917","0"
"1100113","2","2","1","30","32","1822","13","14","3","803","711","92","2.88","1","0.885","0"
"1100114","0","0","0","30","32","1924","10","22","0","1038","928","110","3.44","1","0.894","0"
"1100112","11","11","0","30","6","372","3","1","2","193","180","13","2.17","0","0.933","0"
"1100119","0","0","1","30","46","2581","22","14","6","1058","950","108","2.35","1","0.898","0"
"1100121","6","6","1","30","46","2508","16","19","8","1022","904","118","2.57","0","0.885","0"
"1100111","7","7","1","30","45","2557","22","16","5","958","846","112","2.49","3","0.883","0"
"1100105","10","10","0","30","43","2600","29","13","1","1249","1132","117","2.72","4","0.906","0"
"1100128","2","2","1","30","24","1229","9","9","2","440","380","60","2.50","0","0.864","0"
"1100106","11","11","0","30","44","2675","17","18","9","1414","1264","150","3.41","1","0.894","0"
"1100117","6","6","0","30","44","2675","22","17","5","1333","1211","122","2.77","3","0.908","0"
"1100104","9","9","1","29","42","2332","22","16","2","956","848","108","2.57","2","0.887","0"
"1100137","2","2","1","29","11","507","3","4","2","191","163","28","2.55","0","0.853","0"
"1100107","2","2","0","29","8","489","2","5","1","246","220","26","3.25","0","0.894","0"
"1100105","10","10","0","29","44","2654","31","13","0","1260","1155","105","2.39","0","0.917","0"
"1100116","1","1","1","29","44","2619","28","14","1","1107","1006","101","2.30","4","0.909","0"
"1100106","11","11","0","29","44","2660","23","18","3","1405","1274","131","2.98","1","0.907","0"
"1100117","0","0","1","29","43","2536","20","16","7","1011","913","98","2.28","5","0.903","0"
"1100108","4","4","0","29","42","2565","15","19","8","1293","1164","129","3.07","0","0.900","0"
"1100115","6","6","1","29","13","637","3","6","0","272","247","25","1.92","0","0.908","0"
"1100103","11","11","0","29","6","365","4","2","0","177","159","18","3.00","0","0.898","0"
"1100111","7","7","1","29","26","1378","13","7","1","553","485","68","2.62","1","0.877","0"
"1100101","0","0","0","29","50","3013","12","34","4","1813","1624","189","3.78","0","0.896","0"
"1100111","15","15","0","29","6","368","4","1","1","169","155","14","2.33","0","0.917","0"
"1100110","13","13","0","29","6","366","2","4","0","189","159","30","5.00","0","0.841","0"
"1100100","12","12","0","29","44","2665","15","23","6","1546","1407","139","3.16","0","0.910","0"
"1100124","0","0","1","29","10","524","4","2","1","233","212","21","2.10","1","0.910","0"
"1100104","7","7","0","29","6","365","4","2","0","126","111","15","2.50","0","0.881","0"
"1100118","6","6","1","29","42","2385","13","23","5","1052","952","100","2.38","3","0.905","0"
"1100114","8","8","1","29","44","2575","26","12","4","1051","935","116","2.64","2","0.890","0"
"1100113","2","2","1","29","44","2520","20","20","1","1073","955","118","2.68","6","0.890","0"
"1100138","9","9","1","29","6","282","4","0","0","78","70","8","1.33","0","0.897","0"
"1100109","9","9","0","29","12","730","5","4","3","333","300","33","2.75","2","0.901","0"
"1100051","8","8","0","29","6","364","3","2","1","146","131","15","2.50","0","0.897","0"
"1100055","9","9","0","29","38","2300","29","8","1","1007","921","86","2.26","7","0.915","0"
"1100250","8","8","1","29","10","469","5","2","1","192","165","27","2.70","0","0.859","0"
"1100245","3","3","1","29","38","2069","16","15","4","825","732","93","2.45","2","0.887","0"
"1100251","3","3","1","29","19","966","4","9","2","403","357","46","2.42","1","0.886","0"
"1100247","9","9","1","29","9","409","3","2","1","179","166","13","1.44","0","0.927","0"
"1100249","7","7","1","29","30","1674","13","11","5","665","591","74","2.47","0","0.889","0"
"1100248","1","1","1","29","8","420","3","3","1","113","97","16","2.00","0","0.858","0"
"2221023","7","7","2","29","10","609","5","4","1","317","292","25","2.50","0","0.921","0"
"2221035","2","2","2","29","10","569","3","7","0","312","273","39","3.90","0","0.875","0"
"2221054","6","6","2","29","10","610","5","3","2","364","334","30","3.00","0","0.918","0"
"2221017","1","1","2","29","10","604","4","5","1","281","250","31","3.10","0","0.890","0"
"2221053","9","9","2","29","1","11","0","0","0","2","1","1","1.00","0","0.500","0"
"2221031","8","8","2","29","9","493","5","4","0","238","216","22","2.44","2","0.908","0"
"2221055","13","13","2","29","10","543","4","4","1","318","287","31","3.10","0","0.903","0"
"2221021","5","5","2","29","10","574","5","2","2","299","274","25","2.50","0","0.916","0"
"2221052","4","4","2","29","10","600","7","3","0","352","326","26","2.60","0","0.926","0"
"2221046","0","0","2","29","10","563","4","4","2","311","283","28","2.80","0","0.910","0"
"2221045","9","9","2","29","10","594","6","3","1","266","241","25","2.50","0","0.906","0"
"2221060","13","13","2","29","2","59","0","1","0","29","24","5","2.50","0","0.828","0"
"2221057","5","5","2","29","1","40","1","0","0","20","18","2","2.00","0","0.900","0"
"2221041","11","11","2","29","10","608","5","4","1","259","232","27","2.70","1","0.896","0"
"2221058","2","2","2","29","1","30","0","0","0","8","7","1","1.00","0","0.875","0"
"2221059","8","8","2","29","2","110","0","1","0","74","68","6","3.00","0","0.919","0"
"2221056","14","14","2","29","10","611","6","3","1","296","274","22","2.20","0","0.926","0"
"2221061","0","0","2","29","1","47","0","0","0","39","35","4","4.00","0","0.897","0"
"1100091","6","6","0","29","7","430","7","0","0","195","180","15","2.14","1","0.923","0"
"1100092","10","10","0","29","6","370","6","0","0","150","139","11","1.83","1","0.927","0"
"1100099","4","4","0","29","8","479","2","6","0","245","212","33","4.13","0","0.865","0"
"1100082","5","5","0","29","6","367","3","1","2","200","184","16","2.67","0","0.920","0"
"1100090","6","6","0","29","43","2629","20","16","7","1363","1240","123","2.86","2","0.910","0"
"1100098","5","5","0","29","44","2644","23","21","0","1232","1115","117","2.66","5","0.905","0"
"1100089","13","13","0","29","44","2656","14","27","3","1482","1342","140","3.18","3","0.906","0"
"1100097","15","15","0","29","44","2662","22","17","5","1248","1133","115","2.61","2","0.908","0"
"1100087","3","3","0","29","44","2681","24","15","5","1202","1084","118","2.68","3","0.902","0"
"1100080","2","2","0","29","42","2576","28","9","5","1257","1164","93","2.21","2","0.926","0"
"1100081","8","8","0","29","44","2660","26","13","5","1168","1059","109","2.48","2","0.907","0"
"1100096","3","3","0","29","3","184","0","2","1","104","93","11","3.67","0","0.910","0"
"1100088","3","3","0","29","3","188","2","1","0","72","63","9","3.00","0","0.875","0"
"1100079","7","7","0","29","44","2686","21","15","8","1211","1080","131","2.98","1","0.892","0"
"1100083","12","12","0","28","9","543","0","8","1","285","254","31","3.44","0","0.891","0"
"1100079","7","7","0","28","44","2667","26","13","5","1254","1155","99","2.25","3","0.921","0"
"1100077","15","15","0","28","43","2618","30","10","3","1321","1208","113","2.63","2","0.914","0"
"1100087","3","3","0","28","44","2670","28","15","1","1260","1151","109","2.48","4","0.913","0"
"1100090","6","6","0","28","42","2551","22","15","5","1272","1148","124","2.95","1","0.903","0"
"1100089","13","13","0","28","44","2666","23","15","6","1432","1308","124","2.82","1","0.913","0"
"1100080","2","2","0","28","44","2676","25","15","4","1369","1249","120","2.73","2","0.912","0"
"1100088","3","3","0","28","6","360","2","3","1","160","139","21","3.50","0","0.869","0"
"1100082","5","5","0","28","6","363","2","3","1","152","139","13","2.17","0","0.914","0"
"1100081","8","8","0","28","44","2665","26","14","4","1217","1108","109","2.48","5","0.910","0"
"1100085","0","0","0","28","6","359","0","6","0","223","193","30","5.00","0","0.865","0"
"1100099","4","4","0","28","44","2655","16","25","3","1387","1254","133","3.02","3","0.904","0"
"1100091","6","6","0","28","8","483","6","2","0","224","205","19","2.38","0","0.915","0"
"1100096","12","12","0","28","41","2505","13","23","5","1575","1435","140","3.41","2","0.911","0"
"1100094","9","9","1","28","10","581","5","2","3","199","172","27","2.70","0","0.864","0"
"1100097","15","15","0","28","7","426","4","2","1","221","201","20","2.86","0","0.910","0"
"1100098","5","5","0","28","44","2658","21","19","4","1224","1095","129","2.93","3","0.895","0"
"1100092","10","10","0","28","6","364","4","1","1","169","151","18","3.00","1","0.893","0"
"1100235","8","8","1","28","17","747","8","1","0","291","269","22","1.29","1","0.924","0"
"1100237","2","2","1","28","10","504","5","2","0","228","207","21","2.10","0","0.908","0"
"1100234","3","3","1","28","16","808","4","8","0","343","308","35","2.19","0","0.898","0"
"1100243","9","9","1","28","1","26","0","0","0","4","3","1","1.00","0","0.750","0"
"1100244","0","0","1","28","10","489","2","4","1","174","156","18","1.80","1","0.897","0"
"1100246","6","6","1","28","7","406","3","4","0","148","129","19","2.71","1","0.872","0"
"1100245","3","3","1","28","39","2241","19","13","6","854","761","93","2.39","5","0.891","0"
"1100137","9","9","1","28","1","60","1","0","0","18","17","1","1.00","0","0.944","0"
"1100103","11","11","0","28","6","360","3","3","0","166","147","19","3.17","1","0.886","0"
"1100104","9","9","1","28","39","2362","32","4","3","815","754","61","1.56","7","0.925","0"
"1100101","0","0","0","28","44","2665","12","28","4","1519","1352","167","3.80","1","0.890","0"
"1100118","6","6","1","28","44","2653","19","16","8","995","899","96","2.18","5","0.904","0"
"1100105","10","10","0","28","44","2670","18","21","5","1331","1196","135","3.07","1","0.899","0"
"1100104","7","7","0","28","6","364","4","2","0","173","156","17","2.83","0","0.902","0"
"1100114","8","8","1","28","42","2298","18","18","5","961","838","123","2.93","4","0.872","0"
"1100127","0","0","1","28","2","125","1","0","1","29","26","3","1.50","0","0.897","0"
"1100108","4","4","0","28","6","369","4","1","1","213","204","9","1.50","0","0.958","0"
"1100108","7","7","1","28","45","2586","29","13","2","989","903","86","1.91","5","0.913","0"
"1100109","9","9","0","28","10","611","6","1","3","277","252","25","2.50","3","0.910","0"
"1100117","0","0","1","28","41","2436","9","24","8","916","806","110","2.68","2","0.880","0"
"1100111","7","7","1","28","10","462","1","3","2","168","144","24","2.40","0","0.857","0"
"1100107","2","2","0","28","6","365","2","4","0","191","170","21","3.50","0","0.890","0"
"1100100","13","13","0","28","6","368","3","2","1","190","177","13","2.17","0","0.932","0"
"1100110","1","1","1","28","10","547","1","7","0","244","217","27","2.70","0","0.889","0"
"1100116","1","1","1","28","42","2488","23","17","2","965","866","99","2.36","4","0.897","0"
"1100106","11","11","0","28","44","2690","24","12","8","1374","1228","146","3.32","3","0.894","0"
"1100113","2","2","1","28","37","2137","16","15","6","857","758","99","2.68","2","0.884","0"
"1100055","9","9","0","28","40","2414","23","14","3","1129","1033","96","2.40","3","0.915","0"
"1100051","8","8","0","28","6","369","3","1","2","155","139","16","2.67","0","0.897","0"
"2221020","5","5","2","28","3","86","0","0","0","43","39","4","1.33","0","0.907","0"
"2221031","8","8","2","28","10","614","7","2","1","276","255","21","2.10","1","0.924","0"
"2221054","6","6","2","28","10","608","6","3","1","261","235","26","2.60","0","0.900","0"
"2221035","2","2","2","28","10","612","2","6","2","320","293","27","2.70","0","0.916","0"
"2221046","0","0","2","28","1","42","0","0","0","26","24","2","2.00","0","0.923","0"
"2221041","11","11","2","28","10","598","5","4","1","289","258","31","3.10","0","0.893","0"
"2221017","1","1","2","28","10","610","6","3","1","297","272","25","2.50","0","0.916","0"
"2221024","0","0","2","28","10","572","5","3","2","240","212","28","2.80","0","0.883","0"
"2221052","4","4","2","28","10","604","5","4","1","303","278","25","2.50","1","0.917","0"
"2221056","14","14","2","28","10","587","4","6","0","298","268","30","3.00","0","0.899","0"
"2221053","9","9","2","28","2","129","2","0","0","56","50","6","3.00","0","0.893","0"
"2221055","13","13","2","28","10","612","4","5","1","299","269","30","3.00","0","0.900","0"
"2221038","14","14","2","28","1","23","0","0","0","9","9","0","0.00","0","1.000","0"
"2221045","9","9","2","28","8","484","7","1","0","228","214","14","1.75","1","0.939","0"
"2221023","7","7","2","28","10","618","3","2","5","294","272","22","2.20","0","0.925","0"
"2221021","5","5","2","28","10","514","4","6","0","251","221","30","3.00","1","0.880","0"
"2221028","13","13","2","27","10","551","5","2","1","247","223","24","2.40","0","0.903","0"
"2221023","7","7","2","27","10","605","6","4","0","257","240","17","1.70","1","0.934","0"
"2221024","0","0","2","27","10","578","4","5","1","242","210","32","3.20","0","0.868","0"
"2221017","1","1","2","27","10","610","4","5","1","310","277","33","3.30","0","0.894","0"
"2221054","6","6","2","27","10","610","6","3","1","274","245","29","2.90","0","0.894","0"
"2221053","9","9","2","27","2","120","1","1","0","58","53","5","2.50","0","0.914","0"
"2221048","8","8","2","27","1","31","0","0","0","13","12","1","1.00","0","0.923","0"
"2221041","11","11","2","27","10","615","5","4","1","290","261","29","2.90","0","0.900","0"
"2221046","0","0","2","27","1","29","0","0","0","18","16","2","2.00","0","0.889","0"
"2221050","4","4","2","27","2","47","0","0","0","23","20","3","1.50","0","0.870","0"
"2221055","13","13","2","27","2","63","0","1","1","30","26","4","2.00","0","0.867","0"
"2221052","4","4","2","27","10","553","3","6","1","284","252","32","3.20","0","0.887","0"
"2221045","9","9","2","27","8","490","4","2","2","227","211","16","2.00","0","0.930","0"
"2221031","8","8","2","27","10","573","7","2","1","236","212","24","2.40","0","0.898","0"
"2221021","5","5","2","27","5","300","4","1","0","123","115","8","1.60","1","0.935","0"
"2221030","14","14","2","27","10","606","3","5","2","318","290","28","2.80","0","0.912","0"
"2221020","5","5","2","27","5","310","3","1","1","119","107","12","2.40","0","0.899","0"
"2221035","2","2","2","27","10","609","5","5","0","250","228","22","2.20","0","0.912","0"
"1100103","11","11","0","27","6","375","3","1","2","156","141","15","2.50","0","0.904","0"
"1100109","2","2","1","27","43","2425","22","13","5","909","799","110","2.56","2","0.879","0"
"1100118","6","6","1","27","44","2531","23","12","5","962","835","127","2.89","0","0.868","0"
"1100108","7","7","1","27","50","2760","24","18","6","1194","1058","136","2.72","1","0.886","0"
"1100101","4","4","0","27","6","368","2","3","1","155","135","20","3.33","0","0.871","0"
"1100117","0","0","1","27","39","1801","8","22","2","793","682","111","2.85","0","0.860","0"
"1100104","7","7","0","27","6","368","3","3","0","172","149","23","3.83","0","0.866","0"
"1100106","3","3","1","27","50","2849","23","22","4","1078","949","129","2.58","2","0.880","0"
"1100116","1","1","1","27","17","742","4","5","2","314","266","48","2.82","0","0.847","0"
"1100104","9","9","1","27","45","2610","34","3","5","947","847","100","2.22","4","0.894","0"
"1100100","1","1","1","27","41","2282","21","17","1","885","788","97","2.37","1","0.890","0"
"1100107","0","0","1","27","28","1206","3","15","0","489","405","84","3.00","1","0.828","0"
"1100105","10","10","0","27","44","2681","21","19","4","1304","1181","123","2.80","3","0.906","0"
"1100074","4","4","0","27","44","2656","17","22","5","1202","1094","108","2.45","0","0.910","0"
"1100080","2","2","0","27","44","2687","25","14","5","1159","1040","119","2.70","5","0.897","0"
"1100094","9","9","1","27","10","433","1","4","3","165","142","23","2.30","0","0.861","0"
"1100088","3","3","0","27","6","370","2","2","2","168","148","20","3.33","0","0.881","0"
"1100081","8","8","0","27","44","2674","21","18","5","1188","1068","120","2.73","0","0.899","0"
"1100096","12","12","0","27","36","2172","10","23","3","1059","942","117","3.25","0","0.890","0"
"1100093","2","2","0","27","6","365","4","2","0","168","145","23","3.83","0","0.863","0"
"1100098","5","5","0","27","44","2665","16","23","5","1083","959","124","2.82","3","0.886","0"
"1100097","15","15","0","27","8","481","5","3","0","207","188","19","2.38","1","0.908","0"
"1100085","0","0","0","27","6","374","0","3","3","183","164","19","3.17","0","0.896","0"
"1100092","10","10","0","27","6","363","1","5","0","164","144","20","3.33","0","0.878","0"
"1100099","0","0","0","27","44","2695","19","19","6","1226","1102","124","2.82","4","0.899","0"
"1100087","3","3","0","27","44","2665","29","11","4","1053","961","92","2.09","4","0.913","0"
"1100091","6","6","0","27","5","299","3","2","0","121","107","14","2.80","0","0.884","0"
"1100090","6","6","0","27","45","2724","22","17","6","1268","1135","133","2.96","2","0.895","0"
"1100082","5","5","0","27","6","369","2","3","1","168","149","19","3.17","0","0.887","0"
"1100077","15","15","0","27","42","2540","25","13","4","1068","965","103","2.45","3","0.904","0"
"1100083","12","12","0","27","14","852","8","6","0","433","387","46","3.29","0","0.894","0"
"1100079","7","7","0","27","44","2672","20","19","5","1240","1109","131","2.98","2","0.894","0"
"1100100","13","13","0","27","6","359","1","5","0","165","147","18","3.00","0","0.891","0"
"1100056","11","11","0","27","44","2666","22","21","1","1207","1078","129","2.93","4","0.893","0"
"1100089","13","13","0","27","44","2672","25","15","4","1174","1052","122","2.77","3","0.896","0"
"1100242","2","2","1","27","13","610","4","5","1","221","187","34","2.62","0","0.846","0"
"1100234","3","3","1","27","7","185","1","0","0","85","69","16","2.29","0","0.812","0"
"1100241","8","8","1","27","16","710","6","6","0","239","206","33","2.06","1","0.862","0"
"1100216","9","9","1","27","1","21","0","0","0","5","5","0","0.00","0","1.000","0"
"1100238","7","7","1","27","9","274","1","1","0","135","115","20","2.22","0","0.852","0"
"1100239","6","6","1","27","11","504","7","3","0","198","179","19","1.73","0","0.904","0"
"1100240","8","8","1","27","41","2304","18","20","0","935","805","130","3.17","1","0.861","0"
"1100045","9","9","0","27","6","365","6","0","0","154","146","8","1.33","2","0.948","0"
"1100051","8","8","0","27","6","366","6","0","0","146","135","11","1.83","0","0.925","0"
"1100055","9","9","0","27","44","2674","32","10","2","1189","1085","104","2.36","1","0.913","0"
"1100045","9","9","0","26","6","359","3","3","0","187","173","14","2.33","0","0.925","0"
"1100051","8","8","0","26","6","363","6","0","0","179","169","10","1.67","1","0.944","0"
"1100055","9","9","0","26","44","2680","20","16","8","1220","1104","116","2.64","3","0.905","0"
"1100050","0","0","0","26","6","364","1","4","1","194","172","22","3.67","0","0.887","0"
"1100079","7","7","0","26","44","2660","30","10","4","1083","1000","83","1.89","9","0.923","0"
"1100095","6","6","0","26","44","2683","28","10","6","1295","1179","116","2.64","2","0.910","0"
"1100074","15","15","0","26","21","1267","9","11","1","534","469","65","3.10","1","0.895","0"
"1100080","2","2","0","26","44","2674","22","17","5","1221","1097","124","2.82","2","0.898","0"
"1100077","15","15","0","26","21","1232","11","7","2","520","474","46","2.19","3","0.898","0"
"1100076","7","7","0","26","1","59","0","1","0","27","22","5","5.00","0","0.815","0"
"1100097","15","15","0","26","9","534","5","2","2","263","233","30","3.33","0","0.886","0"
"1100087","3","3","0","26","44","2674","20","18","6","1138","1021","117","2.66","1","0.897","0"
"1100093","8","8","1","26","42","2351","12","20","8","919","803","116","2.76","3","0.874","0"
"1100090","6","6","0","26","6","360","4","2","0","166","150","16","2.67","0","0.904","0"
"1100096","12","12","0","26","34","2056","11","20","3","969","849","120","3.53","0","0.876","0"
"1100098","5","5","0","26","7","426","4","3","0","201","174","27","3.86","0","0.866","0"
"1100091","7","7","0","26","5","305","3","1","1","121","110","11","2.20","1","0.909","0"
"1100082","5","5","0","26","43","2595","22","18","3","1217","1118","99","2.30","3","0.919","0"
"1100056","11","11","0","26","44","2675","26","13","5","1254","1139","115","2.61","3","0.908","0"
"1100070","2","2","0","26","6","365","3","2","1","138","125","13","2.17","1","0.906","0"
"1100078","10","10","0","26","39","2345","16","21","2","1077","946","131","3.36","1","0.878","0"
"1100099","0","0","0","26","44","2668","21","19","4","1242","1104","138","3.14","1","0.889","0"
"1100081","8","8","0","26","44","2675","25","15","4","1226","1103","123","2.80","4","0.900","0"
"1100100","13","13","0","26","6","359","3","3","0","155","138","17","2.83","1","0.890","0"
"1100083","12","12","0","26","16","962","6","8","2","506","459","47","2.94","1","0.907","0"
"1100088","7","7","1","26","11","474","4","3","0","193","173","20","1.82","0","0.896","0"
"1100092","10","10","0","26","11","665","6","5","0","278","242","36","3.27","0","0.871","0"
"1100085","11","11","0","26","6","358","2","4","0","141","129","12","2.00","1","0.915","0"
"1100089","13","13","0","26","44","2660","23","19","2","1155","1036","119","2.70","4","0.897","0"
"2221017","1","1","2","26","10","586","6","3","1","257","231","26","2.60","1","0.899","0"
"2221023","7","7","2","26","10","499","5","4","0","210","182","28","2.80","0","0.867","0"
"2221021","5","5","2","26","10","604","7","2","1","261","239","22","2.20","0","0.916","0"
"2221024","0","0","2","26","10","606","7","2","1","265","242","23","2.30","0","0.913","0"
"2221028","13","13","2","26","10","609","4","4","2","264","238","26","2.60","0","0.902","0"
"2221045","9","9","2","26","10","550","4","5","1","254","225","29","2.90","0","0.886","0"
"2221038","14","14","2","26","2","51","1","0","0","25","24","1","0.50","0","0.960","0"
"2221030","14","14","2","26","10","561","4","5","0","275","246","29","2.90","0","0.895","0"
"2221043","7","7","2","26","4","101","0","1","0","36","31","5","1.25","0","0.861","0"
"2221026","6","6","2","26","10","614","5","4","1","267","243","24","2.40","0","0.910","0"
"2221031","8","8","2","26","10","615","5","3","2","251","224","27","2.70","0","0.892","0"
"2221035","2","2","2","26","10","604","5","5","0","268","241","27","2.70","0","0.899","0"
"2221050","4","4","2","26","2","66","0","0","0","32","31","1","0.50","0","0.969","0"
"2221041","11","11","2","26","10","603","5","4","1","287","258","29","2.90","1","0.899","0"
"2221052","4","4","2","26","10","543","2","7","1","288","246","42","4.20","0","0.854","0"
"2221053","9","9","2","26","2","50","0","0","0","25","22","3","1.50","0","0.880","0"
"2221044","1","1","2","26","1","19","0","0","0","11","10","1","1.00","0","0.909","0"
"1100100","1","1","1","26","46","2707","28","8","8","996","881","115","2.50","1","0.885","0"
"1100102","3","3","0","26","6","359","2","4","0","151","127","24","4.00","0","0.841","0"
"1100127","0","0","1","26","42","2487","18","21","3","970","862","108","2.57","0","0.889","0"
"1100101","4","4","0","26","6","359","3","3","0","198","178","20","3.33","0","0.899","0"
"1100118","6","6","1","26","10","539","3","4","1","232","204","28","2.80","0","0.879","0"
"1100108","7","7","1","26","45","2567","17","23","3","1077","938","139","3.09","1","0.871","0"
"1100109","2","2","1","26","39","2154","21","10","4","822","717","105","2.69","1","0.872","0"
"1100106","3","3","1","26","44","2316","20","18","3","943","809","134","3.05","1","0.858","0"
"1100105","9","9","1","26","43","2543","28","11","4","913","799","114","2.65","1","0.875","0"
"1100107","8","8","1","26","1","63","0","0","1","27","22","5","5.00","0","0.815","0"
"1100103","6","6","1","26","42","2509","24","14","4","975","856","119","2.83","2","0.878","0"
"1100104","9","9","1","26","9","498","5","2","0","160","138","22","2.44","1","0.863","0"
"1100234","3","3","1","26","17","739","5","3","1","330","292","38","2.24","0","0.885","0"
"1100235","1","1","1","26","8","351","1","4","1","131","109","22","2.75","0","0.832","0"
"1100236","0","0","1","26","11","556","4","3","1","230","201","29","2.64","0","0.874","0"
"1100237","2","2","1","26","19","894","7","5","3","347","297","50","2.63","1","0.856","0"
"1100233","8","8","1","26","16","646","3","4","2","248","212","36","2.25","1","0.855","0"
"1100234","3","3","1","25","13","650","2","6","1","253","215","38","2.92","0","0.850","0"
"1100233","8","8","1","25","9","409","2","2","1","189","164","25","2.78","0","0.868","0"
"1100232","1","1","1","25","4","107","0","1","1","43","37","6","1.50","0","0.860","0"
"1100221","6","6","1","25","1","52","0","0","1","30","26","4","4.00","0","0.867","0"
"1100219","6","6","1","25","16","610","2","3","1","282","251","31","1.94","0","0.890","0"
"2221041","11","11","2","25","10","573","4","6","0","266","232","34","3.40","0","0.872","0"
"2221028","13","13","2","25","8","425","4","2","1","206","189","17","2.13","1","0.917","0"
"2221038","14","14","2","25","1","21","0","0","0","3","3","0","0.00","0","1.000","0"
"2221033","9","9","2","25","10","581","6","4","0","233","212","21","2.10","1","0.910","0"
"2221021","5","5","2","25","10","604","9","1","0","261","239","22","2.20","1","0.916","0"
"2221030","14","14","2","25","10","588","4","5","1","323","285","38","3.80","0","0.882","0"
"2221031","8","8","2","25","9","494","3","6","0","211","182","29","3.22","0","0.863","0"
"2221023","7","7","2","25","10","546","5","4","0","247","223","24","2.40","0","0.903","0"
"2221035","2","2","2","25","10","609","5","4","1","290","267","23","2.30","0","0.921","0"
"2221026","6","6","2","25","10","615","6","3","1","302","278","24","2.40","0","0.921","0"
"2221042","4","4","2","25","5","233","1","4","0","112","95","17","3.40","0","0.848","0"
"2221051","11","11","2","25","1","26","0","0","0","16","13","3","3.00","0","0.813","0"
"2221050","4","4","2","25","3","185","1","1","1","78","74","4","1.33","0","0.949","0"
"2221049","4","4","2","25","2","67","0","0","0","40","36","4","2.00","0","0.900","0"
"2221048","8","8","2","25","3","107","0","0","1","38","34","4","1.33","0","0.895","0"
"2221047","13","13","2","25","4","181","2","1","0","71","63","8","2.00","0","0.887","0"
"2221046","0","0","2","25","2","109","0","2","0","41","34","7","3.50","0","0.829","0"
"2221045","9","9","2","25","1","28","0","0","0","9","8","1","1.00","0","0.889","0"
"2221024","0","0","2","25","9","500","6","1","1","223","205","18","2.00","0","0.919","0"
"2221043","7","7","2","25","1","59","0","0","1","32","32","0","0.00","0","1.000","0"
"2221017","1","1","2","25","10","565","3","5","2","286","258","28","2.80","0","0.902","0"
"2221044","1","1","2","25","1","44","0","0","0","28","24","4","4.00","0","0.857","0"
"1100050","0","0","0","25","44","2674","19","19","6","1345","1210","135","3.07","1","0.900","0"
"1100045","7","7","0","25","6","360","4","1","1","149","136","13","2.17","0","0.892","0"
"1100051","8","8","0","25","6","360","6","0","0","148","135","13","2.17","0","0.912","0"
"1100055","9","9","0","25","44","2674","27","15","2","1151","1044","107","2.43","2","0.907","0"
"1100099","3","3","1","25","42","2377","27","13","1","959","857","102","2.43","3","0.894","0"
"1100080","2","2","0","25","43","2589","21","17","4","1184","1072","112","2.60","1","0.905","0"
"1100084","9","9","0","25","3","179","0","3","0","81","70","11","3.67","0","0.864","0"
"1100083","12","12","0","25","5","310","2","2","1","140","127","13","2.60","0","0.907","0"
"1100087","3","3","0","25","44","2671","17","20","7","1139","1009","130","2.95","2","0.886","0"
"1100079","7","7","0","25","44","2669","27","15","2","1223","1109","114","2.59","2","0.907","0"
"1100082","5","5","0","25","44","2660","19","22","3","1250","1129","121","2.75","4","0.903","0"
"1100056","11","11","0","25","44","2674","27","12","5","1200","1102","98","2.23","6","0.918","0"
"1100096","12","12","0","25","45","2737","15","22","8","1340","1187","153","3.40","1","0.886","0"
"1100085","11","11","0","25","6","365","4","1","1","179","161","18","3.00","0","0.899","0"
"1100098","9","9","1","25","37","2135","23","9","3","809","710","99","2.68","3","0.878","0"
"1100097","15","15","0","25","6","365","3","2","1","163","149","14","2.33","1","0.914","0"
"1100081","8","8","0","25","44","2666","23","19","2","1138","1019","119","2.70","2","0.895","0"
"1100060","4","4","0","25","44","2675","25","19","0","1176","1069","107","2.43","3","0.909","0"
"1100088","5","5","0","25","6","359","2","4","0","196","171","25","4.17","0","0.872","0"
"1100090","6","6","0","25","6","365","3","2","1","130","114","16","2.67","0","0.877","0"
"1100089","13","13","0","25","7","421","3","4","0","183","162","21","3.00","0","0.885","0"
"1100074","15","15","0","25","44","2665","22","18","4","1213","1087","126","2.86","1","0.896","0"
"1100093","3","3","0","25","6","370","3","2","1","180","164","16","2.67","0","0.911","0"
"1100094","0","0","0","25","6","360","1","5","0","174","153","21","3.50","0","0.879","0"
"1100093","6","6","1","25","44","2367","17","22","4","963","829","134","3.05","2","0.861","0"
"1100062","4","4","0","25","6","369","1","3","2","183","163","20","3.33","0","0.891","0"
"1100065","10","10","0","25","44","2691","23","14","7","1227","1113","114","2.59","2","0.907","0"
"1100092","10","10","0","25","6","365","3","2","1","145","131","14","2.33","0","0.903","0"
"1100070","2","2","0","25","8","430","3","5","0","191","165","26","3.25","0","0.864","0"
"1100095","6","6","0","25","44","2665","25","17","2","1104","989","115","2.61","2","0.896","0"
"1100077","13","13","0","25","43","2616","22","16","5","1189","1090","99","2.30","7","0.917","0"
"1100067","0","0","1","25","11","491","4","2","1","223","204","19","1.73","1","0.915","0"
"1100091","8","8","1","25","46","2623","26","17","2","993","884","109","2.37","4","0.890","0"
"1100112","2","2","1","25","17","713","5","4","0","304","268","36","2.12","0","0.882","0"
"1100100","1","1","1","25","47","2621","26","16","1","1043","894","149","3.17","0","0.857","0"
"1100105","9","9","1","25","16","905","8","5","2","338","298","40","2.50","0","0.882","0"
"1100103","7","7","1","25","42","2294","16","19","5","873","749","124","2.95","2","0.858","0"
"1100130","7","7","1","25","18","759","3","4","3","315","276","39","2.17","0","0.876","0"
"1100109","2","2","1","25","42","2319","19","19","3","992","857","135","3.21","0","0.864","0"
"1100101","0","0","1","25","45","2571","19","18","6","1116","993","123","2.73","4","0.890","0"
"1100101","0","0","1","24","47","2731","21","18","7","1131","1000","131","2.88","2","0.880","0"
"1100103","7","7","1","24","28","1539","13","9","4","615","534","81","3.16","0","0.870","0"
"1100112","1","1","1","24","2","120","0","2","0","63","52","11","5.52","0","0.830","0"
"1100045","7","7","0","24","6","361","2","3","1","172","155","17","2.83","1","0.901","0"
"1100055","9","9","0","24","47","2821","21","22","3","1197","1064","133","2.83","2","0.889","0"
"1100051","8","8","0","24","6","373","3","2","1","161","135","26","4.33","0","0.839","0"
"1100029","15","15","0","24","6","360","3","3","0","156","140","16","2.67","1","0.897","0"
"1100216","1","1","1","24","6","174","0","2","1","76","66","10","3.45","0","0.870","0"
"1100238","9","9","1","24","14","508","3","4","2","241","206","35","4.14","0","0.850","0"
"2221027","13","13","2","24","1","38","0","1","0","19","18","1","1.00","0","0.947","0"
"2221033","9","9","2","24","10","598","6","3","1","273","243","30","3.00","0","0.890","0"
"2221026","6","6","2","24","10","612","4","5","1","309","278","31","3.10","0","0.900","0"
"2221025","2","2","2","24","2","28","0","0","0","10","10","0","0.00","0","1.000","0"
"2221019","4","4","2","24","10","539","3","7","0","283","250","33","3.30","0","0.883","0"
"2221028","13","13","2","24","10","575","5","3","1","245","217","28","2.80","1","0.886","0"
"2221021","5","5","2","24","10","573","8","2","0","260","244","16","1.60","1","0.938","0"
"2221031","8","8","2","24","10","624","4","2","4","267","238","29","2.90","0","0.891","0"
"2221024","0","0","2","24","10","586","6","4","0","255","234","21","2.10","3","0.918","0"
"2221020","5","5","2","24","1","26","0","0","0","18","17","1","1.00","0","0.944","0"
"2221017","1","1","2","24","10","561","4","6","0","249","217","32","3.20","1","0.871","0"
"2221023","7","7","2","24","10","535","6","4","0","213","190","23","2.30","1","0.892","0"
"2221040","0","0","2","24","1","12","0","0","0","8","7","1","1.00","0","0.875","0"
"2221044","1","1","2","24","1","37","0","0","0","24","22","2","2.00","0","0.917","0"
"2221045","9","9","2","24","1","11","0","0","0","2","2","0","0.00","0","1.000","0"
"2221030","14","14","2","24","10","586","6","4","0","280","249","31","3.10","0","0.889","0"
"2221043","7","7","2","24","2","65","0","0","0","23","23","0","0.00","0","1.000","0"
"2221038","14","14","2","24","1","19","0","0","0","4","4","0","0.00","0","1.000","0"
"2221041","11","11","2","24","10","618","5","2","3","294","263","31","3.10","0","0.895","0"
"2221035","2","2","2","24","10","576","3","6","1","321","292","29","2.90","1","0.910","0"
"2221042","4","4","2","24","2","63","0","0","0","34","28","6","3.00","0","0.824","0"
"1100074","10","10","0","24","46","2781","28","14","4","1140","1028","112","2.43","1","0.902","0"
"1100065","15","15","0","24","46","2788","26","14","6","1274","1160","114","2.48","2","0.911","0"
"1100098","9","9","1","24","47","2664","24","17","2","1108","981","127","2.86","1","0.890","0"
"1100089","3","3","1","24","39","2363","16","20","3","1007","882","125","3.17","1","0.880","0"
"1100082","5","5","0","24","46","2803","15","22","9","1309","1179","130","2.83","3","0.901","0"
"1100089","13","13","0","24","6","370","1","3","2","177","152","25","4.17","0","0.859","0"
"1100084","9","9","0","24","6","338","2","3","1","150","133","17","2.83","0","0.887","0"
"1100085","11","11","0","24","6","361","4","2","0","181","162","19","3.17","0","0.895","0"
"1100070","2","2","0","24","6","359","3","3","0","156","141","15","2.50","1","0.904","0"
"1100081","8","8","0","24","46","2804","23","18","5","1363","1239","124","2.70","1","0.909","0"
"1100091","8","8","1","24","28","1597","19","6","2","666","589","77","2.89","0","0.880","0"
"1100088","5","5","0","24","6","365","3","3","0","161","140","21","3.50","0","0.870","0"
"1100060","4","4","0","24","46","2792","24","19","3","1189","1087","102","2.22","5","0.914","0"
"1100091","3","3","0","24","6","360","1","5","0","192","168","24","4.00","0","0.875","0"
"1100080","2","2","0","24","46","2788","27","14","5","1213","1091","122","2.65","2","0.899","0"
"1100079","7","7","0","24","46","2778","18","24","4","1256","1126","130","2.83","1","0.896","0"
"1100062","4","4","0","24","6","360","2","4","0","192","168","24","4.00","0","0.875","0"
"1100087","3","3","0","24","46","2811","24","18","4","1221","1098","123","2.67","1","0.899","0"
"1100077","13","13","0","24","46","2819","30","9","7","1222","1131","91","1.98","7","0.926","0"
"1100078","10","10","0","24","6","365","2","3","1","150","135","15","2.50","1","0.900","0"
"1100094","0","0","1","24","9","429","1","4","1","178","150","28","3.91","0","0.840","0"
"1100093","7","7","1","24","29","1635","16","6","4","672","601","71","2.61","0","0.890","0"
"1100056","11","11","0","24","46","2800","26","16","4","1288","1165","123","2.67","3","0.905","0"
"1100086","6","6","0","24","45","2725","21","21","3","1334","1203","131","2.91","2","0.902","0"
"1100090","6","6","0","24","7","425","3","3","1","189","166","23","3.29","0","0.878","0"
"1100099","3","3","1","24","13","796","5","7","1","342","287","55","4.15","0","0.840","0"
"5000356","1","1","1","24","50","2859","26","17","4","1200","1061","139","2.92","1","0.880","0"
"5000358","8","8","1","24","18","970","9","8","1","435","376","59","3.65","0","0.860","0"
"5000359","8","8","1","24","15","584","3","4","0","236","205","31","3.19","0","0.870","0"
"5000356","1","1","1","23","25","1344","11","8","3","608","542","66","2.95","2","0.890","0"
"5000357","0","0","1","23","12","549","2","3","1","246","221","25","2.73","0","0.900","0"
"2221040","0","0","2","23","3","93","0","1","0","34","30","4","1.33","0","0.882","0"
"2221028","13","13","2","23","10","594","2","5","3","250","219","31","3.10","0","0.876","0"
"2221027","13","13","2","23","1","20","0","0","0","6","5","1","1.00","0","0.833","0"
"2221024","0","0","2","23","10","514","1","6","2","226","194","32","3.20","0","0.858","0"
"2221022","6","6","2","23","1","25","0","1","0","10","8","2","2.00","0","0.800","0"
"2221023","7","7","2","23","10","574","6","2","1","250","229","21","2.10","3","0.916","0"
"2221026","6","6","2","23","10","584","6","3","0","292","264","28","2.80","2","0.904","0"
"2221025","2","2","2","23","1","24","0","0","1","12","12","0","0.00","0","1.000","0"
"2221017","1","1","2","23","10","599","5","5","0","349","320","29","2.90","1","0.917","0"
"2221016","11","11","2","23","10","604","5","5","0","252","228","24","2.40","0","0.905","0"
"2221038","14","14","2","23","1","32","0","0","0","13","11","2","2.00","0","0.846","0"
"2221018","4","4","2","23","10","581","4","6","0","304","275","29","2.90","1","0.905","0"
"2221035","2","2","2","23","10","585","6","3","0","233","215","18","1.80","1","0.923","0"
"2221030","14","14","2","23","10","572","4","5","1","287","257","30","3.00","0","0.895","0"
"2221031","8","8","2","23","9","520","8","1","0","241","218","23","2.56","1","0.905","0"
"2221033","9","9","2","23","10","604","6","3","1","303","284","19","1.90","3","0.937","0"
"2221039","8","8","2","23","2","95","0","1","0","43","39","4","2.00","0","0.907","0"
"2221021","5","5","2","23","10","608","7","3","0","271","244","27","2.70","0","0.900","0"
"2221019","4","4","2","23","1","23","0","0","0","8","7","1","1.00","0","0.875","0"
"2221037","7","7","2","23","1","36","0","0","1","21","20","1","1.00","0","0.952","0"
"1100225","9","9","1","23","10","477","4","3","0","210","187","23","2.90","0","0.890","0"
"1100102","8","8","1","23","19","897","5","5","3","427","367","60","4.01","0","0.860","0"
"1100101","0","0","1","23","34","1874","16","16","2","886","781","105","3.36","1","0.880","0"
"1100045","7","7","0","23","6","369","3","2","1","163","150","13","2.17","1","0.920","0"
"1100055","9","9","0","23","46","2810","26","14","6","1190","1073","117","2.54","3","0.902","0"
"1100029","15","15","0","23","6","363","1","4","1","142","121","21","3.50","0","0.852","0"
"1100051","8","8","0","23","9","545","2","6","1","250","221","29","3.22","0","0.884","0"
"1100050","13","13","0","23","6","364","3","3","0","126","108","18","3.00","0","0.857","0"
"1100048","5","5","0","23","9","555","4","4","1","284","253","31","3.44","1","0.891","0"
"1100053","2","2","0","23","6","360","2","4","0","188","167","21","3.50","0","0.888","0"
"1100056","11","11","0","23","46","2780","19","22","5","1305","1178","127","2.76","2","0.903","0"
"1100066","6","6","0","23","46","2801","23","17","6","1211","1090","121","2.63","2","0.900","0"
"1100099","3","3","1","23","11","666","5","5","1","254","216","38","3.42","0","0.850","0"
"1100083","10","10","0","23","6","366","4","1","1","160","142","18","3.00","0","0.888","0"
"1100089","3","3","1","23","29","1760","17","10","2","759","668","91","3.10","2","0.880","0"
"1100084","9","9","0","23","6","359","3","3","0","182","167","15","2.50","1","0.918","0"
"1100090","1","1","1","23","19","1066","11","6","1","465","411","54","3.04","0","0.880","0"
"1100091","8","8","1","23","29","1553","11","13","3","739","629","110","4.25","1","0.850","0"
"1100080","2","2","0","23","46","2783","27","14","5","1248","1128","120","2.61","4","0.904","0"
"1100060","4","4","0","23","46","2777","23","20","3","1186","1077","109","2.37","6","0.908","0"
"1100086","6","6","0","23","6","358","2","4","0","153","135","18","3.00","0","0.882","0"
"1100085","11","11","0","23","6","365","4","0","2","156","136","20","3.33","0","0.872","0"
"1100074","10","10","0","23","46","2773","25","19","2","1186","1070","116","2.52","4","0.902","0"
"1100062","4","4","0","23","6","364","3","2","1","147","135","12","2.00","0","0.918","0"
"1100088","7","7","1","23","37","1957","21","9","2","821","721","100","3.07","3","0.880","0"
"1100057","5","5","0","23","43","2604","25","16","2","1110","1018","92","2.14","7","0.917","0"
"1100077","13","13","0","23","46","2801","27","15","4","1325","1210","115","2.50","4","0.913","0"
"1100079","7","7","0","23","46","2775","20","22","4","1189","1079","110","2.39","4","0.907","0"
"1100072","3","3","0","23","6","359","3","3","0","162","147","15","2.50","0","0.907","0"
"1100065","15","15","0","23","46","2783","28","15","3","1154","1033","121","2.63","3","0.895","0"
"1100087","3","3","0","23","46","2775","20","21","5","1262","1133","129","2.80","2","0.898","0"
"1100081","8","8","0","23","43","2624","15","22","6","1244","1120","124","2.88","2","0.900","0"
"1100098","9","9","1","23","35","1967","14","13","6","965","852","113","3.45","0","0.880","0"
"1100093","7","7","1","23","12","465","3","5","0","223","191","32","4.13","0","0.860","0"
"1100095","9","9","1","22","36","2005","13","18","5","854","751","103","2.86","1","0.879","0"
"1100084","9","9","0","22","6","365","4","1","1","115","102","13","2.17","0","0.887","0"
"1100087","1","1","1","22","35","2003","22","7","3","826","734","92","2.63","0","0.889","0"
"1100091","0","0","1","22","32","1677","13","16","2","730","621","109","3.41","0","0.851","0"
"1100088","7","7","1","22","34","2056","24","7","2","753","659","94","2.77","0","0.875","0"
"1100090","1","1","1","22","7","368","3","1","3","147","128","19","2.71","0","0.871","0"
"1100089","3","3","1","22","24","1450","10","11","3","611","539","72","3.00","1","0.882","0"
"1100085","11","11","0","22","6","365","3","3","0","166","144","22","3.67","0","0.867","0"
"1100075","7","7","1","22","7","382","4","2","1","146","126","20","2.86","0","0.863","0"
"1100060","4","4","0","22","46","2800","23","18","5","1147","1023","124","2.70","2","0.892","0"
"1100080","2","2","0","22","46","2810","21","20","5","1231","1096","135","2.93","1","0.890","0"
"1100062","4","4","0","22","6","360","2","4","0","172","153","19","3.17","0","0.890","0"
"1100079","7","7","0","22","46","2793","23","20","3","1223","1098","125","2.72","3","0.898","0"
"1100065","15","15","0","22","46","2787","19","23","4","1220","1099","121","2.63","0","0.901","0"
"1100077","13","13","0","22","46","2789","30","12","4","1338","1211","127","2.76","2","0.905","0"
"1100066","6","6","0","22","46","2794","27","16","3","1295","1185","110","2.39","3","0.915","0"
"1100067","0","0","1","22","18","753","6","2","1","349","316","33","1.83","0","0.905","0"
"1100074","3","3","0","22","32","1947","11","14","7","825","734","91","2.84","3","0.897","0"
"1100081","8","8","0","22","30","1812","14","13","3","854","767","87","2.90","0","0.898","0"
"1100057","5","5","0","22","44","2647","28","13","3","1116","1015","101","2.30","2","0.909","0"
"1100072","3","3","0","22","12","731","2","8","2","330","292","38","3.17","0","0.888","0"
"1100083","3","3","0","22","8","480","2","6","0","205","179","26","3.25","0","0.873","0"
"1100082","6","6","0","22","6","366","1","3","2","169","153","16","2.67","0","0.905","0"
"1100056","11","11","0","22","46","2792","31","11","4","1429","1321","108","2.35","2","0.924","0"
"1100102","8","8","1","22","38","2027","12","18","4","812","678","134","3.53","0","0.835","0"
"2221017","1","1","2","22","1","40","0","0","0","35","32","3","3.00","0","0.914","0"
"2221016","11","11","2","22","10","616","4","4","2","297","267","30","3.00","0","0.899","0"
"2221032","8","8","2","22","1","38","0","0","0","20","18","2","2.00","0","0.900","0"
"2221019","4","4","2","22","1","34","0","0","0","15","15","0","0.00","0","1.000","0"
"2221035","2","2","2","22","10","582","4","2","3","261","235","26","2.60","0","0.900","0"
"2221022","6","6","2","22","1","37","0","0","0","23","19","4","4.00","0","0.826","0"
"2221034","9","9","2","22","1","37","1","0","0","15","15","0","0.00","0","1.000","0"
"2221024","0","0","2","22","10","612","9","1","0","261","241","20","2.00","0","0.923","0"
"2221033","9","9","2","22","10","577","4","3","2","215","193","22","2.20","1","0.898","0"
"2221036","1","1","2","22","10","567","2","7","1","302","267","35","3.50","0","0.884","0"
"2221021","5","5","2","22","10","551","7","2","1","265","237","28","2.80","0","0.894","0"
"2221018","4","4","2","22","10","575","3","6","1","261","237","24","2.40","0","0.908","0"
"2221029","14","14","2","22","1","21","0","0","0","6","4","2","2.00","0","0.667","0"
"2221030","14","14","2","22","10","589","4","4","2","287","263","24","2.40","1","0.916","0"
"2221028","13","13","2","22","10","570","8","2","0","245","224","21","2.10","0","0.914","0"
"2221027","13","13","2","22","1","36","0","0","0","18","16","2","2.00","0","0.889","0"
"2221020","5","5","2","22","2","59","0","0","0","20","16","4","2.00","0","0.800","0"
"2221031","8","8","2","22","10","566","5","5","0","271","243","28","2.80","0","0.897","0"
"2221026","6","6","2","22","10","574","3","4","3","293","265","28","2.80","0","0.904","0"
"2221023","7","7","2","22","10","615","6","2","2","279","259","20","2.00","0","0.928","0"
"2221025","2","2","2","22","1","32","0","1","0","14","11","3","3.00","0","0.786","0"
"1100216","9","9","1","22","10","422","2","1","1","183","154","29","2.90","0","0.842","0"
"1100230","1","1","1","22","2","62","0","1","0","24","19","5","2.50","0","0.792","0"
"1100214","8","8","1","22","14","397","1","5","0","215","180","35","2.50","0","0.837","0"
"1100231","3","3","1","22","16","966","10","6","0","366","319","47","2.94","0","0.872","0"
"1100045","10","10","0","22","35","2140","14","15","6","890","800","90","2.57","2","0.899","0"
"1100055","9","9","0","22","46","2789","24","19","3","1145","1028","117","2.54","4","0.898","0"
"1100048","5","5","0","22","8","479","3","5","0","239","208","31","3.88","0","0.870","0"
"1100041","7","7","0","22","6","365","3","2","1","168","151","17","2.83","1","0.899","0"
"1100051","8","8","0","22","22","1324","9","11","2","615","545","70","3.18","0","0.886","0"
"1100053","2","2","0","22","6","360","0","6","0","180","151","29","4.83","0","0.839","0"
"1100029","15","15","0","22","7","362","4","2","0","128","116","12","1.71","1","0.906","0"
"1100050","13","13","0","22","6","370","3","1","2","161","143","18","3.00","1","0.888","0"
"1100041","7","7","0","21","6","359","2","4","0","177","160","17","2.83","1","0.904","0"
"1100045","2","2","0","21","43","2610","27","13","3","1132","1008","124","2.88","2","0.890","0"
"1100043","5","5","0","21","6","378","3","0","3","156","142","14","2.33","0","0.910","0"
"1100050","13","13","0","21","6","364","4","1","1","149","135","14","2.33","0","0.906","0"
"1100029","15","15","0","21","6","359","4","2","0","154","138","16","2.67","0","0.896","0"
"1100051","8","8","0","21","46","2799","25","18","3","1209","1088","121","2.63","3","0.900","0"
"1100053","10","10","0","21","12","730","5","7","0","296","268","28","2.33","0","0.905","0"
"1100055","9","9","0","21","46","2791","24","16","6","1242","1125","117","2.54","5","0.906","0"
"1100088","1","1","1","21","17","897","10","4","1","352","304","48","2.82","1","0.864","0"
"1100091","0","0","1","21","12","615","4","1","2","298","265","33","2.75","0","0.889","0"
"1100087","1","1","1","21","28","1511","16","8","1","606","527","79","2.82","1","0.870","0"
"1100066","6","6","0","21","45","2726","29","11","5","1103","1007","96","2.13","3","0.913","0"
"1100056","11","11","0","21","46","2786","18","22","6","1447","1320","127","2.76","1","0.912","0"
"1100083","3","3","0","21","8","484","3","4","1","245","218","27","3.38","0","0.890","0"
"1100076","11","11","0","21","6","365","4","2","0","152","137","15","2.50","0","0.901","0"
"1100084","9","9","0","21","6","368","2","2","2","152","134","18","3.00","0","0.882","0"
"1100065","15","15","0","21","46","2786","30","12","4","1231","1129","102","2.22","6","0.917","0"
"1100072","10","10","0","21","40","2412","11","25","4","1009","882","127","3.18","1","0.874","0"
"1100079","7","7","0","21","46","2803","21","21","4","1383","1261","122","2.65","1","0.912","0"
"1100081","3","3","1","21","29","1756","18","9","2","781","699","82","2.83","2","0.895","0"
"1100081","8","8","0","21","6","359","3","3","0","158","142","16","2.67","0","0.899","0"
"1100060","4","4","0","21","46","2801","19","22","5","1312","1192","120","2.61","1","0.909","0"
"1100082","6","6","0","21","7","425","4","3","0","192","168","24","3.43","0","0.875","0"
"1100077","13","13","0","21","46","2818","22","18","6","1234","1115","119","2.59","1","0.904","0"
"1100080","2","2","0","21","9","538","3","6","0","245","221","24","2.67","0","0.902","0"
"1100074","3","3","0","21","44","2678","18","19","7","1116","986","130","2.95","4","0.884","0"
"1100095","9","9","1","21","40","2239","11","22","7","1035","902","133","3.33","2","0.871","0"
"1100085","7","7","1","21","35","1997","18","11","3","841","735","106","3.03","1","0.874","0"
"1100062","4","4","0","21","6","365","3","3","0","177","155","22","3.67","0","0.876","0"
"1100057","5","5","0","21","46","2804","28","13","5","1210","1083","127","2.76","1","0.895","0"
"1100102","8","8","1","21","31","1677","14","13","0","685","585","100","3.23","0","0.854","0"
"1100229","3","3","1","21","11","660","6","5","0","261","228","33","3.00","1","0.874","0"
"1100226","0","0","1","21","33","1828","12","17","4","851","734","117","3.55","1","0.863","0"
"1100227","9","9","1","21","6","190","0","0","0","81","70","11","1.83","0","0.864","0"
"1100228","7","7","1","21","10","439","4","3","1","200","179","21","2.10","0","0.895","0"
"1100225","8","8","1","21","16","741","7","4","2","343","298","45","2.81","0","0.869","0"
"1100222","8","8","1","20","9","488","3","4","1","238","201","37","4.11","0","0.845","0"
"1100219","1","1","1","20","11","503","1","5","0","215","190","25","2.27","0","0.884","0"
"1100214","0","0","1","20","10","354","1","4","0","203","169","34","3.40","0","0.833","0"
"1100216","8","8","1","20","7","208","0","0","0","94","79","15","2.14","0","0.840","0"
"1100224","9","9","1","20","17","919","10","6","0","424","378","46","2.71","1","0.892","0"
"1100223","8","8","1","20","33","1717","13","18","1","807","709","98","2.97","1","0.879","0"
"1100221","9","9","1","20","1","24","0","0","0","9","9","0","0.00","0","1.000","0"
"1100220","7","7","1","20","11","462","3","4","1","173","151","22","2.00","0","0.873","0"
"1100074","3","3","0","20","44","2674","24","18","2","1075","983","92","2.09","5","0.914","0"
"1100073","8","8","0","20","6","362","5","1","0","108","100","8","1.33","2","0.926","0"
"1100060","13","13","0","20","40","2464","22","11","7","996","904","92","2.30","4","0.908","0"
"1100069","4","4","0","20","41","2490","12","25","4","1079","964","115","2.80","3","0.893","0"
"1100056","11","11","0","20","44","2684","23","16","5","1241","1138","103","2.34","3","0.917","0"
"1100066","6","6","0","20","43","2612","29","11","3","968","870","98","2.28","3","0.899","0"
"1100057","5","5","0","20","43","2605","21","19","3","1092","981","111","2.58","2","0.898","0"
"1100065","15","15","0","20","44","2660","27","14","3","1169","1081","88","2.00","6","0.925","0"
"1100062","4","4","0","20","9","545","3","5","1","272","244","28","3.11","0","0.897","0"
"1100072","10","10","0","20","42","2557","7","29","6","1156","1023","133","3.17","3","0.885","0"
"1100080","2","2","0","20","8","486","6","2","0","158","140","18","2.25","0","0.886","0"
"1100085","7","7","1","20","36","1966","17","11","4","796","687","109","3.03","0","0.863","0"
"1100079","7","7","0","20","42","2549","18","17","7","1155","1049","106","2.52","4","0.908","0"
"1100080","9","9","1","20","26","1473","13","9","2","665","586","79","3.04","0","0.881","0"
"1100081","3","3","1","20","10","427","5","3","0","219","197","22","2.20","0","0.900","0"
"1100078","3","3","0","20","6","364","4","2","0","150","134","16","2.67","1","0.893","0"
"1100084","1","1","1","20","34","1900","15","17","2","874","771","103","3.03","2","0.882","0"
"1100076","11","11","0","20","6","359","3","2","1","129","120","9","1.50","1","0.930","0"
"1100083","3","3","1","20","36","1976","23","8","1","916","823","93","2.58","2","0.898","0"
"1100075","9","9","0","20","6","368","4","1","1","141","123","18","3.00","0","0.872","0"
"1100077","13","13","0","20","10","612","4","4","2","236","212","24","2.40","0","0.898","0"
"1100082","0","0","1","20","38","2080","16","17","2","903","789","114","3.00","2","0.874","0"
"1100041","7","7","0","20","8","487","3","3","2","198","182","16","2.00","0","0.919","0"
"1100055","9","9","0","20","44","2655","22","21","1","1133","1020","113","2.57","5","0.900","0"
"1100051","8","8","0","20","44","2677","19","19","6","1137","1015","122","2.77","4","0.893","0"
"1100053","10","10","0","20","8","488","1","5","2","224","206","18","2.25","0","0.920","0"
"1100029","15","15","0","20","6","365","6","0","0","92","83","9","1.50","1","0.902","0"
"1100045","2","2","0","20","42","2536","29","11","2","974","883","91","2.17","5","0.907","0"
"1100043","5","5","0","20","7","435","3","3","1","168","148","20","2.86","1","0.881","0"
"1100048","6","6","0","20","7","425","5","1","1","131","120","11","1.57","0","0.916","0"
"1100026","7","7","0","19","33","1978","12","19","2","840","744","96","2.91","1","0.886","0"
"1100055","9","9","0","19","44","2679","20","16","8","1104","1008","96","2.18","4","0.913","0"
"1100048","6","6","0","19","6","366","5","1","0","118","104","14","2.33","0","0.881","0"
"1100050","13","13","0","19","33","1996","19","10","4","703","629","74","2.24","6","0.895","0"
"1100053","10","10","0","19","6","365","0","5","1","148","126","22","3.67","0","0.851","0"
"1100041","7","7","0","19","17","1029","7","10","0","432","380","52","3.06","0","0.880","0"
"1100054","8","8","0","19","12","739","8","3","1","304","271","33","2.75","1","0.891","0"
"1100051","8","8","0","19","38","2294","19","18","1","943","857","86","2.26","4","0.909","0"
"1100029","15","15","0","19","6","360","1","5","0","164","140","24","4.00","0","0.854","0"
"1100045","2","2","0","19","42","2544","30","8","4","933","843","90","2.14","7","0.904","0"
"1100043","5","5","0","19","9","550","6","2","1","257","236","21","2.33","1","0.918","0"
"1100217","3","3","1","19","8","445","4","2","0","188","165","23","2.88","1","0.878","0"
"1100216","3","3","1","19","1","41","0","0","1","17","17","0","0.00","0","1.000","0"
"1100212","9","9","1","19","11","498","2","3","1","195","178","17","1.55","1","0.913","0"
"1100218","1","1","1","19","34","1938","19","10","4","801","707","94","2.77","3","0.883","0"
"1102372","7","7","1","19","11","499","3","3","1","179","160","19","1.73","1","0.894","0"
"1100077","8","8","1","19","31","1715","13","11","2","667","573","94","3.03","4","0.859","0"
"1100066","6","6","0","19","44","2671","23","18","3","1224","1107","117","2.66","0","0.904","0"
"1100078","8","8","1","19","19","711","6","6","2","266","234","32","1.68","0","0.880","0"
"1100065","15","15","0","19","44","2649","22","19","3","1096","997","99","2.25","6","0.910","0"
"1100079","7","7","1","19","34","1918","15","15","3","821","711","110","3.24","1","0.866","0"
"1100092","1","1","1","19","11","481","4","3","0","191","172","19","1.73","0","0.901","0"
"1100056","11","11","0","19","44","2665","24","18","2","1217","1116","101","2.30","7","0.917","0"
"1100069","4","4","0","19","28","1681","16","12","0","620","556","64","2.29","4","0.897","0"
"1100080","9","9","1","19","35","1936","18","15","1","778","675","103","2.94","0","0.868","0"
"1100060","13","13","0","19","17","1028","8","7","2","417","379","38","2.24","1","0.909","0"
"1100059","4","4","0","19","22","1348","14","4","4","524","474","50","2.27","2","0.903","0"
"1100082","0","0","1","19","34","1875","13","17","2","800","697","103","3.03","2","0.871","0"
"1100083","3","3","1","19","34","1924","19","12","2","756","676","80","2.35","6","0.894","0"
"1100090","0","0","1","19","13","546","4","4","0","230","202","28","2.15","0","0.878","0"
"1100076","11","11","0","19","6","361","6","0","0","142","130","12","2.00","1","0.915","0"
"1100071","3","3","0","19","6","372","2","2","2","149","128","21","3.50","1","0.859","0"
"1100074","3","3","0","19","44","2676","22","16","6","1162","1045","117","2.66","2","0.899","0"
"1100073","2","2","0","19","8","484","5","2","1","198","179","19","2.38","0","0.904","0"
"1100057","5","5","0","19","41","2491","20","13","8","1124","1022","102","2.49","2","0.909","0"
"1100075","9","9","0","19","6","369","2","2","2","128","110","18","3.00","1","0.859","0"
"1100072","10","10","0","19","32","1931","5","24","3","851","754","97","3.03","0","0.886","0"
"1100060","13","13","0","18","43","2604","20","21","2","1037","920","117","2.72","2","0.887","0"
"1100059","10","10","0","18","43","2618","25","14","4","955","852","103","2.40","2","0.892","0"
"1100071","3","3","0","18","6","359","0","6","0","181","158","23","3.83","0","0.873","0"
"1100058","9","9","0","18","6","364","3","2","1","153","138","15","2.50","0","0.902","0"
"1100065","15","15","0","18","42","2546","19","20","3","1082","980","102","2.43","4","0.906","0"
"1100072","1","1","1","18","19","988","3","11","2","390","336","54","2.84","0","0.862","0"
"1100067","11","11","0","18","6","369","5","1","0","143","134","9","1.50","1","0.937","0"
"1100071","8","8","1","18","13","734","5","5","2","273","241","32","2.46","1","0.883","0"
"1100062","4","4","0","18","7","420","3","4","0","165","143","22","3.14","0","0.867","0"
"1100064","5","5","0","18","25","1524","11","11","3","699","627","72","2.88","2","0.897","0"
"1100066","6","6","0","18","44","2687","18","17","9","1122","1014","108","2.45","5","0.904","0"
"1100070","6","6","0","18","6","375","4","1","1","159","139","20","3.33","0","0.874","0"
"1100079","7","7","1","18","21","1241","13","7","0","512","472","40","1.91","2","0.922","0"
"1100056","11","11","0","18","44","2666","22","16","6","1193","1082","111","2.52","1","0.907","0"
"1100068","8","8","0","18","3","180","2","1","0","86","78","8","2.67","0","0.907","0"
"1100076","3","3","1","18","24","1431","15","6","3","461","412","49","2.04","2","0.894","0"
"1100083","3","3","1","18","17","991","10","5","1","349","309","40","2.35","1","0.885","0"
"1100069","4","4","0","18","43","2616","32","9","2","1067","982","85","1.98","6","0.920","0"
"1100092","1","1","1","18","27","1433","13","11","0","540","474","66","2.44","1","0.878","0"
"1100057","5","5","0","18","25","1511","12","12","1","711","652","59","2.36","5","0.917","0"
"1100074","9","9","1","18","32","1743","11","16","4","668","590","78","2.44","2","0.883","0"
"1100073","0","0","1","18","31","1682","15","11","3","728","643","85","2.74","1","0.883","0"
"1100077","8","8","1","18","29","1652","14","10","4","588","512","76","2.62","1","0.871","0"
"1100212","9","9","1","18","14","693","3","4","2","263","225","38","2.71","0","0.856","0"
"1100215","0","0","1","18","15","745","4","5","2","297","264","33","2.20","0","0.889","0"
"1100214","8","8","1","18","2","48","0","0","0","14","13","1","0.50","0","0.929","0"
"1100048","2","2","0","18","6","341","1","4","0","140","125","15","2.50","0","0.893","0"
"1100055","9","9","0","18","44","2693","31","8","5","1086","991","95","2.16","5","0.913","0"
"1100026","10","10","0","18","7","419","4","3","0","178","157","21","3.00","0","0.882","0"
"1100041","7","7","0","18","6","362","1","4","1","179","161","18","3.00","1","0.899","0"
"1100029","15","15","0","18","8","491","4","3","1","217","198","19","2.38","0","0.912","0"
"1100053","3","3","0","18","44","2667","11","27","6","1296","1159","137","3.11","1","0.894","0"
"1100045","2","2","0","18","45","2690","28","13","4","991","890","101","2.24","2","0.898","0"
"1100050","13","13","0","18","7","424","5","2","0","151","135","16","2.29","2","0.894","0"
"1100054","7","7","0","18","44","2669","19","20","5","1208","1105","103","2.34","3","0.915","0"
"1100051","8","8","0","18","47","2851","20","19","8","1205","1097","108","2.30","3","0.910","0"
"1102372","7","7","1","18","20","1191","14","6","0","425","376","49","2.45","1","0.885","0"
"1100206","8","8","1","17","6","276","1","2","1","107","90","17","2.83","0","0.841","0"
"1100208","9","9","1","17","6","360","3","2","1","153","143","10","1.67","0","0.935","0"
"1100210","7","7","1","17","2","45","0","0","0","16","12","4","2.00","0","0.750","0"
"1100211","0","0","1","17","1","34","0","0","0","9","6","3","3.00","0","0.667","0"
"1100069","4","4","0","17","17","1028","4","12","1","476","426","50","2.94","1","0.895","0"
"1100056","11","11","0","17","43","2614","19","20","4","1129","1020","109","2.53","2","0.903","0"
"1100058","9","9","0","17","6","365","2","3","1","117","101","16","2.67","0","0.863","0"
"1100073","0","0","1","17","40","2403","22","15","3","890","810","80","2.00","4","0.910","0"
"1100059","10","10","0","17","12","729","5","5","2","308","283","25","2.08","1","0.901","0"
"1100060","7","7","0","17","44","2677","20","19","5","1028","929","99","2.25","3","0.904","0"
"1100075","7","7","1","17","40","2380","20","18","2","902","809","93","2.33","3","0.897","0"
"1100057","5","5","0","17","44","2680","24","15","5","1018","929","89","2.02","6","0.913","0"
"1100062","10","10","0","17","8","489","3","4","1","200","169","31","3.88","0","0.845","0"
"1100071","8","8","1","17","37","2140","18","16","2","827","740","87","2.35","4","0.895","0"
"1100067","11","11","0","17","7","423","3","3","1","126","113","13","1.86","1","0.897","0"
"1100066","6","6","0","17","36","2169","14","19","3","951","857","94","2.61","3","0.901","0"
"1100076","3","3","1","17","8","433","3","3","1","159","147","12","1.50","1","0.925","0"
"1100068","8","8","0","17","2","119","0","2","0","40","33","7","3.50","0","0.825","0"
"1100070","3","3","1","17","34","2003","17","12","4","739","681","58","1.71","1","0.922","0"
"1100092","1","1","1","17","40","2388","19","16","5","1004","901","103","2.58","3","0.897","0"
"1100068","9","9","1","17","34","2074","17","10","7","675","606","69","2.03","6","0.898","0"
"1100064","4","4","0","17","33","2002","11","18","4","899","808","91","2.76","1","0.899","0"
"1100065","15","15","0","17","44","2680","21","18","5","1074","961","113","2.57","3","0.895","0"
"1100054","7","7","0","17","6","359","2","4","0","157","146","11","1.83","1","0.930","0"
"1100055","9","9","0","17","44","2658","25","17","2","1025","920","105","2.39","2","0.898","0"
"1100046","8","8","0","17","4","250","1","1","2","89","77","12","3.00","0","0.865","0"
"1100045","10","10","0","17","30","1848","14","14","2","774","695","79","2.63","1","0.901","0"
"1100047","1","1","1","17","3","43","0","0","0","22","19","3","1.00","0","0.864","0"
"1100026","6","6","0","17","15","857","7","5","2","308","274","34","2.27","1","0.890","0"
"1100052","3","3","0","17","12","727","6","5","1","292","268","24","2.00","0","0.918","0"
"1100051","8","8","0","17","44","2675","28","12","4","1175","1084","91","2.07","7","0.923","0"
"1100043","5","5","0","17","6","359","5","1","0","105","90","15","2.50","0","0.857","0"
"1100053","3","3","0","17","38","2300","23","12","3","866","781","85","2.24","5","0.902","0"
"1100050","13","13","0","17","30","1820","15","12","3","688","612","76","2.53","3","0.890","0"
"1100048","2","2","0","17","6","362","6","0","0","92","84","8","1.33","1","0.913","0"
"1100041","13","13","0","17","20","1210","14","4","2","459","418","41","2.05","2","0.911","0"
"1100029","15","15","0","17","6","360","3","2","1","158","143","15","2.50","1","0.905","0"
"1100026","6","6","0","16","10","620","3","3","4","236","213","23","2.30","0","0.903","0"
"1100041","13","13","0","16","8","485","6","2","0","204","183","21","2.63","1","0.897","0"
"1100038","3","3","0","16","31","1881","21","7","3","650","587","63","2.03","5","0.903","0"
"1100034","5","5","0","16","6","360","4","2","0","101","86","15","2.50","1","0.851","0"
"1100016","4","4","0","16","6","360","2","4","0","177","164","13","2.17","1","0.927","0"
"1100046","8","8","0","16","6","360","2","4","0","143","127","16","2.67","0","0.888","0"
"1100029","15","15","0","16","6","363","2","4","0","185","173","12","2.00","0","0.935","0"
"1100043","6","6","0","16","7","433","3","2","2","175","157","18","2.57","0","0.897","0"
"1100055","9","9","0","16","45","2691","19","17","8","1063","949","114","2.53","3","0.893","0"
"1100051","8","8","0","16","44","2670","23","17","4","1087","999","88","2.00","7","0.919","0"
"1100053","3","3","0","16","3","180","1","2","0","65","59","6","2.00","0","0.908","0"
"1100052","3","3","0","16","16","977","11","3","2","346","316","30","1.88","2","0.913","0"
"1100048","2","2","0","16","6","358","3","3","0","124","108","16","2.67","0","0.871","0"
"1100050","13","13","0","16","42","2555","27","13","2","1010","909","101","2.40","5","0.900","0"
"1100047","1","1","1","16","5","174","0","3","0","71","65","6","1.20","0","0.915","0"
"1100054","2","2","0","16","44","2673","26","12","6","946","847","99","2.25","4","0.895","0"
"1100045","5","5","0","16","44","2674","37","7","0","961","881","80","1.82","6","0.917","0"
"1100003","11","11","0","16","6","364","3","2","1","134","123","11","1.83","1","0.918","0"
"1100207","8","8","1","16","2","43","0","0","0","23","22","1","0.50","0","0.957","0"
"1100202","0","0","1","16","36","2009","18","11","4","967","862","105","2.92","2","0.891","0"
"1100206","8","8","1","16","40","2394","19","15","6","1133","1024","109","2.73","1","0.904","0"
"1100205","0","0","1","16","4","174","0","3","0","103","90","13","3.25","0","0.874","0"
"1100208","9","9","1","16","14","696","4","5","2","330","294","36","2.57","0","0.891","0"
"1100070","3","3","1","16","40","2407","23","14","2","1120","1016","104","2.60","1","0.907","0"
"1100067","3","3","1","16","1","44","1","0","0","17","17","0","0.00","0","1.000","0"
"1100059","7","7","0","16","22","1318","10","12","0","520","462","58","2.64","3","0.888","0"
"1100066","6","6","0","16","33","1992","12","16","5","813","721","92","2.79","1","0.887","0"
"1100064","4","4","0","16","44","2649","9","32","3","1191","1050","141","3.20","1","0.882","0"
"1100069","1","1","1","16","40","2239","19","16","2","1091","980","111","2.78","3","0.898","0"
"1100057","10","10","0","16","43","2586","14","26","3","1073","971","102","2.37","2","0.905","0"
"1100073","7","7","1","16","40","2275","19","16","3","1019","910","109","2.73","4","0.893","0"
"1100056","11","11","0","16","44","2673","19","19","6","1046","931","115","2.61","1","0.890","0"
"1100066","0","0","1","16","4","249","2","1","1","111","100","11","2.75","0","0.901","0"
"1100062","10","10","0","16","8","427","3","4","0","180","158","22","2.75","0","0.878","0"
"1100068","9","9","1","16","31","1727","15","12","2","768","676","92","2.97","0","0.880","0"
"1100075","7","7","1","16","5","137","0","2","0","60","56","4","0.80","0","0.933","0"
"1100065","15","15","0","16","44","2663","25","16","3","1139","1042","97","2.20","6","0.915","0"
"1100058","9","9","0","16","6","354","3","2","1","146","130","16","2.67","1","0.890","0"
"1100060","7","7","0","16","28","1691","12","14","2","762","690","72","2.57","3","0.906","0"
"1100067","3","3","1","15","17","954","10","4","1","505","457","48","2.82","0","0.905","0"
"1100057","7","7","0","15","3","180","2","1","0","79","74","5","1.67","1","0.937","0"
"1100056","11","11","0","15","44","2678","19","20","5","1203","1085","118","2.68","2","0.902","0"
"1100068","9","9","1","15","1","43","0","0","0","20","18","2","2.00","0","0.900","0"
"1100065","15","15","0","15","17","1044","9","4","4","419","380","39","2.29","1","0.907","0"
"1100066","0","0","1","15","40","2300","14","23","2","1220","1101","119","2.98","1","0.902","0"
"1100063","10","10","0","15","23","1393","10","12","1","716","652","64","2.78","3","0.911","0"
"1100064","9","9","1","15","40","2275","18","17","4","1187","1068","119","2.98","2","0.900","0"
"1100062","10","10","0","15","26","1568","4","19","3","869","769","100","3.85","1","0.885","0"
"1100061","4","4","0","15","16","968","1","14","1","511","458","53","3.31","1","0.896","0"
"1100064","10","10","0","15","1","60","1","0","0","21","21","0","0.00","1","1.000","0"
"1100060","7","7","0","15","6","359","4","2","0","147","134","13","2.17","0","0.912","0"
"1100075","7","7","1","15","40","2294","23","13","3","1192","1076","116","2.90","2","0.903","0"
"1100065","3","3","1","15","25","1470","12","10","3","713","638","75","3.00","1","0.895","0"
"1100059","7","7","0","15","41","2502","18","20","3","1123","999","124","3.02","0","0.890","0"
"1100058","9","9","0","15","10","624","6","2","2","230","206","24","2.40","0","0.896","0"
"1100057","8","8","1","15","40","2334","26","11","1","1181","1066","115","2.88","1","0.903","0"
"1100069","1","1","1","15","37","2200","15","19","3","1275","1162","113","3.05","2","0.911","0"
"1100038","3","3","0","15","37","2235","29","6","2","917","839","78","2.11","5","0.915","0"
"1100050","13","13","0","15","10","604","3","6","1","277","251","26","2.60","0","0.906","0"
"1100029","15","15","0","15","33","1990","16","15","2","865","779","86","2.61","2","0.901","0"
"1100051","8","8","0","15","42","2573","19","18","5","1179","1067","112","2.67","3","0.905","0"
"1100054","2","2","0","15","44","2625","26","10","7","1030","942","88","2.00","6","0.915","0"
"1100024","13","13","0","15","40","2423","17","18","5","955","858","97","2.43","2","0.898","0"
"1100052","3","3","0","15","13","778","6","7","0","330","294","36","2.77","1","0.891","0"
"1100045","5","5","0","15","44","2633","32","10","1","1167","1074","93","2.11","6","0.920","0"
"1100016","4","4","0","15","34","2062","9","23","2","942","847","95","2.79","2","0.899","0"
"1100048","2","2","0","15","7","425","4","2","1","208","191","17","2.43","1","0.918","0"
"1100046","8","8","0","15","8","480","5","3","0","185","162","23","2.88","0","0.876","0"
"1100003","11","11","0","15","6","375","3","1","2","168","155","13","2.17","0","0.923","0"
"1100055","9","9","0","15","40","2441","32","5","3","1013","937","76","1.90","3","0.925","0"
"1100013","5","5","0","15","7","386","4","3","0","144","120","24","3.43","0","0.833","0"
"1100042","6","6","0","15","23","1401","9","9","5","663","608","55","2.39","2","0.917","0"
"1100026","6","6","0","15","27","1638","12","12","3","701","627","74","2.74","2","0.894","0"
"1100201","8","8","1","15","2","78","1","1","0","44","40","4","2.00","0","0.909","0"
"1100202","0","0","1","15","4","119","1","0","0","55","51","4","1.00","0","0.927","0"
"1100203","1","1","1","15","5","224","0","3","0","132","114","18","3.60","0","0.864","0"
"1100204","7","7","1","15","5","138","0","1","0","71","62","9","1.80","0","0.873","0"
"1100056","11","11","0","14","44","2664","23","18","3","1117","996","121","2.75","4","0.892","0"
"1100024","10","10","0","14","44","2670","16","23","5","1209","1093","116","2.64","3","0.904","0"
"1100026","6","6","0","14","34","2058","13","16","4","995","897","98","2.88","0","0.902","0"
"1100029","15","15","0","14","43","2617","22","16","5","1187","1075","112","2.60","1","0.906","0"
"1100003","11","11","0","14","6","364","1","3","2","170","155","15","2.50","1","0.912","0"
"1100028","8","8","0","14","22","1327","13","7","2","595","540","55","2.50","1","0.908","0"
"1100052","3","3","0","14","44","2660","21","19","4","1169","1062","107","2.43","4","0.908","0"
"1100053","3","3","0","14","6","361","4","1","1","156","137","19","3.17","0","0.897","0"
"1100054","2","2","0","14","6","358","2","4","0","162","147","15","2.50","0","0.907","0"
"1100055","9","9","0","14","44","2663","22","18","4","1128","1009","119","2.70","1","0.895","0"
"1100042","6","6","0","14","17","981","7","9","1","475","436","39","2.29","1","0.918","0"
"1100049","10","10","0","14","6","360","2","4","0","153","138","15","2.50","2","0.902","0"
"1100046","7","7","0","14","8","480","2","5","1","223","196","27","3.38","0","0.879","0"
"1100048","2","2","0","14","44","2678","28","12","4","1010","904","106","2.41","3","0.895","0"
"1100041","13","13","0","14","6","325","4","2","0","153","134","19","3.17","0","0.876","0"
"1100038","4","4","0","14","47","2847","29","14","4","1110","1011","99","2.11","6","0.911","0"
"1100045","5","5","0","14","40","2424","23","15","2","1072","973","99","2.48","4","0.908","0"
"1100032","9","9","0","14","6","360","2","4","0","115","94","21","3.50","0","0.817","0"
"1100051","8","8","0","14","26","1575","20","5","1","609","561","48","1.85","3","0.921","0"
"1100050","13","13","0","14","45","2716","23","16","5","1149","1028","121","2.69","2","0.895","0"
"1100044","7","7","0","14","32","1948","10","16","6","857","762","95","2.97","0","0.889","0"
"1100023","15","15","0","14","7","419","3","4","0","189","166","23","3.29","0","0.878","0"
"1100016","4","4","0","14","3","180","1","2","0","61","52","9","3.00","0","0.852","0"
"1100013","5","5","0","14","10","614","4","5","1","318","290","28","2.80","0","0.912","0"
"1100002","8","8","0","14","2","120","0","2","0","51","41","10","5.00","0","0.804","0"
"1100022","11","11","0","13","44","2677","27","13","4","1058","961","97","2.20","6","0.908","0"
"1100046","7","7","0","13","5","305","0","4","1","145","127","18","3.60","0","0.876","0"
"1100003","11","11","0","13","6","375","4","0","2","167","155","12","2.00","0","0.928","0"
"1100041","13","13","0","13","8","440","2","3","2","243","220","23","2.88","0","0.905","0"
"1100029","15","15","0","13","44","2675","25","15","4","1190","1094","96","2.18","5","0.919","0"
"1100051","8","8","0","13","34","2067","20","11","3","894","809","85","2.50","2","0.905","0"
"1100043","3","3","0","13","6","365","5","1","0","151","138","13","2.17","0","0.914","0"
"1100050","13","13","0","13","43","2592","13","25","5","1325","1176","149","3.47","3","0.888","0"
"1100034","5","5","0","13","4","245","3","1","0","107","96","11","2.75","1","0.897","0"
"1100028","3","3","0","13","11","665","3","8","0","289","254","35","3.18","0","0.894","0"
"1100027","9","9","0","13","45","2681","26","12","6","1111","1017","94","2.09","11","0.915","0"
"1100049","10","10","0","13","6","365","4","2","0","146","125","21","3.50","0","0.856","0"
"1100042","6","6","0","13","35","2131","9","20","6","984","879","105","3.00","0","0.893","0"
"1100026","6","6","0","13","15","915","7","6","2","415","370","45","3.00","1","0.892","0"
"1100048","2","2","0","13","38","2310","23","11","4","938","850","88","2.32","4","0.906","0"
"1100045","5","5","0","13","46","2791","17","22","7","1351","1226","125","2.72","4","0.907","0"
"1100002","8","8","0","13","16","968","8","6","2","418","363","55","3.44","0","0.868","0"
"1100038","4","4","0","13","41","2504","25","14","2","1049","960","89","2.17","7","0.915","0"
"1100024","10","10","0","13","44","2649","25","16","3","1121","1023","98","2.23","4","0.913","0"
"1100023","15","15","0","13","6","364","1","4","1","139","117","22","3.67","0","0.842","0"
"1100013","9","9","0","13","6","350","6","0","0","150","140","10","1.67","0","0.933","0"
"1100053","3","3","0","13","33","2022","16","10","7","752","662","90","2.73","0","0.880","0"
"1100052","7","7","0","13","45","2736","19","22","4","1291","1156","135","3.00","2","0.895","0"
"1100016","4","4","0","13","9","552","6","2","1","197","176","21","2.33","0","0.893","0"
"1100029","15","15","0","12","45","2727","21","17","7","1214","1108","106","2.36","4","0.913","0"
"1100044","15","15","0","12","4","192","0","3","0","69","60","9","2.25","0","0.870","0"
"1100028","2","2","0","12","38","2295","25","13","0","939","845","94","2.47","4","0.900","0"
"1100045","5","5","0","12","44","2668","14","25","5","1183","1060","123","2.80","1","0.896","0"
"1100021","11","11","0","12","6","359","5","1","0","152","136","16","2.67","0","0.895","0"
"1100048","2","2","0","12","12","723","8","4","0","271","245","26","2.17","1","0.904","0"
"1100034","5","5","0","12","6","369","2","3","1","215","195","20","3.33","0","0.907","0"
"1100016","4","4","0","12","8","484","2","5","1","216","188","28","3.50","0","0.870","0"
"1100013","9","9","0","12","6","364","4","1","1","181","168","13","2.17","1","0.928","0"
"1100046","7","7","0","12","7","427","2","4","1","206","181","25","3.57","0","0.879","0"
"1100043","13","13","0","12","9","550","2","5","2","250","222","28","3.11","0","0.888","0"
"1100049","10","10","0","12","8","438","5","2","0","170","151","19","2.38","0","0.888","0"
"1100002","8","8","0","12","39","2372","22","13","4","1021","924","97","2.49","1","0.905","0"
"1100024","10","10","0","12","43","2607","28","13","2","1085","977","108","2.51","3","0.900","0"
"1100023","15","15","0","12","2","120","1","1","0","52","46","6","3.00","0","0.885","0"
"1100038","4","4","0","12","42","2551","24","17","1","1181","1086","95","2.26","4","0.920","0"
"1100052","7","7","0","12","43","2627","13","22","8","1278","1167","111","2.58","3","0.913","0"
"1100041","13","13","0","12","41","2490","16","20","5","1169","1050","119","2.90","0","0.898","0"
"1100026","6","6","0","12","28","1691","11","15","2","795","712","83","2.96","1","0.896","0"
"1100003","3","3","0","12","44","2660","28","12","4","1089","997","92","2.09","4","0.916","0"
"1100022","11","11","0","12","44","2675","26","15","3","1067","978","89","2.02","4","0.917","0"
"1100051","8","8","0","12","11","667","5","5","1","289","254","35","3.18","0","0.879","0"
"1100027","9","9","0","12","44","2667","20","19","5","1149","1036","113","2.57","2","0.902","0"
"1100050","3","3","0","12","6","360","5","1","0","155","143","12","2.00","1","0.923","0"
"1100042","6","6","0","12","22","1332","11","10","1","609","546","63","2.86","1","0.897","0"
"1100036","7","7","0","11","41","2474","7","32","2","1020","834","186","4.54","0","0.818","0"
"1100019","8","8","0","11","6","360","0","6","0","155","123","32","5.33","0","0.794","0"
"1100041","13","13","0","11","10","579","0","8","1","239","187","52","5.20","0","0.782","0"
"1100044","15","15","0","11","6","321","0","5","1","118","89","29","4.83","0","0.754","0"
"1100042","6","6","0","11","19","1126","6","12","1","449","347","102","5.37","0","0.773","0"
"1100038","4","4","0","11","47","2769","24","14","6","1111","982","129","2.74","2","0.884","0"
"1100034","5","5","0","11","6","311","0","6","0","117","86","31","5.17","0","0.735","0"
"1100040","5","5","0","11","45","2701","14","24","6","1100","915","185","4.11","0","0.832","0"
"1100032","2","2","0","11","2","120","0","2","0","37","26","11","5.50","0","0.703","0"
"1100016","7","7","0","11","9","543","1","6","2","225","188","37","4.11","0","0.836","0"
"1100027","9","9","0","11","45","2687","32","11","1","1004","894","110","2.44","3","0.890","0"
"1100020","9","9","0","11","6","327","1","5","0","133","103","30","5.00","0","0.774","0"
"1100022","11","11","0","11","44","2668","34","9","1","1049","947","102","2.32","2","0.903","0"
"1100047","3","3","0","11","1","34","0","1","0","9","0","9","9.00","0","0.000","0"
"1100026","6","6","0","11","32","1893","14","13","4","709","587","122","3.81","0","0.828","0"
"1100003","13","13","0","11","41","2446","21","16","4","970","826","144","3.51","0","0.852","0"
"1100028","2","2","0","11","44","2658","24","16","4","976","838","138","3.14","1","0.859","0"
"1100048","2","2","0","11","4","243","3","1","0","101","83","18","4.50","0","0.822","0"
"1100024","10","10","0","11","40","2405","31","9","0","919","813","106","2.65","3","0.885","0"
"1100002","8","8","0","11","44","2678","26","13","5","922","785","137","3.11","2","0.851","0"
"1100045","10","10","0","11","10","604","7","2","1","217","184","33","3.30","0","0.848","0"
"1100021","11","11","0","11","6","370","2","2","2","154","128","26","4.33","0","0.831","0"
"1100046","4","4","0","11","6","252","0","6","0","118","79","39","6.50","0","0.669","0"
"1100029","15","15","0","11","45","2711","25","12","7","1051","908","143","3.18","2","0.864","0"
"1100013","3","3","0","11","28","1655","14","13","0","648","531","117","4.18","0","0.819","0"
"1100218","3","3","0","11","22","1317","14","8","0","538","459","79","3.59","0","0.853","0"
"1100218","3","3","0","10","45","2705","26","16","3","954","824","130","2.89","3","0.864","0"
"1100003","13","13","0","10","42","2562","21","16","5","863","744","119","2.83","2","0.862","0"
"1100041","2","2","0","10","6","359","2","4","0","121","92","29","4.83","0","0.760","0"
"1100002","8","8","0","10","45","2697","39","3","2","1011","910","101","2.24","4","0.900","0"
"1100040","9","9","0","10","20","1177","6","10","3","431","355","76","3.80","1","0.835","0"
"1100019","8","8","0","10","4","204","1","3","0","72","55","17","4.25","0","0.764","0"
"1100045","10","10","0","10","7","419","4","3","0","149","130","19","2.71","1","0.872","0"
"1100011","5","5","0","10","12","720","0","12","0","246","195","51","4.25","0","0.793","0"
"1100043","13","13","0","10","8","480","2","6","0","181","143","38","4.75","0","0.790","0"
"1100044","8","8","0","10","2","121","1","1","0","32","23","9","4.50","0","0.719","0"
"1100013","15","15","0","10","6","360","3","3","0","135","111","24","4.00","0","0.822","0"
"1100027","2","2","0","10","44","2613","38","2","3","916","823","93","2.11","3","0.898","0"
"1100016","3","3","0","10","5","314","1","1","3","101","84","17","3.40","0","0.832","0"
"1100042","6","6","0","10","6","365","2","4","0","144","110","34","5.67","0","0.764","0"
"1100024","10","10","0","10","43","2627","27","12","4","912","801","111","2.58","4","0.878","0"
"1100033","2","2","0","10","2","48","0","1","0","13","10","3","1.50","0","0.769","0"
"1100034","7","7","0","10","7","421","2","4","1","151","118","33","4.71","0","0.781","0"
"1100020","9","9","0","10","11","633","1","9","1","238","184","54","4.91","0","0.773","0"
"1100035","4","4","0","10","8","378","0","8","0","163","106","57","7.13","0","0.650","0"
"1100036","5","5","0","10","27","1619","3","24","0","655","538","117","4.33","0","0.825","0"
"1100026","6","6","0","10","44","2667","27","13","4","956","810","146","3.32","2","0.847","0"
"1100021","11","11","0","10","7","420","2","5","0","139","108","31","4.43","0","0.777","0"
"1100029","15","15","0","10","44","2684","18","17","9","1036","899","137","3.11","4","0.868","0"
"1100028","7","7","0","10","43","2587","28","14","1","947","836","111","2.58","3","0.883","0"
"1100022","11","11","0","10","43","2620","28","9","6","982","887","95","2.21","1","0.903","0"
"1100038","4","4","0","10","45","2632","11","29","2","1150","994","156","3.47","1","0.864","0"
"1100027","2","2","0","9","45","2590","23","13","7","897","786","111","2.47","1","0.876","0"
"1100033","2","2","0","9","5","300","4","1","0","101","88","13","2.60","0","0.871","0"
"1100032","13","13","0","9","9","406","1","5","1","133","100","33","3.67","0","0.752","0"
"1100023","3","3","0","9","11","220","0","2","0","70","40","30","2.73","0","0.571","0"
"1100003","13","13","0","9","45","2617","20","16","7","899","785","114","2.53","0","0.873","0"
"1100022","11","11","0","9","45","2631","29","11","4","926","834","92","2.04","1","0.901","0"
"1100026","6","6","0","9","46","2552","28","15","1","862","745","117","2.54","2","0.864","0"
"1100028","7","7","0","9","45","2631","34","10","1","942","832","110","2.44","2","0.883","0"
"1100013","10","10","0","9","10","428","3","3","0","140","112","28","2.80","0","0.800","0"
"1100021","11","11","0","9","7","375","3","3","0","127","103","24","3.43","0","0.811","0"
"1100029","9","9","0","9","46","2588","14","25","5","910","782","128","2.78","1","0.859","0"
"1100011","6","6","0","9","12","467","3","3","0","143","108","35","2.92","1","0.755","0"
"1100034","7","7","0","9","9","384","3","2","0","118","85","33","3.67","0","0.720","0"
"1100036","8","8","0","9","6","341","4","2","0","118","97","21","3.50","0","0.822","0"
"1100035","4","4","0","9","19","532","0","10","0","188","115","73","3.84","0","0.612","0"
"1100019","8","8","0","9","1","41","0","0","0","12","9","3","3.00","0","0.750","0"
"1100002","8","8","0","9","45","2625","30","14","0","878","783","95","2.11","3","0.892","0"
"1100037","2","2","0","9","5","147","0","2","0","44","29","15","3.00","0","0.659","0"
"1100024","10","10","0","9","45","2597","25","17","2","897","779","118","2.62","1","0.868","0"
"1100038","4","4","0","9","47","2489","8","28","4","928","779","149","3.17","1","0.839","0"
"1100020","9","9","0","9","13","435","0","6","0","141","92","49","3.77","0","0.652","0"
"1100016","3","3","0","9","46","2479","16","22","4","891","736","155","3.37","2","0.826","0"
"1100218","3","3","0","9","6","327","2","3","1","121","100","21","3.50","0","0.826","0"
"1100018","9","9","0","8","10","435","4","2","1","191","173","18","1.80","1","0.906","0"
"1100021","11","11","0","8","8","364","2","3","1","201","181","20","2.50","0","0.900","0"
"1100027","2","2","0","8","44","2550","23","19","2","1260","1153","107","2.43","2","0.915","0"
"1100002","8","8","0","8","44","2623","24","16","3","1295","1194","101","2.30","2","0.922","0"
"1100034","7","7","0","8","10","464","3","4","0","230","212","18","1.80","0","0.922","0"
"1100022","11","11","0","8","46","2699","19","17","8","1235","1130","105","2.28","0","0.915","0"
"1100019","8","8","0","8","8","408","1","4","2","204","184","20","2.50","0","0.902","0"
"1100013","10","10","0","8","7","399","4","2","0","182","173","9","1.29","0","0.951","0"
"1100011","6","6","0","8","8","387","3","4","0","184","160","24","3.00","0","0.870","0"
"1100028","7","7","0","8","37","2120","24","9","3","1048","963","85","2.30","1","0.919","0"
"1100029","9","9","0","8","45","2588","19","23","1","1358","1228","130","2.89","1","0.904","0"
"1100003","3","3","0","8","43","2583","24","17","2","1278","1178","100","2.33","0","0.922","0"
"1100024","10","10","0","8","44","2625","26","14","4","1406","1293","113","2.57","1","0.920","0"
"1100035","4","4","0","8","20","1064","2","10","5","576","518","58","2.90","0","0.899","0"
"1100026","6","6","0","8","45","2662","25","13","5","1351","1228","123","2.73","0","0.909","0"
"1100016","13","13","0","8","44","2542","18","18","6","1290","1170","120","2.73","1","0.907","0"
"1100033","2","2","0","8","11","473","3","2","1","190","174","16","1.45","1","0.916","0"
"1100023","3","3","0","8","9","463","2","3","2","226","207","19","2.11","0","0.916","0"
"1100017","4","4","0","8","1","32","0","0","0","21","18","3","3.00","0","0.857","0"
"1100006","7","7","0","8","8","439","6","1","0","195","182","13","1.63","1","0.918","0"
"1100032","13","13","0","8","12","510","3","2","3","235","216","19","1.58","0","0.919","0"
"1000028","7","7","0","7","1","22","0","0","0","13","11","2","2.00","0","0.842","0"
"1000312","13","13","0","7","1","10","0","1","0","6","2","4","4.00","0","0.333","0"
"1100028","7","7","0","7","16","884","3","10","2","477","430","47","2.94","0","0.901","0"
"1100027","2","2","0","7","50","2978","26","20","4","1488","1362","126","2.52","3","0.915","0"
"1100002","8","8","0","7","50","3012","26","20","4","1536","1411","125","2.50","2","0.919","0"
"1100026","6","6","0","7","50","2921","25","21","3","1511","1391","120","2.40","1","0.921","0"
"1100024","10","10","0","7","50","3019","24","19","6","1597","1471","126","2.52","0","0.921","0"
"1100003","3","3","0","7","50","3044","33","13","4","1497","1374","123","2.46","1","0.918","0"
"1100006","7","7","0","7","36","2116","19","12","4","1083","999","84","2.33","2","0.919","0"
"1100011","6","6","0","7","3","112","0","0","1","39","37","2","0.67","0","0.949","0"
"1100022","11","11","0","7","50","2953","25","19","6","1506","1391","115","2.30","2","0.924","0"
"1100018","4","4","0","7","39","2329","24","11","3","1196","1101","95","2.44","0","0.921","0"
"1100029","9","9","0","7","50","2886","13","29","8","1556","1406","150","3.00","1","0.904","0"
"1100020","9","9","0","7","5","152","0","0","0","79","71","8","1.60","0","0.899","0"
"1100019","8","8","0","7","1","29","0","0","0","7","6","1","1.00","0","0.857","0"
"1100013","10","10","0","7","1","18","0","1","0","6","4","2","2.00","0","0.667","0"
"1100031","4","4","0","7","1","20","0","0","0","4","2","2","2.00","0","0.500","0"
"1100021","2","2","0","7","2","46","0","0","0","25","23","2","1.00","0","0.920","0"
"1100016","13","13","0","7","50","3024","25","18","6","1545","1410","135","2.70","0","0.913","0"
"1100021","2","2","0","6","3","101","0","1","0","51","44","7","2.33","0","0.863","0"
"1100019","8","8","0","6","3","98","1","1","0","30","28","2","0.67","0","0.933","0"
"1100024","10","10","0","6","48","2837","24","16","7","1426","1309","117","2.44","0","0.918","0"
"1100027","2","2","0","6","60","3544","28","24","7","1862","1694","168","2.80","0","0.910","0"
"1100018","4","4","0","6","60","3548","29","24","7","1782","1640","142","2.37","2","0.920","0"
"1100006","7","7","0","6","60","3464","31","23","5","1791","1660","131","2.18","3","0.927","0"
"1100016","13","13","0","6","53","3123","34","13","5","1549","1441","108","2.04","4","0.930","0"
"1100015","3","3","0","6","41","2479","17","19","5","1204","1091","113","2.76","1","0.906","0"
"1100025","3","3","0","6","6","320","3","2","0","160","140","20","3.33","0","0.875","0"
"1100026","6","6","0","6","60","3555","35","19","6","1714","1574","140","2.33","0","0.918","0"
"1100023","4","4","0","6","4","103","0","0","0","44","36","8","2.00","0","0.818","0"
"1100003","9","9","0","6","44","2653","17","20","7","1367","1269","98","2.23","2","0.931","0"
"1100020","9","9","0","6","16","946","8","7","1","494","444","50","3.13","0","0.899","0"
"1100022","11","11","0","6","60","3619","24","21","14","1872","1743","129","2.15","3","0.931","0"
"1100011","6","6","0","6","1","46","0","0","0","19","18","1","1.00","0","0.947","0"
"1100013","10","10","0","6","15","816","5","8","0","389","351","38","2.53","0","0.902","0"
"1000028","11","11","0","6","2","55","1","0","0","28","24","4","2.00","0","0.904","0"
"1000769","13","13","0","6","10","518","4","4","0","270","245","25","2.50","0","0.907","0"
"1100014","7","7","0","6","5","174","0","1","0","77","64","13","2.60","0","0.831","0"
"1100002","8","8","0","6","60","3556","30","23","5","1847","1697","150","2.50","1","0.919","0"
"1000028","9","9","0","5","1","27","0","0","0","12","12","0","0.00","0","0.924","0"
"1100012","3","3","0","5","2","42","0","0","0","21","18","3","1.50","0","0.857","0"
"1100018","4","4","0","5","44","2659","24","16","4","1271","1161","110","2.50","1","0.913","0"
"1100013","10","10","0","5","44","2596","8","31","4","1516","1393","123","2.80","1","0.919","0"
"1100016","13","13","0","5","42","2546","12","23","7","1458","1344","114","2.71","0","0.922","0"
"1100002","8","8","0","5","42","2538","21","14","6","1257","1161","96","2.29","1","0.924","0"
"1100005","2","2","0","5","42","2467","27","10","4","1197","1118","79","1.88","5","0.934","0"
"1100003","9","9","0","5","44","2667","26","12","6","1270","1191","79","1.80","1","0.938","0"
"1100017","2","2","0","5","4","197","1","2","0","105","97","8","2.00","0","0.924","0"
"1100011","13","13","0","5","3","152","1","1","0","78","74","4","1.33","0","0.949","0"
"1100015","3","3","0","5","44","2644","22","13","9","1313","1213","100","2.27","2","0.924","0"
"1100019","8","8","0","5","4","162","0","1","2","87","78","9","2.25","0","0.897","0"
"1000028","4","4","0","4","1","17","0","0","0","4","4","0","0.00","0","0.843","0"
"1100002","8","8","0","4","40","2414","13","23","4","1282","1194","88","2.20","2","0.931","0"
"1000769","11","11","0","4","40","2374","19","18","2","1165","1056","109","2.73","1","0.906","0"
"1100003","9","9","0","4","40","2406","33","2","4","1152","1076","76","1.90","2","0.934","0"
"1100012","3","3","0","4","6","217","1","2","0","110","93","17","2.83","0","0.845","0"
"1100015","3","3","0","4","39","2208","17","16","4","1123","1037","86","2.21","1","0.923","0"
"1100006","7","7","0","4","40","2355","20","15","5","1181","1092","89","2.23","4","0.925","0"
"1100008","4","4","0","4","40","2422","21","16","3","1265","1177","88","2.20","2","0.930","0"
"1100011","6","6","0","4","40","2445","17","16","7","1285","1183","102","2.55","0","0.921","0"
"1100014","7","7","0","4","2","78","0","0","0","26","21","5","2.50","0","0.808","0"
"1100005","2","2","0","4","40","2384","18","12","9","1251","1165","86","2.15","2","0.931","0"
"1100013","9","9","0","4","1","38","1","0","0","11","11","0","0.00","0","1.000","0"
"1000769","11","11","0","3","40","2449","18","14","8","1154","1062","92","2.30","2","0.920","0"
"1100002","8","8","0","3","40","2403","18","16","5","1061","985","76","1.90","4","0.928","0"
"1100010","6","6","0","3","30","1756","10","11","8","869","798","71","2.37","0","0.918","0"
"1100012","4","4","0","3","40","2434","22","9","8","1132","1056","76","1.90","1","0.933","0"
"1100009","3","3","0","3","4","208","1","1","0","122","113","9","2.25","0","0.926","0"
"1100011","6","6","0","3","13","698","5","6","0","329","306","23","1.77","2","0.930","0"
"1000028","8","8","0","3","1","44","0","1","0","23","20","3","3.00","0","0.844","0"
"1100005","2","2","0","3","40","2419","15","20","4","1119","1023","96","2.40","0","0.914","0"
"1100008","3","3","0","3","38","2220","15","22","1","990","904","86","2.26","1","0.913","0"
"1100003","9","9","0","3","40","2459","28","6","6","1083","1009","74","1.85","1","0.932","0"
"1100007","4","4","0","3","2","25","0","0","1","4","4","0","0.00","0","1.000","0"
"1100006","7","7","0","3","40","2454","28","7","5","1062","992","70","1.75","4","0.934","0"
"1100011","6","6","0","2","40","2373","12","24","4","1221","1121","100","2.50","4","0.918","0"
"1100005","2","2","0","2","37","2250","13","15","9","1140","1061","79","2.14","7","0.931","0"
"1100012","2","2","0","2","4","204","0","2","1","104","94","10","2.50","0","0.904","0"
"1000769","11","11","0","2","40","2435","22","13","5","1064","980","84","2.10","6","0.921","0"
"1100003","9","9","0","2","40","2413","28","8","3","1224","1149","75","1.88","9","0.939","0"
"1100006","7","7","0","2","40","2381","30","6","4","1149","1076","73","1.83","5","0.936","0"
"1100002","8","8","0","2","39","2292","19","16","2","1353","1257","96","2.46","3","0.929","0"
"1100008","3","3","0","2","40","2327","20","20","0","1119","1022","97","2.43","3","0.913","0"
"1001002","4","4","0","2","40","2351","14","24","2","1283","1182","101","2.53","5","0.921","0"
"1100002","8","8","0","1","40","2446","13","18","9","1063","988","75","1.88","3","0.929","0"
"1000769","11","11","0","1","40","2434","23","12","5","1015","946","69","1.73","7","0.932","0"
"1100012","2","2","0","1","40","2388","15","17","7","1113","1021","92","2.30","5","0.917","0"
"1100006","7","7","0","1","40","2433","30","5","5","1118","1056","62","1.55","9","0.945","0"
"1100008","3","3","0","1","40","2414","21","12","7","1087","1021","66","1.65","6","0.939","0"
"1102345","6","6","0","1","40","2417","18","16","6","1196","1126","70","1.75","9","0.941","0"
