"PlayerID","TeamID","FranchiseID","LeagueID","SeasonID","First Name","Last Name","Nick Name","Height","Weight","DOB","Birthcity","Birthstate","Nationality_One","Nationality_Two","Nationality_Three"
"0","0","0","3","67"," ","Alexis Texas",,"76","225","2009-3-5","Belfast","NOR","England",,
"0","0","0","3","68"," ","Alexis Texas",,"76","225","2009-3-5","Belfast","NOR","England",,
"1","0","0","3","67"," ","Jeff Newman",,"75","230","2009-12-22","Liverpool","ENG","England",,
"1","0","0","3","69"," ","Jeff Newman",,"75","230","2009-12-22","Liverpool","ENG","England",,
"1","0","0","3","70"," ","Jeff Newman",,"75","230","2009-12-22","Liverpool","ENG","England",,
"4","0","0","3","66"," ","Sean Davies",,"76","210","2010-12-2","Liverpool","ENG","England",,
"4","0","0","3","67"," ","Sean Davies",,"76","210","2008-4-23","Liverpool","ENG","England",,
"4","0","0","3","68"," ","Sean Davies",,"76","210","2008-4-23","Liverpool","ENG","England",,
"4","0","0","3","69"," ","Sean Davies",,"76","210","2008-4-23","Liverpool","ENG","England",,
"5","0","0","3","53"," ","Berry Blue",,"73","210","2000-7-13","London","ENG","England",,
"6","0","0","3","67"," ","Ragnar Lothbrok",,"72","179","2009-7-4","Kattakürgon","SAM","Sweden",,
"6","0","0","3","68"," ","Ragnar Lothbrok",,"72","179","2009-7-4","Kattakürgon","SAM","Ireland",,
"8","0","0","3","64"," ","Seamus O'Slapahan",,"74","230","2008-6-25","Blessington","WIC","Ireland",,
"8","0","0","3","65"," ","Seamus O'Slapahan",,"74","230","2008-6-25","Blessington","WIC","Ireland",,
"8","0","0","3","66"," ","Seamus O'Slapahan",,"74","230","2008-6-25","Vendas Novas","ALE","Ireland",,
"8","0","0","3","67"," ","Seamus O'Slapahan",,"74","230","2006-9-22","Killarney","KER","Ireland",,
"9","0","0","3","55"," ","Bane",,"76","225","2000-1-13","London","ENG","England",,
"9","0","0","3","56"," ","Bane",,"77","225","2000-1-13","London","ENG","England",,
"9","0","0","3","57"," ","Bane",,"77","225","2000-1-13","London","ENG","England",,
"10","0","0","3","67"," ","Pete Aleman",,"70","185","2009-3-1","Cork","COR","Ireland",,
"10","0","0","3","68"," ","Pete Aleman",,"70","185","2009-3-1","Cork","COR","Ireland",,
"10","0","0","3","69"," ","Pete Aleman",,"70","185","2009-3-1","Cork","COR","Ireland",,
"10","0","0","3","70"," ","Pete Aleman",,"70","185","2009-3-1","Cork","COR","Ireland",,
"11","0","0","3","67"," ","Alexander Minaj",,"74","225","2009-8-20","Colton","CA","The United States",,
"11","0","0","3","68"," ","Alexander Minaj",,"74","225","2009-8-20","Cleveland","OH","Ireland",,
"11","0","0","3","69"," ","Alexander Minaj",,"74","225","2009-8-20","Cleveland","OH","Ireland",,
"11","0","0","3","70"," ","Alexander Minaj",,"74","225","2009-8-20","Cleveland","OH","Ireland",,
"15","0","0","3","67"," ","Guinness O'Bigbers",,"71","200","2009-8-5","Simpsonville","SC","The United States",,
"15","0","0","3","68"," ","Guinness O'Bigbers",,"71","200","2009-8-5","Swords","DUB","Ireland",,
"15","0","0","3","69"," ","Guinness O'Bigbers",,"71","200","2009-8-5","Swords","DUB","Ireland",,
"15","0","0","3","70"," ","Guinness O'Bigbers",,"71","200","2009-8-5","Swords","DUB","Ireland",,
"16","0","0","3","67"," ","Derek Martin",,"71","192","2009-3-23","Saint-Grégoire","QC","Canada",,
"16","0","0","3","68"," ","Derek Martin",,"71","192","2009-3-23","Saint-Grégoire","QC","Ireland",,
"16","0","0","3","69"," ","Derek Martin",,"71","192","2009-3-23","Saint-Grégoire","QC","Ireland",,
"16","0","0","3","70"," ","Derek Martin",,"71","192","2009-3-23","Saint-Grégoire","QC","Ireland",,
"17","0","0","3","67"," ","Tiberius Kane",,"71","194","2010-8-18","Ulaanbaatar","ULA","Mongolia",,
"17","0","0","3","68"," ","Tiberius Kane",,"71","194","2010-8-18","Ulaanbaatar","ULA","England",,
"17","0","0","3","69"," ","Tiberius Kane",,"71","194","2010-8-18","Ulaanbaatar","ULA","England",,
"17","0","0","3","70"," ","Tiberius Kane",,"71","194","2010-8-18","Ulaanbaatar","ULA","England",,
"17","0","0","3","71"," ","Tiberius Kane",,"71","194","2010-8-18","Ulaanbaatar","ULA","England",,
"21","0","0","3","64"," ","Ronnie Pickering",,"74","225","2008-4-27","Hullbridge","ENG","England",,
"21","0","0","3","65"," ","Ronnie Pickering",,"74","225","2008-4-27","Hullbridge","ENG","England",,
"21","0","0","3","66"," ","Ronnie Pickering",,"74","225","2008-4-27","Hemel Hempstead","ENG","England",,
"21","0","0","3","67"," ","Ronnie Pickering",,"74","225","2006-5-3","Hullbridge","ENG","England",,
"22","0","0","3","67"," ","Jarrod Lakemore",,"74","215","2010-8-4","Liverpool","ENG","England",,
"22","0","0","3","68"," ","Jarrod Lakemore",,"74","215","2010-8-4","Liverpool","ENG","England",,
"22","0","0","3","69"," ","Jarrod Lakemore",,"74","215","2010-8-4","Liverpool","ENG","England",,
"23","0","0","3","67"," ","Viktor Hargreeves",,"76","211","2009-3-17","Dover","ENG","England",,
"23","0","0","3","68"," ","Viktor Hargreeves",,"76","211","2009-3-17","Dover","ENG","England",,
"23","0","0","3","69"," ","Viktor Hargreeves",,"76","211","2009-3-17","Dover","ENG","England",,
"23","0","0","3","70"," ","Viktor Hargreeves",,"76","211","2009-3-17","Dover","ENG","England",,
"24","0","0","3","56"," ","Pablo Salvatici",,"71","172","2001-7-6","Milan","LOM","Italy",,
"24","0","0","3","57"," ","Pablo Salvatici",,"71","172","2001-7-6","Milan","LOM","Italy",,
"24","0","0","3","58"," ","Pablo Salvatici",,"71","172","2001-7-6","Milan","LOM","Italy",,
"24","0","0","3","59"," ","Pablo Salvatici",,"71","172","2001-7-6","Milan","LOM","Italy",,
"29","0","0","3","67"," ","Billy Herrington",,"74","240","2010-1-29","North Babylon","NY","The United States",,
"32","0","0","3","55"," ","Kynwyl Pearce",,"70","205","2000-11-16","Swansea","WAL","Wales",,
"32","0","0","3","56"," ","Kynwyl Pearce",,"71","205","2000-11-16","Swansea","WAL","Wales",,
"32","0","0","3","57"," ","Kynwyl Pearce",,"71","205","2000-11-16","Swansea","WAL","Wales",,
"32","0","0","3","58"," ","Kynwyl Pearce",,"71","205","2000-11-16","Swansea","WAL","Wales",,
"32","0","0","3","67"," ","Marc Gorman",,"72","220","2010-5-19","Auburn","NY","The United States",,
"34","0","0","3","68"," ","Caleb Hayden",,"72","178","2006-8-28","Dennis","MA","Ireland",,
"37","0","0","3","70"," ","Chris Valentine",,"73","197","2009-10-19","Traverse City","MI","The United States",,
"61","0","0","3","69"," ","Kyle Murray",,"77","204","2007-4-12","East Patchogue","NY","The United States",,
"66","0","0","3","54"," ","Peter Ramsey",,"74","212","2000-10-31","Reading","ENG","England",,
"66","0","0","3","55"," ","Peter Ramsey",,"74","212","2000-10-31","Reading","ENG","England",,
"66","0","0","3","56"," ","Peter Ramsey",,"74","212","2000-10-31","Reading","ENG","England",,
"66","0","0","3","57"," ","Peter Ramsey",,"74","212","2000-10-31","Reading","ENG","England",,
"69","0","0","3","53"," ","Cillian Kavanagh",,"76","205","2000-11-24","Dublin","DUB","Ireland",,
"74","0","0","3","56"," ","Ruggs McOoooh",,"73","201","2000-3-20","Heath","TX","The United States",,
"74","0","0","3","57"," ","Ruggs McOoooh",,"73","201","2000-3-20","Heath","TX","The United States",,
"74","0","0","3","58"," ","Ruggs McOoooh",,"73","201","2000-3-20","Heath","TX","The United States",,
"74","0","0","3","59"," ","Ruggs McOoooh",,"73","201","2000-3-20","Heath","TX","The United States",,
"93","0","0","3","54"," ","Alexander Roach",,"75","200","2000-5-17","Rochester Hills","MI","The United States",,
"93","0","0","3","55"," ","Alexander Roach",,"75","200","2000-5-17","Rochester Hills","MI","The United States",,
"98","0","0","3","57"," ","Brian Davenport",,"74","205","1991-2-15","Eastbourne","ENG","England",,
"98","0","0","3","58"," ","Brian Davenport",,"74","205","1991-2-15","Eastbourne","ENG","England",,
"98","0","0","3","59"," ","Brian Davenport",,"74","205","1991-2-15","Eastbourne","ENG","England",,
"98","0","0","3","60"," ","Brian Davenport",,"74","205","1991-2-15","Eastbourne","ENG","England",,
"103","0","0","3","60"," ","Sven Svechnikov",,"70","200","2000-3-20","Stockholm","STO","Sweden",,
"103","0","0","3","61"," ","Sven Svechnikov",,"70","200","2000-3-20","Stockholm","STO","Sweden",,
"105","0","0","3","56"," ","Chad Alfa",,"76","230","2000-11-24","Swords","DUB","Ireland",,
"113","0","0","3","54"," ","Patrik Money",,"74","205","2000-3-23","Dublin","DUB","Ireland",,
"113","0","0","3","55"," ","Patrik Money",,"74","205","2000-3-23","Dublin","DUB","Ireland",,
"113","0","0","3","56"," ","Patrik Money",,"74","205","2000-3-23","Dublin","DUB","Ireland",,
"113","0","0","3","57"," ","Patrik Money",,"74","205","2000-3-23","Dublin","DUB","Ireland",,
"113","0","0","3","58"," ","Patrik Money",,"74","205","2000-3-23","Dublin","DUB","Ireland",,
"122","0","0","3","56"," ","Cian McFelter",,"72","206","2000-2-19","Dublin","DUB","Ireland",,
"122","0","0","3","57"," ","Cian McFelter",,"72","206","2000-2-19","Dublin","DUB","Ireland",,
"122","0","0","3","58"," ","Cian McFelter",,"72","206","2000-2-19","Dublin","DUB","Ireland",,
"154","0","0","3","53"," ","Patric Twist",,"74","235","2000-2-10","Dublin","DUB","Ireland",,
"154","0","0","3","54"," ","Patric Twist",,"74","235","2000-2-10","Dublin","DUB","Ireland",,
"154","0","0","3","55"," ","Patric Twist",,"74","235","2000-2-10","Dublin","DUB","Ireland",,
"164","0","0","3","70"," ","4 Chainz",,"77","195","2011-3-1","Bakersfield","CA","The United States",,
"185","0","0","3","53"," ","Rhys Pritchard",,"75","215","2000-1-31","London","ENG","England",,
"185","0","0","3","54"," ","Rhys Pritchard",,"75","215","2000-1-31","London","ENG","England",,
"191","0","0","3","59"," ","Uthred Ragnarsson",,"75","220","2000-11-17","Chicago","IL","The United States",,
"191","0","0","3","60"," ","Uthred Ragnarsson",,"75","220","2000-11-17","Chicago","IL","The United States",,
"205","0","0","3","66"," ","Nino Di Giuseppe",,"72","200","2010-11-15","Chiasso","TI","Switzerland",,
"215","0","0","3","71"," ","FITTED *PRIMETIME99"" CUDDLES",,"78","227","2010-4-30","Pittsburgh","PA","Finland",,
"218","0","0","3","55"," ","Josh Dolphin",,"72","200","2000-11-22","Swindon","ENG","England",,
"218","0","0","3","56"," ","Josh Dolphin",,"72","200","2000-11-22","Swindon","ENG","England",,
"218","0","0","3","57"," ","Josh Dolphin",,"72","200","2000-11-22","Swindon","ENG","England",,
"218","0","0","3","58"," ","Josh Dolphin",,"72","200","2000-11-22","Swindon","ENG","England",,
"226","0","0","3","68"," ","Erik Bergmark",,"73","175","2009-3-18","Berlin","BER","Ireland",,
"226","0","0","3","69"," ","Erik Bergmark",,"73","175","2009-3-18","Berlin","BER","Ireland",,
"226","0","0","3","70"," ","Erik Bergmark",,"73","175","2009-3-18","Berlin","BER","Ireland",,
"228","0","0","3","57"," ","Greg Davies",,"80","240","1990-3-6","Wem","ENG","England",,
"228","0","0","3","58"," ","Greg Davies",,"80","240","1990-3-6","Wem","ENG","England",,
"228","0","0","3","59"," ","Greg Davies",,"80","240","1990-3-6","Wem","ENG","England",,
"228","0","0","3","60"," ","Greg Davies",,"80","240","1990-3-6","Wem","ENG","England",,
"233","0","0","3","54"," ","Leo Bloomfield",,"69","150","2000-5-1","York","ENG","England",,
"233","0","0","3","55"," ","Leo Bloomfield",,"69","150","2000-5-1","York","ENG","England",,
"233","0","0","3","56"," ","Leo Bloomfield",,"69","150","2000-5-1","York","ENG","England",,
"233","0","0","3","57"," ","Leo Bloomfield",,"69","150","2000-5-1","York","ENG","England",,
"240","0","0","3","53"," ","Guy O'Shea",,"75","220","2000-12-24","Dublin","DUB","Ireland",,
"240","0","0","3","54"," ","Guy O'Shea",,"75","220","2000-12-24","Dublin","DUB","Ireland",,
"244","0","0","3","53"," ","Frederick Wanesly",,"76","220","2000-5-12","London","ENG","England",,
"244","0","0","3","54"," ","Frederick Wanesly",,"76","220","2000-5-12","London","ENG","England",,
"244","0","0","3","55"," ","Frederick Wanesly",,"76","220","2000-5-12","London","ENG","England",,
"260","0","0","3","53"," ","Edward Williams",,"74","205","2000-10-30","London","ENG","England",,
"260","0","0","3","54"," ","Edward Williams",,"74","205","2000-10-30","London","ENG","England",,
"260","0","0","3","55"," ","Edward Williams",,"74","205","2000-10-30","London","ENG","England",,
"265","0","0","3","53"," ","Elizabeth Doyle",,"69","176","2000-4-10","Dublin","DUB","Ireland",,
"272","0","0","3","54"," ","Harry Walker",,"76","230","2000-6-14","Birmingham","ENG","England",,
"272","0","0","3","55"," ","Harry Walker",,"76","230","2000-6-14","Birmingham","ENG","England",,
"287","0","0","3","68"," ","Klases Ashford",,"73","200","2010-12-12","Brisbane","QLD","The United States",,
"297","0","0","3","57"," ","Vincent Mietitore",,"73","192","1998-6-18","London","ENG","England",,
"297","0","0","3","58"," ","Vincent Mietitore",,"73","192","1998-6-18","London","ENG","England",,
"297","0","0","3","59"," ","Vincent Mietitore",,"73","192","1998-6-18","London","ENG","England",,
"303","0","0","3","54"," ","Hennesey-Gallchobhar O'Mc",,"71","225","2000-6-7","London","ENG","England",,
"303","0","0","3","55"," ","Hennesey-Gallchobhar O'Mc",,"71","225","2000-6-7","London","ENG","England",,
"320","0","0","3","53"," ","Velveteen Dream",,"76","225","2000-1-23","Urbandale","IA","Ireland","The United States",
"320","0","0","3","54"," ","Keith Lee",,"76","225","2000-1-23","Urbandale","IA","Ireland","The United States",
"341","0","0","3","53"," ","Matthew Sawful",,"75","190","2000-2-11","Chicago","IL","The United States",,
"341","0","0","3","54"," ","Matthew Sawful",,"75","190","2000-2-11","Chicago","IL","The United States",,
"341","0","0","3","55"," ","Matthew Sawful",,"75","190","2000-2-11","Chicago","IL","The United States",,
"341","0","0","3","56"," ","Matthew Sawful",,"75","190","2000-2-11","Chicago","IL","The United States",,
"341","0","0","3","57"," ","Matthew Sawful",,"75","190","2000-2-11","Chicago","IL","The United States",,
"369","0","0","3","57"," ","Robert Feltersnatch",,"73","207","2000-11-25","Toronto","ON","Canada",,
"369","0","0","3","58"," ","Robert Feltersnatch",,"73","207","2000-11-25","Toronto","ON","Canada",,
"369","0","0","3","59"," ","Robert Feltersnatch",,"73","207","2000-11-25","Toronto","ON","Canada",,
"373","0","0","3","54"," ","Jed Mosley Jr",,"74","210","2000-5-23","Chicago","IL","The United States","England",
"384","0","0","3","56"," ","Patrick Shepherd",,"73","202","2000-5-31","Fair Lawn","NJ","The United States",,
"387","0","0","3","53"," ","Gavin Wallace",,"72","170","2000-3-23","Glasgow","SCO","Scotland",,
"408","0","0","3","66"," ","James Lutz",,"74","210","2010-8-16","Pittsburgh","PA","The United States",,
"409","0","0","3","68"," ","Liam Logger",,"75","222","2010-3-9","Asbestos","QC","Ireland",,
"409","0","0","3","69"," ","Liam Logger",,"75","222","2009-2-3","Asbestos","QC","Canada",,
"409","0","0","3","70"," ","Liam Logger",,"75","222","2009-2-3","Asbestos","QC","Canada",,
"416","0","0","3","53"," ","Bobby Bergen",,"75","217","2000-4-22","Cambridge","ENG","England",,
"416","0","0","3","54"," ","Bobby Bergen",,"75","217","2000-4-22","Cambridge","ENG","England",,
"433","0","0","3","69"," ","Brenden Laroux",,"76","224","2008-10-2","Sainte-Verge","POI","France",,
"436","0","0","3","53"," ","Adam Friedland",,"83","300","2000-9-17","London","ENG","England",,
"436","0","0","3","54"," ","Adam Friedland",,"83","300","2000-9-17","London","ENG","England",,
"436","0","0","3","55"," ","Adam Friedland",,"83","300","2000-9-17","London","ENG","England",,
"436","0","0","3","56"," ","Adam Friedland",,"83","300","2000-9-17","London","ENG","England",,
"439","0","0","3","66"," ","Finn Brandt",,"73","200","2010-12-7","Munich","BAV","Germany",,
"451","0","0","3","54"," ","Dee Centerman IV",,"75","240","2000-10-28","Portsmouth","ENG","England",,
"451","0","0","3","55"," ","Dee Centerman IV",,"75","240","2000-10-28","Portsmouth","ENG","England",,
"453","0","0","3","69"," ","Klaes Ashford",,"73","200","2010-10-31","Brisbane","QLD","Australia",,
"453","0","0","3","70"," ","Klaes Ashford",,"73","200","2010-10-31","Brisbane","QLD","Australia",,
"453","0","0","3","71"," ","Klaes Ashford",,"73","200","2010-10-31","Brisbane","QLD","Australia",,
"456","0","0","3","58"," ","Mikael Koskinen",,"74","195","2000-7-15","Philadelphia","PA","The United States",,
"459","0","0","3","68"," ","Ignacio Garza",,"77","227","2009-10-15","Jurupa Valley","CA","Ireland",,
"459","0","0","3","69"," ","Ignacio Garza",,"77","227","2009-10-15","Jurupa Valley","CA","Ireland",,
"459","0","0","3","70"," ","Ignacio Garza",,"77","227","2009-10-15","Jurupa Valley","CA","Ireland",,
"461","0","0","3","53"," ","Bryce McMahon",,"71","193","2000-6-21","Leeds","ENG","England",,
"461","0","0","3","54"," ","Bryce McMahon",,"71","193","2000-6-21","Leeds","ENG","England",,
"461","0","0","3","55"," ","Bryce McMahon",,"71","193","2000-6-21","Leeds","ENG","England",,
"461","0","0","3","56"," ","Bryce McMahon",,"71","193","2000-6-21","Leeds","ENG","England",,
"463","0","0","3","58"," ","Jay Sink",,"72","190","2001-10-26","London","ENG","England",,
"463","0","0","3","59"," ","Jay Sink",,"72","190","2001-10-26","London","ENG","England",,
"463","0","0","3","60"," ","Jay Sink",,"72","190","2001-10-26","London","ENG","England",,
"463","0","0","3","61"," ","Jay Sink",,"72","190","2001-10-26","London","ENG","England",,
"469","0","0","3","58"," ","Angus McFife XVIII",,"76","222","2002-6-22","Dundee","SCO","Scotland",,
"469","0","0","3","59"," ","Angus McFife XVIII",,"76","222","2002-6-22","Dundee","SCO","Scotland",,
"479","0","0","3","59"," ","Shane Duffy Jr.",,"80","275","2002-1-19","Cork","COR","Ireland",,
"479","0","0","3","60"," ","Shane Duffy Jr.",,"80","275","2002-1-19","Cork","COR","Ireland",,
"479","0","0","3","61"," ","Shane Duffy Jr.",,"80","275","2002-1-19","Cork","COR","Ireland",,
"481","0","0","3","55"," ","Hanke's Spride",,"74","200","2001-9-7","Wales","ENG","England",,
"486","0","0","3","55"," ","Grandmaster Funk",,"72","190","2000-4-26","Belfast","NOR","Ireland",,
"486","0","0","3","56"," ","Grandmaster Funk",,"72","190","2000-4-26","Belfast","NOR","Ireland",,
"486","0","0","3","57"," ","Grandmaster Funk",,"72","190","2000-4-26","Belfast","NOR","Ireland",,
"490","0","0","3","59"," ","Daud Ramza",,"72","205","2001-10-24","London","ENG","England",,
"490","0","0","3","60"," ","Daud Ramza",,"72","205","2001-10-24","London","ENG","England",,
"490","0","0","3","61"," ","Daud Ramza",,"72","205","2001-10-24","London","ENG","England",,
"497","0","0","3","56"," ","Stan Q. Next",,"74","220","2001-10-11","Santo Domingo","DIS","Dominican Republi",,
"497","0","0","3","57"," ","Stan Q. Next",,"74","220","2001-10-11","Santo Domingo","DIS","Dominican Republi",,
"497","0","0","3","58"," ","Stan Q. Next",,"74","220","2001-10-11","Santo Domingo","DIS","Dominican Republi",,
"502","0","0","3","60"," ","Jack Nishimori",,"72","205","2002-5-6","London","ENG","England",,
"502","0","0","3","61"," ","Jack Nishimori",,"72","205","2002-5-6","London","ENG","England",,
"510","0","0","3","60"," ","Robert Black",,"72","188","2001-11-27","Edinburgh","SCO","Scotland",,
"510","0","0","3","61"," ","Robert Black",,"72","188","2001-11-27","Edinburgh","SCO","Scotland",,
"512","0","0","3","55"," ","Ren-Ekelemchi Ahimizu-Oko",,"76","224","2000-2-17","Sheffield","ENG","England",,
"512","0","0","3","57"," ","Ren-Ekelemchi Ahimizu-Oko",,"76","224","2000-2-17","Sheffield","ENG","England",,
"512","0","0","3","58"," ","Ren-Ekelemchi Ahimizu-Okoll",,"76","224","2000-2-17","Sheffield","ENG","England",,
"519","0","0","3","56"," ","Adrian Ayers",,"74","211","2002-4-17","Ayr","SCO","Scotland",,
"519","0","0","3","57"," ","Adrian Ayers",,"74","211","2002-4-17","Ayr","SCO","Scotland",,
"519","0","0","3","58"," ","Adrian Ayers",,"74","211","2002-4-17","Ayr","SCO","Scotland",,
"546","0","0","3","57"," ","Valstislav Malik",,"77","227","2000-2-17","Brno","JHM","Czech Republic",,
"546","0","0","3","58"," ","Valstislav Malik",,"77","227","2000-2-17","Brno","JHM","Czech Republic",,
"546","0","0","3","59"," ","Valstislav Malik",,"77","227","2000-2-17","Brno","JHM","Czech Republic",,
"558","0","0","3","53"," ","Liam Slate",,"73","185","2000-5-14","Newport","WAL","Wales",,
"558","0","0","3","54"," ","Liam Slate",,"73","185","2000-5-14","Newport","WAL","Wales",,
"558","0","0","3","55"," ","Liam Slate",,"73","185","2000-5-14","Newport","WAL","Wales",,
"558","0","0","3","56"," ","Liam Slate",,"73","185","2000-5-14","Newport","WAL","Wales",,
"558","0","0","3","57"," ","Liam Slate",,"73","185","2000-5-14","Newport","WAL","Wales",,
"559","0","0","3","53"," ","Ginger McAlester",,"70","198","2000-8-27","Ballymena","NOR","Ireland",,
"560","0","0","3","53"," ","William Reynolds",,"75","215","2000-7-30","Manchester","ENG","England",,
"561","0","0","3","53"," ","Jax Gracie",,"71","200","2000-6-2","Birmingham","ENG","England",,
"563","0","0","3","53"," ","Matthew  Forrester",,"70","205","2000-5-16","Kirkcaldy","SCO","Scotland",,
"563","0","0","3","54"," ","Matthew  Forrester",,"71","205","2000-5-16","Kirkcaldy","SCO","Scotland",,
"563","0","0","3","55"," ","Matthew  Forrester",,"71","205","2000-5-16","Kirkcaldy","SCO","Scotland",,
"563","0","0","3","56"," ","Matthew  Forrester",,"71","205","2000-5-16","Kirkcaldy","SCO","Scotland",,
"573","0","0","3","59"," ","Ty Murphy",,"68","190","2003-4-28","Seattle","WA","Ireland",,
"573","0","0","3","60"," ","Ty Murphy",,"68","190","2003-4-28","Seattle","WA","Ireland",,
"573","0","0","3","61"," ","Ty Murphy",,"68","190","2003-4-28","Seattle","WA","Ireland",,
"581","0","0","3","59"," ","Maverick Seabrook",,"75","220","2003-2-11","Cincinnati","OH","England",,
"581","0","0","3","60"," ","Maverick Seabrook",,"75","220","2003-2-11","Cincinnati","OH","England",,
"581","0","0","3","61"," ","Maverick Seabrook",,"75","220","2003-2-11","Cincinnati","OH","England",,
"581","0","0","3","62"," ","Maverick Seabrook",,"75","220","2003-2-11","Cincinnati","OH","England",,
"588","0","0","3","59"," ","Willie Macdougal",,"72","204","2003-5-22","Benson","UT","The United States",,
"598","0","0","3","60"," ","Ragnar Ragnarsson",,"74","215","2003-6-4","Baker City","OR","England",,
"599","0","0","3","61"," ","Lewis HamiltonIsBlessed",,"75","222","2004-5-11","McColl","SC","England",,
"599","0","0","3","62"," ","Lewis HamiltonIsBlessed",,"75","222","2004-5-11","McColl","SC","England",,
"599","0","0","3","63"," ","Lewis HamiltonIsBlessed",,"75","222","2004-5-11","McColl","SC","England",,
"599","0","0","3","64"," ","Lewis HamiltonIsBlessed",,"75","222","2004-5-11","McColl","SC","England",,
"601","0","0","3","56"," ","Bas O'Bigbers",,"71","170","2003-6-25","Swords","DUB","Ireland",,
"601","0","0","3","57"," ","Bas O'Bigbers",,"71","170","2003-6-25","Swords","DUB","Ireland",,
"601","0","0","3","58"," ","Bas O'Bigbers",,"71","170","2003-6-25","Swords","DUB","Ireland",,
"601","0","0","3","59"," ","Bas O'Bigbers",,"71","170","2003-6-25","Swords","DUB","Ireland",,
"605","0","0","3","61"," ","Lev Lebedev",,"72","200","2002-8-20","Budd Lake","NJ","Russia",,
"605","0","0","3","62"," ","Lev Lebedev",,"72","200","2002-8-20","Budd Lake","NJ","England",,
"607","0","0","3","60"," ","Doug Glatt",,"74","220","2003-2-20","Knoxville","TN","Scotland",,
"607","0","0","3","62"," ","Doug Glatt",,"74","220","2006-7-8","Edinburgh","SCO","Scotland",,
"624","0","0","3","61"," ","Brick Wall",,"68","175","2004-6-14","Albany","NY","Ireland",,
"624","0","0","3","62"," ","Brick Wall",,"68","175","2004-6-14","Albany","NY","Ireland",,
"624","0","0","3","63"," ","Brick Wall",,"68","175","2004-6-14","Albany","NY","Ireland",,
"629","0","0","3","61"," ","Stephan Gill",,"74","180","2004-4-29","Repton","ENG","England",,
"629","0","0","3","62"," ","Stephan Gill",,"74","180","2004-4-29","Repton","ENG","England",,
"629","0","0","3","63"," ","Stephan Gill",,"74","180","2004-4-29","Repton","ENG","England",,
"629","0","0","3","64"," ","Stephan Gill",,"74","180","2004-4-29","Repton","ENG","England",,
"631","0","0","3","57"," ","Robert E.O. Speedwagon",,"70","195","2003-6-29","London","ENG","England",,
"631","0","0","3","59"," ","Robert E.O. Speedwagon",,"71","195","2003-6-29","London","ENG","England",,
"631","0","0","3","60"," ","Robert E.O. Speedwagon",,"71","195","2003-6-29","London","ENG","England",,
"631","0","0","3","61"," ","Robert E.O. Speedwagon",,"71","195","2003-6-29","London","ENG","England",,
"632","0","0","3","68"," ","James Ward-Prowse",,"75","225","2011-1-31","Southampton","ENG","England",,
"632","0","0","3","69"," ","James Ward-Prowse",,"75","225","2011-1-31","Southampton","ENG","England",,
"632","0","0","3","70"," ","James Ward-Prowse",,"75","225","2011-1-31","Southampton","ENG","England",,
"632","0","0","3","71"," ","James Ward-Prowse",,"75","225","2011-1-31","Southampton","ENG","England",,
"632","0","0","3","72"," ","James Ward-Prowse",,"75","225","2011-1-31","Southampton","ENG","England",,
"633","0","0","3","71"," ","Jack McCarthy",,"74","212","2011-9-16","Chicago","IL","The United States",,
"634","0","0","3","57"," ","Billy Broooks",,"76","240","2004-2-19","Dublin","DUB","England",,
"634","0","0","3","58"," ","Billy Brooks",,"76","240","2004-2-19","Dublin","DUB","England",,
"634","0","0","3","59"," ","Billy Brooks",,"76","240","2004-2-19","Dublin","DUB","England",,
"634","0","0","3","60"," ","Billy Brooks",,"76","240","2004-2-19","Dublin","DUB","England",,
"642","0","0","3","61"," ","Wendolene Ramsbottom",,"78","229","2004-7-1","Wigan","ENG","England",,
"642","0","0","3","62"," ","Wendolene Ramsbottom",,"78","229","2004-7-1","Wigan","ENG","England",,
"642","0","0","3","63"," ","Wendolene Ramsbottom",,"78","229","2004-7-1","Wigan","ENG","England",,
"642","0","0","3","64"," ","Wendolene Ramsbottom",,"78","229","2004-7-1","Wigan","ENG","England",,
"643","0","0","3","70"," ","Grisha Uskjal",,"77","220","2013-3-21","Ashland","MA","The United States",,
"643","0","0","3","71"," ","Grisha Uskjal",,"77","220","2013-3-21","Ashland","MA","The United States","England",
"643","0","0","3","72"," ","Grisha Uskjal",,"77","220","2013-3-21","Ashland","MA","The United States","England",
"651","0","0","3","70"," ","Shorsey Wobet",,"71","215","2013-4-8","Jacksonville","NY","The United States",,
"651","0","0","3","71"," ","Shorsey Wobet",,"71","215","2013-4-8","Jacksonville","NY","The United States",,
"651","0","0","3","72"," ","Shorsey Wobet",,"71","215","2013-4-8","Jacksonville","NY","The United States",,
"660","0","0","3","65"," ","Velký Muž",,"80","285","2003-11-8","Honolulu","HI","Czech Republic",,
"660","0","0","3","70"," ","George Walsh",,"78","215","2011-12-17","Wexford","WEX","Ireland",,
"670","0","0","3","61"," ","Bilbo Baggins",,"61","151","2004-2-10","Valley Stream","NY","Ireland",,
"675","0","0","3","69"," ","Ryan McKennedy",,"74","200","2011-4-3","Longford","LON","Ireland",,
"675","0","0","3","71"," ","Ryan McKennedy",,"74","200","2011-4-3","Longford","LON","Ireland",,
"681","0","0","3","65"," ","Not Deadly",,"46","191","2004-6-14","Pennsville","NJ","Austria",,
"683","0","0","3","57"," ","Daryl Urquhart",,"71","190","2004-1-2","London","ENG","England",,
"683","0","0","3","58"," ","Daryl Urquhart",,"71","190","2004-1-2","London","ENG","England",,
"683","0","0","3","60"," ","Daryl Urquhart",,"71","190","2004-1-2","London","ENG","England",,
"683","0","0","3","74"," ","Kellen Watkins",,"74","185","2012-12-27","Osaka","OSA","Japan",,
"689","0","0","3","71"," ","Clint Clampton",,"73","190","2011-10-21","Toronto","ON","Canada",,
"697","0","0","3","74"," ","Activity Check",,"78","200","2012-12-29","Osaka","OSA","Japan",,
"706","0","0","3","70"," ","Patrice Bergeron",,"73","195","2011-6-25","Quebec City","QC","Canada",,
"706","0","0","3","71"," ","Patrice Bergeron",,"73","195","2011-6-25","Quebec City","QC","Canada",,
"715","0","0","3","70"," ","Peter Tingle",,"73","190","2011-3-6","Nuuk","NUU","Greenland",,
"715","0","0","3","71"," ","Peter Tingle",,"73","190","2011-3-6","Nuuk","NUU","Greenland",,
"721","0","0","3","68"," ","Kool-Aid McKinstry",,"73","188","2010-2-12","London","ENG","England",,
"723","0","0","3","74"," ","Red Panda",,"73","189","2012-10-14","Tokyo","TOK","Japan",,
"723","0","0","3","75"," ","Red Panda",,"73","189","2012-10-14","Tokyo","TOK","Japan",,
"729","0","0","3","74"," ","Kazuchika Okada",,"75","236","2012-12-3","Anjo","AIC","Japan",,
"740","0","0","3","71"," ","Sith Happens",,"72","205","2014-6-4","Dublin","DUB","Ireland",,
"740","0","0","3","73"," ","Sith Happens",,"72","205","2014-6-4","Dublin","DUB","Ireland",,
"751","0","0","3","75"," ","Jordan Thompson",,"75","215","2013-10-22","New Orleans","LA","The United States",,
"757","0","0","3","71"," ","Remington Richardson III",,"76","220","2014-6-14","London","ENG","England",,
"757","0","0","3","72"," ","Remington Richardson III",,"76","220","2014-6-14","London","ENG","England",,
"757","0","0","3","74"," ","Remington Richardson III",,"76","220","2014-6-14","London","ENG","England",,
"758","0","0","3","61"," ","Recently Tired",,"81","269","2004-6-26","Topeka","KS","Ireland",,
"758","0","0","3","62"," ","Recently Tired",,"81","269","2004-6-26","Topeka","KS","Ireland",,
"758","0","0","3","63"," ","Recently Tired",,"81","269","2004-6-26","Topeka","KS","Ireland",,
"758","0","0","3","64"," ","Recently Tired",,"81","269","2004-6-26","Topeka","KS","Ireland",,
"758","0","0","3","71"," ","Chris Robertson",,"74","200","2014-6-20","Glasgow","SCO","Scotland",,
"758","0","0","3","72"," ","Chris Robertson",,"74","200","2014-6-20","Glasgow","SCO","Scotland",,
"758","0","0","3","73"," ","Chris Robertson",,"74","200","2014-6-20","Glasgow","SCO","Scotland",,
"780","0","0","3","58"," ","Mew Two",,"79","269","2002-4-17","Tokyo","TOK","Japan",,
"780","0","0","3","59"," ","Mew Two",,"79","269","2002-4-17","Tokyo","TOK","Japan",,
"780","0","0","3","60"," ","Mew Two",,"79","269","2002-4-17","Tokyo","TOK","Japan",,
"788","0","0","3","58"," ","Hugo Gronroos",,"11","201","2002-6-3","Helsinki","UUS","Finland",,
"796","0","0","3","71"," ","Rowan O'Beirne",,"71","197","2014-7-1","Dublin","DUB","Ireland",,
"796","0","0","3","72"," ","Rowan O'Beirne",,"71","197","2014-7-1","Dublin","DUB","Ireland",,
"796","0","0","3","73"," ","Rowan O'Beirne",,"71","197","2014-7-1","Dublin","DUB","Ireland",,
"796","0","0","3","74"," ","Rowan O'Beirne",,"71","197","2014-7-1","Dublin","DUB","Ireland",,
"808","0","0","3","72"," ","Beau Kavanagh",,"76","205","2013-10-29","Kilkenny","KIL","Ireland",,
"808","0","0","3","73"," ","Beau Kavanagh",,"76","205","2013-10-29","Kilkenny","KIL","Ireland",,
"808","0","0","3","74"," ","Beau Kavanagh",,"76","205","2013-10-29","Kilkenny","KIL","Ireland",,
"818","0","0","3","71"," ","Zedward Zilliams",,"76","220","2014-6-23","Stockport","ENG","England",,
"818","0","0","3","72"," ","Zedward Zilliams",,"76","220","2014-6-23","Stockport","ENG","England",,
"818","0","0","3","73"," ","Zedward Zilliams",,"76","220","2014-6-23","Stockport","ENG","England",,
"818","0","0","3","74"," ","Zedward Zilliams",,"76","220","2014-6-23","Stockport","ENG","England",,
"825","0","0","3","59"," ","Basil Sivart",,"76","215","2002-3-7","Toronto","ON","Canada",,
"825","0","0","3","60"," ","Basil Sivart",,"76","215","2002-3-7","Toronto","ON","Canada",,
"839","0","0","3","61"," ","Anton Harrier",,"73","172","2006-1-31","Norwalk","CT","Scotland",,
"839","0","0","3","62"," ","Anton Harrier",,"73","172","2006-1-31","Norwalk","CT","Scotland",,
"841","0","0","3","72"," ","Filip Svatos",,"72","190","2014-11-12","Komarno","NIT","Slovakia",,
"841","0","0","3","73"," ","Filip Svatos",,"72","190","2014-11-12","Komarno","NIT","Slovakia",,
"842","0","0","3","61"," ","Rinky McDangle",,"75","215","2006-1-21","Durant","OK","Ireland",,
"842","0","0","3","62"," ","Rinky McDangle",,"75","215","2006-1-21","Durant","OK","Ireland",,
"851","0","0","3","73"," ","Bob Wehadababyitsaboy",,"74","214","2014-8-12","Sumperk","OLO","Czech Republic",,
"864","0","0","3","61"," ","Eddie Creller",,"73","197","2004-10-3","Galway","GAL","Ireland",,
"864","0","0","3","62"," ","Eddie Creller",,"73","197","2004-10-3","Galway","GAL","Ireland",,
"864","0","0","3","63"," ","Eddie Creller",,"73","197","2004-10-3","Galway","GAL","Ireland",,
"864","0","0","3","70"," ","Matt Stro",,"69","200","2015-5-11","Norwich","ENG","England",,
"864","0","0","3","71"," ","Matt Stro",,"70","200","2015-5-11","Norwich","ENG","England",,
"864","0","0","3","72"," ","Matt Stro",,"70","200","2015-5-11","Norwich","ENG","England",,
"864","0","0","3","73"," ","Matt Stro",,"70","200","2015-5-11","Norwich","ENG","England",,
"873","0","0","3","70"," ","Bernard Lodge",,"70","220","2015-4-28","Haltwhistle","ENG","England",,
"873","0","0","3","71"," ","Bernard Lodge",,"71","220","2015-4-28","Haltwhistle","ENG","England",,
"873","0","0","3","72"," ","Bernard Lodge",,"71","220","2015-4-28","Haltwhistle","ENG","England",,
"877","0","0","3","70"," ","Barg Hazbite",,"81","270","2015-6-14","Clare","ENG","England",,
"877","0","0","3","71"," ","Barg Hazbite",,"81","270","2015-6-14","Clare","ENG","England",,
"877","0","0","3","72"," ","Barg Hazbite",,"81","270","2015-6-14","Clare","ENG","England",,
"877","0","0","3","73"," ","Barg Hazbite",,"81","270","2015-6-14","Clare","ENG","England",,
"885","0","0","3","73"," ","Marshall Madden",,"76","180","2014-12-16","Redding","CA","The United States",,
"951","0","0","3","60"," ","Bloody Oath",,"77","210","2004-7-6","Melbourne","VIC","Australia",,
"999","0","0","3","60"," ","Clem Fandango",,"76","158","2000-10-7","Brighton","ENG","England",,
"999","0","0","3","61"," ","Clem Fandango",,"76","158","2000-10-7","Brighton","ENG","England",,
"999","0","0","3","62"," ","Clem Fandango",,"76","158","2000-10-7","Brighton","ENG","England",,
"999","0","0","3","63"," ","Clem Fandango",,"76","158","2000-10-7","Brighton","ENG","England",,
"1000","0","0","3","60"," ","Conner Snooks",,"70","190","2000-5-8","Swansea","WAL","England",,
"1001","0","0","3","60"," ","Charlie Bombay",,"76","200","2000-3-11","Okayama","OKA","Japan",,
"1003","0","0","3","60"," ","Spicy MacHaggis",,"77","270","2000-10-3","Glasgow","SCO","Scotland",,
"1003","0","0","3","61"," ","Spicy MacHaggis",,"77","270","2000-10-3","Glasgow","SCO","Scotland",,
"1003","0","0","3","62"," ","Spicy MacHaggis",,"77","270","2000-10-3","Glasgow","SCO","Scotland",,
"1003","0","0","3","63"," ","Spicy MacHaggis",,"77","270","2000-10-3","Glasgow","SCO","Scotland",,
"1060","0","0","3","71"," ","Betzee Nickelback",,"77","245","2016-6-28","Manchester","ENG","England",,
"1060","0","0","3","72"," ","Betzee Nickelback",,"77","245","2016-6-28","Manchester","ENG","England",,
"1060","0","0","3","73"," ","Betzee Nickelback",,"77","245","2016-6-28","Manchester","ENG","England",,
"1060","0","0","3","74"," ","Betzee Nickelback",,"77","245","2016-6-28","Manchester","ENG","England",,
"1060","0","0","3","75"," ","Betzee Nickelback",,"77","245","2016-6-28","Manchester","ENG","England",,
"1154","0","0","3","72"," ","Update Portal",,"74","225","2017-6-28","Dublin","DUB","Ireland",,
"1154","0","0","3","73"," ","Update Portal",,"74","225","2017-6-28","Dublin","DUB","Ireland",,
"1155","0","0","3","72"," ","Tom Sperado",,"70","173","2017-6-28","Wrexham","WAL","Wales",,
"1156","0","0","3","72"," ","Richard Thomson",,"74","218","2017-6-28","Glasgow","SCO","Scotland",,
"1157","0","0","3","72"," ","Michael Cordero",,"77","225","2017-6-28","Bristol","ENG","England",,
"1158","0","0","3","72"," ","Jaxson Reaper",,"84","196","2017-6-28","St. Albans","ENG","England",,
"1158","0","0","3","73"," ","Jaxson Reaper",,"84","196","2017-6-28","St. Albans","ENG","England",,
"1158","0","0","3","74"," ","Jaxson Reaper",,"84","196","2017-6-28","St. Albans","ENG","England",,
"1158","0","0","3","75"," ","Jaxson Reaper",,"84","196","2017-6-28","St. Albans","ENG","England",,
"1185","0","0","3","74"," ","Jussi Mutou",,"76","195","2017-6-28","Kyoto","KYO","Japan",,
"1185","0","0","3","75"," ","Jussi Mutou",,"76","195","2017-6-28","Kyoto","KYO","Japan",,
"1186","0","0","3","74"," ","Ho Lee-Smokes",,"75","205","2017-6-28","Osaka","OSA","Japan",,
"1191","0","0","3","73"," ","Ondrej von Stoodrick",,"74","200","2017-6-28","Cheb","KAR","Czech Republic",,
"1198","0","0","3","72"," ","Walter Melon",,"70","175","2017-6-28","Newark","NY","The United States",,
"1199","0","0","3","72"," ","Paul Bondage",,"75","220","2017-6-28","Berlin","BER","Germany",,
"1229","0","0","3","73"," ","Stormlord Imotekh",,"77","245","2017-6-28","Atlantis","WES","Russia",,
"1230","0","0","3","73"," ","Poiklm",,"83","300","2017-6-28","Raleigh","NC","The United States",,
"1231","0","0","3","73"," ","Cob O'Corn",,"75","222","2017-6-28","Mullingar","WES","Ireland",,
"1231","0","0","3","74"," ","Cob OCorn",,"75","222","2017-6-28","Mullingar","WES","Ireland",,
"1231","0","0","3","75"," ","Cob OCorn",,"75","222","2017-6-28","Mullingar","WES","Ireland",,
"1231","0","0","3","76"," ","Cob OCorn",,"75","222","2017-6-28","Mullingar","WES","Ireland",,
"1239","0","0","3","74"," ","Benny Hanna",,"72","200","2017-6-28","Tokyo","TOK","Japan",,
"1239","0","0","3","75"," ","Benny Hanna",,"72","200","2017-6-28","Tokyo","TOK","Japan",,
"1254","0","0","3","74"," ","Elly Snow-Leopard",,"64","152","2018-6-28","Sapporo","HOK","Japan",,
"1254","0","0","3","75"," ","Elly Snow-Leopard",,"65","152","2018-6-28","Sapporo","HOK","Japan",,
"1254","0","0","3","76"," ","Elly Snow-Leopard",,"68","152","2018-6-28","Sapporo","HOK","Japan",,
"1254","0","0","3","77"," ","Elly Snow-Leopard",,"68","152","2018-6-28","Sapporo","HOK","Japan",,
"1255","0","0","3","75"," ","Fredrik Gronlund",,"83","234","2018-6-28","Tromsø","TRO","Norway",,
"1255","0","0","3","76"," ","Fredrik Gronlund",,"83","234","2018-6-28","Tromsø","TRO","Norway",,
"1255","0","0","3","77"," ","Fredrik Gronlund",,"83","234","2018-6-28","Tromsø","TRO","Norway",,
"1261","0","0","3","73"," ","James Madison",,"65","150","2018-6-28","Conway","FL","The United States",,
"1262","0","0","3","73"," ","Literally Wizard",,"76","225","2018-6-28","Dublin","DUB","Ireland",,
"1262","0","0","3","74"," ","Literally Wizard",,"76","225","2018-6-28","Dublin","DUB","Ireland",,
"1263","0","0","3","73"," ","Rhys Mohs",,"66","200","2018-6-28","St. Cloud","MN","The United States",,
"1267","0","0","3","62"," ","Connor Snooks",,"70","190","2006-2-11","Swansea","WAL","England",,
"1267","0","0","3","63"," ","Connor Snooks",,"70","190","2006-2-11","Swansea","WAL","England",,
"1268","0","0","3","62"," ","Landon Fischermann",,"76","205","2006-1-2","Los Angeles","CA","England",,
"1268","0","0","3","63"," ","Landon Fischermann",,"76","205","2006-1-2","Los Angeles","CA","England",,
"1269","0","0","3","62"," ","Edward Higginsby",,"70","200","2006-11-2","London","ENG","England",,
"1269","0","0","3","63"," ","Edward Higginsby",,"71","200","2006-11-2","London","ENG","England",,
"1269","0","0","3","64"," ","Edward Higginsby",,"71","200","2006-11-2","London","ENG","England",,
"1270","0","0","3","62"," ","Rodrigo Rivic",,"70","176","2006-8-30","Dublin","DUB","Ireland",,
"1270","0","0","3","63"," ","Rodrigo Rivic",,"70","176","2006-8-30","Dublin","DUB","Ireland",,
"1270","0","0","3","64"," ","Rodrigo Rivic",,"70","176","2006-8-30","Dublin","DUB","Ireland",,
"1270","0","0","3","65"," ","Rodrigo Rivic",,"70","176","2006-8-30","Dublin","DUB","Ireland",,
"1271","0","0","3","62"," ","Sam Azjha",,"68","180","2006-1-2","Whitstable","ENG","England",,
"1271","0","0","3","63"," ","Sam Azjha",,"68","180","2006-1-2","Whitstable","ENG","England",,
"1271","0","0","3","65"," ","Aurora Annaha",,"68","180","2006-1-2","Whitstable","ENG","England",,
"1272","0","0","3","62"," ","Ilford Knightford",,"63","160","2006-6-23","Bristol","ENG","England",,
"1272","0","0","3","63"," ","Ilford Knightford",,"66","160","2006-6-23","Bristol","ENG","England",,
"1274","0","0","3","62"," ","Uhtred Ragnarsson",,"75","220","2006-5-13","London","ENG","England",,
"1312","0","0","3","65"," ","Buck Keithley",,"82","185","2006-4-23","Moose Jaw","SK","Canada",,
"1329","0","0","3","65"," ","Inda Bagg",,"72","194","2006-11-27","Slaný","STR","Czech Republic",,
"1340","0","0","3","67"," ","Peter Mollinek",,"76","233","2009-1-14","Venice","NY","Czech Republic",,
"1345","0","0","3","74"," ","Supreme Dalek",,"72","218","2018-6-28","Cardiff","WAL","Wales",,
"1345","0","0","3","75"," ","Supreme Dalek",,"72","218","2018-6-28","Cardiff","WAL","Wales",,
"1345","0","0","3","76"," ","Supreme Dalek",,"72","218","2018-6-28","Cardiff","WAL","Wales",,
"1345","0","0","3","77"," ","Supreme Dalek",,"72","218","2018-6-28","Cardiff","WAL","Wales",,
"1346","0","0","3","74"," ","Shotty McStopper",,"83","225","2018-6-28","Dublin","DUB","Ireland",,
"1346","0","0","3","75"," ","Shotty McStopper",,"83","225","2018-6-28","Dublin","DUB","Ireland",,
"1346","0","0","3","76"," ","Shotty McStopper",,"83","225","2018-6-28","Dublin","DUB","Ireland",,
"1346","0","0","3","77"," ","Shotty McStopper",,"83","225","2018-6-28","Dublin","DUB","Ireland",,
"1347","0","0","3","74"," ","Masataka Ninomiya",,"76","240","2017-6-28","Chiba","CHI","Japan",,
"1348","0","0","3","74"," ","Dalton Canders",,"73","189","2017-6-28","Manchester","ENG","England",,
"1364","0","0","3","66"," ","Bastian Primeau",,"73","200","2010-7-10","Montreal","QC","Canada",,
"1374","0","0","3","66"," ","Davous Otasrob",,"78","225","2010-3-23","Calgary","AB","Canada",,
"1393","0","0","3","66"," ","Adrian O'Rugg",,"74","197","2010-7-17","Dublin","DUB","Ireland",,
"1393","0","0","3","67"," ","Adrian O'Rugg",,"74","197","2011-9-8","Dingle","KER","Ireland",,
"1393","0","0","3","68"," ","Adrian O'Rugg",,"74","197","2011-9-8","Dingle","KER","Ireland",,
"1393","0","0","3","69"," ","Adrian O'Rugg",,"74","197","2011-9-8","Dingle","KER","Ireland",,
"1393","0","0","3","70"," ","Adrian O'Rugg",,"74","197","2011-9-8","Dingle","KER","Ireland",,
"1414","0","0","3","63"," ","Robert Bergen",,"83","220","2007-11-22","London","ENG","England",,
"1414","0","0","3","64"," ","Robert Bergen",,"83","220","2007-11-22","London","ENG","England",,
"1414","0","0","3","65"," ","Robert Bergen",,"83","220","2007-11-22","London","ENG","England",,
"1415","0","0","3","63"," ","Antonio Governo",,"76","198","2007-3-4","Glasgow","SCO","Scotland",,
"1415","0","0","3","64"," ","Antonio Governo",,"76","198","2007-3-4","Glasgow","SCO","Scotland",,
"1415","0","0","3","65"," ","Antonio Governo",,"76","198","2007-3-4","Glasgow","SCO","Scotland",,
"1416","0","0","3","63"," ","Berenstain McSnorkle",,"73","217","2007-11-14","London","ENG","England",,
"1417","0","0","3","63"," ","Ambrosia Snow",,"75","210","2007-1-2","Longford","LON","Ireland",,
"1419","0","0","3","63"," ","Backup Goaltender",,"72","200","2007-11-15","Leeds","ENG","England",,
"1419","0","0","3","64"," ","Backup Goaltender",,"72","200","2007-11-15","Leeds","ENG","England",,
"1419","0","0","3","65"," ","Backup Goaltender",,"72","200","2007-11-15","Leeds","ENG","England",,
"1420","0","0","3","63"," ","Bread hweaton",,"72","300","2007-1-10","Leeds","ENG","England",,
"1454","0","0","3","64"," ","Mads McBride",,"72","198","2007-11-6","Miami Beach","FL","The United States",,
"1454","0","0","3","65"," ","Mads McBride",,"72","198","2007-11-6","Miami Beach","FL","The United States",,
"1465","0","0","3","65"," ","C.J Broussard",,"71","162","2007-11-10","Dublin","DUB","Ireland",,
"1488","0","0","3","76"," ","Argenti Gorilla",,"71","300","2020-6-28","Kampala","CEU","Uganda",,
"1496","0","0","3","66"," ","Josh Little",,"72","180","2010-6-28","Hartford","NY","The United States",,
"1516","0","0","3","66"," ","Swiss Cheese",,"83","300","2010-5-31","Luzerne","PA","Switzerland",,
"1520","0","0","3","66"," ","Otto Stienberger",,"76","250","2010-7-2","Delanson","NY","Germany",,
"1522","0","0","3","66"," ","Benjamin Devito",,"63","285","2010-4-15","London","ENG","England",,
"1539","0","0","3","78"," ","Lucas Raymond",,"74","195","2019-6-28","Stockholm","STO","Sweden",,
"1549","0","0","3","75"," ","The Cod Father",,"73","155","2019-6-28","Lisbon","LIS","Portugal",,
"1550","0","0","3","75"," ","Swedish Chef",,"75","210","2020-6-28","Stockholm","STO","Sweden",,
"1551","0","0","3","75"," ","Squilliam Fancyson",,"76","235","2019-6-28","Dingle","KER","Ireland",,
"1551","0","0","3","76"," ","Squilliam Fancyson",,"76","235","2019-6-28","Dingle","KER","Ireland",,
"1552","0","0","3","75"," ","Skyler Stevens",,"73","200","2020-6-28","Toronto","ON","Canada",,
"1553","0","0","3","75"," ","Robo Sven",,"79","300","2019-6-28","Tokyo","TOK","Japan",,
"1554","0","0","3","75"," ","Mark ""The Tater Tot"" Jagerson",,"75","232","2019-6-28","London","ENG","England",,
"1554","0","0","3","76"," ","Mark ""The Tater Tot"" Jagerson",,"75","232","2019-6-28","London","ENG","England",,
"1555","0","0","3","75"," ","Lee Harrison",,"78","288","2019-6-28","Edinburgh","SCO","Scotland",,
"1555","0","0","3","76"," ","Lee Harrison",,"78","288","2019-6-28","Edinburgh","SCO","Scotland",,
"1556","0","0","3","75"," ","Juice Williams",,"70","170","2019-6-28","Dublin","DUB","Ireland",,
"1556","0","0","3","76"," ","Juice Williams",,"70","170","2019-6-28","Dublin","DUB","Ireland",,
"1557","0","0","3","75"," ","Jack Reacher",,"73","230","2019-6-28","East Windsor","NJ","The United States",,
"1564","0","0","3","64"," ","Ed Balls",,"71","200","2008-9-6","Norwich","ENG","England",,
"1566","0","0","3","64"," ","double lutz",,"68","180","2008-6-6","Watford","ENG","England",,
"1567","0","0","3","64"," ","Jack Davis",,"75","205","2008-5-13","London","ENG","England",,
"1570","0","0","3","64"," ","Luka Magic",,"73","199","2008-3-7","Dublin","DUB","Ireland",,
"1570","0","0","3","65"," ","Luka Magic",,"73","199","2008-3-7","Dublin","DUB","Ireland",,
"1570","0","0","3","66"," ","Luka Magic",,"73","199","2008-3-7","Poiares","CEN","Ireland",,
"1571","0","0","3","64"," ","Otis Boudreaux",,"73","195","2008-6-29","Chatham-Kent","ON","Canada",,
"1571","0","0","3","65"," ","Otis Boudreaux",,"73","195","2008-6-29","Chatham-Kent","ON","Canada",,
"1574","0","0","3","64"," ","Taschen Messer",,"73","220","2008-7-26","Liestal","BL","Switzerland",,
"1575","0","0","3","64"," ","Edge Rocks",,"75","203","2008-8-13","Dublin","DUB","Ireland",,
"1575","0","0","3","65"," ","Edge Rocks",,"75","203","2008-8-13","Dublin","DUB","Ireland",,
"1591","0","0","3","78"," ","Clark Kent",,"75","225","2021-12-10","London","ENG","England",,
"1591","0","0","3","80"," ","Clark Kent",,"75","225","2021-12-10","London","ENG","England",,
"1601","0","0","3","67"," ","Dalibor Dvoraky",,"72","200","2007-12-2","Wheatfield","NY","The United States",,
"1670","0","0","3","76"," ","Takagi Michio",,"76","235","2021-6-28","Sapporo","HOK","Japan",,
"1670","0","0","3","77"," ","Takagi Michio",,"77","235","2021-6-28","Sapporo","HOK","Japan",,
"1671","0","0","3","76"," ","Romeo McCatster",,"83","300","2021-6-28","Dubai","DU","India",,
"1672","0","0","3","76"," ","Red Panda Jr	",,"75","210","2020-6-28","Tokyo","TOK","Japan",,
"1672","0","0","3","77"," ","Red Panda Jr",,"75","210","2020-6-28","Tokyo","TOK","Japan",,
"1672","0","0","3","78"," ","Red Panda Jr",,"75","210","2020-6-28","Tokyo","TOK","Japan",,
"1672","0","0","3","79"," ","Red Panda Jr",,"75","210","2020-6-28","Tokyo","TOK","Japan",,
"1673","0","0","3","76"," ","Randolph Thompson-Smythe",,"73","160","2021-6-28","Henley-on-Thames","ENG","England",,
"1673","0","0","3","77"," ","Randolph Thompson-Smythe",,"73","160","2021-6-28","Henley-on-Thames","ENG","England",,
"1673","0","0","3","78"," ","Randolph Thompson-Smythe",,"73","160","2021-6-28","Henley-on-Thames","ENG","England",,
"1673","0","0","3","79"," ","Randolph Thompson-Smythe",,"74","160","2021-6-28","Henley-on-Thames","ENG","England",,
"1673","0","0","3","80"," ","Randolph Thompson-Smythe",,"74","160","2021-6-28","Henley-on-Thames","ENG","England",,
"1674","0","0","3","76"," ","Oliver Cornwall",,"73","202","2020-6-28","Cambridge","ENG","England",,
"1675","0","0","3","76"," ","Jeffrey Bjelland",,"76","215","2021-6-28","Minneapolis","MN","The United States",,
"1676","0","0","3","76"," ","Hashbrown O'Fink",,"61","250","2020-6-28","Dublin","DUB","Ireland",,
"1676","0","0","3","77"," ","Hashbrown O'Fink",,"64","250","2020-6-28","Dublin","DUB","Ireland",,
"1677","0","0","3","76"," ","Cristoforo Roccamontepiano",,"72","158","2021-6-28","Venice","VEN","Italy",,
"1678","0","0","3","76"," ","Cadmael Ixazaluoh",,"75","240","2020-6-28","Zacapa","ZAC","Guatemala",,
"1679","0","0","3","76"," ","Andrea Morandi",,"74","175","2021-6-28","Florence","TUS","Italy",,
"1708","0","0","3","66"," ","Fillip Lund",,"78","230","2011-2-17","Trondheim","SøR","Norway",,
"1715","0","0","3","79"," ","Raw Cheese McPickle",,"80","270","2020-6-28","Niagara Falls","NY","The United States",,
"1725","0","0","3","78"," ","Gunny Vaudeville",,"72","185","2020-6-28","New Orleans","LA","The United States",,
"1742","0","0","3","79"," ","Quazon Brosonchi",,"72","200","2021-11-27","Dublin","DUB","Ireland",,
"1742","0","0","3","80"," ","Quazon Brosonchi",,"72","200","2021-11-27","Dublin","DUB","Ireland",,
"1742","0","0","3","81"," ","Quazon Brosonchi",,"72","200","2021-11-27","Dublin","DUB","Ireland",,
"1742","0","0","3","82"," ","Quazon Brosonchi",,"72","200","2021-11-27","Dublin","DUB","Ireland",,
"1745","0","0","3","65"," ","Edward Elric",,"81","300","2009-10-17","Normandin","QC","Canada",,
"1746","0","0","3","65"," ","Jacques Hammer",,"72","220","2009-7-9","Hamilton","ON","Canada",,
"1747","0","0","3","65"," ","Dominik Froste",,"75","209","2009-9-22","Sassenberg","NOR","Germany",,
"1763","0","0","3","79"," ","Twinkle Toes",,"72","195","2021-9-15","Holyhead","WAL","Wales",,
"1763","0","0","3","80"," ","Twinkle Toes",,"72","195","2021-9-15","Holyhead","WAL","Wales",,
"1763","0","0","3","81"," ","Twinkle Toes",,"72","195","2021-9-15","Holyhead","WAL","Wales",,
"1763","0","0","3","82"," ","Twinkle Toes",,"72","195","2021-9-15","Holyhead","WAL","Wales",,
"1765","0","0","3","78"," ","Grindle Waters-Johnson",,"71","210","2021-5-14","Tokyo","TOK","Japan",,
"1765","0","0","3","79"," ","Grindle Waters-Johnson",,"71","210","2021-5-14","Tokyo","TOK","Japan",,
"1765","0","0","3","80"," ","Grindle Waters-Johnson",,"71","210","2021-5-14","Tokyo","TOK","Japan",,
"1765","0","0","3","81"," ","Grindle Waters-Johnson",,"71","210","2021-5-14","Tokyo","TOK","Japan",,
"1784","0","0","3","78"," ","Drew McIntyre",,"77","275","2021-4-27","Ayr","SCO","Scotland",,
"1784","0","0","3","79"," ","Drew McIntyre",,"77","275","2021-4-27","Ayr","SCO","Scotland",,
"1784","0","0","3","80"," ","Drew McIntyre",,"77","275","2021-4-27","Ayr","SCO","Scotland",,
"1784","0","0","3","81"," ","Drew McIntyre",,"77","275","2021-4-27","Ayr","SCO","Scotland",,
"1784","0","0","3","82"," ","Drew McIntyre",,"77","275","2021-4-27","Ayr","SCO","Scotland",,
"1823","0","0","3","78"," ","Oscar Pieters",,"73","199","2021-8-6","Plymouth","ENG","England",,
"1827","0","0","3","78"," ","Blake Hutchinson",,"75","245","2021-6-10","Ann Arbor","MI","The United States",,
"1831","0","0","3","79"," ","Clarence Worley",,"76","220","2021-6-28","Valletta","INN","Malta",,
"1856","0","0","3","78"," ","Akira Suzuki",,"74","200","2021-6-28","Liberec","LIB","Czech Republic",,
"1857","0","0","3","77"," ","Yktrese",,"70","181","2021-6-28","London","ENG","England",,
"1858","0","0","3","77"," ","Wolfgang Puck",,"68","200","2021-6-28","Sankt Veit","KäR","Austria",,
"1858","0","0","3","78"," ","Wolfgang Puck",,"69","200","2021-6-28","Sankt Veit","KäR","Austria",,
"1859","0","0","3","77"," ","Ozzy Bradford",,"80","260","2021-6-28","Bath","ENG","England",,
"1859","0","0","3","78"," ","Ozzy Bradford",,"80","260","2021-6-28","Bath","ENG","England",,
"1859","0","0","3","79"," ","Ozzy Bradford",,"80","260","2021-6-28","Bath","ENG","England",,
"1860","0","0","3","77"," ","Maverick Reynolds",,"76","220","2021-6-28","Dublin","DUB","Ireland",,
"1860","0","0","3","78"," ","Maverick Reynolds",,"76","220","2021-6-28","Dublin","DUB","Ireland",,
"1860","0","0","3","79"," ","Maverick Reynolds",,"76","220","2021-6-28","Dublin","DUB","Ireland",,
"1861","0","0","3","77"," ","Leo Finnegan",,"74","200","2021-6-28","Cork","COR","Ireland",,
"1861","0","0","3","78"," ","Leo Finnegan",,"74","200","2021-6-28","Cork","COR","Ireland",,
"1861","0","0","3","79"," ","Leo Finnegan",,"74","200","2021-6-28","Cork","COR","Ireland",,
"1862","0","0","3","77"," ","Jon Garfield",,"76","220","2021-6-28","Tokyo","TOK","Japan",,
"1862","0","0","3","78"," ","Jon Garfield",,"76","220","2021-6-28","Tokyo","TOK","Japan",,
"1862","0","0","3","79"," ","Jon Garfield",,"76","220","2021-6-28","Tokyo","TOK","Japan",,
"1863","0","0","3","77"," ","Jett Labyrinth",,"75","215","2021-6-28","Liverpool","ENG","England",,
"1863","0","0","3","78"," ","Jett Labyrinth",,"75","215","2021-6-28","Liverpool","ENG","England",,
"1863","0","0","3","79"," ","Jett Labyrinth",,"75","215","2021-6-28","Liverpool","ENG","England",,
"1863","0","0","3","80"," ","Jett Labyrinth",,"75","215","2021-6-28","Liverpool","ENG","England",,
"1864","0","0","3","77"," ","Isamu Knievel",,"68","155","2021-6-28","Fukuoka","FUK","Japan",,
"1864","0","0","3","78"," ","Isamu Knievel",,"70","155","2021-6-28","Fukuoka","FUK","Japan",,
"1864","0","0","3","79"," ","Isamu Knievel",,"70","155","2021-6-28","Fukuoka","FUK","Japan",,
"1864","0","0","3","80"," ","Isamu Knievel",,"70","155","2021-6-28","Fukuoka","FUK","Japan",,
"1865","0","0","3","77"," ","Harry Fairchild",,"74","215","2021-6-28","Bristol","ENG","England",,
"1865","0","0","3","78"," ","Harry Fairchild",,"74","215","2021-6-28","Bristol","ENG","England",,
"1865","0","0","3","79"," ","Harry Fairchild",,"74","215","2021-6-28","Bristol","ENG","England",,
"1865","0","0","3","80"," ","Harry Fairchild",,"74","215","2021-6-28","Bristol","ENG","England",,
"1866","0","0","3","77"," ","Gordon McFisherman",,"71","215","2021-6-28","Bath","ENG","England",,
"1866","0","0","3","78"," ","Gordon McFisherman",,"71","215","2021-6-28","Bath","ENG","England",,
"1866","0","0","3","79"," ","Gordon McFisherman",,"71","215","2021-6-28","Bath","ENG","England",,
"1866","0","0","3","80"," ","Gordon McFisherman",,"71","215","2021-6-28","Bath","ENG","England",,
"1867","0","0","3","77"," ","Christov Kovalev",,"77","225","2021-6-28","Moscow","MOS","Russia",,
"1868","0","0","3","77"," ","Bas O'Bigbers Jr",,"72","200","2021-6-28","Swords","DUB","Ireland",,
"1868","0","0","3","78"," ","Bas O'Bigbers Jr",,"72","200","2021-6-28","Swords","DUB","Ireland",,
"1995","0","0","3","79"," ","QCCBOT4",,"70","175","2022-6-28","Helgeroa-Nevlunghamn","VES","Norway",,
"2098","0","0","3","79"," ","James Connolly",,"81","220","2022-6-28","Dublin","DUB","Ireland",,
"2099","0","0","3","79"," ","Joey Fortune",,"73","200","2022-6-28","Dublin","DUB","Ireland",,
"2100","0","0","3","79"," ","Marty Charlie",,"73","195","2022-6-28","Belfast","NOR","Northern Ireland",,
"2154","0","0","3","82"," ","Aloysius Hoglord III",,"75","203","2022-6-28","London","ENG","England",,
"2259","0","0","3","80"," ","Bubbles puff",,"70","186","2023-6-28","Glasgow","SCO","Scotland",,
"2259","0","0","3","81"," ","Bubbles puff",,"70","186","2023-6-28","Glasgow","SCO","Scotland",,
"2260","0","0","3","80"," ","Cauliflower Pizza",,"80","240","2023-6-28","Nagano","NAG","Japan",,
"2260","0","0","3","81"," ","Cauliflower Pizza",,"80","240","2023-6-28","Nagano","NAG","Japan",,
"2260","0","0","3","82"," ","Cauliflower Pizza",,"80","240","2023-6-28","Nagano","NAG","Japan",,
"2260","0","0","3","83"," ","Cauliflower Pizza",,"80","240","2023-6-28","Nagano","NAG","Japan",,
"2261","0","0","3","80"," ","David Corrigan",,"74","205","2023-6-28","Glasgow","SCO","Scotland",,
"2261","0","0","3","81"," ","David Corrigan",,"74","205","2023-6-28","Glasgow","SCO","Scotland",,
"2261","0","0","3","82"," ","David Corrigan",,"74","205","2023-6-28","Glasgow","SCO","Scotland",,
"2261","0","0","3","83"," ","David Corrigan",,"74","205","2023-6-28","Glasgow","SCO","Scotland",,
"2262","0","0","3","80"," ","Denali Neddleberg",,"68","175","2023-6-28","Liverpool","ENG","England",,
"2262","0","0","3","81"," ","Denali Neddleberg",,"69","175","2023-6-28","Liverpool","ENG","England",,
"2262","0","0","3","82"," ","Denali Neddleberg",,"69","175","2023-6-28","Liverpool","ENG","England",,
"2263","0","0","3","80"," ","Levi Bedrock",,"76","216","2023-6-28","Chiba","CHI","Japan",,
"2263","0","0","3","81"," ","Levi Bedrock",,"77","216","2023-6-28","Chiba","CHI","Japan",,
"2263","0","0","3","82"," ","Levi Bedrock",,"77","216","2023-6-28","Chiba","CHI","Japan",,
"2264","0","0","3","80"," ","Meguru Bachira",,"69","180","2023-6-28","Kyoto","KYO","Japan",,
"2265","0","0","3","80"," ","Radley Yates",,"75","205","2023-6-28","London","ENG","England",,
"2265","0","0","3","81"," ","Radley Yates",,"75","205","2023-6-28","London","ENG","England",,
"2265","0","0","3","82"," ","Radley Yates",,"75","205","2023-6-28","London","ENG","England",,
"2266","0","0","3","80"," ","Sazed Kholin",,"80","220","2023-6-28","London","ENG","England",,
"2266","0","0","3","81"," ","Sazed Kholin",,"80","220","2023-6-28","London","ENG","England",,
"2266","0","0","3","82"," ","Sazed Kholin",,"80","220","2023-6-28","London","ENG","England",,
"2267","0","0","3","80"," ","Wednesy Shrinetime",,"73","208","2023-6-28","Kyoto","KYO","Japan",,
"2267","0","0","3","81"," ","Wednesy Shrinetime",,"74","208","2023-6-28","Kyoto","KYO","Japan",,
"2268","0","0","3","80"," ","William Marshal",,"80","240","2023-6-28","Pembroke","WAL","Wales",,
"2268","0","0","3","81"," ","William Marshal",,"80","240","2023-6-28","Pembroke","WAL","Wales",,
"2268","0","0","3","82"," ","William Marshal",,"80","240","2023-6-28","Pembroke","WAL","Wales",,
"2281","0","0","3","81"," ","David O'Connor",,"80","229","2024-6-28","Dundee","SCO","England",,
"2281","0","0","3","83"," ","David O'Connor",,"80","229","2023-6-28","Dundee","SCO","Scotland",,
"2281","0","0","3","84"," ","David O'Connor",,"80","229","2023-6-28","Dundee","SCO","Scotland",,
"2327","0","0","3","82"," ","Matti Brynjarsson",,"73","187","2023-6-28","Akureyri","NOR","Iceland",,
"2327","0","0","3","83"," ","Matti Brynjarsson",,"73","187","2023-6-28","Akureyri","NOR","Iceland",,
"2429","0","0","3","81"," ","Benevolent Kaiju",,"77","200","2024-6-28","Tokyo","TOK","Japan",,
"2429","0","0","3","82"," ","Benevolent Kaiju",,"77","200","2024-6-28","Tokyo","TOK","Japan",,
"2429","0","0","3","83"," ","Benevolent Kaiju",,"77","200","2024-6-28","Tokyo","TOK","Japan",,
"2431","0","0","3","81"," ","Kelly McMahon",,"72","198","2024-6-28","Huddersfield","ENG","England",,
"2431","0","0","3","82"," ","Kelly McMahon",,"72","198","2024-6-28","Huddersfield","ENG","England",,
"2431","0","0","3","83"," ","Kelly McMahon",,"72","198","2024-6-28","Huddersfield","ENG","England",,
"2431","0","0","3","84"," ","Kelly McMahon",,"72","198","2024-6-28","Huddersfield","ENG","England",,
"2432","0","0","3","81"," ","Matt Smith",,"72","216","2024-6-28","Cardiff","WAL","Wales",,
"2433","0","0","3","81"," ","Sethastierikko Goslavechnaaliemiooketkov",,"72","180","2024-6-28","Stourbridge","ENG","England",,
"2433","0","0","3","82"," ","Sethastierikko Goslavechnaaliemiooketkov",,"72","180","2024-6-28","Stourbridge","ENG","England",,
"2433","0","0","3","83"," ","Sethastierikko Goslavechnaaliemiooketkov",,"72","180","2024-6-28","Stourbridge","ENG","England",,
"2433","0","0","3","84"," ","Sethastierikko Goslavechnaaliemiooketkov",,"72","180","2024-6-28","Stourbridge","ENG","England",,
"2434","0","0","3","81"," ","Yoshinobu Ishii",,"73","200","2024-6-28","Osaka","OSA","Japan",,
"2434","0","0","3","82"," ","Yoshinobu Ishii",,"74","200","2024-6-28","Osaka","OSA","Japan",,
"2434","0","0","3","83"," ","Yoshinobu Ishii",,"74","200","2024-6-28","Osaka","OSA","Japan",,
"2434","0","0","3","84"," ","Yoshinobu Ishii",,"74","200","2024-6-28","Osaka","OSA","Japan",,
"2435","0","0","3","81"," ","Yuri Satoshi",,"76","228","2024-6-28","Osaka","OSA","Japan",,
"2435","0","0","3","84"," ","Yuri Satoshi",,"77","228","2024-6-28","Osaka","OSA","Japan",,
"2439","0","0","3","82"," ","Chappell Roan",,"71","200","2024-6-28","St. Louis","MI","The United States",,
"2439","0","0","3","83"," ","Chappell Roan",,"71","200","2024-6-28","St. Louis","MI","The United States",,
"2439","0","0","3","84"," ","Chappell Roan",,"71","200","2024-6-28","St. Louis","MI","The United States",,
"2467","0","0","3","83"," ","Brain Fluid Explosion",,"71","155","2024-6-28","Memmingerberg","BAV","The United States",,
"2467","0","0","3","84"," ","Brain Fluid Explosion",,"71","155","2024-6-28","Memmingerberg","BAV","The United States",,
"2467","0","0","3","85"," ","Brain Fluid Explosion",,"71","155","2024-6-28","Memmingerberg","BAV","The United States",,
"2491","0","0","3","82"," ","Holeh Guacamoleh",,"71","199","2024-6-28","Castelmoron-sur-Lot","AQU","France",,
"2491","0","0","3","83"," ","Holeh Guacamoleh",,"71","199","2024-6-28","Castelmoron-sur-Lot","AQU","France",,
"2491","0","0","3","84"," ","Holeh Guacamoleh",,"71","199","2024-6-28","Castelmoron-sur-Lot","AQU","France",,
"2507","0","0","3","82"," ","Chinweike H.I. Valentine-Okoli",,"76","209","2024-6-28","Enugu","ENU","Nigeria",,
"2507","0","0","3","83"," ","Chinweike H.I. Valentine-Okoli",,"76","209","2024-6-28","Enugu","ENU","Nigeria",,
"2507","0","0","3","84"," ","Chinweike H.I. Valentine-Okoli",,"76","209","2024-6-28","Enugu","ENU","Nigeria",,
"2612","0","0","3","82"," ","Shio Corin",,"76","225","2025-6-28","Dublin","DUB","Ireland",,
"2617","0","0","3","83"," ","Bobbi Jarosz",,"74","225","2025-6-28","Glasgow","SCO","Scotland",,
"2617","0","0","3","84"," ","Bobbi Jarosz",,"74","225","2025-6-28","Glasgow","SCO","Scotland",,
"2617","0","0","3","85"," ","Bobbi Jarosz",,"74","225","2025-6-28","Glasgow","SCO","Scotland",,
"2618","0","0","3","85"," ","Dan Bacle",,"69","210","2025-6-28","Dublin","DUB","Ireland",,
"2627","0","0","3","83"," ","Yu Nishinoya",,"65","165","2025-6-28","Sendai","MIY","Japan",,
"2627","0","0","3","84"," ","Yu Nishinoya",,"65","165","2025-6-28","Sendai","MIY","Japan",,
"2638","0","0","3","83"," ","Bob Bergen Jr.",,"70","220","2025-6-28","Reading","ENG","England",,
"2638","0","0","3","84"," ","Bob Bergen Jr.",,"70","220","2025-6-28","Reading","ENG","England",,
"2641","0","0","3","84"," ","Haddie Minch",,"69","200","2025-6-28","Taunton","ENG","England",,
"2641","0","0","3","85"," ","Haddie Minch",,"69","200","2025-6-28","Taunton","ENG","England",,
"2642","0","0","3","83"," ","Joe Schmoe",,"73","200","2025-6-28","Tokyo","TOK","Japan",,
"2642","0","0","3","84"," ","Joe Schmoe",,"73","200","2025-6-28","Tokyo","TOK","Japan",,
"2653","0","0","3","83"," ","Perry Fields",,"73","200","2025-6-28","London","ENG","England",,
"2653","0","0","3","84"," ","Perry Fields",,"73","200","2025-6-28","London","ENG","England",,
"2678","0","0","3","83"," ","Charles Leclerc",,"73","195","2025-6-28","Monte Carlo","MON","Monaco",,
"2678","0","0","3","84"," ","Charles Leclerc",,"73","195","2025-6-28","Monte Carlo","MON","Monaco",,
"2678","0","0","3","85"," ","Charles Leclerc",,"73","195","2025-6-28","Monte Carlo","MON","Monaco",,
"2688","0","0","3","83"," ","Wal Rus",,"77","210","2025-6-28","Swansea","WAL","Wales",,
"2688","0","0","3","84"," ","Wal Rus",,"77","210","2025-6-28","Swansea","WAL","Wales",,
"2785","0","0","3","83"," ","Tanino Gimlet",,"78","300","2026-6-28","Hokuto","HOK","Japan",,
"2785","0","0","3","84"," ","Tanino Gimlet",,"78","300","2026-6-28","Hokuto","HOK","Japan",,
"2785","0","0","3","85"," ","Tanino Gimlet",,"78","300","2026-6-28","Hokuto","HOK","Japan",,
"2815","0","0","3","85"," ","Absol Ute Unit",,"64","300","2026-6-28","Blackburn","ENG","England",,
"2831","0","0","3","84"," ","Caitlin Hughes-Galloway",,"72","170","2026-6-28","Dublin","DUB","Ireland",,
"2831","0","0","3","85"," ","Caitlin Hughes-Galloway",,"72","170","2026-6-28","Dublin","DUB","Ireland",,
"2834","0","0","3","85"," ","Mina Ashido",,"72","200","2026-6-28","Tokyo","TOK","Japan",,
"2840","0","0","3","85"," ","Dylan Evans",,"73","205","2026-6-28","Cardiff","WAL","Wales",,
"2842","0","0","3","84"," ","Bear Grills",,"74","200","2026-6-28","Birmingham","ENG","England",,
"2842","0","0","3","85"," ","Bear Grills",,"74","200","2026-6-28","Birmingham","ENG","England",,
"2847","0","0","3","85"," ","Hans Majestet Pinnsvinet",,"76","200","2026-6-28","Tokyo","TOK","Japan",,
"2850","0","0","3","85"," ","Campanella and Giovanni",,"74","242","2026-6-28","Hanamaki","IWA","Japan",,
"2974","0","0","3","85"," ","Neko Suki",,"64","300","2027-6-28","Nagasaki","NAG","Japan",,
"2979","0","0","3","85"," ","Llanfairpwllgwyng....gogogoch Resident",,"83","300","2027-6-28","Nottingham","ENG","England",,
"3005","0","0","3","85"," ","Akira Morgana",,"72","221","2027-6-28","Shibushi","KAG","Japan",,
"3118","0","0","3","85"," ","Takaharu Suzuki",,"69","150","2028-6-28","Sapporo","HOK","Japan",,
"3119","0","0","3","85"," ","Justa Chicken",,"75","200","2028-6-28","Dublin","DUB","Ireland",,
"3120","0","0","3","85"," ","Jude Greer Jr.",,"64","210","2028-6-28","Tokyo","TOK","Japan",,
"3121","0","0","3","85"," ","Beerdrus McCoors",,"71","187","2028-6-28","Sapporo","HOK","Japan",,
"900001","0","0","3","64"," ","Anthony Dionne",,"76","225","2008-9-19","Blainville","QC","Canada",,
"900006","0","0","3","66"," ","Bandit Heeler",,"77","225","2010-12-11","London","ENG","England",,
"900016","0","0","3","66"," ","Daniel Swift",,"71","189","2010-4-5","Armagh","NOR","Ireland",,
"900016","0","0","3","67"," ","Daniel Swift",,"71","189","2008-6-21","Armagh","NOR","Ireland",,
"900016","0","0","3","68"," ","Daniel Swift",,"71","189","2008-6-21","Armagh","NOR","Ireland",,
"900019","0","0","3","66"," ","Goony Toons",,"83","300","2010-5-2","Tieton","WA","Austria",,
"900024","0","0","3","53"," ","James Boxman II",,"76","170","2000-5-27","Manchester","ENG","England",,
"900024","0","0","3","54"," ","James Boxman II",,"77","170","2000-3-3","Manchester","ENG","England",,
"900024","0","0","3","55"," ","James Boxman II",,"77","170","2000-3-3","Manchester","ENG","England",,
"900028","0","0","3","69"," ","Lachlan Moon",,"75","212","2011-10-12","New York","NY","Australia",,
"900031","0","0","3","66"," ","Nathan Meagher",,"76","230","2010-7-12","Golden Triangle","NJ","The United States",,
"900032","0","0","3","69"," ","Nevek Kove",,"73","195","2008-5-4","Quebec City","QC","Canada",,
"900041","0","0","3","64"," ","Rocky Baljoa",,"83","250","2008-1-5","Tullamore","OFF","Ireland",,
"900041","0","0","3","65"," ","Rocky Baljoa",,"83","250","2008-1-5","Tullamore","OFF","Ireland",,
"900041","0","0","3","67"," ","Rocky Baljoa",,"83","250","2006-2-5","Dublin","DUB","Ireland",,
"900044","0","0","3","66"," ","Shea O'Connall",,"77","215","2010-5-25","Cobh","COR","Ireland",,
"900044","0","0","3","67"," ","Shea O'Connall",,"77","215","2008-7-3","Cobh","COR","Ireland",,
"900044","0","0","3","68"," ","Shea O'Connall",,"77","215","2008-7-3","Cobh","COR","Ireland",,
"3","1","1","3","55"," ","C.K. Supernaw",,"79","235","1998-7-31","Ft. Wayne","IN","The United States",,
"3","1","1","3","56"," ","C.K. Supernaw",,"79","235","1998-7-31","Ft. Wayne","IN","The United States",,
"3","1","1","3","58"," ","C.K. Supernaw",,"79","235","1998-7-31","Ft. Wayne","IN","The United States",,
"3","1","1","3","59"," ","C.K. Supernaw",,"79","235","1998-7-31","Ft. Wayne","IN","The United States",,
"16","1","1","3","55"," ","Grape Fruit",,"70","190","1999-9-16","Raleigh","NC","The United States",,
"16","1","1","3","56"," ","Grape Fruit",,"70","190","1999-9-16","Raleigh","NC","The United States",,
"19","1","1","3","53"," ","Stan Hanson",,"74","200","2000-2-5","San Jose","CA","The United States",,
"19","1","1","3","54"," ","Stan Hanson",,"74","200","2000-2-5","San Jose","CA","The United States",,
"29","1","1","3","69"," ","Billy Herrington",,"74","240","2010-1-29","North Babylon","NY","The United States",,
"29","1","1","3","70"," ","Billy Herrington",,"74","240","2010-1-29","North Babylon","NY","The United States",,
"29","1","1","3","71"," ","Billy Herrington",,"74","240","2010-1-29","North Babylon","NY","The United States",,
"33","1","1","3","64"," ","Alvin Towne",,"75","215","2008-2-3","Massapequa Park","NY","The United States",,
"33","1","1","3","65"," ","Alvin Towne",,"75","215","2008-2-3","Massapequa Park","NY","The United States",,
"33","1","1","3","66"," ","Alvin Towne",,"75","215","2008-2-3","Highland Falls","NY","The United States",,
"33","1","1","3","67"," ","Alvin Towne",,"75","215","2006-8-22","Edinburg","TX","The United States",,
"33","1","1","3","68"," ","Alvin Towne",,"75","215","2006-8-22","Edinburg","TX","The United States",,
"34","1","1","3","67"," ","Caleb Hayden",,"72","178","2006-8-28","Dennis","MA","The United States",,
"35","1","1","3","67","Paul","Whipkey",,"75","181","2006-4-5","Valparaiso","IN","The United States",,
"36","1","1","3","67","Lorne","Marshall",,"72","197","2003-4-20","Valders","WI","The United States",,
"37","1","1","3","67"," ","Chris Valentine",,"73","197","2009-10-19","Traverse City","MI","The United States",,
"37","1","1","3","68"," ","Chris Valentine",,"73","197","2009-10-19","Traverse City","MI","The United States",,
"37","1","1","3","69"," ","Chris Valentine",,"73","197","2009-10-19","Traverse City","MI","The United States",,
"38","1","1","3","65"," ","Angry Gilmore",,"73","210","2009-8-5","Daly City","CA","The United States",,
"38","1","1","3","66"," ","Angry Gilmore",,"73","210","2009-8-5","Edmeston","NY","The United States",,
"38","1","1","3","67"," ","Angry Gilmore",,"73","210","2007-2-28","Boston","MA","The United States",,
"41","1","1","3","67","Martin","Moore",,"72","192","1994-8-25","Virginia Beach","VA","The United States",,
"42","1","1","3","65"," ","Matthew Mayhem",,"78","250","2009-11-12","Detroit","MI","The United States",,
"42","1","1","3","66"," ","Matthew Mayhem",,"78","250","2009-11-12","Shady Hollow","TX","The United States",,
"42","1","1","3","67"," ","Matthew Mayhem",,"80","250","2006-8-18","Boston","MA","The United States",,
"43","1","1","3","67"," ","Cole Dasice",,"78","225","2010-2-18","Honolulu","HI","The United States",,
"44","1","1","3","67","Alex","Tozer",,"76","232","2005-11-30","Vancouver","WA","The United States",,
"45","1","1","3","67","Eric","Pace",,"72","178","2007-8-21","Decatur","IL","The United States",,
"46","1","1","3","67","Kevin","Adkisson",,"73","203","1999-5-29","Glenpool","OK","The United States",,
"48","1","1","3","66"," ","Dusty Rhodes",,"74","230","2010-11-5","Austin","IN","The United States",,
"48","1","1","3","67"," ","Dusty Rhodes",,"75","230","2007-5-3","Austin","TX","The United States",,
"48","1","1","3","68"," ","Dusty Rhodes",,"75","230","2007-5-3","Austin","TX","The United States",,
"48","1","1","3","69"," ","Dusty Rhodes",,"75","230","2007-5-3","Austin","TX","The United States",,
"50","1","1","3","67","Thomas","Kelley",,"71","208","2003-4-16","Papillion","NE","The United States",,
"51","1","1","3","67","Robert","Endicott",,"72","179","2002-11-15","Thousand Oaks","CA","The United States",,
"52","1","1","3","53"," ","Ethan Duncan",,"71","192","2000-10-13","Hampton","VA","The United States",,
"52","1","1","3","54"," ","Ethan Duncan",,"71","192","2000-10-13","Hampton","VA","The United States",,
"52","1","1","3","55"," ","Ethan Duncan",,"71","192","2000-10-13","Hampton","VA","The United States",,
"52","1","1","3","57"," ","Hex Rose",,"73","195","2000-10-13","Hampton","VA","The United States",,
"52","1","1","3","67","Spike","Poe",,"72","190","2008-8-3","Asheville","NC","The United States",,
"53","1","1","3","66"," ","Nichael Fitted",,"72","200","2010-2-15","Pittsburgh","PA","The United States",,
"53","1","1","3","67"," ","Nichael Fitted",,"72","200","2001-5-12","Pittsburgh","PA","The United States",,
"56","1","1","3","67"," ","Connor McKeil",,"73","185","2008-4-21","Tampa","FL","The United States",,
"56","1","1","3","68"," ","Connor McKeil",,"73","185","2008-4-21","Tampa","FL","The United States",,
"57","1","1","3","67"," ","Tony Hawkey",,"74","230","2009-11-19","Denver","CO","The United States",,
"58","1","1","3","67","Russell","Slaton",,"74","196","1999-5-2","Yankton","SD","The United States",,
"59","1","1","3","67","Denny","Sackett",,"74","222","1998-5-18","Bend","OR","The United States",,
"60","1","1","3","65"," ","Manny Calavera",,"73","175","2009-3-22","Tempe","AZ","The United States",,
"60","1","1","3","66"," ","Manny Calavera",,"73","175","2009-3-22","Poteet","TX","The United States",,
"60","1","1","3","67"," ","Manny Calavera",,"73","175","2007-6-6","Miami","FL","The United States",,
"60","1","1","3","68"," ","Manny Calavera",,"73","175","2007-6-6","Miami","FL","The United States",,
"61","1","1","3","67"," ","Kyle Murray",,"77","204","2007-4-12","East Patchogue","NY","The United States",,
"61","1","1","3","68"," ","Kyle Murray",,"77","204","2007-4-12","East Patchogue","NY","The United States",,
"62","1","1","3","67"," ","Trap Zelenock",,"72","200","2007-7-9","Flint","MI","The United States",,
"62","1","1","3","68"," ","Trap Zelenock",,"72","200","2007-7-9","Flint","MI","The United States",,
"62","1","1","3","69"," ","Trap Zelenock",,"72","200","2007-7-9","Flint","MI","The United States",,
"64","1","1","3","67","Ken","McNamara",,"71","198","2003-8-13","Yonkers","NY","The United States",,
"65","1","1","3","67","Otto","McCall",,"73","210","2003-1-25","Detroit","MI","The United States",,
"73","1","1","3","69"," ","Pork Tenderloin",,"76","225","2010-8-10","Atlanta","GA","The United States",,
"73","1","1","3","70"," ","Pork Tenderloin",,"76","225","2010-8-10","Atlanta","GA","The United States",,
"73","1","1","3","71"," ","Pork Tenderloin",,"76","225","2010-8-10","Atlanta","GA","The United States",,
"92","1","1","3","65"," ","Koty Kochan",,"72","200","2009-2-15","Sacramento","CA","The United States",,
"93","1","1","3","53"," ","Alexander Roach",,"75","200","2000-5-17","Rochester Hills","MI","The United States",,
"116","1","1","3","55"," ","Zebulon Leavitt",,"76","219","1998-9-18","Ellsworth","PA","The United States",,
"116","1","1","3","56"," ","Zebulon Leavitt",,"76","219","1998-9-18","Ellsworth","PA","The United States",,
"116","1","1","3","57"," ","Zebulon Leavitt",,"76","219","1998-9-18","Ellsworth","PA","The United States",,
"116","1","1","3","58"," ","Zebulon Leavitt",,"76","219","1998-9-18","Ellsworth","PA","The United States",,
"125","1","1","3","53"," ","Francois Breton",,"72","180","2000-11-1","Round Rock","TX","The United States",,
"125","1","1","3","57"," ","Joshua Horsemenzada",,"70","195","2000-11-1","Round Rock","TX","The United States",,
"158","1","1","3","54"," ","Lord Raiden",,"73","210","1992-10-14","Washington","DC","The United States",,
"158","1","1","3","55"," ","Lord Raiden",,"73","210","1992-10-14","Washington","DC","The United States",,
"158","1","1","3","56"," ","Lord Raiden",,"73","210","1992-10-14","Washington","DC","The United States",,
"160","1","1","3","69"," ","Mr. Gray T White",,"78","240","2010-10-8","Westminster","CO","The United States",,
"160","1","1","3","70"," ","Mr. Gray T White",,"78","240","2010-10-8","Westminster","CO","The United States",,
"160","1","1","3","71"," ","Mr. Gray T White",,"78","240","2010-10-8","Westminster","CO","The United States",,
"162","1","1","3","54"," ","Young Logo",,"73","210","1990-1-2","Elmira","NY","The United States",,
"162","1","1","3","55"," ","Young Logo",,"73","210","1990-1-2","Elmira","NY","The United States",,
"162","1","1","3","56"," ","Young Logo",,"73","210","1990-1-2","Elmira","NY","The United States",,
"162","1","1","3","57"," ","Young Logo",,"73","210","1990-1-2","Elmira","NY","The United States",,
"162","1","1","3","58"," ","Young Logo",,"73","210","1990-1-2","Elmira","NY","The United States",,
"167","1","1","3","53"," ","Strom Chamberlain",,"74","260","2000-6-9","Indianapolis","IN","The United States",,
"167","1","1","3","54"," ","Strom Chamberlain",,"74","260","2000-6-9","Indianapolis","IN","The United States",,
"181","1","1","3","53"," ","Ethan Price",,"72","195","2000-1-23","New York","NY","The United States",,
"181","1","1","3","54"," ","Ethan Price",,"72","195","2000-1-23","New York","NY","The United States",,
"181","1","1","3","55"," ","Ethan Price",,"72","195","2000-1-23","New York","NY","The United States",,
"183","1","1","3","58"," ","Valtterri Kauppinen",,"72","188","2000-7-25","Oulu","NOS","Finland",,
"192","1","1","3","53"," ","C.T. Carragher",,"72","200","2000-7-11","Savannah","GA","The United States",,
"192","1","1","3","54"," ","C.T. Carragher",,"73","200","2000-7-11","Savannah","GA","The United States",,
"200","1","1","3","56"," ","Tyler Ward",,"32","200","1991-8-17","Brooklyn","NY","The United States",,
"200","1","1","3","57"," ","Tyler Ward",,"32","200","1991-8-17","Brooklyn","NY","The United States",,
"200","1","1","3","59"," ","Tyler Ward",,"32","200","1991-8-17","Brooklyn","NY","The United States",,
"211","1","1","3","68"," ","Redd Savage",,"73","219","2009-1-21","Ann Arbor","MI","The United States",,
"211","1","1","3","69"," ","Redd Savage",,"73","219","2009-1-21","Ann Arbor","MI","The United States",,
"211","1","1","3","70"," ","Redd Savage",,"73","219","2009-1-21","Ann Arbor","MI","The United States",,
"216","1","1","3","68"," ","Adam Liebold",,"75","220","2009-11-17","Washington","MO","The United States",,
"216","1","1","3","69"," ","Adam Liebold",,"75","220","2009-11-17","Washington","MO","The United States",,
"229","1","1","3","69"," ","Gritty McGritterson",,"73","185","2011-10-14","Baltimore","MD","The United States",,
"229","1","1","3","70"," ","Gritty McGritterson",,"73","185","2011-10-14","Baltimore","MD","The United States",,
"229","1","1","3","71"," ","Gritty McGritterson",,"73","185","2011-10-14","Baltimore","MD","The United States",,
"231","1","1","3","53"," ","A Jobin",,"73","215","2000-4-3","Pennville","PA","The United States",,
"231","1","1","3","54"," ","A Jobin",,"73","215","2000-4-3","Pennville","PA","The United States",,
"245","1","1","3","53"," ","Luke McMaster",,"71","190","2000-1-31","Baldwin Harbor","NY","The United States",,
"245","1","1","3","59"," ","Noah Johns III",,"70","180","2000-1-31","Richland","WA","The United States","Sweden",
"253","1","1","3","53"," ","Jmac NCheese",,"73","200","2000-5-24","Belmont","MA","The United States",,
"259","1","1","3","53"," ","Reid Sutherland",,"71","195","2000-12-11","Ft. Wayne","IN","The United States",,
"284","1","1","3","53"," ","Danny Marston",,"74","205","2000-2-28","San Diego","CA","The United States",,
"284","1","1","3","54"," ","Danny Marston",,"74","205","2000-2-28","San Diego","CA","The United States",,
"287","1","1","3","54"," ","Sammy Blaze",,"74","215","1993-10-10","Jackson","MO","The United States",,
"287","1","1","3","55"," ","Sammy Blaze",,"74","215","1993-10-10","Jackson","MO","The United States",,
"287","1","1","3","56"," ","Sammy Blaze",,"74","215","1993-10-10","Jackson","MO","The United States",,
"290","1","1","3","53"," ","Eric Hudson",,"73","210","2000-9-30","Corpus Christi","TX","The United States",,
"290","1","1","3","54"," ","Eric Hudson",,"73","210","2000-9-30","Corpus Christi","TX","The United States",,
"290","1","1","3","55"," ","Eric Hudson",,"73","210","2000-9-30","Corpus Christi","TX","The United States",,
"295","1","1","3","70"," ","Walt ""Clyde"" Frazier",,"73","215","2011-5-26","New York","NY","The United States",,
"295","1","1","3","71"," ","Walt ""Clyde"" Frazier",,"73","215","2011-5-26","New York","NY","The United States",,
"306","1","1","3","53"," ","Michael Lee",,"73","200","2000-7-28","Milwaukee","WI","The United States",,
"313","1","1","3","56"," ","Dwayne Gretzky",,"74","215","2000-7-27","Trenton","NJ","The United States",,
"313","1","1","3","58"," ","Dwayne Gretzky",,"74","215","2000-7-27","Trenton","NJ","The United States",,
"313","1","1","3","59"," ","Dwayne Gretzky",,"74","215","2000-7-27","Trenton","NJ","The United States",,
"315","1","1","3","54"," ","James Hagan",,"73","200","2000-11-8","Dallas","TX","The United States",,
"315","1","1","3","55"," ","James Hagan",,"73","200","2000-11-8","Dallas","TX","The United States",,
"315","1","1","3","56"," ","James Hagan",,"73","200","2000-11-8","Dallas","TX","The United States",,
"322","1","1","3","55"," ","Xavier Doom",,"74","220","2000-5-26","Rekhasim","HAI","Iceland",,
"322","1","1","3","56"," ","Xavier Doom",,"74","220","2000-5-26","Rekhasim","HAI","Iceland",,
"322","1","1","3","58"," ","Xavier Doom",,"74","220","2000-5-26","Rekhasim","HAI","Iceland",,
"331","1","1","3","55"," ","Edward Teach",,"75","220","1999-12-13","South Bend","IN","The United States",,
"331","1","1","3","57"," ","Edward Teach",,"75","220","2002-12-29","Merritt Island","FL","The United States",,
"339","1","1","3","56"," ","Michael Scotch",,"74","175","2000-6-13","Buffalo","NY","The United States",,
"367","1","1","3","54"," ","Colin Lambert",,"72","185","2000-4-30","Defiance","OH","The United States",,
"367","1","1","3","55"," ","Colin Lambert",,"72","185","2000-4-30","Defiance","OH","The United States",,
"367","1","1","3","56"," ","Colin Lambert",,"72","185","2000-4-30","Defiance","OH","The United States",,
"373","1","1","3","55"," ","Jed Mosley Jr",,"74","210","2000-5-23","Chicago","IL","The United States","England",
"373","1","1","3","56"," ","Jed Mosley Jr",,"74","210","2000-5-23","Chicago","IL","The United States","England",
"373","1","1","3","57"," ","Jed Mosley Jr",,"74","210","2000-5-23","Chicago","IL","The United States","England",
"384","1","1","3","53"," ","Patrick Shepherd",,"73","202","2000-5-31","Fair Lawn","NJ","The United States",,
"384","1","1","3","54"," ","Patrick Shepherd",,"73","202","2000-5-31","Fair Lawn","NJ","The United States",,
"384","1","1","3","55"," ","Patrick Shepherd",,"73","202","2000-5-31","Fair Lawn","NJ","The United States",,
"396","1","1","3","68"," ","Brent Turnerson",,"77","225","2005-3-11","Elk Grove","CA","The United States",,
"396","1","1","3","69"," ","Brent Turnerson",,"77","225","2005-3-11","Elk Grove","CA","The United States",,
"396","1","1","3","70"," ","Brent Turnerson",,"77","225","2005-3-11","Elk Grove","CA","The United States",,
"405","1","1","3","68"," ","Phillip Fry",,"74","221","2009-11-27","New York","NY","The United States",,
"405","1","1","3","69"," ","Phillip Fry",,"74","221","2009-11-27","New York","NY","The United States",,
"405","1","1","3","70"," ","Phillip Fry",,"74","221","2009-11-27","New York","NY","The United States",,
"408","1","1","3","57"," ","Sheen Beckett",,"71","206","2000-1-23","Las Cruces","NM","The United States",,
"408","1","1","3","68"," ","James Lutz",,"74","210","2009-6-14","Pittsburgh","PA","The United States",,
"408","1","1","3","69"," ","James Lutz",,"74","210","2009-6-14","Pittsburgh","PA","The United States",,
"408","1","1","3","70"," ","James Lutz",,"74","210","2009-6-14","Pittsburgh","PA","The United States",,
"410","1","1","3","68"," ","Barefoot Sugars",,"76","220","2009-3-3","Houston","TX","The United States",,
"410","1","1","3","69"," ","Barefoot Sugars",,"76","220","2009-3-3","Houston","TX","The United States",,
"410","1","1","3","70"," ","Barefoot Sugars",,"76","220","2009-3-3","Houston","TX","The United States",,
"411","1","1","3","55"," ","Luffy Richard",,"74","210","2000-7-6","Anaheim","CA","The United States",,
"411","1","1","3","56"," ","Luffy Richard",,"74","210","2000-7-6","Anaheim","CA","The United States",,
"415","1","1","3","68"," ","Loosh O'Sullivan",,"74","240","2009-8-1","Boston","MA","The United States",,
"415","1","1","3","69"," ","Loosh O'Sullivan",,"74","240","2009-8-1","Boston","MA","The United States",,
"424","1","1","3","57"," ","William Lockwood",,"72","182","2000-6-12","Bloomington","CA","The United States",,
"424","1","1","3","58"," ","William Lockwood",,"72","182","2000-6-12","Bloomington","CA","The United States",,
"427","1","1","3","56"," ","Sean Gatez",,"76","220","2000-3-8","Denver","CO","The United States",,
"427","1","1","3","58"," ","Sean Gatez",,"76","220","2000-3-8","Denver","CO","The United States",,
"427","1","1","3","59"," ","Sean Gatez",,"76","220","2000-3-8","Denver","CO","The United States",,
"428","1","1","3","57"," ","Red Arrow",,"71","194","2000-3-28","Cincinnati","OH","The United States",,
"440","1","1","3","53"," ","Bork Lazer",,"75","286","2000-9-28","Minneapolis","MN","The United States",,
"440","1","1","3","54"," ","Bork Lazer",,"75","286","2000-9-28","Minneapolis","MN","The United States",,
"440","1","1","3","55"," ","Bork Lazer",,"75","286","2000-9-28","Minneapolis","MN","The United States",,
"441","1","1","3","53"," ","Elwulf Jericson",,"67","185","2000-11-15","Augusta","ME","The United States",,
"441","1","1","3","54"," ","Elwulf Jericson",,"68","185","2000-11-15","Augusta","ME","The United States",,
"441","1","1","3","55"," ","Elwulf Jericson",,"68","185","2000-11-15","Augusta","ME","The United States",,
"441","1","1","3","56"," ","Elwulf Jericson",,"68","185","2000-11-15","Augusta","ME","The United States",,
"443","1","1","3","53"," ","Braden Lowrie",,"74","200","2000-2-6","Wauseon","OH","The United States",,
"445","1","1","3","53"," ","Zoltan Topalo",,"69","223","2000-11-19","Memphis","TN","The United States",,
"472","1","1","3","55"," ","Zdenko Beranek",,"70","175","2001-11-8","Kosice","KOS","Slovenia",,
"472","1","1","3","56"," ","Zdenko Beranek",,"71","175","2001-11-8","Kosice","KOS","Slovenia",,
"472","1","1","3","57"," ","Zdenko Beranek",,"71","175","2001-11-8","Kosice","KOS","Slovenia",,
"472","1","1","3","58"," ","Zdenko Beranek",,"71","175","2001-11-8","Kosice","KOS","Slovenia",,
"475","1","1","3","54"," ","Hubert Andrews",,"71","190","2001-8-15","Waterville","NY","The United States",,
"475","1","1","3","56"," ","Hubert Andrews",,"71","190","2001-8-15","Waterville","NY","The United States",,
"475","1","1","3","57"," ","Hubert Andrews",,"72","190","2001-8-15","Waterville","NY","The United States",,
"475","1","1","3","58"," ","Hubert Andrews",,"72","190","2001-8-15","Waterville","NY","The United States",,
"488","1","1","3","59"," ","Alimony Tony",,"72","210","2001-11-18","Milwaukee","WI","The United States",,
"488","1","1","3","60"," ","Alimony Tony",,"72","210","2001-11-18","Milwaukee","WI","The United States",,
"489","1","1","3","59"," ","LaTrell Mcdonald",,"74","220","2002-5-4","New York","NY","The United States",,
"489","1","1","3","60"," ","LaTrell Mcdonald",,"74","220","2002-5-4","New York","NY","The United States",,
"494","1","1","3","59"," ","Daniel Merica Jr.",,"73","190","2002-4-16","Nashville","TN","The United States",,
"494","1","1","3","60"," ","Daniel Merica Jr.",,"73","190","2002-4-16","Nashville","TN","The United States",,
"494","1","1","3","61"," ","Daniel Merica Jr.",,"73","190","2002-4-16","Nashville","TN","The United States",,
"494","1","1","3","62"," ","Daniel Merica Jr.",,"73","190","2002-4-16","Nashville","TN","The United States",,
"500","1","1","3","58"," ","Jack Micro",,"74","220","2001-7-15","Louisville","KY","The United States",,
"500","1","1","3","59"," ","Jack Micro",,"74","220","2001-7-15","Louisville","KY","The United States",,
"500","1","1","3","60"," ","Jack Micro",,"74","220","2001-7-15","Louisville","KY","The United States",,
"511","1","1","3","59"," ","Gino Lombardo",,"76","240","2001-11-28","New York Mills","NY","The United States",,
"511","1","1","3","60"," ","Gino Lombardo",,"76","240","2001-11-28","New York Mills","NY","The United States",,
"516","1","1","3","60"," ","Podan Podanovic",,"73","195","2001-10-4","Plzen","PLZ","Czech Republic",,
"522","1","1","3","59"," ","Ryan Gardner",,"76","251","2002-1-27","Arlington","VA","The United States",,
"522","1","1","3","60"," ","Ryan Gardner",,"76","251","2002-1-27","Arlington","VA","The United States",,
"522","1","1","3","61"," ","Ryan Gardner",,"76","251","2002-1-27","Arlington","VA","The United States",,
"536","1","1","3","54"," ","Teddy Park",,"72","230","2001-10-29","San Juan","TX","The United States",,
"536","1","1","3","57"," ","Teddy Park",,"72","230","2001-10-29","San Juan","TX","The United States",,
"538","1","1","3","54"," ","Terrence ""Big Terry"" Smit",,"79","210","2002-1-31","Palm Springs","CA","The United States",,
"538","1","1","3","57"," ","Terrence ""Big Terry"" Smit",,"79","210","2002-1-31","Palm Springs","CA","The United States",,
"547","1","1","3","53"," ","James LeBlond",,"72","205","2000-3-15","Biddeford","ME","The United States",,
"547","1","1","3","54"," ","James LeBlond",,"72","205","2000-3-15","Biddeford","ME","The United States",,
"547","1","1","3","55"," ","James LeBlond",,"72","205","2000-3-15","Biddeford","ME","The United States",,
"547","1","1","3","56"," ","James LeBlond",,"72","205","2000-3-15","Biddeford","ME","The United States",,
"548","1","1","3","53"," ","Pojo Biscuit",,"74","230","2000-5-22","Boston","MA","The United States",,
"548","1","1","3","54"," ","Pojo Biscuit",,"74","230","2000-5-22","Boston","MA","The United States",,
"548","1","1","3","55"," ","Pojo Biscuit",,"74","230","2000-5-22","Boston","MA","The United States",,
"548","1","1","3","56"," ","Pojo Biscuit",,"74","230","2000-5-22","Boston","MA","The United States",,
"549","1","1","3","53"," ","Sammy Koa",,"72","198","2000-4-23","Chicago","IL","The United States",,
"549","1","1","3","54"," ","Sammy Koa",,"72","198","2000-4-23","Chicago","IL","The United States",,
"555","1","1","3","57"," ","Patricia Reichardt",,"64","190","2000-2-2","Minneota","MN","The United States",,
"569","1","1","3","60"," ","Dobby Hintzskanen",,"71","200","2003-5-2","Dallas","TX","The United States",,
"570","1","1","3","61"," ","Patrick Toes",,"71","240","2003-8-15","Chicago","IL","The United States",,
"574","1","1","3","61"," ","Michael Robertson",,"76","206","2003-1-24","Houston","TX","The United States",,
"574","1","1","3","64"," ","Michael Robertson",,"76","206","2003-1-24","Houston","TX","The United States",,
"593","1","1","3","60"," ","Wing Wang",,"72","200","2003-11-4","Las Vegas","NV","The United States",,
"593","1","1","3","61"," ","Wing Wang",,"72","200","2003-11-4","Las Vegas","NV","The United States",,
"593","1","1","3","62"," ","Wing Wang",,"72","200","2003-11-4","Las Vegas","NV","The United States",,
"593","1","1","3","63"," ","Wing Wang",,"72","200","2003-11-4","Las Vegas","NV","The United States",,
"593","1","1","3","64"," ","Wing Wang",,"72","200","2003-11-4","Las Vegas","NV","The United States",,
"594","1","1","3","56"," ","Chad Danger",,"76","225","2002-12-13","Marlton","NJ","The United States",,
"594","1","1","3","57"," ","Chad Danger",,"77","225","2002-12-13","Marlton","NJ","The United States",,
"633","1","1","3","69"," ","Jack McCarthy",,"74","212","2011-9-16","Chicago","IL","The United States",,
"633","1","1","3","70"," ","Jack McCarthy",,"74","212","2011-9-16","Chicago","IL","The United States",,
"634","1","1","3","74"," ","Jim Wen",,"74","200","2014-4-1","Albuquerque","NM","The United States",,
"636","1","1","3","72"," ","Trevor Lahey",,"74","193","2013-2-1","Dallas","TX","The United States",,
"636","1","1","3","73"," ","Trevor Lahey",,"74","193","2013-2-1","Dallas","TX","The United States",,
"636","1","1","3","74"," ","Trevor Lahey",,"74","193","2013-2-1","Dallas","TX","The United States",,
"637","1","1","3","71"," ","Austin Morley",,"68","185","2013-2-6","Columbus","NY","The United States",,
"637","1","1","3","72"," ","Austin Morley",,"68","185","2013-2-6","Columbus","NY","The United States",,
"638","1","1","3","73"," ","Ryland Murphy",,"72","200","2012-7-16","Peoria","IL","The United States",,
"643","1","1","3","58"," ","Danny C",,"74","200","2004-1-20","Washington","DC","The United States",,
"643","1","1","3","59"," ","Danny C",,"74","190","2004-1-20","Washington","DC","The United States",,
"643","1","1","3","60"," ","Danny C",,"74","190","2004-1-20","Washington","DC","The United States",,
"647","1","1","3","62"," ","Lenny Hawk",,"74","220","2003-8-25","Jacksonville","FL","The United States",,
"647","1","1","3","63"," ","Lenny Hawk",,"74","220","2003-8-25","Jacksonville","FL","The United States",,
"651","1","1","3","58"," ","Gregory Goode",,"76","225","2004-1-2","Tulsa","OK","The United States",,
"651","1","1","3","59"," ","Gregory Goode",,"76","225","2004-1-2","Tulsa","OK","The United States",,
"651","1","1","3","60"," ","Gregory Goode",,"76","225","2004-1-2","Tulsa","OK","The United States",,
"653","1","1","3","70"," ","Jiggle E. Puff",,"72","200","2012-8-19","Atlanta","GA","The United States",,
"653","1","1","3","71"," ","Jiggle E. Puff",,"72","200","2012-8-19","Atlanta","GA","The United States",,
"653","1","1","3","72"," ","Jiggle E. Puff",,"72","200","2012-8-19","Atlanta","GA","The United States",,
"661","1","1","3","70"," ","Darnell Mohamed Johnson II",,"76","208","2012-11-21","New Orleans","LA","The United States",,
"661","1","1","3","71"," ","Darnell Mohamed Johnson II",,"76","208","2012-11-21","New Orleans","LA","The United States",,
"661","1","1","3","72"," ","Darnell Mohamed Johnson II",,"76","208","2012-11-21","New Orleans","LA","The United States",,
"665","1","1","3","62"," ","Merlin Metzler",,"77","238","2003-9-3","Fargo","ND","The United States",,
"665","1","1","3","63"," ","Merlin Metzler",,"77","238","2003-9-3","Fargo","ND","The United States",,
"665","1","1","3","64"," ","Merlin Metzler",,"77","238","2003-9-3","Fargo","ND","The United States",,
"667","1","1","3","70"," ","Wednesday Addams",,"67","150","2011-7-27","New York","NY","The United States",,
"667","1","1","3","71"," ","Wednesday Addams",,"66","150","2011-7-27","New York","NY","The United States",,
"671","1","1","3","70"," ","Anthony Simmons II",,"68","160","2012-8-10","St. Louis","MI","The United States",,
"672","1","1","3","58"," ","AJ Tirrell",,"75","230","2004-1-4","Auburn","NY","The United States",,
"672","1","1","3","59"," ","AJ Tirrell",,"75","230","2004-1-4","Auburn","NY","The United States",,
"674","1","1","3","58"," ","Austin Smith",,"74","207","2004-1-23","Spokane","WA","The United States",,
"687","1","1","3","72"," ","Cameron Dallas",,"70","202","2013-5-20","Dallas","TX","The United States",,
"690","1","1","3","71"," ","Westley Kirkpatrick",,"78","200","2013-6-18","Indianapolis","IN","The United States",,
"690","1","1","3","72"," ","Westley Kirkpatrick",,"78","200","2013-6-18","Indianapolis","IN","The United States",,
"691","1","1","3","63"," ","SD Core",,"74","225","2004-3-4","San Diego","CA","The United States",,
"692","1","1","3","59"," ","Wet Jeans",,"71","190","2004-3-27","Philadelphia","PA","The United States",,
"692","1","1","3","60"," ","Wet Jeans",,"72","190","2004-3-27","Philadelphia","PA","The United States",,
"696","1","1","3","68"," ","Hugh Manius",,"79","200","2011-2-8","South El Monte","CA","The United States",,
"696","1","1","3","70"," ","Hugh Manius",,"79","200","2011-2-8","South El Monte","CA","The United States",,
"703","1","1","3","73"," ","Rocky Orwell",,"72","192","2013-5-21","Bellevue","NE","The United States",,
"703","1","1","3","74"," ","Rocky Orwell",,"72","192","2013-5-21","Bellevue","NE","The United States",,
"725","1","1","3","75"," ","Entropy Sanchez",,"73","225","2014-9-4","Sacramento","CA","The United States",,
"727","1","1","3","73"," ","Leon Rizzton",,"74","210","2013-5-3","Pittsburgh","PA","The United States",,
"731","1","1","3","69"," ","James Dion",,"75","200","2011-4-16","Indianapolis","IN","The United States",,
"731","1","1","3","70"," ","James Dion",,"75","200","2011-4-16","Indianapolis","IN","The United States",,
"732","1","1","3","72"," ","Lea Cranberry",,"70","175","2013-2-27","Cumming","GA","The United States",,
"751","1","1","3","73"," ","Jordan Thompson",,"75","215","2013-10-22","New Orleans","LA","The United States",,
"751","1","1","3","74"," ","Jordan Thompson",,"75","215","2013-10-22","New Orleans","LA","The United States",,
"759","1","1","3","59"," ","Jimmy Jimmy",,"76","200","2002-3-7","Calgary","AB","Canada",,
"760","1","1","3","61"," ","Skating Dino",,"72","200","2002-4-25","Prichard","AL","The United States",,
"762","1","1","3","69"," ","Kay Lee",,"68","155","2013-5-16","Florida City","FL","The United States",,
"762","1","1","3","70"," ","Kay Lee",,"68","155","2013-5-16","Florida City","FL","The United States",,
"762","1","1","3","71"," ","Kay Lee",,"70","155","2013-5-16","Florida City","FL","The United States",,
"762","1","1","3","72"," ","Kay Lee",,"70","155","2013-5-16","Florida City","FL","The United States",,
"769","1","1","3","74"," ","Wes Thunderbass",,"73","203","2013-11-27","Caddo Mills","TX","The United States",,
"783","1","1","3","72"," ","Joseph Reed",,"75","225","2013-8-17","Gahanna","OH","The United States",,
"783","1","1","3","73"," ","Joseph Reed",,"75","225","2013-8-17","Gahanna","OH","The United States",,
"783","1","1","3","74"," ","Joseph Reed",,"75","225","2013-8-17","Gahanna","OH","The United States",,
"787","1","1","3","72"," ","Colt Fox",,"75","236","2013-8-1","Dallas","TX","The United States",,
"787","1","1","3","73"," ","Colt Fox",,"75","236","2013-8-1","Dallas","TX","The United States",,
"789","1","1","3","58"," ","Kit Kirkstone",,"79","205","2002-11-14","St. Petersburg","FL","The United States",,
"790","1","1","3","57"," ","Nike Kickz Jr",,"71","185","2002-1-6","Boston","MA","The United States",,
"790","1","1","3","58"," ","Nike Kickz Jr",,"71","185","2002-1-6","Boston","MA","The United States",,
"790","1","1","3","59"," ","Nike Kickz Jr",,"71","185","2002-1-6","Boston","MA","The United States",,
"791","1","1","3","57"," ","Pavel Jeziak",,"73","205","2002-1-11","Jacksonville","FL","The United States",,
"791","1","1","3","58"," ","Pavel Jeziak",,"73","205","2002-1-11","Jacksonville","FL","The United States",,
"791","1","1","3","59"," ","Pavel Jeziak",,"73","205","2002-1-11","Jacksonville","FL","The United States",,
"791","1","1","3","60"," ","Pavel Jeziak",,"73","205","2002-1-11","Jacksonville","FL","The United States",,
"791","1","1","3","73"," ","Net Man",,"74","216","2013-5-27","Raleigh","NC","The United States","Finland",
"792","1","1","3","57"," ","Christopher Ford",,"73","201","2002-12-3","Atlanta","GA","The United States",,
"792","1","1","3","58"," ","Christopher Ford",,"74","201","2002-12-3","Atlanta","GA","The United States",,
"794","1","1","3","57"," ","Owen Bowden",,"74","200","2002-1-4","Milton (Ulster County)","NY","The United States",,
"794","1","1","3","58"," ","Owen Bowden",,"74","200","2002-1-4","Milton (Ulster County)","NY","The United States",,
"795","1","1","3","57"," ","Jonny Tsunami",,"73","242","2002-4-23","Honolulu","HI","The United States",,
"796","1","1","3","57"," ","Corey Rigler",,"72","190","2002-7-1","Philadelphia","PA","The United States",,
"797","1","1","3","57"," "," Matty David",,"75","175","2002-11-22","Circle Pines","MN","The United States",,
"798","1","1","3","57"," ","Bar Downski",,"74","197","2002-3-21","Anaheim","CA","The United States",,
"798","1","1","3","58"," ","Bar Downski",,"74","197","2002-3-21","Anaheim","CA","The United States",,
"799","1","1","3","57"," ","Puddles O'Duck",,"76","245","2002-5-29","Eugene","OR","The United States",,
"800","1","1","3","57"," ","Raven Fallon",,"73","215","2002-7-24","Green Haven","MD","The United States",,
"831","1","1","3","72"," ","Crystal McLeod",,"73","205","2015-1-19","Columbus","OH","The United States",,
"831","1","1","3","73"," ","Crystal McLeod",,"73","205","2015-1-19","Columbus","OH","The United States",,
"835","1","1","3","71"," ","Johnny Shuffleboard",,"71","180","2014-12-19","New York","NY","The United States",,
"835","1","1","3","72"," ","Johnny Shuffleboard",,"71","180","2014-12-19","New York","NY","The United States",,
"835","1","1","3","73"," ","Johnny Shuffleboard",,"71","180","2014-12-19","New York","NY","The United States",,
"836","1","1","3","71"," ","Theodore Svatos",,"73","195","2015-3-7","Komarno","NIT","Slovakia",,
"836","1","1","3","72"," ","Theodore Svatos",,"73","195","2015-3-7","Komarno","NIT","Slovakia",,
"836","1","1","3","73"," ","Theodore Svatos",,"73","195","2015-3-7","Komarno","NIT","Slovakia",,
"850","1","1","3","71"," ","Jordan Tanner",,"75","200","2015-1-2","Miami","FL","The United States",,
"856","1","1","3","71"," ","Max Carnage",,"76","225","2014-11-9","Philadelphia","PA","The United States",,
"856","1","1","3","72"," ","Max Carnage",,"76","225","2014-11-9","Philadelphia","PA","The United States",,
"857","1","1","3","71"," ","Thomas Liebold",,"75","215","2015-5-18","Albany","NY","The United States",,
"857","1","1","3","72"," ","Thomas Liebold",,"75","215","2015-5-18","Albany","NY","The United States",,
"857","1","1","3","73"," ","Thomas Liebold",,"75","215","2015-5-18","Albany","NY","The United States",,
"865","1","1","3","71"," ","Bear Trapp",,"74","200","2015-1-2","Chicago","IL","The United States",,
"869","1","1","3","71"," ","Scary Jerry",,"76","273","2015-2-5","Minneapolis","MN","The United States",,
"869","1","1","3","72"," ","Scary Jerry",,"76","273","2015-2-5","Minneapolis","MN","The United States",,
"869","1","1","3","73"," ","Scary Jerry",,"76","273","2015-2-5","Minneapolis","MN","The United States",,
"880","1","1","3","71"," ","Shnopple Lopple",,"71","195","2015-3-22","Pittsburgh","PA","The United States",,
"880","1","1","3","72"," ","Shnopple Lopple",,"71","195","2015-3-22","Pittsburgh","PA","The United States",,
"880","1","1","3","73"," ","Shnopple Lopple",,"71","195","2015-3-22","Pittsburgh","PA","The United States",,
"882","1","1","3","73"," ","Heem Team",,"76","235","2015-1-29","Baton Rouge","LA","The United States",,
"887","1","1","3","71"," ","Mercedes Bayle",,"83","300","2015-1-29","Reading","PA","The United States",,
"887","1","1","3","72"," ","Mercedes Bayle",,"83","300","2015-1-29","Reading","PA","The United States",,
"887","1","1","3","73"," ","Mercedes Bayle",,"83","300","2015-1-29","Reading","PA","The United States",,
"899","1","1","3","71"," ","Ryan Quintana-Green",,"72","201","2014-12-23","Hialeah","FL","The United States",,
"899","1","1","3","72"," ","Ryan Quintana-Green",,"72","201","2014-12-23","Hialeah","FL","The United States",,
"899","1","1","3","73"," ","Ryan Quintana-Green",,"72","201","2014-12-23","Hialeah","FL","The United States",,
"907","1","1","3","58"," ","Latavuis Jackson",,"76","199","2003-7-12","New York","NY","The United States",,
"909","1","1","3","59"," ","Mars Stanton",,"71","185","2003-7-15","Columbus","OH","The United States",,
"909","1","1","3","60"," ","Mars Stanton",,"71","185","2003-7-15","Columbus","OH","The United States",,
"909","1","1","3","61"," ","Mars Stanton",,"71","185","2003-7-15","Columbus","OH","The United States",,
"909","1","1","3","62"," ","Mars Stanton",,"71","185","2003-7-15","Columbus","OH","The United States",,
"909","1","1","3","63"," ","Mars Stanton",,"71","185","2003-7-15","Columbus","OH","The United States",,
"928","1","1","3","59"," ","Miles O'Brien",,"73","205","2004-1-17","Charlestown","IN","The United States",,
"928","1","1","3","60"," ","Miles O'Brien",,"73","205","2004-1-17","Charlestown","IN","The United States",,
"928","1","1","3","61"," ","Miles O'Brien",,"73","205","2004-1-17","Charlestown","IN","The United States",,
"928","1","1","3","62"," ","Miles O'Brien",,"73","205","2004-1-17","Charlestown","IN","The United States",,
"939","1","1","3","59"," ","Evil AllBran",,"72","230","2004-6-4","Boston","MA","The United States",,
"939","1","1","3","60"," ","Evil AllBran",,"72","230","2004-6-4","Boston","MA","The United States",,
"939","1","1","3","61"," ","Evil AllBran",,"72","230","2004-6-4","Boston","MA","The United States",,
"942","1","1","3","59"," ","Jonathon Hagan",,"73","205","2004-4-3","Nashville","TN","The United States",,
"942","1","1","3","60"," ","Jonathon Hagan",,"73","205","2004-4-3","Nashville","TN","The United States",,
"942","1","1","3","61"," ","Jonathon Hagan",,"73","205","2004-4-3","Nashville","TN","The United States",,
"942","1","1","3","62"," ","Jonathon Hagan",,"73","205","2004-4-3","Nashville","TN","The United States",,
"952","1","1","3","59"," ","Jimmy Larkin-Conway",,"77","220","2004-8-4","Edina","MN","The United States",,
"952","1","1","3","60"," ","Jimmy Larkin-Conway",,"77","220","2004-8-4","Edina","MN","The United States",,
"1002","1","1","3","61"," ","Vincent Catalano",,"72","205","2001-10-30","Johnson City","TN","The United States",,
"1002","1","1","3","62"," ","Vincent Catalano",,"72","205","2001-10-30","Johnson City","TN","The United States",,
"1017","1","1","3","60"," ","Atticus Hale",,"64","198","2000-11-18","Bolivar","WV","The United States",,
"1017","1","1","3","61"," ","Atticus Hale",,"74","198","2000-11-18","Moonachie","NJ","The United States",,
"1017","1","1","3","62"," ","Atticus Hale",,"74","198","2000-11-18","Moonachie","NJ","The United States",,
"1017","1","1","3","63"," ","Atticus Hale",,"74","198","2000-11-18","Moonachie","NJ","The United States",,
"1018","1","1","3","60"," ","Guy Fieri",,"83","300","2000-7-24","Bellaire","TX","The United States",,
"1018","1","1","3","61"," ","Guy Fieri",,"83","300","2000-7-24","Bellaire","TX","The United States",,
"1018","1","1","3","63"," ","Guy Fieri",,"83","300","2000-7-24","Bellaire","TX","The United States",,
"1020","1","1","3","60"," ","Donald Jr Trump",,"78","235","2000-7-22","New York","NY","The United States",,
"1020","1","1","3","61"," ","Donald Jr Trump",,"78","235","2000-7-22","New York","NY","The United States",,
"1031","1","1","3","61"," ","Barry B. Benson",,"83","150","2000-8-22","Princeton","IL","The United States",,
"1032","1","1","3","61"," ","Sam Siege",,"66","160","2000-2-11","Portland","OR","The United States",,
"1032","1","1","3","62"," ","Sam Siege",,"66","160","2000-2-11","Portland","OR","The United States",,
"1032","1","1","3","63"," ","Sam Siege",,"66","160","2000-2-11","Portland","OR","The United States",,
"1033","1","1","3","61"," ","Joe Burrow",,"72","200","2000-10-10","Baton Rouge","LA","The United States",,
"1034","1","1","3","61"," ","Jeff Hopkins",,"76","280","2000-1-30","Loveland","CO","The United States",,
"1034","1","1","3","62"," ","Jeff Hopkins",,"76","280","2000-1-30","Loveland","CO","The United States",,
"1034","1","1","3","63"," ","Jeff Hopkins",,"76","280","2000-1-30","Loveland","CO","The United States",,
"1035","1","1","3","61"," ","Vincent Fox",,"76","225","2000-6-17","Louisville","KY","The United States",,
"1035","1","1","3","62"," ","Vincent Fox",,"76","225","2000-6-17","Louisville","KY","The United States",,
"1036","1","1","3","61"," ","Tanner Fox",,"78","229","2000-7-24","Raleigh","NC","The United States",,
"1036","1","1","3","62"," ","Tanner Fox",,"78","229","2000-7-24","Raleigh","NC","The United States",,
"1036","1","1","3","63"," ","Tanner Fox",,"78","229","2000-7-24","Raleigh","NC","The United States",,
"1057","1","1","3","60"," ","Osada Tamura",,"65","170","2000-12-19","Tokyo","TOK","Japan",,
"1067","1","1","3","72"," ","Sven Holmberg",,"76","218","2015-12-15","Manhattan","IL","The United States",,
"1068","1","1","3","74"," ","Daquavion Davis Jr",,"72","150","2016-2-20","Raleigh","NC","The United States",,
"1069","1","1","3","74"," ","Brooklyn Physt",,"71","208","2015-9-6","New Orleans","LA","The United States",,
"1069","1","1","3","75"," ","Brooklyn Physt",,"71","208","2015-9-6","New Orleans","LA","The United States",,
"1070","1","1","3","73"," ","Jeff Goldblum",,"78","225","2016-3-6","West Homestead","PA","The United States",,
"1070","1","1","3","75"," ","Jeff Goldblum",,"78","225","2016-3-6","West Homestead","PA","The United States",,
"1170","1","1","3","73"," ","Mac Turner",,"78","219","2017-6-28","New York","NY","The United States",,
"1170","1","1","3","75"," ","Mac Turner",,"78","219","2017-6-28","New York","NY","The United States",,
"1171","1","1","3","74"," ","Cracker Pizza",,"72","200","2017-6-28","St. Louis","MI","The United States",,
"1171","1","1","3","76"," ","Cracker Pizza",,"72","200","2017-6-28","St. Louis","MI","The United States",,
"1182","1","1","3","62"," ","Trevor Malone",,"72","194","2003-3-14","Boston","MA","The United States",,
"1182","1","1","3","63"," ","Trevor Malone",,"72","194","2003-3-14","Boston","MA","The United States",,
"1184","1","1","3","62"," ","Pope Coswi",,"71","197","2002-2-26","Sacramento","CA","The United States",,
"1184","1","1","3","63"," ","Pope Coswi",,"71","197","2002-2-26","Sacramento","CA","The United States",,
"1184","1","1","3","65"," ","Pope Coswi",,"71","197","2002-2-26","Sacramento","CA","The United States",,
"1185","1","1","3","62"," ","Brady Bertrand",,"74","214","2004-1-14","Val d'Or","QC","Canada",,
"1193","1","1","3","76"," ","John Peanut",,"72","200","2017-6-28","St. Louis","MI","The United States",,
"1194","1","1","3","74"," ","Gordon-William Gibbles",,"81","250","2017-6-2","Minneapolis","MN","The United States",,
"1195","1","1","3","75"," ","GM's Son",,"79","215","2017-6-28","Montreal","QC","The United States",,
"1195","1","1","3","76"," ","GM's Son",,"79","215","2017-6-28","Montreal","QC","The United States",,
"1197","1","1","3","74"," ","Gewmba Stolemamoney",,"76","195","2017-6-28","Tuscaloosa","AL","The United States",,
"1197","1","1","3","75"," ","Gewmba Stolemamoney",,"76","195","2017-6-28","Tuscaloosa","AL","The United States",,
"1197","1","1","3","76"," ","Gewmba Stolemamoney",,"76","195","2017-6-28","Tuscaloosa","AL","The United States",,
"1198","1","1","3","74"," ","Walter Melon",,"70","175","2017-6-28","Newark","NY","The United States",,
"1217","1","1","3","76"," ","Icee Richradson",,"72","200","2017-6-28","San Francisco","CA","The United States",,
"1218","1","1","3","74"," ","Meo Vanbiesbrouck",,"77","205","2017-6-28","Grand Rapids","MN","The United States",,
"1218","1","1","3","75"," ","Meo Vanbiesbrouck",,"77","205","2017-6-28","Grand Rapids","MN","The United States",,
"1218","1","1","3","76"," ","Meo Vanbiesbrouck",,"77","205","2017-6-28","Grand Rapids","MN","The United States",,
"1241","1","1","3","74"," ","Newton Campbell","Lizard","77","208","2017-6-28","Bemidji","MN","The United States",,
"1242","1","1","3","74"," ","Leonard Wood",,"73","190","2017-6-28","Madison","ME","The United States",,
"1242","1","1","3","75"," ","Leonard Wood",,"73","190","2017-6-28","Madison","ME","The United States",,
"1242","1","1","3","76"," ","Leonard Wood",,"73","190","2017-6-28","Madison","ME","The United States",,
"1243","1","1","3","74"," ","Langston Hardison-Laurent",,"75","202","2017-6-28","Gainesville","VA","The United States",,
"1244","1","1","3","74"," ","Jerry Moonshine",,"74","220","2017-6-28","Nashville","AR","The United States",,
"1245","1","1","3","74"," ","Dwayne Swanson",,"75","215","2017-6-28","New Smyrna Beach","FL","The United States",,
"1245","1","1","3","75"," ","Dwayne Swanson",,"75","215","2017-6-28","New Smyrna Beach","FL","The United States",,
"1247","1","1","3","73"," ","Ace Guilded",,"72","200","2017-6-28","Providence","NY","The United States",,
"1247","1","1","3","74"," ","Ace Guilded",,"72","200","2017-6-28","Providence","NY","The United States",,
"1261","1","1","3","75"," ","James Madison",,"68","150","2018-6-28","Conway","FL","The United States",,
"1261","1","1","3","76"," ","James Madison",,"68","150","2018-6-28","Conway","FL","The United States",,
"1268","1","1","3","60"," ","Landon Fischermann",,"76","205","2000-10-26","Los Angeles","CA","The United States",,
"1268","1","1","3","61"," ","Landon Fischermann",,"76","205","2000-10-26","Los Angeles","CA","The United States",,
"1275","1","1","3","61"," ","Maxwell King",,"71","200","2004-2-11","Winnipeg","MB","Canada",,
"1300","1","1","3","62"," ","Brain Brettski",,"75","191","2006-7-9","Eveleth","MN","The United States",,
"1300","1","1","3","63"," ","Brain Brettski",,"75","191","2006-7-9","Eveleth","MN","The United States",,
"1300","1","1","3","64"," ","Brain Brettski",,"75","191","2006-7-9","Eveleth","MN","The United States",,
"1301","1","1","3","62"," ","Lesgo Brandon",,"73","195","2006-10-14","Edina","MN","The United States",,
"1301","1","1","3","63"," ","Lesgo Brandon",,"73","195","2006-10-14","Edina","MN","The United States",,
"1301","1","1","3","64"," ","Lesgo Brandon",,"73","195","2006-10-14","Edina","MN","The United States",,
"1301","1","1","3","65"," ","Lesgo Brandon",,"73","195","2006-10-14","Edina","MN","The United States",,
"1302","1","1","3","62"," ","Sisyphus Embros",,"73","203","2006-12-12","New York","NY","The United States",,
"1302","1","1","3","63"," ","Sisyphus Embros",,"73","203","2006-12-12","New York","NY","The United States",,
"1302","1","1","3","64"," ","Sisyphus Embros",,"73","203","2006-12-12","New York","NY","The United States",,
"1303","1","1","3","62"," ","Tim Thomas",,"70","200","2006-6-14","Austin","TX","The United States",,
"1333","1","1","3","63"," ","Evert Jansson",,"78","205","2006-12-2","Uddevalla","VäS","Sweden",,
"1374","1","1","3","74"," ","Carter Crutchfield",,"73","200","2018-6-28","Los Angeles","CA","The United States",,
"1374","1","1","3","75"," ","Carter Crutchfield",,"73","200","2018-6-28","Los Angeles","CA","The United States",,
"1374","1","1","3","76"," ","Carter Crutchfield",,"73","200","2018-6-28","Los Angeles","CA","The United States",,
"1376","1","1","3","75"," ","Napoleon Dinklage",,"69","205","2017-6-28","Death Valley Junction","CA","The United States",,
"1379","1","1","3","75"," ","Brandon Strongstick",,"71","174","2017-6-28","Chicago","IL","The United States",,
"1381","1","1","3","66","  ","Kyle Murray",,"77","204","2010-2-4","Anchorage","AK","The United States",,
"1398","1","1","3","66"," ","Chamai Malachi",,"61","300","2010-11-30","New York","NY","The United States",,
"1441","1","1","3","63"," ","Justin Time",,"75","201","2007-4-12","Clarksville","TN","The United States",,
"1441","1","1","3","64"," ","Justin Time",,"75","201","2007-4-12","Clarksville","TN","The United States",,
"1441","1","1","3","65"," ","Justin Time",,"75","201","2007-4-12","Clarksville","TN","The United States",,
"1441","1","1","3","66"," ","Justin Time",,"75","201","2007-4-12","Havana","FL","The United States",,
"1442","1","1","3","63"," ","Lord Zomp",,"72","195","2007-2-17","Cathedral City","CA","The United States",,
"1442","1","1","3","64"," ","Lord Zomp",,"72","195","2007-2-17","Cathedral City","CA","The United States",,
"1442","1","1","3","65"," ","Lord Zomp",,"72","195","2007-2-17","Cathedral City","CA","The United States",,
"1442","1","1","3","66"," ","Lord Zomp",,"72","195","2007-2-17","Verona","NY","The United States",,
"1443","1","1","3","63"," ","Rylie Versi",,"69","185","2007-10-4","Dallas","TX","The United States",,
"1443","1","1","3","64"," ","Rylie Versi",,"71","185","2007-10-4","Dallas","TX","The United States",,
"1443","1","1","3","65"," ","Rylie Versi",,"71","185","2007-10-4","Dallas","TX","The United States",,
"1443","1","1","3","66"," ","Rylie Versi",,"71","185","2007-10-4","Morro Bay","CA","The United States",,
"1445","1","1","3","63"," ","Michael Byfuglin",,"72","200","2007-10-31","Kankakee","IL","The United States",,
"1445","1","1","3","64"," ","Michael Byfuglin",,"72","200","2007-10-31","Kankakee","IL","The United States",,
"1445","1","1","3","65"," ","Michael Byfuglin",,"72","200","2007-10-31","Kankakee","IL","The United States",,
"1458","1","1","3","66"," ","JR Frankenstero",,"71","192","2007-7-22","Hort","HEV","Iceland",,
"1472","1","1","3","76"," ","WonderBread",,"69","180","2018-6-28","St. Cloud","MN","The United States",,
"1473","1","1","3","77"," ","Weldon Mcconnell",,"71","196","2019-6-28","East Amherst","NY","The United States",,
"1475","1","1","3","64"," ","Pil Sung",,"72","168","2007-2-25","Chicago","IL","The United States",,
"1475","1","1","3","78"," ","Thomas Hudson",,"71","200","2019-6-28","Dallas","TX","The United States",,
"1477","1","1","3","64"," ","petra sabor",,"70","200","2007-3-5","East Haddam","CT","The United States",,
"1478","1","1","3","76"," ","NoNo Jo",,"78","260","2019-6-28","Denver","CO","The United States",,
"1479","1","1","3","76"," ","Nathan Abel",,"71","210","2019-6-28","Houston","TX","The United States",,
"1479","1","1","3","78"," ","Nathan Abel",,"71","210","2019-6-28","Houston","TX","The United States",,
"1485","1","1","3","76"," ","Chuck Chunky",,"71","190","2019-6-28","New York","NY","The United States",,
"1485","1","1","3","77"," ","Chuck Chunky",,"71","190","2019-6-28","New York","NY","The United States",,
"1486","1","1","3","76"," ","Chopper Donquixote",,"71","210","2019-6-28","Enumclaw","WA","The United States",,
"1486","1","1","3","77"," ","Chopper Donquixote",,"71","210","2019-6-28","Enumclaw","WA","The United States",,
"1486","1","1","3","78"," ","Chopper Donquixote",,"71","210","2019-6-28","Enumclaw","WA","The United States",,
"1487","1","1","3","78"," ","Carter Stankoven",,"71","199","2019-6-28","Barre","VT","The United States",,
"1495","1","1","3","77"," ","Rock Solid",,"82","220","2020-6-28","Dallas","TX","The United States",,
"1495","1","1","3","79"," ","Rock Solid",,"82","220","2020-6-28","Dallas","TX","The United States",,
"1501","1","1","3","75"," ","Trent Wiseman",,"78","231","2018-6-28","Salt Lake City","UT","The United States",,
"1501","1","1","3","76"," ","Trent Wiseman",,"78","231","2018-6-28","Salt Lake City","UT","The United States",,
"1501","1","1","3","77"," ","Trent Wiseman",,"78","231","2018-6-28","Salt Lake City","UT","The United States",,
"1502","1","1","3","75"," ","Stan Free",,"74","196","2018-6-28","Minneapolis","MN","The United States",,
"1502","1","1","3","77"," ","Stan Free",,"74","196","2018-6-28","Minneapolis","MN","The United States",,
"1503","1","1","3","75"," ","Ongo Gablogian",,"61","250","2018-6-28","Philadelphia","PA","The United States",,
"1503","1","1","3","77"," ","Ongo Gablogian",,"62","250","2018-6-28","Philadelphia","PA","The United States",,
"1504","1","1","3","75"," ","MattyJ",,"72","192","2019-6-28","Tampa","FL","The United States",,
"1504","1","1","3","77"," ","MattyJ",,"72","192","2019-6-28","Tampa","FL","The United States",,
"1504","1","1","3","78"," ","MattyJ",,"72","192","2019-6-28","Tampa","FL","The United States",,
"1505","1","1","3","75"," ","Jordan Bamford",,"71","205","2018-6-28","Sacramento","CA","The United States",,
"1505","1","1","3","77"," ","Jordan Bamford",,"71","205","2018-6-28","Sacramento","CA","The United States",,
"1506","1","1","3","75"," ","Charlie Slurpe",,"72","185","2018-6-28","Chicago","IL","The United States",,
"1507","1","1","3","75"," ","Alexa Johansen",,"71","176","2019-6-28","San Diego","CA","The United States",,
"1507","1","1","3","76"," ","Alexa Johansen",,"71","176","2019-6-28","San Diego","CA","The United States",,
"1561","1","1","3","76"," ","Scar Bealey",,"75","225","2019-6-28","Buffalo","NY","The United States",,
"1561","1","1","3","77"," ","Scar Bealey",,"75","225","2019-6-28","Buffalo","NY","The United States",,
"1561","1","1","3","78"," ","Scar Bealey",,"75","225","2019-6-28","Buffalo","NY","The United States",,
"1563","1","1","3","76"," ","Max Belcher",,"76","215","2019-6-28","Chicago","IL","The United States",,
"1564","1","1","3","77"," ","Mary Hollywood",,"72","175","2018-6-28","Philadelphia","NY","The United States",,
"1565","1","1","3","76"," ","Eric Vanderberg Jr",,"77","235","2018-6-28","Buffalo","NY","The United States",,
"1596","1","1","3","66"," ","Jeff Santiago",,"70","145","2008-5-8","Iowa Colony","TX","The United States",,
"1597","1","1","3","65"," ","Ashton King",,"77","220","2008-12-28","Tampa","FL","The United States",,
"1600","1","1","3","65"," ","Manon Graves",,"70","180","2008-5-28","Camp Swift","TX","The United States",,
"1600","1","1","3","66"," ","Manon Graves",,"70","180","2008-5-28","Mariposa","CA","The United States",,
"1628","1","1","3","64"," ","JoJo Larkin",,"77","240","2008-6-1","Marathon","FL","The United States",,
"1629","1","1","3","64"," ","Tommy Thompson",,"77","220","2008-8-25","Cleveland","OH","The United States",,
"1629","1","1","3","65"," ","Tommy Thompson",,"77","220","2008-8-25","Cleveland","OH","The United States",,
"1629","1","1","3","66"," ","Tommy Thompson",,"77","220","2008-8-25","Grosse Pointe Park","MI","The United States",,
"1629","1","1","3","67"," ","Tommy Thompson",,"75","192","2006-2-16","Colorado City","CO","The United States",,
"1630","1","1","3","64"," ","Hunter Havok",,"75","230","2008-10-4","Reading","MA","The United States",,
"1631","1","1","3","64"," ","Adison Bond",,"74","185","2008-11-20","Camarillo","CA","The United States",,
"1631","1","1","3","65"," ","Adison Bond",,"74","185","2008-11-20","Camarillo","CA","The United States",,
"1632","1","1","3","64"," ","Perry Theplatypus",,"68","200","2008-2-28","Boston","MA","The United States",,
"1632","1","1","3","65"," ","Perry Theplatypus",,"68","200","2008-2-28","Boston","MA","The United States",,
"1633","1","1","3","64"," ","Duncan Crawford",,"73","202","2008-1-14","Aurora","CO","The United States",,
"1634","1","1","3","64"," ","Nolan Krewe",,"74","235","2008-8-12","Rancho Mirage","CA","The United States",,
"1647","1","1","3","65"," ","Benson Florentini",,"71","190","2008-9-21","Livingston","NJ","The United States",,
"1647","1","1","3","66"," ","Benson Florentini",,"71","190","2008-9-21","Hillaryville","LA","The United States",,
"1647","1","1","3","67"," ","Benson Florentini",,"70","190","2007-1-24","Bay Point","CA","The United States",,
"1649","1","1","3","79"," ","Javelin Bodine",,"75","198","2021-6-28","Las Vegas","NV","The United States",,
"1661","1","1","3","65"," ","Jeffery Johnson",,"68","180","2008-1-24","Plymouth Township","MI","The United States",,
"1675","1","1","3","79"," ","Jeffrey Bjelland",,"76","215","2021-6-28","Minneapolis","MN","The United States",,
"1675","1","1","3","80"," ","Jeffrey Bjelland",,"76","215","2021-6-28","Minneapolis","MN","The United States",,
"1680","1","1","3","76"," ","Evil Kyle Murray",,"78","200","2020-6-28","Anchorage","AK","The United States",,
"1680","1","1","3","79"," ","Evil Kyle Murray",,"78","200","2020-6-28","Anchorage","AK","The United States",,
"1714","1","1","3","77"," ","Olafur Atlason",,"78","230","2020-6-28","Reykjavík","HöF","Iceland",,
"1714","1","1","3","78"," ","Olafur Atlason",,"78","230","2020-6-28","Reykjavík","HöF","Iceland",,
"1717","1","1","3","77"," ","Jefferson Steelflex",,"74","210","2020-6-28","St. Louis","MO","The United States",,
"1719","1","1","3","77"," ","Thomas Harley",,"76","193","2020-6-28","Dallas","TX","The United States",,
"1719","1","1","3","78"," ","Thomas Harley",,"76","193","2020-6-28","Dallas","TX","The United States",,
"1720","1","1","3","78"," ","Sawyer Keenin",,"71","180","2020-6-28","Saco","ME","The United States",,
"1721","1","1","3","77"," ","May O'Nayse",,"67","150","2020-6-28","Orem","UT","The United States",,
"1726","1","1","3","77"," ","Cyrus The Virus",,"74","211","2020-6-28","Boston","MA","The United States",,
"1726","1","1","3","78"," ","Cyrus The Virus",,"74","211","2020-6-28","Boston","MA","The United States",,
"1752","1","1","3","79"," ","Jauhnne Hawky",,"69","200","2021-7-26","Detroit","MI","The United States",,
"1752","1","1","3","80"," ","Jauhnne Hawky",,"69","200","2021-7-26","Detroit","MI","The United States",,
"1756","1","1","3","79"," ","Jimbob Ghostkeeper",,"76","210","2021-5-26","Albuquerque","NM","The United States",,
"1779","1","1","3","80"," ","Ian Avery",,"69","190","2021-6-10","Portland","OR","The United States",,
"1779","1","1","3","81"," ","Ian Avery",,"69","190","2021-6-10","Portland","OR","The United States",,
"1788","1","1","3","80"," ","Ima Noobie",,"71","210","2021-2-21","San Antonio","TX","The United States",,
"1789","1","1","3","80"," ","Duke Howard",,"76","227","2021-9-9","Grand Rapids","MI","The United States",,
"1789","1","1","3","81"," ","Duke Howard",,"76","227","2021-9-9","Grand Rapids","MI","The United States",,
"1791","1","1","3","79"," ","AJ Diaz",,"66","200","2021-2-19","Suitland-Silver Hill","MD","The United States",,
"1792","1","1","3","65"," ","Kayden King",,"78","230","2009-3-13","Lakeland","FL","The United States",,
"1792","1","1","3","66"," ","Kayden King",,"78","230","2009-3-13","Milesburg","PA","The United States",,
"1792","1","1","3","80"," ","Jervis Arbwranger",,"72","215","2021-3-2","Warren","MI","The United States",,
"1796","1","1","3","78"," ","Max Kagan",,"73","190","2021-7-19","Weehawken","NJ","The United States",,
"1797","1","1","3","79"," ","Darby Reznor",,"72","200","2021-3-2","Seattle","WA","The United States",,
"1797","1","1","3","81"," ","Darby Reznor",,"72","200","2021-3-2","Seattle","WA","The United States",,
"1798","1","1","3","78"," ","Puddles O'Duckling",,"81","269","2021-2-4","Eugene","OR","The United States",,
"1798","1","1","3","79"," ","Puddles O'Duckling",,"81","269","2021-2-4","Eugene","OR","The United States",,
"1798","1","1","3","80"," ","Puddles O'Duckling",,"81","269","2021-2-4","Eugene","OR","The United States",,
"1798","1","1","3","81"," ","Puddles O'Duckling",,"81","269","2021-2-4","Eugene","OR","The United States",,
"1801","1","1","3","80"," ","Hotdog Lunch",,"71","190","2021-12-3","Wisconsin Rapids","WI","The United States",,
"1801","1","1","3","81"," ","Hotdog Lunch",,"71","190","2021-12-3","Wisconsin Rapids","WI","The United States",,
"1812","1","1","3","79"," ","Tip Toasty",,"73","200","2021-2-12","Crescent City","CA","The United States",,
"1815","1","1","3","78"," ","Deven Rappleyea",,"73","210","2021-8-16","Charlotte","NC","The United States",,
"1885","1","1","3","79"," ","Hannah Crowder",,"71","184","2021-6-28","Oklahoma City","OK","The United States",,
"1886","1","1","3","78"," ","Hades",,"83","200","2021-6-28","Colorado City","CO","The United States",,
"1889","1","1","3","78"," ","Elaina Beneski",,"65","150","2021-6-28","Towson","MD","The United States",,
"1889","1","1","3","79"," ","Elaina Beneski",,"66","150","2021-6-28","Towson","MD","The United States",,
"1889","1","1","3","80"," ","Elaina Beneski",,"66","150","2021-6-28","Towson","MD","The United States",,
"1892","1","1","3","77"," ","Zeus Storm",,"72","200","2021-6-28","Seattle","WA","The United States",,
"1892","1","1","3","78"," ","Zeus Storm",,"72","200","2021-6-28","Seattle","WA","The United States",,
"1892","1","1","3","79"," ","Zeus Storm",,"74","200","2021-6-28","Seattle","WA","The United States",,
"1892","1","1","3","80"," ","Zeus Storm",,"74","200","2021-6-28","Seattle","WA","The United States",,
"1893","1","1","3","77"," ","Weston Windsor",,"70","175","2021-6-28","Colorado City","CO","The United States",,
"1893","1","1","3","78"," ","Weston Windsor",,"71","175","2021-6-28","Colorado City","CO","The United States",,
"1893","1","1","3","79"," ","Weston Windsor",,"71","175","2021-6-28","Colorado City","CO","The United States",,
"1893","1","1","3","80"," ","Weston Windsor",,"71","175","2021-6-28","Colorado City","CO","The United States",,
"1894","1","1","3","77"," ","Mark Andrew Flower",,"76","200","2021-6-28","Buffalo","NY","The United States",,
"1894","1","1","3","78"," ","Mark Andrew Flower",,"76","200","2021-6-28","Buffalo","NY","The United States",,
"1895","1","1","3","77"," ","Campbell Fischermann",,"75","225","2021-6-28","Anaheim","CA","The United States",,
"1895","1","1","3","79"," ","Campbell Fischermann",,"75","225","2021-6-28","Anaheim","CA","The United States",,
"1896","1","1","3","78"," ","Ivan Godinez",,"73","202","2021-6-28","Bellflower","CA","The United States",,
"1999","1","1","3","78"," ","Jeff Kirkstone III",,"78","200","2022-6-28","San Francisco","CA","The United States",,
"2000","1","1","3","79"," ","Trent Mackenzie",,"73","205","2022-6-28","Grand Rapids","MI","The United States",,
"2000","1","1","3","80"," ","Trent Mackenzie",,"73","205","2022-6-28","Grand Rapids","MI","The United States",,
"2127","1","1","3","79"," ","Lee King",,"76","235","2022-6-28","Detroit","MI","The United States",,
"2128","1","1","3","79"," ","Jay Dub",,"82","230","2022-6-28","Philadelphia","NY","The United States",,
"2128","1","1","3","80"," ","Jay Dub",,"82","230","2022-6-28","Philadelphia","NY","The United States",,
"2128","1","1","3","81"," ","Jay Dub",,"82","230","2022-6-28","Philadelphia","NY","The United States",,
"2128","1","1","3","82"," ","Jay Dub",,"82","230","2022-6-28","Philadelphia","NY","The United States",,
"2129","1","1","3","79"," ","Greyson Willis",,"71","195","2022-6-28","Buffalo","NY","The United States",,
"2129","1","1","3","80"," ","Greyson Willis",,"71","195","2022-6-28","Buffalo","NY","The United States",,
"2130","1","1","3","79"," ","Dirty Puma",,"72","214","2022-6-28","Buffalo","NY","The United States",,
"2130","1","1","3","80"," ","Dirty Puma",,"72","214","2022-6-28","Buffalo","NY","The United States",,
"2130","1","1","3","81"," ","Dirty Puma",,"72","214","2022-6-28","Buffalo","NY","The United States",,
"2149","1","1","3","81"," ","Dee Centerman IV, Jr.",,"79","240","2022-6-28","St. Louis","MI","The United States",,
"2151","1","1","3","81"," ","Boogan McGillicuddy",,"74","210","2022-6-28","St. Louis","MO","The United States",,
"2287","1","1","3","83"," ","Jadon Fisk",,"70","200","2023-6-28","Colorado City","CO","The United States",,
"2287","1","1","3","84"," ","Jadon Fisk",,"70","200","2023-6-28","Colorado City","CO","The United States",,
"2293","1","1","3","81"," ","Gappy Hilmore",,"70","225","2023-6-28","Waterbury","CT","The United States",,
"2293","1","1","3","82"," ","Gappy Hilmore",,"70","225","2023-6-28","Waterbury","CT","The United States",,
"2305","1","1","3","81"," ","Bam Morris",,"77","235","2023-6-28","Denton","TX","The United States",,
"2305","1","1","3","82"," ","Bam Morris",,"77","235","2023-6-28","Denton","TX","The United States",,
"2305","1","1","3","83"," ","Bam Morris",,"77","235","2023-6-28","Denton","TX","The United States",,
"2313","1","1","3","80"," ","Adam daniels",,"76","250","2023-6-28","Seattle","WA","The United States",,
"2313","1","1","3","82"," ","Adam daniels",,"76","250","2023-6-28","Seattle","WA","The United States",,
"2314","1","1","3","80"," ","Jack Ryan",,"73","188","2023-6-28","Baltimore","MD","The United States",,
"2315","1","1","3","80"," ","Kienen McKeller",,"71","200","2023-6-28","Los Angeles","CA","The United States",,
"2315","1","1","3","81"," ","Kienen McKeller",,"71","200","2023-6-28","Los Angeles","CA","The United States",,
"2316","1","1","3","80"," ","Outen Deboonies",,"73","190","2023-6-28","Chicago","IL","The United States",,
"2317","1","1","3","80"," ","Sevrin Quinn",,"76","220","2023-6-28","Buffalo","NY","The United States",,
"2317","1","1","3","81"," ","Sevrin Quinn",,"76","220","2023-6-28","Buffalo","NY","The United States",,
"2317","1","1","3","82"," ","Sevrin Quinn",,"76","220","2023-6-28","Buffalo","NY","The United States",,
"2317","1","1","3","83"," ","Sevrin Quinn",,"76","220","2023-6-28","Buffalo","NY","The United States",,
"2318","1","1","3","81"," ","Erik Johnson",,"76","225","2023-6-28","Bloomington","MN","The United States",,
"2318","1","1","3","82"," ","Erik Johnson",,"76","225","2023-6-28","Bloomington","MN","The United States",,
"2322","1","1","3","81"," ","Dakota Glover",,"75","210","2023-6-28","Spokane","WA","The United States",,
"2442","1","1","3","82"," ","Five Hole Goes West",,"76","225","2024-6-28","Pittsburgh","PA","The United States",,
"2442","1","1","3","83"," ","Five Hole Goes West",,"76","225","2024-6-28","Pittsburgh","PA","The United States",,
"2442","1","1","3","84"," ","Five Hole Goes West",,"76","225","2024-6-28","Pittsburgh","PA","The United States",,
"2451","1","1","3","82"," ","Silver Tarandus",,"71","194","2024-6-28","Philadelphia","PA","The United States",,
"2451","1","1","3","83"," ","Silver Tarandus",,"71","194","2024-6-28","Philadelphia","PA","The United States",,
"2453","1","1","3","83"," ","Thurston Bull",,"75","210","2024-6-28","New York","NY","The United States",,
"2456","1","1","3","82"," ","Doctor Wad",,"71","195","2024-6-28","Syracuse","NY","The United States",,
"2456","1","1","3","83"," ","Doctor Wad",,"71","195","2024-6-28","Syracuse","NY","The United States",,
"2459","1","1","3","82"," ","Mathew Pano",,"66","215","2024-6-28","Buffalo","NY","The United States",,
"2464","1","1","3","84"," ","Timothy Welch",,"68","230","2024-6-28","Lynnwood","WA","The United States",,
"2474","1","1","3","82"," ","Swiffer Sweeper",,"73","193","2024-6-28","Ypsilanti","MI","The United States",,
"2474","1","1","3","84"," ","Swiffer Sweeper",,"73","193","2024-6-28","Ypsilanti","MI","The United States",,
"2475","1","1","3","82"," ","Travis Coates",,"80","217","2024-6-28","Tallahassee","FL","The United States",,
"2475","1","1","3","84"," ","Travis Coates",,"80","217","2024-6-28","Tallahassee","FL","The United States",,
"2482","1","1","3","82"," ","Melon Lord",,"83","300","2024-6-28","Homewood","IL","The United States",,
"2482","1","1","3","83"," ","Melon Lord",,"83","300","2024-6-28","Homewood","IL","The United States",,
"2482","1","1","3","84"," ","Melon Lord",,"83","300","2024-6-28","Homewood","IL","The United States",,
"2492","1","1","3","82"," ","Cowboy Casanova",,"72","200","2024-6-28","California City","CA","The United States",,
"2492","1","1","3","84"," ","Cowboy Casanova",,"72","200","2024-6-28","California City","CA","The United States",,
"2499","1","1","3","83"," ","Mitch Morris",,"74","210","2024-6-28","Rochester","NY","The United States",,
"2500","1","1","3","84"," ","Mister Mxyzptlk",,"80","200","2024-6-28","Belleville","NY","The United States",,
"2502","1","1","3","81"," ","Eric Sosa",,"72","195","2024-6-28","Chicago","IL","The United States",,
"2502","1","1","3","82"," ","Smokin Jay Cutler",,"72","195","2024-6-28","Chicago","IL","The United States",,
"2502","1","1","3","83"," ","Smokin Jay Cutler",,"72","195","2024-6-28","Chicago","IL","The United States",,
"2503","1","1","3","81"," ","Florence-Amelie Mackenzie",,"73","205","2024-6-28","Grand Rapids","MI","The United States",,
"2504","1","1","3","81"," ","Greg Evil",,"70","190","2024-6-28","Buffalo","NY","The United States",,
"2504","1","1","3","82"," ","Greg Evil",,"71","190","2024-6-28","Buffalo","NY","The United States",,
"2504","1","1","3","83"," ","Greg Evil",,"71","190","2024-6-28","Buffalo","NY","The United States",,
"2504","1","1","3","84"," ","Greg Evil",,"71","190","2024-6-28","Buffalo","NY","The United States",,
"2505","1","1","3","81"," ","Paul Missthenet",,"76","200","2024-6-28","Memphis","TN","The United States",,
"2506","1","1","3","81"," ","Tyler Bodega",,"74","210","2024-6-28","Buffalo","NY","The United States",,
"2506","1","1","3","82"," ","Tyler Bodega",,"74","210","2024-6-28","Buffalo","NY","The United States",,
"2506","1","1","3","83"," ","Tyler Bodega",,"74","210","2024-6-28","Buffalo","NY","The United States",,
"2619","1","1","3","83"," ","Gary",,"71","187","2025-6-28","Austin","TX","The United States",,
"2640","1","1","3","84"," ","criticalcheeze",,"79","225","2025-6-28","Bangor","ME","The United States",,
"2643","1","1","3","84"," ","Jon Taffer",,"76","230","2025-6-28","Great Neck","NY","The United States",,
"2644","1","1","3","83"," ","Matthew Murdock",,"75","225","2025-6-28","New York","NY","The United States",,
"2644","1","1","3","84"," ","Matthew Murdock",,"75","225","2025-6-28","New York","NY","The United States",,
"2645","1","1","3","84"," ","Mid Knight",,"83","200","2025-6-28","San Francisco","CA","The United States",,
"2645","1","1","3","85"," ","Mid Knight",,"83","200","2025-6-28","San Francisco","CA","The United States",,
"2651","1","1","3","83"," ","Jack Aubrey",,"70","170","2025-6-28","Brighton","NY","The United States",,
"2672","1","1","3","82"," ","Ace Faulkner II",,"74","194","2025-6-28","Boston","MA","The United States",,
"2673","1","1","3","82"," ","Cole Slaw",,"75","187","2025-6-28","Kalamazoo","MI","The United States",,
"2673","1","1","3","83"," ","Cole Slaw",,"75","187","2025-6-28","Kalamazoo","MI","The United States",,
"2673","1","1","3","84"," ","Cole Slaw",,"75","187","2025-6-28","Kalamazoo","MI","The United States",,
"2674","1","1","3","82"," ","Jordin FourFour III",,"77","230","2025-6-28","Chicago","IL","The United States",,
"2674","1","1","3","83"," ","Jordin FourFour III",,"77","230","2025-6-28","Chicago","IL","The United States",,
"2674","1","1","3","85"," ","Jordin FourFour III",,"77","230","2025-6-28","Chicago","IL","The United States",,
"2675","1","1","3","85"," ","Jumbose Chitters",,"71","200","2025-6-28","Seattle","WA","The United States",,
"2810","1","1","3","85"," ","Cole Allen",,"76","210","2026-6-28","Kalamazoo","MI","The United States",,
"2827","1","1","3","84"," ","Ryan Weber",,"75","225","2026-6-28","Nashville","TN","The United States",,
"2827","1","1","3","85"," ","Ryan Weber",,"75","225","2026-6-28","Nashville","TN","The United States",,
"2836","1","1","3","85"," ","Jeffrey Hattrick",,"76","225","2026-6-28","Hockessin","DE","The United States",,
"2837","1","1","3","84"," ","James Ranburn",,"70","180","2026-6-28","Toledo","IL","The United States",,
"2844","1","1","3","85"," ","O.B. O'Connell",,"75","227","2026-6-28","Detroit","MI","The United States",,
"2845","1","1","3","85"," ","Nolan Garage",,"76","227","2026-6-28","New York","NY","The United States",,
"2846","1","1","3","84"," ","Mike P",,"75","220","2026-6-28","Boston","MA","The United States",,
"2848","1","1","3","85"," ","Frank Drebin",,"76","225","2026-6-28","Chicago","IL","The United States",,
"2851","1","1","3","84"," ","Bodhi Grizz",,"74","265","2026-6-28","Myrtle Beach","SC","The United States",,
"2851","1","1","3","85"," ","Bodhi Grizz",,"74","265","2026-6-28","Myrtle Beach","SC","The United States",,
"2852","1","1","3","83"," ","Quinton Hennessy",,"75","205","2026-6-28","Buffalo","NY","The United States",,
"2852","1","1","3","85"," ","Quinton Hennessy",,"75","205","2026-6-28","Buffalo","NY","The United States",,
"2853","1","1","3","83"," ","Charlie Matthews",,"72","205","2026-6-28","Red Bank","NJ","The United States",,
"2854","1","1","3","83"," ","angel anne kowalczyk",,"75","197","2026-6-28","Buffalo","NY","The United States",,
"2854","1","1","3","84"," ","angel anne kowalczyk",,"75","197","2026-6-28","Buffalo","NY","The United States",,
"2970","1","1","3","85"," ","Trevor Zegras",,"72","200","2027-6-28","Bedford","NY","The United States",,
"2978","1","1","3","85"," ","Louis LeRoux",,"71","200","2027-6-28","Pittsburgh","PA","The United States",,
"2988","1","1","3","85"," ","Robert Krohn",,"75","205","2027-6-28","Silver Spring","MD","The United States",,
"2991","1","1","3","85"," ","Wolfgang Hennessy",,"74","203","2027-6-28","Chicago","IL","The United States",,
"3000","1","1","3","85"," ","Rat King",,"70","180","2027-6-28","Omaha","TX","The United States",,
"3011","1","1","3","85"," ","John Pursuer",,"72","196","2027-6-28","Philadelphia","PA","The United States",,
"3016","1","1","3","84"," ","Samie Parker",,"77","215","2027-6-28","Anchorage","AK","The United States",,
"3017","1","1","3","85"," ","Shooter Quickhands",,"72","187","2027-6-28","Wyoming","NY","The United States",,
"3188","1","1","3","85"," ","Terry Snooze",,"72","215","2028-6-28","Detroit","MI","The United States",,
"3189","1","1","3","85"," ","Dakota Glover Jr",,"77","220","2028-6-28","Oroville","CA","The United States",,
"900009","1","1","3","66"," ","Bobby McGinnis",,"75","225","2010-5-1","Louisville","NY","The United States",,
"900009","1","1","3","67"," ","Bobby McGinnis",,"75","225","2007-2-15","Louisville","KY","The United States",,
"900009","1","1","3","68"," ","Bobby McGinnis",,"75","225","2007-2-15","Louisville","KY","The United States",,
"900009","1","1","3","69"," ","Bobby McGinnis",,"75","225","2007-2-15","Louisville","KY","The United States",,
"900025","1","1","3","70"," ","John Brown",,"75","204","2009-7-10","Las Vegas","NV","The United States",,
"900026","1","1","3","54"," ","Johnny Shuffleboard",,"70","180","2000-12-5","New York","NY","The United States",,
"900026","1","1","3","55"," ","Johnny Shuffleboard",,"70","180","2000-12-5","New York","NY","The United States",,
"900026","1","1","3","56"," ","Johnny Shuffleboard",,"71","180","2000-12-5","New York","NY","The United States",,
"900031","1","1","3","67"," ","Nathan Meagher",,"76","230","2009-1-20","Newport News","VA","The United States",,
"900031","1","1","3","68"," ","Nathan Meagher",,"76","230","2009-1-20","Newport News","VA","The United States",,
"900031","1","1","3","69"," ","Nathan Meagher",,"76","230","2009-1-20","Newport News","VA","The United States",,
"900031","1","1","3","70"," ","Nathan Meagher",,"76","230","2009-1-20","Newport News","VA","The United States",,
"900036","1","1","3","66"," ","Potential Spam",,"74","200","2010-8-5","Bailey's Crossroads","VA","The United States",,
"900036","1","1","3","67"," ","Potential Spam",,"74","200","2008-8-24","Woodland","CA","The United States",,
"900036","1","1","3","68"," ","Potential Spam",,"74","200","2008-8-24","Woodland","CA","The United States",,
"900036","1","1","3","69"," ","Potential Spam",,"74","200","2008-8-24","Woodland","CA","The United States",,
"900038","1","1","3","65"," ","Ralph Ryan",,"75","225","2009-12-19","Eastchester","NY","The United States",,
"900038","1","1","3","66"," ","Ralph Ryan",,"75","225","2009-12-19","Bouckville","NY","The United States",,
"900038","1","1","3","67"," ","Ralph Ryan",,"75","225","2006-8-12","Minneapolis","MN","The United States",,
"900038","1","1","3","68"," ","Ralph Ryan",,"75","225","2006-8-12","Minneapolis","MN","The United States",,
"900043","1","1","3","55"," ","Ryan Rieley",,"76","210","1993-12-30","Syracuse","NY","The United States",,
"900043","1","1","3","56"," ","Ryan Rieley",,"76","210","1993-12-30","Syracuse","NY","The United States",,
"900043","1","1","3","57"," ","Ryan Rieley",,"76","210","2000-2-28","Syracuse","NY","The United States","Sweden",
"900043","1","1","3","58"," ","Ryan Rieley",,"76","210","2000-2-28","Syracuse","NY","The United States","Sweden",
"900045","1","1","3","53"," ","Sheen Beckett",,"73","206","2000-4-3","San Diego","CA","The United States",,
"900050","1","1","3","67"," ","The Terrence",,"76","187","2006-10-13","Blanchard","LA","The United States",,
"900050","1","1","3","68"," ","The Terrence",,"76","187","2006-10-13","Blanchard","LA","The United States",,
"1","2","2","3","53"," ","Sergei Potvinov",,"74","190","2000-9-5","Moscow","MOS","Russia",,
"10","2","2","3","55"," ","Fleetway Super Sonic","Metropolis Zone, ","61","177","2000-10-30","Prague","PRA","Czech Republic",,
"10","2","2","3","56"," ","Fleetway Super Sonic","Metropolis Zone, ","63","177","2000-10-30","Prague","PRA","Czech Republic",,
"20","2","2","3","53"," ","Cyril Vyskoc",,"71","189","2000-3-10","Prague","PRA","Czech Republic",,
"20","2","2","3","54"," ","Cyril Vyskoc",,"71","189","2000-3-10","Prague","PRA","Czech Republic",,
"20","2","2","3","55"," ","Cyril Vyskoc",,"71","189","2000-3-10","Prague","PRA","Czech Republic",,
"22","2","2","3","70"," ","Jarrod Lakemore",,"74","215","2010-8-4","Liverpool","ENG","England",,
"37","2","2","3","56"," ","Teylora Petrov",,"77","255","2000-5-7","Nizhni Novgorod","NIZ","Russia",,
"37","2","2","3","57"," ","Teylora Petrov",,"77","255","2000-5-7","Nizhni Novgorod","NIZ","Russia",,
"67","2","2","3","67"," ","Henrik Svensson",,"76","200","2010-3-1","Uppsala","UPP","Sweden",,
"71","2","2","3","67"," ","Toasty O'Bigbers",,"75","230","2009-5-6","Swords","DUB","Ireland",,
"71","2","2","3","68"," ","Toasty",,"75","230","2009-5-6","Swords","DUB","Ireland",,
"71","2","2","3","69"," ","Toasty",,"75","230","2009-5-6","Swords","DUB","Ireland",,
"72","2","2","3","67"," ","Grayson Yates",,"78","220","2008-4-16","Queenstown","EAS","New Zealand",,
"73","2","2","3","67"," ","Pork Tenderloin",,"76","225","2010-8-10","Atlanta","GA","The United States",,
"74","2","2","3","67"," ","Matt Ox",,"72","200","2010-5-4","Philadelphia","PA","The United States",,
"76","2","2","3","67"," ","David Doug",,"79","250","2010-5-10","Moscow","MOS","Russia",,
"76","2","2","3","68"," ","David Doug",,"79","250","2010-5-10","Moscow","MOS","Russia",,
"76","2","2","3","69"," ","David Doug",,"79","250","2010-5-10","Moscow","MOS","Russia",,
"76","2","2","3","70"," ","David Doug",,"79","250","2010-5-10","Moscow","MOS","Russia",,
"76","2","2","3","71"," ","David Doug",,"79","250","2010-5-10","Moscow","MOS","Russia",,
"79","2","2","3","53"," ","Valentin Kalashnikov",,"75","225","2000-7-25","St. Petersburg","SAI","Russia",,
"79","2","2","3","54"," ","Valentin Kalashnikov",,"75","225","2000-7-25","St. Petersburg","SAI","Russia",,
"79","2","2","3","55"," ","Valentin Kalashnikov",,"75","225","2000-7-25","St. Petersburg","SAI","Russia",,
"80","2","2","3","67"," ","Gravy Train",,"74","200","2006-5-11","Palm City","FL","Latvia",,
"82","2","2","3","67"," ","Ekaterina Valieva",,"76","222","2009-4-1","Elizabeth City","NC","Russia",,
"82","2","2","3","68"," ","Ekaterina Valieva",,"76","222","2009-4-1","Elizabeth City","NC","Russia",,
"82","2","2","3","69"," ","Ekaterina Valieva",,"76","222","2009-4-1","Elizabeth City","NC","Russia",,
"82","2","2","3","70"," ","Ekaterina Valieva",,"76","222","2009-4-1","Elizabeth City","NC","Russia",,
"83","2","2","3","53"," ","Indigo Trevino",,"70","199","2000-9-20","Riga","RIG","Latvia",,
"84","2","2","3","67"," ","Petr Vrana",,"71","196","2010-1-11","El Paso","TX","Czech Republic",,
"84","2","2","3","68"," ","Petr Vrana",,"71","196","2010-1-11","El Paso","TX","Czech Republic",,
"84","2","2","3","69"," ","Petr Vrana",,"71","196","2010-1-11","El Paso","TX","Czech Republic",,
"84","2","2","3","70"," ","Petr Vrana",,"71","196","2010-1-11","El Paso","TX","Czech Republic",,
"84","2","2","3","71"," ","Petr Vrana",,"73","196","2010-1-11","El Paso","TX","Czech Republic",,
"87","2","2","3","65"," ","Aleksandr Iskandrov",,"77","200","2008-8-5","York","PA","The United States",,
"87","2","2","3","66"," ","Aleksandr Iskandrov",,"77","200","2008-8-5","Los Indios","TX","The United States",,
"87","2","2","3","67"," ","Aleksandr Iskandrov",,"77","200","2006-6-23","Moscow","MOS","Russia",,
"88","2","2","3","64"," ","Oles Kobliska",,"75","210","2008-10-3","Debaltseve","DON","Ukraine",,
"88","2","2","3","65"," ","Oles Kobliska",,"75","210","2008-10-3","Debaltseve","DON","Ukraine",,
"88","2","2","3","66"," ","Oles Kobliska",,"75","210","2008-10-3","Lymanske","ODE","Ukraine",,
"88","2","2","3","67"," ","Oles Kobliska",,"75","210","2007-11-13","Memphis","TN","Ukraine",,
"88","2","2","3","68"," ","Oles Kobliska",,"75","210","2007-11-13","Memphis","TN","Ukraine",,
"90","2","2","3","67"," ","Oleksander Olli o'Koivu",,"74","215","2006-4-10","Luxemburg","LUX","Sweden",,
"92","2","2","3","66"," ","Koty Kochan",,"72","200","2010-11-28","Wheeling","WV","The United States",,
"92","2","2","3","67"," ","Koty Kochan",,"72","200","2007-6-6","Wheeling","WV","The United States",,
"94","2","2","3","64"," ","Iam Downski",,"75","236","2008-7-21","Nizhni Novgorod","NIZ","Russia",,
"94","2","2","3","65"," ","Iam Downski",,"75","236","2008-7-21","Nizhni Novgorod","NIZ","Russia",,
"94","2","2","3","67"," ","Iam Downski",,"75","236","2006-10-28","New York","NY","Russia",,
"95","2","2","3","64"," ","Munko Aitmukhambetov",,"81","300","2008-1-4","Rudny","KOS","Kazakhstan",,
"95","2","2","3","65"," ","Munko Aitmukhambetov",,"81","300","2008-1-4","Rudny","KOS","Kazakhstan",,
"95","2","2","3","66"," ","Munko Aitmukhambetov",,"81","300","2008-1-4","Uspenka","PAV","Kazakhstan",,
"95","2","2","3","67"," ","Munko Aitmukhambetov",,"81","300","2005-7-21","Reno","NV","The United States",,
"95","2","2","3","68"," ","Munko Aitmukhambetov",,"81","300","2005-7-21","Reno","NV","The United States",,
"96","2","2","3","54"," ","Pavel Kharlamov",,"70","195","1995-5-20","Moscow","MOS","Russia",,
"104","2","2","3","63"," ","San-sam Emerson",,"74","200","2000-1-6","East Quincy","CA","South Korea",,
"104","2","2","3","64"," ","San-sam Emerson",,"74","200","2000-1-6","East Quincy","CA","South Korea",,
"140","2","2","3","55"," ","Aleksander Kozlov",,"74","208","2000-6-20","St. Petersburg","SAI","Russia",,
"140","2","2","3","56"," ","Aleksander Kozlov",,"74","208","2000-6-20","St. Petersburg","SAI","Russia",,
"140","2","2","3","57"," ","Aleksander Kozlov",,"74","208","2000-6-20","St. Petersburg","SAI","Russia",,
"143","2","2","3","54"," ","Leonids Balzams",,"75","210","1988-11-25","Ape","ALU","Latvia",,
"143","2","2","3","55"," ","Leonids Balzams",,"75","210","1999-11-25","Ape","ALU","Latvia",,
"143","2","2","3","56"," ","Leonids Balzams",,"75","210","1999-11-25","Ape","ALU","Latvia",,
"143","2","2","3","57"," ","Leonids Balzams",,"75","210","1999-11-25","Ape","ALU","Latvia",,
"147","2","2","3","68"," ","Erick Vasiljevs",,"71","189","2008-7-19","Quebec City","QC","Canada",,
"147","2","2","3","69"," ","Erick Vasiljevs",,"71","189","2008-7-19","Quebec City","QC","Canada",,
"155","2","2","3","55"," ","Johnny Patey",,"72","195","2000-1-12","Moscow","MOS","Russia",,
"155","2","2","3","63"," ","Johnny Patey",,"75","207","2000-1-12","Moscow","MOS","Russia",,
"155","2","2","3","64"," ","Johnny Patey",,"75","207","2000-1-12","Moscow","MOS","Russia",,
"160","2","2","3","53"," ","(Clean) Andrei Kostitsyn",,"72","205","2000-10-28","Riga","RIG","Latvia",,
"160","2","2","3","54"," ","(Clean) Andrei Kostitsyn",,"72","205","2000-10-28","Riga","RIG","Latvia",,
"160","2","2","3","55"," ","(Clean) Andrei Kostitsyn",,"73","205","2000-10-28","Riga","RIG","Latvia",,
"166","2","2","3","54"," ","Blunt Man",,"81","260","2000-12-11","Prague","PRA","Czech Republic",,
"166","2","2","3","57"," ","Blunt Man",,"81","260","2000-12-11","Prague","PRA","Czech Republic",,
"174","2","2","3","53"," ","Alex Petrenko",,"73","205","2000-4-13","Moscow","MOS","Russia",,
"184","2","2","3","54"," ","Zelma Zuntnere",,"73","190","2000-3-28","Ogre","OGR","Latvia",,
"184","2","2","3","55"," ","Zelma Zuntnere",,"73","190","2000-3-28","Ogre","OGR","Latvia",,
"184","2","2","3","56"," ","Zelma Zuntnere",,"73","190","2000-3-28","Ogre","OGR","Latvia",,
"184","2","2","3","57"," ","Zelma Zuntnere",,"73","190","2000-3-28","Ogre","OGR","Latvia",,
"186","2","2","3","53"," ","Bale",,"74","207","2000-11-25","Riga","RIG","Latvia",,
"203","2","2","3","68"," ","Dusty Wilson",,"70","230","2011-7-10","Omsk","OMS","Russia",,
"203","2","2","3","69"," ","Dusty Wilson",,"71","230","2011-7-10","Omsk","OMS","Russia",,
"203","2","2","3","70"," ","Dusty Wilson",,"71","230","2011-7-10","Omsk","OMS","Russia",,
"204","2","2","3","62"," ","Tomas Kalnoky",,"70","186","2000-5-19","Loveland","CO","Czech Republic",,
"221","2","2","3","53"," ","Simothy Drunkebird",,"68","183","2000-12-22","Brno","JHM","Czech Republic",,
"221","2","2","3","54"," ","Simothy Drunkebird",,"69","183","2000-12-22","Brno","JHM","Czech Republic",,
"229","2","2","3","53"," ","Samat Beibitzhanov",,"71","191","2000-5-10","Moscow","MOS","Russia",,
"229","2","2","3","54"," ","Samat Beibitzhanov",,"71","191","2000-5-10","Moscow","MOS","Russia",,
"233","2","2","3","53"," ","Leo Bloomfield",,"71","150","2000-7-13","London","ENG","England",,
"234","2","2","3","68"," ","Luka Nogoalov",,"79","247","2011-2-14","Murska Sobota","POM","Slovenia",,
"270","2","2","3","53"," ","Flash Gordon",,"76","225","2000-3-4","Brno","JHM","Czech Republic",,
"277","2","2","3","53"," ","Sasha Dangelchek",,"75","220","2000-9-9","Prague","PRA","Czech Republic",,
"286","2","2","3","54"," ","Daniil Nikiforov",,"75","187","1990-2-14","Nizhni Novgorod","NIZ","Russia",,
"286","2","2","3","55"," ","Daniil Nikiforov",,"75","187","1998-2-14","Nizhni Novgorod","NIZ","Russia",,
"286","2","2","3","56"," ","Daniil Nikiforov",,"75","187","1998-2-14","Nizhni Novgorod","NIZ","Russia",,
"286","2","2","3","57"," ","Daniil Nikiforov",,"75","187","1998-2-14","Nizhni Novgorod","NIZ","Russia",,
"289","2","2","3","58"," ","Raivo Helminen",,"75","220","1996-8-24","Tampere","PIR","Finland",,
"289","2","2","3","59"," ","Raivo Helminen",,"75","220","1996-8-24","Tampere","PIR","Finland",,
"293","2","2","3","53"," ","Victor Ball",,"73","205","2000-8-1","Riga","RIG","Latvia",,
"293","2","2","3","54"," ","Victor Ball",,"73","205","1994-3-25","Riga","RIG","Latvia",,
"293","2","2","3","55"," ","Victor Ball",,"73","205","1994-3-25","Riga","RIG","Latvia",,
"298","2","2","3","68"," ","Copernicus Doomslatter",,"79","300","2010-7-24","Cheb","KAR","Czech Republic",,
"298","2","2","3","69"," ","Copernicus Doomslatter",,"79","300","2010-7-24","Cheb","KAR","Czech Republic",,
"301","2","2","3","53"," ","Ambacas Cuddles",,"83","300","2000-10-2","Kladno","STR","Czech Republic",,
"301","2","2","3","54"," ","Ambacas Cuddles",,"83","300","2000-10-2","Kladno","STR","Czech Republic",,
"301","2","2","3","55"," ","Ambacas Cuddles",,"83","300","2000-10-2","Kladno","STR","Czech Republic",,
"307","2","2","3","53"," ","Ben van Dijk",,"76","219","2000-12-8","Auckland","AUC","New Zealand",,
"307","2","2","3","54"," ","Ben van Dijk",,"76","219","2000-12-8","Auckland","AUC","New Zealand",,
"307","2","2","3","55"," ","Ben van Dijk",,"76","219","2000-12-8","Auckland","AUC","New Zealand",,
"307","2","2","3","56"," ","Ben van Dijk",,"76","219","2000-12-8","Auckland","AUC","New Zealand",,
"323","2","2","3","55"," ","Mack Daddy",,"75","225","2000-7-3","Wading River","NY","Panama",,
"323","2","2","3","56"," ","Mack Daddy",,"75","225","2000-7-3","Wading River","NY","Panama",,
"326","2","2","3","54"," ","Asclepius Pereus Flitterw",,"75","213","1991-10-22","Riga","RIG","Latvia",,
"326","2","2","3","55"," ","Asclepius Pereus Flitterw",,"75","213","1991-10-22","Riga","RIG","Latvia",,
"326","2","2","3","56"," ","Asclepius Pereus Flitterw",,"75","213","1991-10-22","Riga","RIG","Latvia",,
"326","2","2","3","57"," ","Asclepius Perseus Flitter",,"75","213","1991-10-22","Riga","RIG","Latvia",,
"338","2","2","3","53"," ","Mikkel Asmus Sondergard",,"74","195","2000-11-9","Aalborg","NOR","Denmark",,
"339","2","2","3","57"," ","Michael Scotch",,"74","175","2000-6-13","Buffalo","NY","The United States",,
"339","2","2","3","58"," ","Michael Scotch",,"74","175","2000-6-13","Buffalo","NY","The United States",,
"344","2","2","3","53"," ","Slimey Snail",,"60","300","2000-3-27","Prague","PRA","Czech Republic",,
"344","2","2","3","54"," ","Slimey Snail",,"62","300","2000-3-27","Prague","PRA","Czech Republic",,
"344","2","2","3","56"," ","Slimey Snail",,"63","300","2000-3-27","Prague","PRA","Czech Republic",,
"358","2","2","3","53"," ","Simon Takshak",,"61","300","2000-4-16","Jakarta","JAK","Indonesia",,
"358","2","2","3","54"," ","Simon Takshak",,"63","300","2000-4-16","Jakarta","JAK","Indonesia",,
"358","2","2","3","55"," ","Simon Takshak",,"62","300","2000-4-16","Jakarta","JAK","Indonesia",,
"358","2","2","3","56"," ","Simon Takshak",,"63","300","2000-4-16","Jakarta","JAK","Indonesia",,
"370","2","2","3","53"," ","Alexei Petrikov",,"71","200","2000-8-1","Volgograd","VOL","Russia",,
"370","2","2","3","54"," ","Alexei Petrikov",,"72","200","2000-8-1","Volgograd","VOL","Russia",,
"370","2","2","3","55"," ","Alexei Petrikov",,"71","200","2000-8-1","Volgograd","VOL","Russia",,
"372","2","2","3","54"," ","Adrik Baranov",,"74","200","2000-2-25","Moscow","MOS","Russia",,
"372","2","2","3","55"," ","Adrik Baranov",,"74","200","2000-2-25","Moscow","MOS","Russia",,
"372","2","2","3","56"," ","Adrik Baranov",,"74","200","2000-2-25","Moscow","MOS","Russia",,
"372","2","2","3","57"," ","Adrik Baranov",,"74","200","2000-2-25","Moscow","MOS","Russia",,
"381","2","2","3","53"," ","Vitek Vitecek",,"70","187","2000-10-2","Uhersk? Hradiste","ZLN","Czech Republic",,
"381","2","2","3","54"," ","Vitek Vitecek",,"70","187","2000-10-2","Uhersk? Hradiste","ZLN","Czech Republic",,
"381","2","2","3","55"," ","Vitek Vitecek",,"70","187","2000-10-2","Uhersk? Hradiste","ZLN","Czech Republic",,
"383","2","2","3","53"," ","Konrad Danke",,"74","220","2000-8-23","Prague","PRA","Czech Republic",,
"383","2","2","3","54"," ","Konrad Danke",,"75","220","2000-8-23","Prague","PRA","Czech Republic",,
"391","2","2","3","59"," ","Lebron Brady",,"70","170","2000-9-2","Kalamazoo","MI","The United States",,
"391","2","2","3","60"," ","Lebron Brady",,"70","170","2000-9-2","Kalamazoo","MI","The United States",,
"397","2","2","3","70"," ","Dr. Hugh Orson",,"74","185","2009-9-24","Drayton","ON","Canada",,
"400","2","2","3","55"," ","Name Redacted",,"75","200","2000-1-9","Wuhan","HUB","China",,
"400","2","2","3","56"," ","Name Redacted",,"75","200","2000-1-9","Wuhan","HUB","China",,
"425","2","2","3","53"," ","Kriss Darzins",,"74","205","2000-11-13","Riga","RIG","Latvia",,
"425","2","2","3","54"," ","Kriss Darzins",,"74","205","2000-11-13","Riga","RIG","Latvia",,
"425","2","2","3","55"," ","Kriss Darzins",,"74","205","2000-11-13","Riga","RIG","Latvia",,
"430","2","2","3","55"," ","Thor Odinson",,"77","250","1995-10-28","Oslo","AKE","Norway",,
"430","2","2","3","56"," ","Thor Odinson",,"77","250","1995-10-28","Oslo","AKE","Norway",,
"454","2","2","3","69"," ","e e",,"83","200","2009-11-25","Calgary","AB","Canada",,
"454","2","2","3","70"," ","e e",,"83","200","2009-11-25","Calgary","AB","Canada",,
"454","2","2","3","71"," ","e e",,"83","200","2009-11-25","Calgary","AB","Canada",,
"462","2","2","3","55"," ","Chris Goodname",,"75","209","2001-10-13","Calgary","AB","Canada",,
"462","2","2","3","56"," ","Chris Goodname",,"75","209","2001-10-13","Calgary","AB","Canada",,
"462","2","2","3","57"," ","Chris Goodname",,"75","209","2001-10-13","Calgary","AB","Canada",,
"465","2","2","3","71"," ","Gunnar Seggi",,"77","235","2008-5-13","Reykjavík","HöF","Iceland",,
"469","2","2","3","60"," ","Angus McFife XVIII",,"76","222","2002-6-22","Dundee","SCO","Scotland",,
"469","2","2","3","61"," ","Angus McFife XVIII",,"76","222","2002-6-22","Dundee","SCO","Scotland",,
"480","2","2","3","54"," ","Zakkira Diporov",,"75","220","2001-9-15","Moscow","MOS","Russia",,
"480","2","2","3","55"," ","Zakkira Diporov",,"75","220","2001-9-15","Moscow","MOS","Russia",,
"480","2","2","3","56"," ","Zakkira Diporov",,"75","220","2001-9-15","Moscow","MOS","Russia",,
"480","2","2","3","57"," ","Zakkira Diporov",,"75","220","2001-9-15","Moscow","MOS","Russia",,
"483","2","2","3","57"," ","Lucas Johansson",,"73","210","2002-5-15","Stockholm","STO","Sweden",,
"483","2","2","3","58"," ","Lucas Johansson",,"73","210","2002-5-15","Stockholm","STO","Sweden",,
"507","2","2","3","58"," ","Ako Zile",,"83","198","2002-4-23","Riga","RIG","Latvia",,
"507","2","2","3","59"," ","Ako Zile",,"83","198","2002-4-23","Riga","RIG","Latvia",,
"507","2","2","3","60"," ","Ako Zile",,"83","198","2002-4-23","Riga","RIG","Latvia",,
"507","2","2","3","61"," ","Ako Zile",,"83","198","2002-4-23","Riga","RIG","Latvia",,
"509","2","2","3","58"," ","Evgeni Petrov",,"78","200","2001-9-8","Moscow","MOS","Russia",,
"509","2","2","3","59"," ","Evgeni Petrov",,"78","200","2001-9-8","Moscow","MOS","Russia",,
"509","2","2","3","60"," ","Evgeni Petrov",,"78","200","2001-9-8","Moscow","MOS","Russia",,
"509","2","2","3","61"," ","Evgeni Petrov",,"78","200","2001-9-8","Moscow","MOS","Russia",,
"516","2","2","3","58"," ","Podan Podanovic",,"73","195","2001-10-4","Plzen","PLZ","Czech Republic",,
"516","2","2","3","59"," ","Podan Podanovic",,"73","195","2001-10-4","Plzen","PLZ","Czech Republic",,
"534","2","2","3","58"," ","Sekai Wollker",,"76","207","2001-8-26","Reykjav?k","H?F","Iceland",,
"534","2","2","3","59"," ","Sekai Wollker",,"76","207","2001-8-26","Reykjav?k","H?F","Iceland",,
"534","2","2","3","60"," ","Sekai Wollker",,"76","207","2001-8-26","Reykjav?k","H?F","Iceland",,
"534","2","2","3","61"," ","Sekai Wollker",,"76","207","2001-8-26","Los Angeles","CA","Latvia",,
"535","2","2","3","58"," ","Tres Sombreros",,"72","203","1999-3-17","Tijuana","BAJ","Mexico",,
"535","2","2","3","59"," ","Tres Sombreros",,"72","203","1999-3-17","Tijuana","BAJ","Mexico",,
"539","2","2","3","58"," ","Aleksanders Balcers",,"78","200","2002-3-3","Grobina","LIE","Latvia",,
"539","2","2","3","59"," ","Aleksanders Balcers",,"78","200","2002-3-3","Grobina","LIE","Latvia",,
"539","2","2","3","60"," ","Aleksanders Balcers",,"78","200","2002-3-3","Grobina","LIE","Latvia",,
"546","2","2","3","56"," ","Valstislav Malik",,"77","227","2000-2-17","Brno","JHM","Czech Republic",,
"557","2","2","3","53"," ","Mats Marner",,"76","230","2000-5-25","Lviv","LVI","Ukraine",,
"557","2","2","3","54"," ","Mats Marner",,"77","230","2000-5-25","Lviv","LVI","Ukraine",,
"557","2","2","3","55"," ","Mats Marner",,"77","230","2000-5-25","Lviv","LVI","Ukraine",,
"557","2","2","3","56"," ","Mats Marner",,"78","230","2000-5-25","Lviv","LVI","Ukraine",,
"561","2","2","3","68"," ","C.J. Sparks",,"75","205","2011-2-24","Spokane","WA","The United States",,
"566","2","2","3","56"," ","Victor Fedorov",,"75","210","2002-7-9","Moscow","MOS","Russia",,
"566","2","2","3","57"," ","Victor Fedorov",,"75","210","2002-7-9","Moscow","MOS","Russia",,
"566","2","2","3","58"," ","Victor Fedorov",,"75","210","2002-7-9","Moscow","MOS","Russia",,
"566","2","2","3","59"," ","Victor Fedorov",,"75","210","2002-7-9","Moscow","MOS","Russia",,
"584","2","2","3","56"," ","Vaseline Podcalzone",,"73","185","2003-3-11","Moscow","MOS","Russia",,
"584","2","2","3","57"," ","Vaseline Podcalzone",,"73","185","2003-3-11","Moscow","MOS","Russia",,
"584","2","2","3","58"," ","Vaseline Podcalzone",,"73","185","2003-3-11","Moscow","MOS","Russia",,
"585","2","2","3","56"," ","John Donair","Long","75","225","2002-12-13","Moscow","MOS","Russia",,
"585","2","2","3","57"," ","John Donair","Long","75","225","2002-12-13","Moscow","MOS","Russia",,
"585","2","2","3","58"," ","John Donair","Long","76","225","2002-12-13","Moscow","MOS","Russia",,
"590","2","2","3","60"," ","Nikolai Ayerzov",,"74","208","2003-10-1","Minsk","MIN","Czech Republic","Belarus",
"590","2","2","3","61"," ","Nikolai Ayerzov",,"74","208","2003-10-1","Minsk","MIN","Czech Republic","Belarus",
"592","2","2","3","56"," ","KnockedOut ByOvechkin",,"74","195","2003-1-9","Barnaul","ALT","Russia",,
"592","2","2","3","57"," ","KnockedOut ByOvechkin",,"74","195","2003-1-9","Barnaul","ALT","Russia",,
"592","2","2","3","58"," ","KnockedOut ByOvechkin",,"75","195","2003-1-9","Barnaul","ALT","Russia",,
"597","2","2","3","60"," ","Greyson Cooper",,"69","200","2003-12-16","Plzen","PLZ","Czech Republic",,
"597","2","2","3","61"," ","Greyson Cooper",,"69","200","2003-12-16","Plzen","PLZ","Czech Republic",,
"597","2","2","3","62"," ","Greyson Cooper",,"69","200","2003-12-16","Plzen","PLZ","Czech Republic",,
"600","2","2","3","60"," ","Mikhail Novikov",,"72","202","2003-6-7","Marana","AZ","Russia",,
"600","2","2","3","61"," ","Mikhail Novikov",,"72","202","2003-6-7","Marana","AZ","Russia",,
"600","2","2","3","62"," ","Mikhail Novikov",,"72","202","2003-6-7","Marana","AZ","Russia",,
"600","2","2","3","63"," ","Mikhail Novikov",,"72","202","2003-6-7","Marana","AZ","Russia",,
"605","2","2","3","60"," ","Lev Lebedev",,"72","200","2002-8-20","Budd Lake","NJ","Russia",,
"606","2","2","3","60"," ","Zhen Roza",,"77","200","2002-12-6","Crescent City","CA","Russia",,
"606","2","2","3","61"," ","Zhen Roza",,"77","200","2002-12-6","Crescent City","CA","Russia",,
"608","2","2","3","70"," ","Ace Lightning",,"75","210","2009-10-16","Chicago","IL","The United States",,
"608","2","2","3","71"," ","Ace Lightning",,"75","210","2009-10-16","Chicago","IL","The United States",,
"608","2","2","3","72"," ","Ace Lightning",,"75","210","2009-10-16","Chicago","IL","The United States",,
"617","2","2","3","62"," ","Dominik Tretyak",,"71","220","2003-2-25","Bakersfield","CA","Russia",,
"618","2","2","3","62"," ","Vasily Arkhangelsky",,"77","227","2004-11-19","Greater Carrollwood","FL","Russia",,
"618","2","2","3","63"," ","Vasily Arkhangelsky",,"77","227","2004-11-19","Greater Carrollwood","FL","Russia",,
"620","2","2","3","62"," ","Alexej Komarek",,"76","230","2003-6-24","San Antonio","TX","Czech Republic",,
"620","2","2","3","63"," ","Alexej Komarek",,"76","230","2003-6-24","San Antonio","TX","Czech Republic",,
"624","2","2","3","64"," ","Brick Wall",,"68","175","2004-6-14","Albany","NY","Ireland",,
"625","2","2","3","60"," ","Towelie",,"68","226","2003-5-15","Tampa","FL","Canada",,
"627","2","2","3","56"," ","Rikki Petrov",,"74","198","2003-2-19","Moscow","MOS","Russia",,
"634","2","2","3","72"," ","Jim Wen",,"74","200","2014-4-1","Albuquerque","NM","The United States",,
"636","2","2","3","62"," ","Anzelms Krastine",,"77","235","2003-11-24","La Marque","TX","Latvia",,
"646","2","2","3","58"," ","Hunter Sharpe",,"72","175","2004-5-12","Calgary","AB","Canada",,
"648","2","2","3","61"," ","Viktor Krunk",,"73","200","2004-1-30","Forest","VA","Russia",,
"648","2","2","3","62"," ","Viktor Krunk",,"73","200","2004-1-30","Forest","VA","Russia",,
"648","2","2","3","63"," ","Viktor Krunk",,"73","200","2004-1-30","Forest","VA","Russia",,
"648","2","2","3","64"," ","Viktor Krunk",,"73","200","2004-1-30","Forest","VA","Russia",,
"650","2","2","3","62"," ","Marek Sk?da",,"75","200","2004-5-11","Malta","MT","Czech Republic",,
"650","2","2","3","63"," ","Marek Sköda",,"75","200","2004-5-11","Malta","MT","Czech Republic",,
"652","2","2","3","61"," ","Sconnie McHits",,"70","200","2004-4-30","Suffolk","VA","Czech Republic",,
"656","2","2","3","69"," ","Sergey Bombay",,"76","200","2013-3-20","Moscow","MOS","Russia",,
"660","2","2","3","62"," ","Velk? Mu?",,"80","285","2003-11-8","Honolulu","HI","Czech Republic",,
"660","2","2","3","63"," ","Velký Muž",,"80","285","2003-11-8","Honolulu","HI","Czech Republic",,
"660","2","2","3","64"," ","Velký Muž",,"80","285","2003-11-8","Honolulu","HI","Czech Republic",,
"662","2","2","3","71"," ","Dominik Winters",,"76","205","2013-3-17","Pardubice","PAR","Czech Republic",,
"662","2","2","3","72"," ","Dominik Winters",,"76","205","2013-3-17","Pardubice","PAR","Czech Republic",,
"662","2","2","3","73"," ","Dominik Winters",,"76","205","2013-3-17","Pardubice","PAR","Czech Republic",,
"664","2","2","3","59",".","Slavakov Vladimirashenko",,"75","225","2003-12-19","Moscow","MOS","Russia",,
"665","2","2","3","68"," ","Aurora Azjha",,"68","200","2011-5-4","Burtenbach","BAV","Latvia",,
"665","2","2","3","69"," ","Aurora Azjha",,"68","200","2011-5-4","Burtenbach","BAV","Latvia",,
"666","2","2","3","62"," ","Zayne Dangle",,"76","218","2004-1-22","Bloomington","MN","Czech Republic",,
"666","2","2","3","63"," ","Zayne Dangle",,"76","218","2004-1-22","Bloomington","MN","Czech Republic",,
"666","2","2","3","64"," ","Zayne Dangle",,"76","218","2004-1-22","Bloomington","MN","Czech Republic",,
"673","2","2","3","63"," ","Konstantin Strelka",,"75","200","2004-3-8","Smithtown","NY","Russia",,
"673","2","2","3","64"," ","Konstantin Strelka",,"75","200","2004-3-8","Smithtown","NY","Russia",,
"673","2","2","3","65"," ","Konstantin Strelka",,"75","200","2004-3-8","Smithtown","NY","Russia",,
"680","2","2","3","71"," ","Dan Craig",,"73","190","2013-2-3","Riga","RIG","Latvia",,
"680","2","2","3","72"," ","Dan Craig",,"73","190","2013-2-3","Riga","RIG","Latvia",,
"680","2","2","3","73"," ","Dan Craig",,"73","190","2013-2-3","Riga","RIG","Latvia",,
"680","2","2","3","74"," ","Dan Craig",,"73","190","2013-2-3","Riga","RIG","Latvia",,
"685","2","2","3","62"," ","Malach Skada",,"73","200","2004-5-19","Fall River","MA","Czech Republic",,
"685","2","2","3","63"," ","Malach Sköda",,"73","200","2004-5-19","Fall River","MA","Czech Republic",,
"685","2","2","3","64"," ","Malach Sköda",,"73","200","2004-5-19","Fall River","MA","Czech Republic",,
"705","2","2","3","69"," ","Olivers Ozols",,"73","195","2011-9-12","Liepaja","LIE","Latvia",,
"705","2","2","3","70"," ","Olivers Ozols",,"73","195","2011-9-12","Liepaja","LIE","Latvia",,
"705","2","2","3","71"," ","Olivers Ozols",,"73","195","2011-9-12","Liepaja","LIE","Latvia",,
"709","2","2","3","68"," ","Edzus Ozolins",,"78","231","2011-9-24","Riga","RIG","Latvia",,
"709","2","2","3","69"," ","Edzus Ozolins",,"78","231","2011-9-24","Riga","RIG","Latvia",,
"709","2","2","3","70"," ","Edzus Ozolins",,"78","231","2011-9-24","Riga","RIG","Latvia",,
"709","2","2","3","71"," ","Edzus Ozolins",,"78","231","2011-9-24","Riga","RIG","Latvia",,
"711","2","2","3","68"," ","Patricija Ozerova",,"61","152","2011-7-28","Ventspils","VEN","Latvia",,
"711","2","2","3","69"," ","Patricija Ozerova",,"61","152","2011-7-28","Ventspils","VEN","Latvia",,
"711","2","2","3","70"," ","Patricija Ozerova",,"61","152","2011-7-28","Ventspils","VEN","Latvia",,
"712","2","2","3","70"," ","Mit Wobet",,"74","205","2013-6-1","Jacksonville","NY","The United States",,
"712","2","2","3","71"," ","Mit Wobet",,"74","205","2013-6-1","Jacksonville","NY","The United States",,
"712","2","2","3","72"," ","Mit Wobet",,"74","205","2013-6-1","Jacksonville","NY","The United States",,
"752","2","2","3","72"," ","Billy Hill",,"73","234","2013-12-4","Riga","RIG","Latvia",,
"767","2","2","3","59"," ","Nikolaj Boyle",,"76","239","2002-4-28","Daugavpils","DAU","Latvia",,
"768","2","2","3","58"," ","Sonata Diamante",,"73","205","2002-8-20","Catania","SIC","Italy",,
"781","2","2","3","73"," ","Wayne Holloway",,"76","214","2013-8-31","Jollyville","TX","The United States",,
"781","2","2","3","74"," ","Wayne Holloway",,"76","214","2013-8-31","Jollyville","TX","The United States",,
"784","2","2","3","71"," ","Jay Bryzi",,"77","215","2013-8-14","Poznan","WIE","Finland",,
"784","2","2","3","72"," ","Jay Bryzi",,"77","215","2013-8-14","Poznan","WIE","Finland",,
"791","2","2","3","71"," ","Net Man",,"74","216","2013-5-27","Raleigh","NC","The United States","Finland",
"795","2","2","3","58"," ","Jonny Tsunami",,"73","242","2002-4-23","Honolulu","HI","The United States",,
"795","2","2","3","59"," ","Jonny Tsunami",,"73","242","2002-4-23","Honolulu","HI","The United States",,
"795","2","2","3","60"," ","Jonny Tsunami",,"73","242","2002-4-23","Honolulu","HI","The United States",,
"799","2","2","3","58"," ","Puddles O'Duck",,"76","245","2002-5-29","Eugene","OR","The United States",,
"799","2","2","3","59"," ","Puddles O'Duck",,"76","245","2002-5-29","Eugene","OR","The United States",,
"801","2","2","3","57"," ","Chimkin Tendy",,"80","225","2002-3-4","Zrenjanin","VOJ","Serbia",,
"801","2","2","3","69"," ","Alekss Ivanova",,"71","169","2012-12-27","Ventspils","VEN","Latvia",,
"801","2","2","3","70"," ","Alekss Ivanova",,"71","169","2012-12-27","Ventspils","VEN","Latvia",,
"801","2","2","3","71"," ","Alekss Ivanova",,"71","169","2012-12-27","Ventspils","VEN","Latvia",,
"802","2","2","3","57"," ","Boris Petrov",,"77","290","2002-1-28","Moscow","MOS","Russia",,
"802","2","2","3","58"," ","Boris Petrov",,"77","290","2002-1-28","Moscow","MOS","Russia",,
"804","2","2","3","57"," ","Jean-Locke Zidane",,"76","227","2002-4-12","Amiens","PIC","France",,
"804","2","2","3","58"," ","Jean-Locke Zidane",,"76","227","2002-4-12","Amiens","PIC","France",,
"804","2","2","3","59"," ","Jean-Locke Zidane",,"76","227","2002-4-12","Amiens","PIC","France",,
"804","2","2","3","60"," ","Jean-Locke Zidane",,"76","227","2002-4-12","Amiens","PIC","France",,
"804","2","2","3","74"," ","Jean-Francois Bokassa",,"69","258","2013-9-2","Bangui","BAN","Central African R",,
"805","2","2","3","57"," ","Igor Petrov",,"71","200","2002-3-12","Kaluga","KAL","Russia",,
"805","2","2","3","58"," ","Igor Petrov",,"71","200","2002-3-12","Kaluga","KAL","Russia",,
"805","2","2","3","59"," ","Igor Petrov",,"71","200","2002-3-12","Kaluga","KAL","Russia",,
"806","2","2","3","57"," ","Jst Maro",,"75","230","2002-8-19","Litija","OSR","Slovenia",,
"806","2","2","3","58"," ","Jst Maro",,"75","230","2002-8-19","Litija","OSR","Slovenia",,
"806","2","2","3","72"," ","Adrians Skalbergs",,"74","205","2013-12-13","Riga","RIG","Latvia",,
"807","2","2","3","57"," ","Kian Hamilton Jr.",,"72","221","2002-11-22","Jelgava","JEL","Latvia",,
"807","2","2","3","58"," ","Kian Hamilton Jr.",,"72","221","2002-11-22","Jelgava","JEL","Latvia",,
"808","2","2","3","57"," ","Logan Wong",,"73","195","2002-5-13","Toronto","ON","Canada",,
"809","2","2","3","57"," ","Zbynek Dobrovsky",,"73","205","2002-4-18","Prague","PRA","Czech Republic",,
"809","2","2","3","58"," ","Zbynek Dobrovsky",,"73","205","2002-4-18","Prague","PRA","Czech Republic",,
"809","2","2","3","59"," ","Zbynek Dobrovsky",,"73","205","2002-4-18","Prague","PRA","Czech Republic",,
"809","2","2","3","60"," ","Zbynek Dobrovsky",,"73","205","2002-4-18","Prague","PRA","Czech Republic",,
"809","2","2","3","61"," ","Zbynek Dobrovsky",,"73","205","2002-4-18","Prague","PRA","Czech Republic",,
"811","2","2","3","72"," ","Arnost Hlemyzd",,"72","214","2013-12-27","Ústí nad Labem","UST","Czech Republic",,
"811","2","2","3","73"," ","Arnost Hlemyzd",,"72","214","2013-12-27","Ústí nad Labem","UST","Czech Republic",,
"811","2","2","3","74"," ","Arnost Hlemyzd",,"72","214","2013-12-27","Ústí nad Labem","UST","Czech Republic",,
"812","2","2","3","72"," ","Ana Parast",,"68","150","2013-11-24","Karachi","SIN","Pakistan","Czech Republic",
"823","2","2","3","58"," ","Noel Blanchet",,"75","215","2002-6-1","Lyon","RH?","France",,
"823","2","2","3","59"," ","Noel Blanchet",,"75","215","2002-6-1","Lyon","RH?","France",,
"823","2","2","3","60"," ","Noel Blanchet",,"75","215","2002-6-1","Lyon","RH?","France",,
"833","2","2","3","70"," ","David Winters",,"76","205","2014-11-30","Pardubice","PAR","Czech Republic",,
"848","2","2","3","72"," ","Boho Biscuit",,"74","230","2014-12-27","Jeju","JEJ","South Korea",,
"851","2","2","3","70"," ","Bob Wehadababyitsaboy",,"74","214","2014-8-12","Sumperk","OLO","Czech Republic",,
"851","2","2","3","71"," ","Bob Wehadababyitsaboy",,"74","214","2014-8-12","Sumperk","OLO","Czech Republic",,
"853","2","2","3","70"," ","Alexej Kastrba",,"73","211","2014-12-15","Brno","JHM","Czech Republic",,
"853","2","2","3","71"," ","Alexej Kastrba",,"73","211","2014-12-15","Brno","JHM","Czech Republic",,
"853","2","2","3","72"," ","Alexej Kastrba",,"73","211","2014-12-15","Brno","JHM","Czech Republic",,
"853","2","2","3","73"," ","Alexej Kastrba",,"73","211","2014-12-15","Brno","JHM","Czech Republic",,
"855","2","2","3","71"," ","Bellamy Blake",,"74","206","2014-11-19","Victoria Point","QLD","Australia",,
"855","2","2","3","72"," ","Bellamy Blake",,"74","206","2014-11-19","Victoria Point","QLD","Australia",,
"855","2","2","3","73"," ","Bellamy Blake",,"74","206","2014-11-19","Victoria Point","QLD","Australia",,
"872","2","2","3","71"," ","Shootin Blanks",,"73","206","2014-11-11","Wiener Neustadt","NIE","Austria",,
"872","2","2","3","72"," ","Shootin Blanks",,"73","206","2014-11-11","Wiener Neustadt","NIE","Austria",,
"872","2","2","3","73"," ","Shootin Blanks",,"73","206","2014-11-11","Wiener Neustadt","NIE","Austria",,
"874","2","2","3","70"," ","Little Monky",,"62","150","2015-1-16","Ape","ALU","Latvia",,
"885","2","2","3","71"," ","Marshall Madden",,"76","180","2014-12-16","Redding","CA","The United States",,
"885","2","2","3","72"," ","Marshall Madden",,"76","180","2014-12-16","Redding","CA","The United States",,
"893","2","2","3","72"," ","The Murray",,"72","240","2015-5-7","Bogota","BOG","Colombia",,
"893","2","2","3","73"," ","The Murray",,"72","240","2015-5-7","Bogota","BOG","Colombia",,
"893","2","2","3","74"," ","The Murray",,"72","240","2015-5-7","Bogota","BOG","Colombia",,
"932","2","2","3","59"," ","Arturs Tumovs",,"72","200","2004-3-26","Preili","PRE","Latvia",,
"932","2","2","3","60"," ","Arturs Tumovs",,"72","200","2004-3-26","Preili","PRE","Latvia",,
"932","2","2","3","61"," ","Arturs Tumovs",,"72","200","2004-3-26","Preili","PRE","Latvia",,
"940","2","2","3","59"," ","Viktor Zukal",,"77","240","2006-11-25","Plzen","PLZ","Czech Republic",,
"940","2","2","3","60"," ","Viktor Zukal",,"77","240","2006-11-25","Plzen","PLZ","Czech Republic",,
"940","2","2","3","61"," ","Viktor Zukal",,"77","240","2003-11-25","Plzen","PLZ","Czech Republic",,
"940","2","2","3","62"," ","Viktor Zukal",,"77","240","2003-11-25","Plzen","PLZ","Czech Republic",,
"944","2","2","3","59"," ","Stan Din'desque",,"71","195","2004-12-7","Teplice","UST","Czech Republic",,
"944","2","2","3","60"," ","Stan Din'desque",,"71","195","2004-12-7","Teplice","UST","Czech Republic",,
"944","2","2","3","61"," ","Stan Din'desque",,"71","195","2004-12-7","Teplice","UST","Czech Republic",,
"945","2","2","3","59"," ","Valdis Vejonis",,"71","190","2004-8-11","Daugavpils","DAU","Latvia",,
"945","2","2","3","60"," ","Valdis Vejonis",,"70","190","2004-8-11","Daugavpils","DAU","Latvia",,
"945","2","2","3","61"," ","Valdis Vejonis",,"70","190","2004-8-11","Tulsa","OK","Latvia",,
"946","2","2","3","59"," ","Janis Lux",,"74","208","2004-4-15","Riga","RIG","Latvia",,
"946","2","2","3","60"," ","Janis Lux",,"74","208","2004-4-15","Riga","RIG","Latvia",,
"946","2","2","3","61"," ","Janis Lux",,"74","208","2004-4-15","Riga","RIG","Latvia",,
"946","2","2","3","62"," ","Janis Lux",,"74","208","2004-4-15","Riga","RIG","Latvia",,
"952","2","2","3","61"," ","Jimmy Larkin-Conway",,"77","220","2004-8-4","Edina","MN","Czech Republic",,
"952","2","2","3","62"," ","Jimmy Larkin-Conway",,"77","220","2004-8-4","Edina","MN","Czech Republic",,
"960","2","2","3","59"," ","Big Boss",,"76","200","2007-1-28","Moscow","MOS","Russia",,
"979","2","2","3","59"," ","Matej Winters",,"78","208","2004-1-18","Hradec Kralov?","KRA","Czech Republic",,
"979","2","2","3","61"," ","Matej Winters",,"78","208","2004-1-18","Boston Heights","OH","Czech Republic",,
"995","2","2","3","62"," ","Vadim Askerov",,"73","185","2004-10-16","Veradale","WA","Russia",,
"995","2","2","3","63"," ","Vadim Askerov",,"73","185","2004-10-16","Veradale","WA","Russia",,
"995","2","2","3","64"," ","Vadim Askerov",,"73","185","2004-10-16","Veradale","WA","Russia",,
"1058","2","2","3","61"," ","Leons Briedis",,"75","225","2000-11-24","Riga","RIG","Latvia",,
"1058","2","2","3","62"," ","Leons Briedis",,"75","225","2000-11-24","Riga","RIG","Latvia",,
"1061","2","2","3","63"," ","Tommy Tightpants",,"75","205","2000-4-2","Montreal","QC","Finland",,
"1064","2","2","3","60"," ","Marek Skoda",,"65","200","2000-7-7","SeaTac","WA","Czech Republic",,
"1065","2","2","3","60"," ","Aethelwulf Andersen",,"65","260","2000-4-27","High Point","NC","Sweden",,
"1082","2","2","3","61"," ","Archangelo Scaradog Jr.",,"68","185","2000-2-20","Columbus","OH","Czech Republic",,
"1082","2","2","3","62"," ","Archangelo Scaradog Jr.",,"68","185","2000-2-20","Columbus","OH","Czech Republic",,
"1082","2","2","3","63"," ","Archangelo Scaradog Jr.",,"68","185","2000-2-20","Columbus","OH","Czech Republic",,
"1091","2","2","3","61"," ","Patya Perevalov",,"73","192","2000-9-1","Omsk","OMS","Russia",,
"1091","2","2","3","62"," ","Patya Perevalov",,"73","192","2000-9-1","Omsk","OMS","Russia",,
"1091","2","2","3","63"," ","Patya Perevalov",,"73","192","2000-9-1","Omsk","OMS","Russia",,
"1092","2","2","3","61"," ","Eddie Kastrba",,"73","213","2000-5-29","Annville Township","PA","Czech Republic",,
"1092","2","2","3","62"," ","Eddie Kastrba",,"73","213","2000-5-29","Annville Township","PA","Czech Republic",,
"1092","2","2","3","64"," ","Eddie Kastrba",,"73","213","2000-5-29","Annville Township","PA","Czech Republic",,
"1093","2","2","3","61"," ","Sean Stevenson III",,"76","226","2000-7-12","Indianapolis","IN","Czech Republic",,
"1093","2","2","3","62"," ","Sean Stevenson III",,"76","226","2000-7-12","Indianapolis","IN","Czech Republic",,
"1094","2","2","3","61"," ","Petr Svoboda",,"74","210","2000-9-5","New York","NY","Czech Republic",,
"1094","2","2","3","62"," ","Petr Svoboda",,"74","210","2000-9-5","New York","NY","Czech Republic",,
"1094","2","2","3","63"," ","Petr Svoboda",,"74","210","2000-9-5","New York","NY","Czech Republic",,
"1167","2","2","3","74"," ","Roger Murdock",,"83","225","2017-6-28","Harlem","GA","The United States",,
"1167","2","2","3","75"," ","Roger Murdock",,"83","225","2017-6-28","Harlem","GA","The United States",,
"1167","2","2","3","76"," ","Roger Murdock",,"83","225","2017-6-28","Harlem","GA","The United States",,
"1172","2","2","3","73"," ","Bobby Tkachuky",,"78","250","2017-6-28","Ottawa","ON","Canada",,
"1172","2","2","3","74"," ","Bobby Tkachuky",,"78","250","2017-6-28","Ottawa","ON","Canada",,
"1172","2","2","3","75"," ","Bobby Tkachuky",,"79","250","2017-6-28","Ottawa","ON","Canada",,
"1175","2","2","3","74"," ","Deep Thought",,"72","190","2017-6-28","Basel","BS","Switzerland",,
"1175","2","2","3","75"," ","Deep Thought",,"72","190","2017-6-28","Basel","BS","Switzerland",,
"1175","2","2","3","76"," ","Deep Thought",,"72","190","2017-6-28","Basel","BS","Switzerland",,
"1176","2","2","3","72"," ","Rodrigo Banes",,"76","200","2017-6-28","Riga","RIG","Latvia",,
"1176","2","2","3","75"," ","Rodrigo Banes",,"76","200","2017-6-28","Riga","RIG","Latvia",,
"1176","2","2","3","76"," ","Rodrigo Banes",,"76","200","2017-6-28","Riga","RIG","Latvia",,
"1177","2","2","3","72"," ","Rence Sykut",,"72","205","2017-6-28","Riga","RIG","Latvia",,
"1177","2","2","3","73"," ","Rence Sykut",,"72","205","2017-6-28","Riga","RIG","Latvia",,
"1177","2","2","3","74"," ","Rence Sykut",,"72","205","2017-6-28","Riga","RIG","Latvia",,
"1177","2","2","3","75"," ","Rence Sykut",,"72","205","2017-6-28","Riga","RIG","Latvia",,
"1178","2","2","3","72"," ","Ivan Scochnikov JR",,"75","220","2017-6-28","Moscow","MOS","Russia",,
"1178","2","2","3","75"," ","Ivan Scochnikov JR",,"75","220","2017-6-28","Moscow","MOS","Russia",,
"1179","2","2","3","72"," ","Cal Juice",,"74","196","2017-6-28","Prague","PRA","Czech Republic",,
"1179","2","2","3","74"," ","Cal Juice",,"75","196","2017-6-28","Prague","PRA","Czech Republic",,
"1191","2","2","3","74"," ","Ondrej von Stoodrick",,"74","200","2017-6-28","Cheb","KAR","Czech Republic",,
"1196","2","2","3","75"," ","Bartholomew Chungus Gingersnap III",,"74","205","2017-6-28","Chungju","CHU","The United States",,
"1196","2","2","3","76"," ","Bartholomew Chungus Gingersnap III",,"74","205","2017-6-28","Chungju","CHU","The United States",,
"1201","2","2","3","73"," ","Lily Jin Morrow",,"67","150","2017-6-28","Victoria Point","QLD","Australia",,
"1201","2","2","3","74"," ","Lily Jin Morrow",,"67","150","2017-6-28","Victoria Point","QLD","Australia",,
"1201","2","2","3","75"," ","Lily Jin Morrow",,"67","150","2017-6-28","Victoria Point","QLD","Australia",,
"1202","2","2","3","74"," ","Leo Roze",,"78","240","2017-6-28","Jelgava","JEL","Latvia",,
"1202","2","2","3","75"," ","Leo Roze",,"78","240","2017-6-28","Jelgava","JEL","Latvia",,
"1202","2","2","3","76"," ","Leo Roze",,"78","240","2017-6-28","Jelgava","JEL","Latvia",,
"1204","2","2","3","72"," ","Joulu Kuusi",,"73","189","2017-6-28","Tampere","PIR","Finland",,
"1208","2","2","3","74"," ","Brandon Gilleyes",,"65","300","2017-6-28","Nuuk","NUU","Greenland",,
"1212","2","2","3","75"," ","Sabage Cabage",,"71","200","2017-6-28","Moscow","MOS","Russia",,
"1212","2","2","3","76"," ","Sabage Cabage",,"71","200","2017-6-28","Moscow","MOS","Russia",,
"1213","2","2","3","74"," ","Stun Gun",,"65","250","2017-6-28","Victoria","THE","Seychelles",,
"1213","2","2","3","75"," ","Stun Gun",,"66","250","2017-6-28","Victoria","THE","Seychelles",,
"1213","2","2","3","76"," ","Stun Gun",,"66","250","2017-6-28","Victoria","THE","Seychelles",,
"1216","2","2","3","75"," ","Average Dude",,"74","210","2017-6-28","Riga","RIG","Latvia",,
"1216","2","2","3","76"," ","Average Dude",,"74","210","2017-6-28","Riga","RIG","Latvia",,
"1222","2","2","3","73"," ","Vyacheslav Shevchenko",,"73","192","2016-6-28","Rogachyov","GOM","Belarus",,
"1222","2","2","3","74"," ","Vyacheslav Shevchenko",,"73","192","2016-6-28","Rogachyov","GOM","Belarus",,
"1222","2","2","3","75"," ","Vyacheslav Shevchenko",,"73","192","2016-6-28","Rogachyov","GOM","Belarus",,
"1223","2","2","3","73"," ","Squidwardo Tentacles",,"77","185","2017-6-28","Riga","RIG","Latvia",,
"1223","2","2","3","74"," ","Squidwardo Tentacles",,"77","185","2017-6-28","Riga","RIG","Latvia",,
"1223","2","2","3","75"," ","Squidwardo Tentacles",,"77","185","2017-6-28","Riga","RIG","Latvia",,
"1223","2","2","3","76"," ","Squidwardo Tentacles",,"77","185","2017-6-28","Riga","RIG","Latvia",,
"1224","2","2","3","73"," ","Sergey Ivanov",,"73","195","2017-6-28","Yelizovo","KAM","Russia",,
"1225","2","2","3","73"," ","Oranj Konhe",,"66","150","2017-6-28","Ostrava","MOR","Czech Republic",,
"1225","2","2","3","74"," ","Oranj Konhe",,"69","150","2017-6-28","Ostrava","MOR","Czech Republic",,
"1226","2","2","3","73"," ","Marek Carda",,"73","205","2017-6-28","Plzen","PLZ","Czech Republic",,
"1226","2","2","3","74"," ","Marek Carda",,"73","205","2017-6-28","Plzen","PLZ","Czech Republic",,
"1227","2","2","3","73"," ","Juan Tymer","Pin It","75","220","2017-6-28","Valka","VAL","Latvia",,
"1227","2","2","3","75"," ","Juan Tymer","Pin It","75","220","2017-6-28","Valka","VAL","Latvia",,
"1227","2","2","3","76"," ","Juan Tymer","Pin It","75","220","2017-6-28","Valka","VAL","Latvia",,
"1228","2","2","3","73"," ","Fedot Fedorov",,"73","190","2017-6-28","Pskov","PSK","Russia",,
"1228","2","2","3","75"," ","Fedot Fedorov",,"75","190","2017-6-28","Pskov","PSK","Russia",,
"1228","2","2","3","76"," ","Fedot Fedorov",,"75","190","2017-6-28","Pskov","PSK","Russia",,
"1251","2","2","3","73"," ","Launchpad McQuack",,"83","300","2018-6-28","Daugavpils","DAU","Latvia",,
"1251","2","2","3","75"," ","Launchpad McQuack",,"83","300","2018-6-28","Daugavpils","DAU","Latvia",,
"1251","2","2","3","77"," ","Launchpad McQuack",,"83","300","2018-6-28","Daugavpils","DAU","Latvia",,
"1252","2","2","3","73"," ","Olivija Agate",,"67","160","2018-6-28","Dagda","KRA","Latvia",,
"1252","2","2","3","75"," ","Olivija Agate",,"69","160","2018-6-28","Dagda","KRA","Latvia",,
"1252","2","2","3","76"," ","Olivija Agate",,"69","160","2018-6-28","Dagda","KRA","Latvia",,
"1252","2","2","3","77"," ","Olivija Agate",,"69","160","2018-6-28","Dagda","KRA","Latvia",,
"1271","2","2","3","64"," ","Sam Azjha",,"68","180","2006-1-2","Whitstable","ENG","England",,
"1329","2","2","3","63"," ","Inda Bagg",,"72","194","2006-11-27","Slaný","STR","Czech Republic",,
"1329","2","2","3","66"," ","Inda Bagg",,"72","194","2006-11-27","Straní","ZLN","Czech Republic",,
"1332","2","2","3","63"," ","Valters Densiova",,"72","185","2006-7-6","Jelgava","JEL","Latvia",,
"1332","2","2","3","64"," ","Valters Densiova",,"72","185","2006-7-6","Jelgava","JEL","Latvia",,
"1332","2","2","3","65"," ","Valters Densiova",,"72","185","2006-7-6","Jelgava","JEL","Latvia",,
"1333","2","2","3","64"," ","Evert Jansson",,"78","205","2006-12-2","Uddevalla","VäS","Sweden",,
"1333","2","2","3","65"," ","Evert Jansson",,"78","205","2006-12-2","Uddevalla","VäS","Sweden",,
"1336","2","2","3","66"," ","Terry Leviathan",,"77","225","2010-7-25","Sandy Creek","NY","Czech Republic",,
"1340","2","2","3","66"," ","Peter Mollinek",,"76","233","2010-11-21","Pizarro","NAR","Czech Republic",,
"1359","2","2","3","76"," ","Peyton Mcbride",,"75","200","2018-6-28","Halifax","NS","Canada",,
"1359","2","2","3","77"," ","Peyton Mcbride",,"75","200","2018-6-28","Halifax","NS","Canada",,
"1373","2","2","3","74"," ","Troy McClure IIII",,"78","265","2017-6-28","Prague","PRA","Czech Republic",,
"1377","2","2","3","76"," ","Karter Mendenhall",,"77","213","2018-6-28","Philadelphia","PA","The United States",,
"1389","2","2","3","75"," ","Demir Bellona",,"71","185","2018-6-28","Florence","TUS","Italy",,
"1389","2","2","3","76"," ","Demir Bellona",,"71","185","2018-6-28","Florence","TUS","Italy",,
"1389","2","2","3","77"," ","Demir Bellona",,"71","185","2018-6-28","Florence","TUS","Italy",,
"1405","2","2","3","66"," ","KC Brady",,"83","300","2010-9-28","Dodson","LA","Russia",,
"1439","2","2","3","63"," ","Toms Zile",,"75","181","2007-10-13","Bauska","BAU","Latvia",,
"1439","2","2","3","65"," ","Toms Zile",,"75","181","2007-10-13","Bauska","BAU","Latvia",,
"1439","2","2","3","66"," ","Toms Zile",,"75","181","2007-10-13","Ayteke","KYZ","Latvia",,
"1440","2","2","3","63"," ","Gaunther DeBrusk",,"74","207","2007-4-19","Jelgava","JEL","Latvia",,
"1490","2","2","3","75"," ","Savva Kirik",,"75","212","2019-6-28","Suzdal","VLA","Russia",,
"1490","2","2","3","76"," ","Savva Kirik",,"75","212","2019-6-28","Suzdal","VLA","Russia",,
"1490","2","2","3","77"," ","Savva Kirik",,"75","212","2019-6-28","Suzdal","VLA","Russia",,
"1494","2","2","3","78"," ","Roquefort Cotswold",,"65","150","2020-6-28","Besançon","FRA","France",,
"1494","2","2","3","79"," ","Roquefort Cotswold",,"65","150","2020-6-28","Besançon","FRA","France",,
"1509","2","2","3","78"," ","Trevor Lopez",,"74","230","2020-6-28","Tijuana","BAJ","Mexico",,
"1509","2","2","3","79"," ","Trevor Lopez",,"74","230","2020-6-28","Tijuana","BAJ","Mexico",,
"1529","2","2","3","78"," ","Smitty Werbenjaegermanjensen",,"79","265","2020-6-28","Rita","MAJ","Marshall Islands",,
"1529","2","2","3","79"," ","Smitty Werbenjaegermanjensen",,"79","265","2020-6-28","Rita","MAJ","Marshall Islands",,
"1540","2","2","3","76"," ","Kristians Mikelis",,"74","225","2019-6-28","Riga","RIG","Latvia",,
"1540","2","2","3","77"," ","Kristians Mikelis",,"74","225","2019-6-28","Riga","RIG","Latvia",,
"1540","2","2","3","78"," ","Kristians Mikelis",,"74","225","2019-6-28","Riga","RIG","Latvia",,
"1541","2","2","3","77"," ","Jim Wieners",,"72","190","2019-6-28","Stockholm","STO","Sweden",,
"1541","2","2","3","78"," ","Jim Wieners",,"72","190","2019-6-28","Stockholm","STO","Sweden",,
"1544","2","2","3","77"," ","Bojan Miovski",,"74","200","2019-6-28","Stip","STI","North Macedonia",,
"1548","2","2","3","76"," ","Alexel Kamensky",,"73","196","2018-6-28","Moscow","MOS","Russia",,
"1548","2","2","3","77"," ","Alexel Kamensky",,"73","196","2018-6-28","Moscow","MOS","Russia",,
"1552","2","2","3","78"," ","Skyler Stevens",,"73","200","2020-6-28","Toronto","ON","Canada",,
"1553","2","2","3","76"," ","Robo Sven",,"79","300","2019-6-28","Tokyo","TOK","Japan",,
"1553","2","2","3","77"," ","Robo Sven",,"79","300","2019-6-28","Tokyo","TOK","Japan",,
"1553","2","2","3","78"," ","Robo Sven",,"79","300","2019-6-28","Tokyo","TOK","Japan",,
"1554","2","2","3","77"," ","Mark ""The Tater Tot"" Jagerson",,"75","232","2019-6-28","London","ENG","England",,
"1554","2","2","3","78"," ","Mark ""The Tater Tot"" Jagerson",,"75","232","2019-6-28","London","ENG","England",,
"1563","2","2","3","77"," ","Max Belcher",,"76","215","2019-6-28","Chicago","IL","The United States",,
"1563","2","2","3","78"," ","Max Belcher",,"76","215","2019-6-28","Chicago","IL","The United States",,
"1569","2","2","3","77"," ","Noah Smith",,"73","224","2018-6-28","Sydney","NSW","Australia",,
"1572","2","2","3","77"," ","Deth Klaw",,"75","250","2019-6-28","Los Angeles","CA","The United States",,
"1572","2","2","3","78"," ","Deth Klaw",,"75","250","2019-6-28","Los Angeles","CA","The United States",,
"1573","2","2","3","76"," ","3WW Wingmate-Roc",,"73","200","2019-6-28","Philadelphia","PA","The United States",,
"1573","2","2","3","77"," ","3WW Wingmate-Roc",,"73","200","2019-6-28","Philadelphia","PA","The United States",,
"1586","2","2","3","65"," ","Pyotr Gallen",,"74","210","2008-3-15","Tepla","KAR","Czech Republic",,
"1586","2","2","3","66"," ","Pyotr Gallen",,"74","210","2008-3-15","Kosmonosy","STR","Czech Republic",,
"1586","2","2","3","68"," ","Pyotr Gallen",,"74","210","2000-6-25","Ilava","TRE","Czech Republic",,
"1619","2","2","3","64"," ","Miroslav Ketil",,"75","210","2008-9-3","Nové Mesto nad Metují","KRA","Czech Republic",,
"1619","2","2","3","65"," ","Miroslav Ketil",,"75","210","2008-9-3","Nové Mesto nad Metují","KRA","Czech Republic",,
"1619","2","2","3","66"," ","Miroslav Ketil",,"75","210","2008-9-3","Rokytnice nad Jizerou","LIB","Czech Republic",,
"1619","2","2","3","67"," ","Miroslav Ketil",,"75","210","2006-4-26","Fall River","MA","Czech Republic",,
"1620","2","2","3","64"," ","Tanner Aittokallio",,"81","258","2008-11-30","Brno","JHM","Czech Republic",,
"1620","2","2","3","66"," ","Tanner Aittokallio",,"81","258","2008-11-30","Dali","REP","Czech Republic",,
"1621","2","2","3","64"," ","Jayson Aittokallio",,"77","200","2008-10-2","Prague","PRA","Czech Republic",,
"1621","2","2","3","65"," ","Jayson Aittokallio",,"77","200","2008-10-2","Prague","PRA","Czech Republic",,
"1622","2","2","3","64"," ","Dork Dipplet",,"76","272","2008-9-16","Riga","RIG","Latvia",,
"1622","2","2","3","65"," ","Dork Dipplet",,"76","272","2008-9-16","Riga","RIG","Latvia",,
"1622","2","2","3","66"," ","Dork Dipplet",,"76","272","2008-9-16","Troebratskiy","KOS","Latvia",,
"1623","2","2","3","64"," ","Gravy Train ",,"74","200","2008-12-13","Riga","RIG","Latvia",,
"1623","2","2","3","65"," ","Gravy Train ",,"74","200","2008-12-13","Riga","RIG","Latvia",,
"1627","2","2","3","64"," ","Oleksander Olli O'Koivu",,"74","215","2008-2-13","Golden Valley","MN","The United States",,
"1627","2","2","3","65"," ","Oleksander Olli O'Koivu",,"74","215","2008-2-13","Golden Valley","MN","The United States",,
"1627","2","2","3","66"," ","Oleksander Olli O'Koivu",,"74","215","2008-2-13","Doña Ana","NM","The United States",,
"1651","2","2","3","67"," ","Pass Forfeit",,"76","215","2006-12-10","Nice","PRO","France",,
"1654","2","2","3","65"," ","Benjamin Surkhi-Ze'ev",,"72","191","2008-11-27","Hazel Crest","IL","The United States",,
"1654","2","2","3","66"," ","Benjamin Surkhi-Ze'ev",,"72","191","2008-11-27","Porter","NY","The United States",,
"1654","2","2","3","67"," ","Benjamin Surkhi-Ze'ev",,"77","250","2006-8-6","Tel Aviv-Yafo","TEL","Israel",,
"1655","2","2","3","65"," ","Sebastien Dubois",,"73","211","2008-12-16","Brockport","NY","The United States",,
"1664","2","2","3","65"," ","Alisters Vismanis",,"73","195","2008-4-10","Riga","RIG","Latvia",,
"1669","2","2","3","79"," ","Slava Kasyanenko",,"74","195","2021-6-6","Omsk","OMS","Russia",,
"1669","2","2","3","80"," ","Slava Kasyanenko",,"74","195","2021-6-6","Omsk","OMS","Russia",,
"1669","2","2","3","81"," ","Slava Kasyanenko",,"74","195","2021-6-6","Omsk","OMS","Russia",,
"1699","2","2","3","77"," ","Yuri Boyka III",,"75","230","2020-6-28","Moscow","MOS","Russia",,
"1699","2","2","3","79"," ","Yuri Boyka III",,"75","230","2020-6-28","Moscow","MOS","Russia",,
"1703","2","2","3","77"," ","Joe Biggs",,"76","205","2019-6-28","Moscow","MOS","Russia",,
"1706","2","2","3","79"," ","Max Kielinen",,"66","150","2020-6-28","Nivala","NOS","Finland",,
"1711","2","2","3","77"," ","Baron Samedi",,"80","230","2020-6-28","Havana","LA","Cuba",,
"1711","2","2","3","78"," ","Baron Samedi",,"80","230","2020-6-28","Havana","LA","Cuba",,
"1711","2","2","3","79"," ","Baron Samedi",,"80","230","2020-6-28","Havana","LA","Cuba",,
"1716","2","2","3","77"," ","Simon Science",,"75","195","2020-6-28","Copenhagen","FRE","Denmark",,
"1716","2","2","3","78"," ","Simon Science",,"75","195","2020-6-28","Copenhagen","FRE","Denmark",,
"1716","2","2","3","79"," ","Simon Science",,"75","195","2020-6-28","Copenhagen","FRE","Denmark",,
"1755","2","2","3","78"," ","Hughes Incorporated",,"74","200","2021-2-3","Jurmala","JUR","Latvia",,
"1755","2","2","3","79"," ","Hughes Incorporated",,"74","200","2021-2-3","Jurmala","JUR","Latvia",,
"1755","2","2","3","80"," ","Hughes Incorporated",,"74","200","2021-2-3","Jurmala","JUR","Latvia",,
"1755","2","2","3","81"," ","Hughes Incorporated",,"74","200","2021-2-3","Jurmala","JUR","Latvia",,
"1759","2","2","3","79"," ","Charles Louchard",,"74","190","2021-5-6","Montreal","QC","Canada",,
"1782","2","2","3","80"," ","Jeremy Louchard",,"70","170","2021-6-6","Quebec City","QC","Canada",,
"1785","2","2","3","78"," ","Chaos Giraffe",,"80","230","2021-3-5","Seattle","WA","The United States",,
"1788","2","2","3","65"," ","Teodors Skalbergs",,"73","200","2009-3-20","Sigulda","RIG","Latvia",,
"1788","2","2","3","66"," ","Teodors Skalbergs",,"74","200","2009-3-20","Leninogorsk","SOL","Latvia",,
"1788","2","2","3","78"," ","Ima Noobie",,"71","210","2021-2-21","San Antonio","TX","The United States",,
"1789","2","2","3","65"," ","Nikolai Nikitin",,"74","210","2009-5-21","Surgut","KHA","Russia","Japan",
"1790","2","2","3","65"," ","Petr Sokolov",,"70","185","2009-5-4","Otradnoye","LEN","Russia",,
"1820","2","2","3","78"," ","Teddy Bloos",,"75","182","2021-1-22","Riga","RIG","Latvia",,
"1820","2","2","3","79"," ","Teddy Bloos",,"75","182","2021-1-22","Riga","RIG","Latvia",,
"1820","2","2","3","80"," ","Teddy Bloos",,"75","182","2021-1-22","Riga","RIG","Latvia",,
"1820","2","2","3","81"," ","Teddy Bloos",,"75","182","2021-1-22","Riga","RIG","Latvia",,
"1822","2","2","3","78"," ","Badger Hennessy",,"70","195","2021-3-6","Moose Jaw","SK","Canada",,
"1827","2","2","3","80"," ","Blake Hutchinson",,"75","245","2021-6-10","Ann Arbor","MI","The United States",,
"1837","2","2","3","77"," ","Gino Fortezza",,"74","200","2021-6-28","Genoa","LIG","Italy",,
"1837","2","2","3","78"," ","Gino Fortezza",,"74","200","2021-6-28","Genoa","LIG","Italy",,
"1837","2","2","3","79"," ","Gino Fortezza",,"74","200","2021-6-28","Genoa","LIG","Italy",,
"1837","2","2","3","80"," ","Gino Fortezza",,"74","200","2021-6-28","Genoa","LIG","Italy",,
"1875","2","2","3","80"," ","Jonny Fox",,"79","229","2021-6-28","Ottawa","ON","Canada",,
"1881","2","2","3","78"," ","Walbilly Koala",,"65","150","2022-6-28","Wichita","KS","The United States",,
"1896","2","2","3","79"," ","Ivan Godinez",,"73","202","2021-6-28","Bellflower","CA","The United States",,
"1982","2","2","3","81"," ","Ryan Fishman",,"71","190","2023-6-28","New York","NY","The United States",,
"1982","2","2","3","83"," ","Ryan Fishman",,"74","199","2023-1-15","Warren","NJ","The United States",,
"1996","2","2","3","78"," ","Ela Solberg",,"67","150","2022-6-28","Fredrikstad","ØST","Norway",,
"1996","2","2","3","79"," ","Ela Solberg",,"68","150","2022-6-28","Fredrikstad","ØST","Norway",,
"2109","2","2","3","81"," ","Benjamin Theodore",,"73","209","2022-6-28","Thunder Bay","ON","Canada",,
"2117","2","2","3","79"," ","Aurora Borealis",,"74","198","2022-6-28","Valmiera","VAL","Latvia",,
"2117","2","2","3","80"," ","Aurora Borealis",,"74","198","2022-6-28","Valmiera","VAL","Latvia",,
"2117","2","2","3","82"," ","Aurora Borealis",,"74","198","2022-6-28","Valmiera","VAL","Latvia",,
"2118","2","2","3","79"," ","Sandis Darzins",,"71","187","2022-6-28","Riga","RIG","Latvia",,
"2118","2","2","3","80"," ","Sandis Darzins",,"71","187","2022-6-28","Riga","RIG","Latvia",,
"2118","2","2","3","81"," ","Sandis Darzins",,"71","187","2022-6-28","Riga","RIG","Latvia",,
"2118","2","2","3","82"," ","Sandis Darzins",,"71","187","2022-6-28","Riga","RIG","Latvia",,
"2132","2","2","3","80"," ","Tiny Princess",,"80","240","2022-6-28","Batman","BAT","Turkey",,
"2132","2","2","3","81"," ","Tiny Princess",,"80","240","2022-6-28","Batman","BAT","Turkey",,
"2132","2","2","3","82"," ","Tiny Princess",,"80","240","2022-6-28","Batman","BAT","Turkey",,
"2133","2","2","3","81"," ","River Yekaterina Volkova",,"71","192","2022-6-28","Hillerød","FRE","Denmark",,
"2133","2","2","3","82"," ","River Yekaterina Volkova",,"71","192","2022-6-28","Hillerod","FRE","Denmark",,
"2133","2","2","3","83"," ","River Yekaterina Volkova",,"71","192","2022-6-28","Hillerod","FRE","Denmark",,
"2143","2","2","3","80"," ","Zach Mulder",,"76","215","2022-6-28","Waterloo","ON","Canada",,
"2143","2","2","3","81"," ","Zach Mulder",,"76","215","2022-6-28","Waterloo","ON","Canada",,
"2143","2","2","3","82"," ","Zach Mulder",,"76","215","2022-6-28","Waterloo","ON","Canada",,
"2146","2","2","3","80"," ","Tylah Fortune",,"74","211","2022-6-28","Oshawa","ON","Canada",,
"2155","2","2","3","79"," ","James Mawk",,"77","225","2022-6-28","Ottawa","ON","Canada",,
"2156","2","2","3","79"," ","hitlock burrito",,"70","160","2022-6-28","Niagara Falls","ON","Canada",,
"2156","2","2","3","80"," ","hitlock burrito",,"70","160","2022-6-28","Niagara Falls","ON","Canada",,
"2157","2","2","3","79"," ","Goosetavo",,"72","205","2022-6-28","Bayfield","NS","Canada",,
"2158","2","2","3","79"," ","Apollo Seaborne",,"72","198","2022-6-28","Abbotsford","BC","Canada",,
"2158","2","2","3","80"," ","Apollo Seaborne",,"72","198","2022-6-28","Abbotsford","BC","Canada",,
"2264","2","2","3","83"," ","Meguru Bachira",,"70","180","2023-6-28","Kyoto","KYO","Japan",,
"2286","2","2","3","80"," ","Dydney Frosby",,"71","201","2023-6-28","Cole Harbour","NS","Canada",,
"2287","2","2","3","80"," ","Jadon Fisk",,"70","200","2023-6-28","Colorado City","CO","The United States",,
"2288","2","2","3","80"," ","Joshua Martin",,"69","160","2023-6-28","Kitchener","ON","Canada",,
"2289","2","2","3","80"," ","Mathieu Mathematique",,"76","220","2023-6-28","Grenoble","RHô","France",,
"2290","2","2","3","80"," ","Matt Retinol",,"78","215","2023-6-28","Chatham-Kent","ON","Canada",,
"2291","2","2","3","80"," ","Ryan Dino-Nugget Hopkins",,"75","230","2023-6-28","Toronto","ON","Canada",,
"2308","2","2","3","81"," ","Jose Salcedo",,"72","200","2023-6-28","Newark","NY","The United States",,
"2314","2","2","3","83"," ","Jack Ryan",,"73","188","2023-6-28","Baltimore","MD","The United States",,
"2329","2","2","3","82"," ","Pasta the Turtle II",,"83","300","2023-6-28","Vatican City","VAC","Vatican City",,
"2329","2","2","3","83"," ","Pasta the Turtle II",,"83","300","2023-6-28","Vatican City","VAC","Vatican City",,
"2329","2","2","3","84"," ","Pasta the Turtle II",,"83","300","2023-6-28","Vatican City","VAC","Vatican City",,
"2444","2","2","3","84"," ","Luke Toussaint",,"79","200","2024-6-28","Glenview","IL","The United States",,
"2448","2","2","3","82"," ","Nathan Bodie",,"78","220","2024-6-28","Victoria","BC","Canada",,
"2466","2","2","3","81"," ","Armani Dove",,"76","205","2024-6-28","Nipigon","ON","Canada",,
"2467","2","2","3","81"," ","Brain Fluid Explosion",,"71","155","2024-6-28","Memmingerberg","BAV","The United States",,
"2468","2","2","3","81"," ","Chubby Barista",,"83","300","2024-6-28","Vancouver","BC","Canada",,
"2469","2","2","3","81"," ","George Dankse",,"74","210","2024-6-28","Halifax","NS","Canada",,
"2470","2","2","3","81"," ","Jonas Gray",,"69","223","2024-6-28","Pontiac","MI","The United States",,
"2471","2","2","3","81"," ","Kristaps Skalbergs",,"74","210","2024-6-28","Riga","RIG","Latvia",,
"2471","2","2","3","82"," ","Kristaps Skalbergs",,"74","210","2024-6-28","Riga","RIG","Latvia",,
"2471","2","2","3","83"," ","Kristaps Skalbergs",,"74","210","2024-6-28","Riga","RIG","Latvia",,
"2471","2","2","3","84"," ","Kristaps Skalbergs",,"74","210","2024-6-28","Riga","RIG","Latvia",,
"2472","2","2","3","81"," ","Logan Seymour",,"77","185","2024-6-28","Sydney","NSW","Australia",,
"2473","2","2","3","81"," ","Lou Logsky",,"67","150","2024-6-28","Burlington","ON","Canada",,
"2474","2","2","3","81"," ","Swiffer Sweeper",,"73","193","2024-6-28","Ypsilanti","MI","The United States",,
"2475","2","2","3","81"," ","Travis Coates",,"79","217","2024-6-28","Tallahassee","FL","The United States",,
"2480","2","2","3","82"," ","Harland Sanders",,"72","200","2024-6-28","Columbus","OH","The United States",,
"2480","2","2","3","83"," ","Harland Sanders",,"72","200","2024-6-28","Columbus","OH","The United States",,
"2490","2","2","3","83"," ","Helmfried Kunkel",,"76","230","2024-6-28","Darmstadt","HES","Germany",,
"2501","2","2","3","82"," ","Patrick Rail",,"74","230","2024-6-28","Columbus","OH","The United States",,
"2501","2","2","3","83"," ","Patrick Rail",,"74","230","2024-6-28","Columbus","OH","The United States",,
"2621","2","2","3","85"," ","Jamie Peterson",,"67","190","2025-6-28","Birmingham","ENG","England",,
"2624","2","2","3","85"," ","nelly celly jr",,"74","210","2025-6-28","Richmond","BC","Canada",,
"2627","2","2","3","85"," ","Yu Nishinoya",,"65","165","2025-6-28","Sendai","MIY","Japan",,
"2637","2","2","3","82"," ","Artie Kuno",,"73","200","2025-6-28","Jelgava","JEL","Latvia",,
"2637","2","2","3","83"," ","Artie Kuno",,"73","200","2025-6-28","Jelgava","JEL","Latvia",,
"2637","2","2","3","84"," ","Artie Kuno",,"73","200","2025-6-28","Jelgava","JEL","Latvia",,
"2638","2","2","3","82"," ","Bob Bergen Jr.",,"68","220","2025-6-28","Reading","ENG","England",,
"2639","2","2","3","82"," ","Cj Foley",,"74","220","2025-6-28","Dartmouth","NS","Canada",,
"2640","2","2","3","82"," ","criticalcheeze",,"79","225","2025-6-28","Bangor","ME","The United States",,
"2641","2","2","3","82"," ","Haddie Minch",,"67","200","2025-6-28","Taunton","ENG","England",,
"2642","2","2","3","82"," ","Joe Schmoe",,"73","200","2025-6-28","Tokyo","TOK","Japan",,
"2643","2","2","3","82"," ","Jon Taffer",,"75","230","2025-6-28","Great Neck","NY","The United States",,
"2644","2","2","3","82"," ","Matthew Murdock",,"75","225","2025-6-28","New York","NY","The United States",,
"2645","2","2","3","82"," ","Mid Knight",,"83","200","2025-6-28","San Francisco","CA","The United States",,
"2646","2","2","3","82"," ","Reinis Lazda",,"71","200","2025-6-28","Riga","RIG","Latvia",,
"2832","2","2","3","83"," ","Possessed Skeleton Toy",,"64","225","2026-6-28","Sigulda","RIG","Latvia",,
"2832","2","2","3","84"," ","Possessed Skeleton Toy",,"64","225","2026-6-28","Sigulda","RIG","Latvia",,
"2832","2","2","3","85"," ","Possessed Skeleton Toy",,"64","225","2026-6-28","Sigulda","RIG","Latvia",,
"2833","2","2","3","83"," ","Oliver Pike",,"73","213","2026-6-28","Las Vegas","NV","The United States",,
"2833","2","2","3","84"," ","Oliver Pike",,"73","213","2026-6-28","Las Vegas","NV","The United States",,
"2834","2","2","3","83"," ","Mina Ashido",,"72","200","2026-6-28","Tokyo","TOK","Japan",,
"2834","2","2","3","84"," ","Mina Ashido",,"72","200","2026-6-28","Tokyo","TOK","Japan",,
"2835","2","2","3","83"," ","Marks Liepa",,"73","187","2026-6-28","Talsi","TAL","Latvia",,
"2835","2","2","3","84"," ","Marks Liepa",,"73","187","2026-6-28","Talsi","TAL","Latvia",,
"2835","2","2","3","85"," ","Marks Liepa",,"73","187","2026-6-28","Talsi","TAL","Latvia",,
"2836","2","2","3","83"," ","Jeffrey Hattrick",,"76","225","2026-6-28","Hockessin","DE","The United States",,
"2837","2","2","3","83"," ","James Ranburn",,"70","180","2026-6-28","Toledo","IL","The United States",,
"2838","2","2","3","83"," ","Itachi Kanoshi",,"74","210","2026-6-28","Okinawa","OKI","Japan",,
"2839","2","2","3","83"," ","Gary Winters",,"75","220","2026-6-28","Riga","RIG","Latvia",,
"2839","2","2","3","84"," ","Gary Winters",,"75","220","2026-6-28","Riga","RIG","Latvia",,
"2839","2","2","3","85"," ","Gary Winters",,"75","220","2026-6-28","Riga","RIG","Latvia",,
"2840","2","2","3","83"," ","Dylan Evans",,"73","205","2026-6-28","Cardiff","WAL","Wales",,
"2841","2","2","3","83"," ","Buggy Pyrate",,"65","150","2026-6-28","Washington","NY","The United States",,
"2842","2","2","3","83"," ","Bear Grills",,"74","200","2026-6-28","Birmingham","ENG","England",,
"2843","2","2","3","85"," ","Reverick Toddington",,"69","179","2026-6-28","Trondheim","SoR","Norway",,
"2845","2","2","3","84"," ","Nolan Garage",,"76","227","2026-6-28","New York","NY","The United States",,
"2850","2","2","3","84"," ","Campanella and Giovanni",,"74","242","2026-6-28","Hanamaki","IWA","Japan",,
"2854","2","2","3","85"," ","angel anne kowalczyk",,"75","197","2026-6-28","Buffalo","NY","The United States",,
"2858","2","2","3","84"," ","Wendys Frosty",,"71","180","2026-6-28","Port of Spain","POR","Trinidad & Tobago",,
"2863","2","2","3","85"," ","McDonalds BigMac",,"73","195","2026-6-28","Port of Spain","POR","Trinidad & Tobago",,
"2976","2","2","3","85"," ","Mikko Rashford III",,"69","180","2027-6-28","Reykjavik","HoF","Iceland",,
"2991","2","2","3","84"," ","Wolfgang Hennessy",,"74","203","2027-6-28","Chicago","IL","The United States",,
"2992","2","2","3","84"," ","Temur Gorgashvili",,"79","225","2027-6-28","Tkvarcheli","ABK","Georgia",,
"2993","2","2","3","84"," ","Ryan Wolf",,"63","157","2027-6-28","St. Paul","MN","The United States",,
"2994","2","2","3","84"," ","Paulo Di Stephano",,"74","195","2027-6-28","Gniezno","WIE","Poland",,
"2995","2","2","3","84"," ","Jokerit",,"73","150","2027-6-28","Framingham","MA","The United States",,
"2996","2","2","3","84"," ","Jason Bartholemew",,"71","234","2027-6-28","New York","NY","The United States",,
"2997","2","2","3","84"," ","Clortus Skeertch",,"66","300","2027-6-28","Honolulu","HI","The United States",,
"2997","2","2","3","85"," ","Clortus Skeertch",,"66","300","2027-6-28","Honolulu","HI","The United States",,
"2998","2","2","3","84"," ","Aleksanders Jakovlevs",,"77","207","2027-6-28","Limbazi","LIM","Latvia",,
"2998","2","2","3","85"," ","Aleksanders Jakovlevs",,"77","207","2027-6-28","Limbazi","LIM","Latvia",,
"3163","2","2","3","85"," ","Sigge Holmvik",,"72","190","2028-6-28","Stockholm","STO","Sweden",,
"3164","2","2","3","85"," ","Kjell Kospodorov",,"69","175","2028-6-28","Riga","RIG","Latvia",,
"3165","2","2","3","85"," ","Joe McGee",,"72","225","2028-6-28","Magog","QC","Canada",,
"3166","2","2","3","85"," ","Doot Doot",,"79","267","2028-6-28","Anaheim","CA","The United States",,
"3167","2","2","3","85"," ","Dexter Green-Collison",,"77","225","2028-6-28","Pickens","SC","The United States",,
"3168","2","2","3","85"," ","Dean Youngblood",,"71","180","2028-6-28","Poughkeepsie","NY","The United States",,
"3169","2","2","3","85"," ","Carl Fidler",,"69","250","2028-6-28","Pittsburgh","PA","The United States",,
"3170","2","2","3","85"," ","Anthony Biachini",,"71","184","2028-6-28","Florence","TUS","Italy",,
"900006","2","2","3","67"," ","Bandit Heeler",,"77","225","2009-11-13","London","ENG","England",,
"900006","2","2","3","68"," ","Bandit Heeler",,"77","225","2009-11-13","London","ENG","England",,
"900006","2","2","3","69"," ","Bandit Heeler",,"77","225","2009-11-13","London","ENG","England",,
"900006","2","2","3","70"," ","Bandit Heeler",,"77","225","2009-11-13","London","ENG","England",,
"900007","2","2","3","65"," ","Bavel Pure",,"70","191","2009-6-26","Breclav","JHM","Czech Republic",,
"900007","2","2","3","66"," ","Bavel Pure",,"70","191","2009-6-26","Athienou","REP","Czech Republic",,
"900007","2","2","3","67"," ","Bavel Pure",,"70","191","2007-10-20","Prague","PRA","Czech Republic",,
"900007","2","2","3","68"," ","Bavel Pure",,"70","191","2007-10-20","Prague","PRA","Czech Republic",,
"900008","2","2","3","68"," ","Bender Junior",,"75","225","2011-12-14","Fort Collins","CO","Latvia",,
"900008","2","2","3","69"," ","Bender Junior",,"75","225","2013-12-28","Portland","ME","Latvia",,
"900008","2","2","3","70"," ","Bender Junior",,"76","225","2013-12-28","Portland","ME","Latvia",,
"900008","2","2","3","71"," ","Bender Junior",,"76","225","2013-12-28","Portland","ME","Latvia",,
"900010","2","2","3","66"," ","Bohdan Jarovsky",,"71","180","2010-11-23","Klatovy","PLZ","Czech Republic",,
"900010","2","2","3","68"," ","Bohdan Jarovsky",,"71","180","2008-7-24","Klatovy","PLZ","Czech Republic",,
"900010","2","2","3","69"," ","Bohdan Jarovsky",,"71","180","2008-7-24","Klatovy","PLZ","Czech Republic",,
"900023","2","2","3","60"," ","Jaeger Jones",,"65","210","2000-3-25","Berlin","BER","Germany",,
"900030","2","2","3","66"," ","Matiss Ozolinsh",,"74","202","2010-12-24","Riga","RIG","Latvia",,
"900030","2","2","3","67"," ","Matiss Ozolinsh",,"72","202","2009-4-20","Riga","RIG","Latvia",,
"900030","2","2","3","68"," ","Matiss Ozolinsh",,"72","202","2009-4-20","Riga","RIG","Latvia",,
"900030","2","2","3","69"," ","Matiss Ozolinsh",,"72","202","2009-4-20","Riga","RIG","Latvia",,
"900030","2","2","3","70"," ","Matiss Ozolinsh",,"72","202","2009-4-20","Riga","RIG","Latvia",,
"900037","2","2","3","66"," ","Raiya Rabinov",,"69","150","2010-6-1","Cartersville","GA","Russia",,
"900037","2","2","3","67"," ","Raiya Rabinov",,"69","150","2008-2-22","Lake Grove","NY","Russia",,
"900037","2","2","3","68"," ","Raiya Rabinov",,"69","150","2008-2-22","Lake Grove","NY","Russia",,
"900037","2","2","3","69"," ","Raiya Rabinov",,"69","150","2008-2-22","Lake Grove","NY","Russia",,
"900047","2","2","3","66"," ","Sophie Bordeleau",,"68","155","2008-3-29","Wainwright","AB","Canada",,
"900047","2","2","3","67"," ","Sophie Bordeleau",,"68","155","1994-6-19","Trois-Pistoles","QC","Canada",,
"900056","2","2","3","68"," ","Wonada Jagrs",,"74","225","2011-3-22","Kladno","STR","Czech Republic",,
"900056","2","2","3","69"," ","Wonada Jagrs",,"74","225","2011-3-22","Kladno","STR","Czech Republic",,
"900056","2","2","3","70"," ","Wonada Jagrs",,"74","225","2011-3-22","Kladno","STR","Czech Republic",,
"900056","2","2","3","71"," ","Wonada Jagrs",,"74","225","2011-3-22","Kladno","STR","Czech Republic",,
"0","4","4","3","69"," ","Alexis Texas",,"76","225","2009-3-5","Belfast","NOR","England",,
"1","4","4","3","68"," ","Jeff Newman",,"75","230","2009-12-22","Liverpool","ENG","England",,
"26","4","4","3","53"," ","Chris de Siren",,"70","178","2000-2-14","Snyder","TX","Norway",,
"40","4","4","3","53"," ","Adam Scianna",,"74","225","2000-5-5","Oslo","AKE","Norway",,
"40","4","4","3","54"," ","Adam Scianna",,"74","225","2000-5-5","Oslo","AKE","Norway",,
"65","4","13","3","58"," ","Sanzhar Molochtovoi",,"76","235","2000-8-8","Baku","BAK","Azerbaijan",,
"65","4","4","3","59"," ","Sanzhar Molochtovoi",,"76","235","2000-8-8","Baku","BAK","Azerbaijan",,
"68","4","4","3","55"," ","Keisuke Suzuki",,"75","200","1993-3-20","Tokyo","TOK","Japan",,
"69","4","4","3","54"," ","Cillian Kavanagh",,"76","205","1998-12-27","Dublin","DUB","Ireland",,
"72","4","4","3","66"," ","Grayson Yates",,"78","220","2010-5-15","Queenstown","OTA","New Zealand",,
"81","4","4","3","53"," ","Lucas Hellquist",,"76","245","2000-11-11","Oslo","AKE","Norway",,
"81","4","4","3","54"," ","Lucas Hellquist",,"76","245","2000-11-11","Oslo","AKE","Norway",,
"99","4","4","3","55"," ","Valtteri Aalto",,"75","198","1990-8-20","Tokyo","TOK","Japan",,
"99","4","4","3","56"," ","Valtteri Aalto",,"75","198","1990-8-20","Tokyo","TOK","Japan",,
"99","4","4","3","57"," ","Valtteri Aalto",,"75","198","1990-8-20","Tokyo","TOK","Japan",,
"99","4","4","3","58"," ","Valtteri Aalto",,"75","198","1990-8-20","Tokyo","TOK","Japan",,
"114","4","4","3","68"," ","owen johnson",,"74","200","2011-12-17","Vancouver","BC","Canada",,
"120","4","4","3","55"," ","Yuuto Kira Cloudera Jr.",,"74","220","2000-10-9","Iwakuni","YAM","Japan",,
"120","4","4","3","56"," ","Yuuto Kira Cloudera Jr.",,"74","220","2000-10-9","Iwakuni","YAM","Japan",,
"120","4","4","3","57"," ","Yuuto Kira Cloudera Jr.",,"74","220","2000-10-9","Iwakuni","YAM","Japan",,
"120","4","4","3","58"," ","Yuuto Kira Cloudera Jr.",,"74","220","2000-10-9","Iwakuni","YAM","Japan",,
"120","4","4","3","59"," ","Yuuto Kira Cloudera Jr.",,"74","220","2000-10-9","Iwakuni","YAM","Japan",,
"124","4","4","3","53"," ","Domenic Alessandrini",,"71","193","2000-10-13","Bari","APU","Italy",,
"129","4","4","3","53"," ","Niccolo Livius",,"75","185","2000-2-27","Florence","TUS","Italy",,
"129","4","4","3","54"," ","Niccolo Livius",,"75","185","2000-4-5","Florence","TUS","Italy",,
"129","4","4","3","55"," ","Niccolo Livius",,"75","185","2000-4-5","Florence","TUS","Italy",,
"129","4","4","3","56"," ","Niccolo Livius",,"76","185","2000-4-5","Florence","TUS","Italy",,
"129","4","4","3","57"," ","Niccolo Livius",,"76","185","2000-4-5","Florence","TUS","Italy",,
"132","4","4","3","67"," ","Isabella Bouchard",,"67","150","2006-7-4","Natchitoches","LA","Canada",,
"133","4","4","3","67"," ","Jackson Cannon",,"77","225","2006-11-6","Harvey","IL","The United States",,
"136","4","4","3","67"," ","Torsten Eriksen",,"72","185","2007-5-12","Oslo","AKE","Norway",,
"136","4","4","3","68"," ","Torsten Eriksen",,"72","185","2007-5-12","Oslo","AKE","Norway",,
"137","4","4","3","67"," ","Edvin Kalberg",,"79","243","2009-12-24","Hamar","HED","Norway",,
"137","4","4","3","68"," ","Edvin Kalberg",,"79","243","2009-12-24","Hamar","HED","Norway",,
"137","4","4","3","70"," ","Edvin Kalberg",,"79","243","2009-12-24","Hamar","HED","Norway",,
"138","4","4","3","67"," ","Filip Lund",,"78","230","2009-3-3","Largo","FL","Norway",,
"138","4","4","3","68"," ","Filip Lund",,"78","230","2009-3-3","Largo","FL","Norway",,
"138","4","4","3","69"," ","Filip Lund",,"78","230","2009-3-3","Largo","FL","Norway",,
"139","4","4","3","67"," ","Sam Squanch",,"72","200","2009-4-20","Letterkenny","DON","Canada",,
"141","4","4","3","67"," ","Philippe-Eko Eel",,"83","250","2007-4-9","Post Falls","ID","Norway",,
"141","4","4","3","68"," ","Philippe-Eko Eel",,"83","250","2007-4-9","Post Falls","ID","Norway",,
"142","4","4","3","67"," ","J- Roc",,"76","250","2009-4-15","Sunnyvale Trailer Park","NS","Canada",,
"146","4","4","3","67"," ","Andrei Nikitin",,"75","220","2009-1-13","Kazanskaya","ROS","Russia",,
"147","4","4","3","67"," ","Erick Vasilkevs",,"71","189","2008-7-19","Quebec City","QC","Canada",,
"150","4","4","3","67"," ","Matthew McShane",,"75","213","2010-5-22","Moose Jaw","SK","Canada",,
"151","4","4","3","67"," ","Patrick Beaumont",,"73","195","2010-12-12","Pittsburgh","PA","The United States",,
"152","4","4","3","67"," ","Tobias Wrexks",,"74","220","2010-2-13","Slaughterville","OK","The United States",,
"153","4","4","3","66"," ","Rod Cocker",,"73","200","2009-2-4","Littau","LU","Switzerland",,
"153","4","4","3","67"," ","Rod Cocker",,"73","200","2008-6-24","Belp","BE","Switzerland",,
"159","4","4","3","53"," ","Ryuuji Minamino",,"75","210","2000-11-3","Tokyo","TOK","Japan",,
"159","4","4","3","54"," ","Ryuuji Minamino",,"75","210","2000-11-3","Tokyo","TOK","Japan",,
"159","4","4","3","55"," ","Ryuuji Minamino",,"75","210","2000-11-3","Tokyo","TOK","Japan",,
"160","4","4","3","67"," ","Mr. Gray T White",,"78","240","2010-10-8","Westminster","CO","The United States",,
"161","4","4","3","53"," ","Mattias Birdstrom",,"71","205","2000-5-3","Oslo","AKE","Norway",,
"161","4","4","3","54"," ","Mattias Birdstrom",,"71","205","2000-5-3","Oslo","AKE","Norway",,
"161","4","4","3","55"," ","Mattias Birdstrom",,"71","205","2000-5-3","Oslo","AKE","Norway",,
"161","4","4","3","56"," ","Mattias Birdstrom",,"71","205","2000-5-3","Oslo","AKE","Norway",,
"189","4","4","3","56"," ","Rob Wright",,"77","210","2000-2-1","Saskatoon","SK","Canada",,
"189","4","4","3","57"," ","Rob Wright",,"77","210","2000-2-1","Saskatoon","SK","Canada",,
"189","4","4","3","58"," ","Rob Wright",,"77","210","2000-2-1","Saskatoon","SK","Canada",,
"189","4","4","3","59"," ","Rob Wright",,"77","210","2000-2-1","Saskatoon","SK","Canada",,
"196","4","4","3","53"," ","Ziggy Tambo",,"75","220","2000-2-28","Sydney","NSW","Australia",,
"201","4","4","3","68"," ","William Boucher",,"75","180","2011-11-10","Montreal","QC","Canada",,
"212","4","4","3","68"," ","Rikaad Metzller",,"70","190","2011-9-6","Bern","BE","Switzerland",,
"217","4","4","3","53"," ","Ragnar Skallargrimson",,"70","220","2000-5-29","Oslo","AKE","Norway",,
"217","4","4","3","56"," ","Vladmir Petrov",,"78","265","2000-5-29","Moscow","MOS","Russia",,
"217","4","4","3","57"," ","Vladmir Petrov",,"78","265","2000-5-29","Moscow","MOS","Russia",,
"217","4","4","3","58"," ","Vladmir Petrov",,"78","265","2000-5-29","Moscow","MOS","Russia",,
"223","4","4","3","53"," ","Linus Grimstad",,"71","190","2000-3-3","Troms?","TRO","Norway",,
"223","4","4","3","54"," ","Linus Grimstad",,"71","190","1996-7-4","Troms?","TRO","Norway",,
"223","4","4","3","55"," ","Linus Grimstad",,"71","190","1996-7-4","Troms?","TRO","Norway",,
"223","4","4","3","56"," ","Linus Grimstad",,"71","190","1996-7-4","Troms?","TRO","Norway",,
"223","4","4","3","57"," ","Linus Grimstad",,"71","190","1996-7-4","Troms?","TRO","Norway",,
"232","4","4","3","56"," ","Bigga Foryu",,"72","300","1996-3-24","Tokyo","TOK","Japan",,
"232","4","4","3","57"," ","Bigga Foryu",,"72","300","1996-3-24","Tokyo","TOK","Japan",,
"232","4","4","3","59"," ","Bigga Foryu",,"72","300","1996-3-24","Tokyo","TOK","Japan",,
"234","4","4","3","69"," ","Luka Nogoalov",,"79","247","2011-2-14","Murska Sobota","POM","Slovenia",,
"234","4","4","3","70"," ","Luka Nogoalov",,"79","247","2011-2-14","Murska Sobota","POM","Slovenia",,
"234","4","4","3","71"," ","Luka Nogoalov",,"79","247","2011-2-14","Murska Sobota","POM","Slovenia",,
"253","4","4","3","54"," ","Jmac NCheese",,"73","200","2000-5-24","Belmont","MA","The United States",,
"258","4","4","3","65"," ","Ivan Scochnikov",,"70","200","2009-2-3","Prokopyevsk","KEM","Russia",,
"263","4","4","3","68"," ","Derrick Prince",,"74","211","2011-12-13","Vineland","NJ","The United States",,
"271","4","4","3","68"," ","Alphonso Davies",,"73","170","2011-9-23","Edmonton","AB","Canada",,
"274","4","4","3","53"," ","Axel Meszaros",,"73","198","2000-3-24","Budapest","BUD","Hungary",,
"274","4","4","3","54"," ","Axel Meszaros",,"73","198","2000-3-24","Budapest","BUD","Hungary",,
"279","4","4","3","68"," ","Damien Hirano",,"74","200","2011-7-25","Hiroshima","HIR","Japan",,
"279","4","4","3","69"," ","Damien Hirano",,"74","200","2011-7-25","Hiroshima","HIR","Japan",,
"279","4","4","3","70"," ","Damien Hirano",,"74","200","2011-7-25","Hiroshima","HIR","Japan",,
"279","4","4","3","71"," ","Damien Hirano",,"74","200","2011-7-25","Hiroshima","HIR","Japan",,
"281","4","4","3","68"," ","Derek Fitz",,"73","200","2011-1-2","Columbus","OH","The United States",,
"303","4","4","3","53"," ","Zbigniew Pokrywka",,"75","205","2000-6-7","Warsaw","MAZ","Poland",,
"317","4","4","3","66"," ","Meta Knight",,"75","193","2010-11-4","Pelba","LA","The United States",,
"323","4","4","3","54"," ","Mack Daddy",,"75","225","2000-7-3","Wading River","NY","Panama",,
"338","4","4","3","54"," ","Mikkel Asmus Sondergard",,"74","195","2000-11-9","Copenhagen","FRE","Denmark",,
"338","4","4","3","55"," ","Mikkel Asmus Sondergard",,"74","195","2000-11-9","Copenhagen","FRE","Denmark",,
"348","4","4","3","53"," ","Ryosuke Sato",,"68","150","2000-11-11","Saitama","SAI","Japan",,
"348","4","4","3","54"," ","Ryosuke Sato",,"68","150","2000-11-11","Saitama","SAI","Japan",,
"348","4","4","3","55"," ","Ryosuke Sato",,"69","150","2000-11-11","Saitama","SAI","Japan",,
"348","4","4","3","56"," ","Ryosuke Sato",,"70","150","2000-11-11","Saitama","SAI","Japan",,
"362","4","4","3","56"," ","Rude Sniff",,"72","200","2000-12-26","Osaka","OSA","Japan",,
"362","4","4","3","57"," ","Rude Sniff",,"72","200","2000-12-26","Osaka","OSA","Japan",,
"362","4","4","3","58"," ","Rude Sniff",,"72","200","2000-12-26","Osaka","OSA","Japan",,
"362","4","4","3","68"," ","Lucas Dill",,"73","201","2011-11-18","Steamboat Springs","CO","Canada",,
"368","4","4","3","53"," ","Jack Klompus",,"71","195","2000-9-1","St. Paul","MN","The United States",,
"368","4","4","3","54"," ","Jack Klompus",,"72","195","2000-9-1","St. Paul","MN","The United States",,
"368","4","4","3","55"," ","Jack Klompus",,"72","195","2000-9-1","St. Paul","MN","The United States",,
"382","4","4","3","53"," ","Dwight Knight",,"72","202","2000-8-23","Chula Vista","CA","The United States",,
"382","4","4","3","54"," ","Dwight Knight",,"72","202","2000-8-23","Chula Vista","CA","The United States",,
"382","4","4","3","55"," ","Dwight Knight",,"72","202","2000-8-23","Chula Vista","CA","The United States",,
"394","4","4","3","58"," ","Kou Saotome",,"83","195","2000-2-27","Kobe","HYO","Japan",,
"394","4","4","3","59"," ","Kou Saotome",,"83","195","2000-2-27","Kobe","HYO","Japan",,
"398","4","4","3","55"," ","Scoochie Stratton",,"76","210","2000-7-23","Boston","MA","The United States","Finland",
"400","4","4","3","53"," ","Name Redacted",,"75","200","2000-1-9","Wuhan","HUB","China",,
"400","4","4","3","54"," ","Name Redacted",,"75","200","2000-1-9","Wuhan","HUB","China",,
"413","4","4","3","53"," ","Stein Nilsen",,"75","221","2000-2-14","Oslo","AKE","Norway",,
"413","4","4","3","54"," ","Stein Nilsen",,"75","221","2000-2-14","Oslo","AKE","Norway",,
"413","4","4","3","55"," ","Stein Nilsen",,"75","221","2000-2-14","Oslo","AKE","Norway",,
"413","4","4","3","56"," ","Stein Nilsen",,"75","221","2000-2-14","Oslo","AKE","Norway",,
"413","4","4","3","57"," ","Stein Nilsen",,"75","221","2000-2-14","Oslo","AKE","Norway",,
"417","4","4","3","69"," ","Mushu The Dragon",,"74","225","2011-11-3","Rouses Point","NY","China",,
"417","4","4","3","70"," ","Mushu The Dragon",,"74","225","2011-11-3","Rouses Point","NY","China",,
"417","4","4","3","71"," ","Mushu The Dragon",,"74","225","2011-11-3","Rouses Point","NY","China",,
"430","4","4","3","53"," ","Thor Odinson",,"77","250","1995-10-28","Oslo","AKE","Norway",,
"435","4","4","3","56"," ","Anna Pontecorvo",,"65","150","2000-7-14","Bari","APU","Italy",,
"435","4","4","3","57"," ","Anna Pontecorvo",,"65","150","2000-7-14","Bari","APU","Italy",,
"440","4","4","3","56"," ","Bork Lazer",,"75","286","2000-9-28","Minneapolis","MN","The United States",,
"447","4","4","3","53"," ","Thorbjorn Gunnarson",,"72","190","2000-4-5","Oslo","AKE","Norway",,
"447","4","4","3","54"," ","Thorbjorn Gunnarson",,"72","190","2000-4-5","Oslo","AKE","Norway",,
"447","4","4","3","55"," ","Thorbjorn Gunnarson",,"72","190","2000-4-5","Oslo","AKE","Norway",,
"449","4","4","3","54"," ","Ryu Jones",,"73","195","2000-12-9","Kobe","HYO","Japan",,
"449","4","4","3","55"," ","Ryu Jones",,"73","195","2000-12-9","Kobe","HYO","Japan",,
"449","4","4","3","56"," ","Ryu Jones",,"73","195","2000-12-9","Kobe","HYO","Japan",,
"449","4","4","3","57"," ","Ryu Jones",,"73","195","2000-12-9","Kobe","HYO","Japan",,
"450","4","4","3","68"," ","Adam Prpich",,"73","208","2008-11-9","Zagreb","GRA","Croatia",,
"450","4","4","3","69"," ","Adam Prpich",,"73","208","2008-11-9","Zagreb","GRA","Croatia",,
"452","4","4","3","55"," ","Vili Afalava",,"72","208","1999-3-1","Nukualofa","TON","Tonga",,
"452","4","4","3","56"," ","Vili Afalava",,"72","208","1999-3-1","Nukualofa","TON","Tonga",,
"454","4","4","3","53"," ","Grapefruit Lizard",,"83","300","2000-10-8","Fredrikstad","?ST","Norway",,
"454","4","4","3","54"," ","Grapefruit Lizard",,"83","300","2000-10-8","Fredrikstad","?ST","Norway",,
"454","4","4","3","56"," ","Grapefruit Lizard",,"83","300","2000-10-8","Fredrikstad","?ST","Norway",,
"454","4","4","3","57"," ","Grapefruit Lizard",,"83","300","2000-10-8","Fredrikstad","?ST","Norway",,
"456","4","4","3","56"," ","Mikael Koskinen",,"74","195","2000-7-15","Philadelphia","PA","The United States",,
"456","4","4","3","57"," ","Mikael Koskinen",,"74","195","2000-7-15","Philadelphia","PA","The United States",,
"460","4","4","3","56"," ","Kenji Sugimoto",,"71","181","2000-3-4","Osaka","OSA","Japan",,
"461","4","4","3","69"," ","Grimmjow Jaegerjaquez",,"73","176","2009-7-5","St. Louis","MI","The United States",,
"461","4","4","3","70"," ","Grimmjow Jaegerjaquez",,"73","176","2009-7-5","St. Louis","MI","The United States",,
"461","4","4","3","71"," ","Grimmjow Jaegerjaquez",,"73","176","2009-7-5","St. Louis","MI","The United States",,
"468","4","4","3","54"," ","Hiroshi Ohira",,"72","190","2001-11-20","Hiroshima","HIR","Japan",,
"475","4","4","3","55"," ","Hubert Andrews",,"71","190","2001-8-15","Waterville","NY","The United States",,
"487","4","4","3","55"," ","Slava Petrov",,"70","175","2000-4-2","Moscow","MOS","Russia",,
"487","4","4","3","56"," ","Slava Petrov",,"71","175","2000-4-2","Moscow","MOS","Russia",,
"487","4","4","3","57"," ","Slava Petrov",,"71","175","2000-4-2","Moscow","MOS","Russia",,
"487","4","4","3","58"," ","Slava Petrov",,"71","175","2000-4-2","Moscow","MOS","Russia",,
"491","4","4","3","69"," ","Luca Pane",,"68","202","2011-2-26","Milan","LOM","Italy",,
"497","4","4","3","55"," ","Stan Q. Next",,"74","220","2001-10-11","Santo Domingo","DIS","Dominican Republi",,
"508","4","4","3","58"," ","Salzberger Lillehammersson",,"74","205","2002-4-3","Trondheim","S?R","Norway",,
"508","4","4","3","59"," ","Salzberger Lillehammersson",,"74","205","2002-4-3","Trondheim","S?R","Norway",,
"508","4","4","3","60"," ","Salzberger Lillehammersson",,"74","205","2002-4-3","Trondheim","S?R","Norway",,
"514","4","4","3","61"," ","Pasta the Turtle",,"72","230","2001-11-29","Toronto","ON","Canada",,
"515","4","4","3","58"," ","Kappa Kappa",,"74","210","2002-6-14","Oslo","AKE","Norway",,
"515","4","4","3","59"," ","Kappa Kappa",,"74","210","2002-6-14","Oslo","AKE","Norway",,
"515","4","4","3","60"," ","Kappa Kappa",,"74","210","2002-6-14","Oslo","AKE","Norway",,
"519","4","4","3","55"," ","Adrian Ayers",,"74","211","2002-4-17","Ayr","SCO","Scotland",,
"533","4","4","3","55"," ","Tanjiro Kamado",,"74","240","2000-1-8","Rome","LAZ","Italy",,
"533","4","4","3","56"," ","Tanjiro Kamado",,"74","240","2000-1-8","Rome","LAZ","Italy",,
"533","4","4","3","57"," ","Tanjiro Kamado",,"74","240","2000-1-8","Rome","LAZ","Italy",,
"535","4","4","3","55"," ","Tres Sombreros",,"72","203","1999-3-17","Tijuana","BAJ","Mexico",,
"536","4","4","3","55"," ","Teddy Park",,"72","230","2001-10-29","San Juan","TX","The United States",,
"536","4","4","3","56"," ","Teddy Park",,"72","230","2001-10-29","San Juan","TX","The United States",,
"545","4","4","3","58"," ","Shirakami Fubuki",,"65","180","2000-3-17","Kashima","SAG","Japan",,
"545","4","4","3","69"," ","Mito Chondria",,"75","222","2011-10-26","Nicosia","REP","Russia",,
"551","4","4","3","68"," ","Connor Bedard",,"72","200","2011-12-5","Regina","SK","Canada",,
"553","4","4","3","58"," ","Bob Duncan",,"75","246","2000-9-15","Espoo","UUS","Norway",,
"553","4","4","3","59"," ","Bob Duncan",,"75","246","2000-9-15","Espoo","UUS","Norway",,
"553","4","4","3","60"," ","Bob Duncan",,"75","246","2000-9-15","Espoo","UUS","Norway",,
"562","4","4","3","56"," ","Lassi Suhonen",,"73","195","2000-5-27","Turku","SOU","Finland",,
"562","4","4","3","57"," ","Lassi Suhonen",,"73","195","2000-5-27","Turku","SOU","Finland",,
"572","4","4","3","60"," ","Senji Seteki",,"74","250","2002-11-12","North Highlands","CA","Japan",,
"572","4","4","3","61"," ","Senji Seteki",,"74","250","2002-11-12","North Highlands","CA","Japan",,
"589","4","4","3","56"," ","Monkey Mann Jr.",,"74","205","2002-11-16","Oslo","AKE","Norway",,
"603","4","4","3","65"," ","Aldo Huber",,"74","204","2002-9-6","Tampa","FL","Switzerland",,
"609","4","4","3","60"," ","Alf Magnusson",,"76","225","2003-5-19","Parkersburg","WV","Norway",,
"621","4","4","3","61"," ","Alicia Melchiott",,"72","198","2003-4-17","Rice","MN","The United States",,
"626","4","4","3","68"," ","Walter Ulrich",,"75","215","2011-10-20","Hamburg","HAM","Germany",,
"635","4","4","3","61"," ","Spack Jarrow",,"70","185","2003-9-25","Gary","IN","The United States",,
"638","4","4","3","61"," ","Sanjuro Tsubaki",,"74","185","2004-4-11","Paradise","NV","Japan",,
"645","4","4","3","61"," ","Tuuka Pack",,"74","210","2003-12-11","Hamilton","NJ","Japan",,
"645","4","4","3","62"," ","Tuuka Pack",,"74","210","2003-12-11","Hamilton","NJ","Japan",,
"645","4","4","3","70"," ","Mu Wisconsin",,"71","195","2013-4-17","Sapporo","HOK","Japan",,
"645","4","4","3","71"," ","Mu Wisconsin",,"71","195","2013-4-17","Sapporo","HOK","Japan",,
"645","4","4","3","72"," ","Mu Wisconsin",,"71","195","2013-4-17","Sapporo","HOK","Japan",,
"658","4","4","3","71"," ","Unspeakable Horror",,"72","200","2012-11-24","Oklahoma City","OK","The United States",,
"658","4","4","3","72"," ","Unspeakable Horror",,"72","200","2012-11-24","Oklahoma City","OK","The United States",,
"658","4","4","3","73"," ","Unspeakable Horror",,"72","200","2012-11-24","Oklahoma City","OK","The United States",,
"658","4","4","3","74"," ","Unspeakable Horror",,"72","200","2012-11-24","Oklahoma City","OK","The United States",,
"659","4","4","3","62"," ","Chicago Bound",,"78","275","2003-10-10","New York","NY","Russia",,
"659","4","4","3","71"," ","RIP THUNDERDOME 2013 - 2023",,"83","300","2012-12-28","Havre","MT","The United States",,
"659","4","4","3","72"," ","RIP THUNDERDOME 2013-2023",,"83","300","2012-12-28","Havre","MT","The United States",,
"661","4","4","3","61"," ","Shoyo Hinata",,"67","165","2003-12-28","West Bend","WI","Japan",,
"661","4","4","3","62"," ","Shoyo Hinata",,"67","165","2003-12-28","West Bend","WI","Japan",,
"664","4","4","3","60",".","Slavakov Vladimirashenko",,"75","225","2003-12-19","Moscow","MOS","Russia",,
"664","4","4","3","61"," ","Slavakov Vladimirashenko",,"75","225","2003-12-19","Moscow","MOS","Russia",,
"667","4","4","3","61"," ","Kentaro Kikuchi",,"74","202","2003-8-28","Whitewater","WI","Japan",,
"667","4","4","3","62"," ","Kentaro Kikuchi",,"74","202","2003-8-28","Whitewater","WI","Japan",,
"677","4","4","3","69"," ","Isak Sogard",,"74","220","2011-10-28","Bergen","NOO","Norway",,
"677","4","4","3","70"," ","Isak Sogard",,"74","220","2011-10-28","Bergen","NOO","Norway",,
"677","4","4","3","72"," ","Isak Sogard",,"74","220","2011-10-28","Bergen","NOO","Norway",,
"683","4","4","3","71"," ","Kellen Watkins",,"74","185","2012-12-27","Osaka","OSA","Japan",,
"685","4","4","3","70"," ","Jae Hyuk Choi",,"74","157","2013-6-8","Seoul","SEO","South Korea",,
"689","4","4","3","58"," ","Ryuuji Kawashima",,"76","213","2004-1-10","Kashima","IBA","Japan",,
"689","4","4","3","59"," ","Ryuuji Kawashima",,"76","213","2004-1-10","Kashima","IBA","Japan",,
"689","4","4","3","60"," ","Ryuuji Kawashima",,"76","213","2004-1-10","Kashima","IBA","Japan",,
"690","4","4","3","62"," ","Ka Chow",,"76","226","2003-10-25","Phoenix","AZ","The United States",,
"691","4","4","3","62"," ","SD Core",,"74","225","2004-3-4","San Diego","CA","The United States",,
"691","4","4","3","69"," ","Iliket Urtles",,"76","215","2011-6-29","Skarsterlân","FRI","Norway",,
"691","4","4","3","70"," ","Iliket Urtles",,"76","215","2011-6-29","Skarsterlân","FRI","Norway",,
"691","4","4","3","72"," ","Iliket Urtles",,"76","215","2011-6-29","Skarsterlân","FRI","Norway",,
"697","4","4","3","71"," ","Activity Check",,"78","200","2012-12-29","Osaka","OSA","Japan",,
"697","4","4","3","72"," ","Activity Check",,"78","200","2012-12-29","Osaka","OSA","Japan",,
"707","4","4","3","73"," ","Valerija Serapin",,"73","180","2012-10-13","Vilnius","VIL","Lithuania",,
"707","4","4","3","74"," ","Valerija Serapin",,"73","180","2012-10-13","Vilnius","VIL","Lithuania",,
"708","4","4","3","71"," ","Ubba Lodbrok",,"78","220","2014-9-30","Copenhagen","FRE","Denmark",,
"708","4","4","3","72"," ","Ubba Lodbrok",,"78","220","2014-9-30","Copenhagen","FRE","Denmark",,
"713","4","4","3","67"," ","Joshua Weber",,"74","255","2009-12-14","Berlin","BER","Germany",,
"717","4","4","3","71"," ","Sunrise Van De Schubbekutteveen",,"72","150","2012-12-16","Borsele","ZEE","The Netherlands",,
"717","4","4","3","72"," ","Sunrise Van De Schubbekutteveen",,"72","150","2012-12-16","Borsele","ZEE","The Netherlands",,
"717","4","4","3","73"," ","Sunrise Van De Schubbekutteveen",,"72","150","2012-12-16","Borsele","ZEE","The Netherlands",,
"721","4","4","3","69"," ","Kool-Aid McKinstry",,"73","188","2010-2-12","London","ENG","England",,
"724","4","4","3","70"," ","Foggy Nelson",,"81","256","2013-4-11","Thalgau","SAL","Austria",,
"729","4","4","3","71"," ","Kazuchika Okada",,"75","236","2012-12-3","Anjo","AIC","Japan",,
"729","4","4","3","72"," ","Kazuchika Okada",,"75","236","2012-12-3","Anjo","AIC","Japan",,
"736","4","4","3","71"," ","Lazer Gato",,"60","150","2013-1-9","Tijuana","BAJ","Mexico",,
"755","4","4","3","69"," ","Sydney Shaw",,"72","205","2013-3-13","Princeton","WV","The United States",,
"765","4","4","3","69"," ","Smurfunkel Dothe",,"74","200","2013-4-12","Bodø","NOR","Norway",,
"765","4","4","3","70"," ","Smurfunkel Dothe",,"74","200","2013-4-12","Bodø","NOR","Norway",,
"765","4","4","3","72"," ","Smurfunkel Dothe",,"74","200","2013-4-12","Bodø","NOR","Norway",,
"767","4","4","3","58"," ","Nikolaj Boyle",,"76","239","2002-4-28","Daugavpils","DAU","Latvia",,
"767","4","4","3","69"," ","Gnabe Dabson",,"78","225","2013-4-6","Tigard","OR","Norway",,
"767","4","4","3","70"," ","Gnabe Dabson",,"79","225","2013-4-6","Tigard","OR","Norway",,
"773","4","4","3","57"," ","Bjorn Thornsen",,"68","164","2002-5-21","Oslo","AKE","Norway",,
"773","4","4","3","58"," ","Bjorn Thornsen",,"68","164","2002-5-21","Oslo","AKE","Norway",,
"773","4","4","3","59"," ","Bjorn Thornsen",,"68","164","2002-5-21","Oslo","AKE","Norway",,
"774","4","4","3","57"," ","Vili Tuga'tuga'bo'atu",,"72","208","2002-10-29","Nukualofa","TON","Tonga",,
"774","4","4","3","58"," ","Vili Tuga'tuga'bo'atu",,"72","208","2002-10-29","Nukualofa","TON","Tonga",,
"775","4","4","3","57"," ","Ole Olson",,"75","220","2002-7-22","Notodden","TEL","Norway",,
"775","4","4","3","58"," ","Ole Olson",,"75","220","2002-7-22","Notodden","TEL","Norway",,
"775","4","4","3","59"," ","Ole Olson",,"75","220","2002-7-22","Notodden","TEL","Norway",,
"776","4","4","3","57"," ","Shion Okamoto",,"78","230","2002-6-13","Tokyo","TOK","Japan",,
"776","4","4","3","58"," ","Shion Okamoto",,"78","230","2002-6-13","Tokyo","TOK","Japan",,
"776","4","4","3","59"," ","Shion Okamoto",,"78","230","2002-6-13","Tokyo","TOK","Japan",,
"776","4","4","3","60"," ","Shion Okamoto",,"78","230","2002-6-13","Tokyo","TOK","Japan",,
"777","4","4","3","57"," ","Bjorn Jakobsen",,"82","300","2002-8-30","Oslo","AKE","Norway",,
"777","4","4","3","58"," ","Bjorn Jakobsen",,"82","300","2002-8-30","Oslo","AKE","Norway",,
"778","4","4","3","58"," ","David S. Pumpkins",,"79","257","2002-7-17","Lillehammer","OPP","Norway",,
"778","4","4","3","59"," ","David S. Pumpkins",,"79","257","2002-7-17","Lillehammer","OPP","Norway",,
"778","4","4","3","60"," ","David S. Pumpkins",,"79","257","2002-7-17","Lillehammer","OPP","Norway",,
"779","4","4","3","57"," ","Roboute Guilliman",,"72","200","2002-12-28","Oslo","AKE","Norway",,
"779","4","4","3","58"," ","Roboute Guilliman",,"72","200","2002-12-28","Oslo","AKE","Norway",,
"779","4","4","3","59"," ","Roboute Guilliman",,"72","200","2002-12-28","Oslo","AKE","Norway",,
"779","4","4","3","60"," ","Roboute Guilliman",,"72","200","2002-12-28","Oslo","AKE","Norway",,
"780","4","4","3","57"," ","Mew Two",,"79","269","2002-4-17","Tokyo","TOK","Japan",,
"784","4","4","3","70"," ","Jay Bryzi",,"77","215","2013-8-14","Poznan","WIE","Finland",,
"785","4","4","3","69"," ","Elena Maximova",,"68","151","2013-1-2","Odessa","SK","Ukraine",,
"787","4","4","3","58"," ","Luc Blouin",,"77","225","2002-10-18","Grenoble","RH?","France",,
"787","4","4","3","59"," ","Luc Blouin",,"77","225","2002-10-18","Grenoble","RH?","France",,
"790","4","4","3","60"," ","Nike Kickz Jr",,"71","185","2002-1-6","Boston","MA","The United States",,
"800","4","4","3","72"," ","Sad Ketchup",,"75","205","2013-10-15","Roswell","NM","The United States",,
"800","4","4","3","73"," ","Sad Ketchup",,"75","205","2013-10-15","Roswell","NM","The United States",,
"800","4","4","3","74"," ","Sad Ketchup",,"75","205","2013-10-15","Roswell","NM","The United States",,
"800","4","4","3","75"," ","Sad Ketchup",,"75","205","2013-10-15","Roswell","NM","The United States",,
"801","4","13","3","58"," ","Chimkin Tendy",,"80","225","2002-3-4","Zrenjanin","VOJ","Serbia",,
"804","4","4","3","71"," ","Jean-Francois Bokassa",,"69","258","2013-9-2","Bangui","BAN","Central African R",,
"804","4","4","3","73"," ","Jean-Francois Bokassa",,"69","258","2013-9-2","Bangui","BAN","Central African R",,
"826","4","4","3","70"," ","Ally Mathieson",,"74","181","2015-2-22","Ski","AKE","Norway",,
"826","4","4","3","72"," ","Ally Mathieson",,"74","181","2015-2-22","Ski","AKE","Norway",,
"830","4","4","3","71"," ","Edward Flinders",,"76","225","2014-12-11","Reykjavík","HöF","Iceland",,
"841","4","4","3","70"," ","Filip Svatos",,"71","190","2014-11-12","Komarno","NIT","Slovakia",,
"841","4","4","3","71"," ","Filip Svatos",,"72","190","2014-11-12","Komarno","NIT","Slovakia",,
"842","4","4","3","70"," ","Furious Chicken",,"81","200","2015-1-11","Heerlen","ZUI","The Netherlands",,
"842","4","4","3","71"," ","Furious Chicken",,"81","200","2015-1-11","Heerlen","ZUI","The Netherlands",,
"842","4","4","3","72"," ","Furious Chicken",,"81","200","2015-1-11","Heerlen","ZUI","The Netherlands",,
"844","4","4","3","71"," ","Drew Sureshot",,"74","210","2015-2-6","Flossmoor","IL","The United States",,
"848","4","4","3","70"," ","Boho Biscuit",,"74","230","2014-12-27","Seoul","SEO","South Korea",,
"854","4","4","3","70"," ","Brock Samson",,"77","218","2014-12-1","Madison","WI","The United States",,
"854","4","4","3","71"," ","Brock Samson",,"77","218","2014-12-1","Madison","WI","The United States",,
"854","4","4","3","73"," ","Brock Samson",,"77","218","2014-12-1","Madison","WI","The United States",,
"855","4","4","3","70"," ","Bellamy Blake",,"74","206","2014-11-19","Victoria Point","QLD","Australia",,
"866","4","4","3","70"," ","Inactive Forever",,"67","165","2015-1-24","Osaka","OSA","Japan",,
"866","4","4","3","71"," ","Inactive Forever",,"67","165","2015-1-24","Osaka","OSA","Japan",,
"872","4","4","3","70"," ","Shootin Blanks",,"73","206","2014-11-11","Wiener Neustadt","NIE","Austria",,
"885","4","4","3","70"," ","Marshall Madden",,"76","180","2014-12-16","Redding","CA","The United States",,
"890","4","4","3","70"," ","Erik Erikson",,"73","202","2014-12-1","Tromsø","TRO","Norway",,
"893","4","4","3","71"," ","The Murray",,"72","240","2015-5-7","Bogota","BOG","Colombia",,
"910","4","4","3","58"," ","Videl Valor",,"75","215","2003-9-28","Tokyo","TOK","Japan",,
"910","4","4","3","59"," ","Videl Valor",,"75","215","2003-9-28","Tokyo","TOK","Japan",,
"910","4","4","3","60"," ","Videl Valor",,"75","215","2003-9-28","Tokyo","TOK","Japan",,
"910","4","4","3","61"," ","Videl Valor",,"75","215","2003-9-28","Tokyo","TOK","Japan",,
"924","4","4","3","59"," ","Satoru Gojo",,"75","205","2004-4-7","Tokyo","TOK","Japan",,
"924","4","4","3","60"," ","Satoru Gojo",,"75","205","2004-4-7","Tokyo","TOK","Japan",,
"924","4","4","3","62"," ","Satoru Gojo",,"75","205","2004-4-7","Tokyo","TOK","Japan",,
"926","4","4","3","59"," ","Gonzo Gobbledygook",,"76","240","2004-2-4","Oslo","AKE","Norway",,
"926","4","4","3","60"," ","Gonzo Gobbledygook",,"77","240","2004-2-4","Oslo","AKE","Norway",,
"951","4","4","3","59"," ","Bloody Oath",,"77","210","2004-7-6","Melbourne","VIC","Australia",,
"961","4","4","3","59"," ","Monsieur Pingy Pingu Lunga Gumba Esq",,"70","150","2004-6-5","Wellington","WEL","New Zealand",,
"961","4","4","3","60"," ","Monsieur Pingy Pingu Lunga Gumba Esq",,"71","150","2004-6-5","Wellington","WEL","New Zealand",,
"961","4","4","3","61"," ","Monsieur Pingy Pingu Lunga Gumba Esq",,"71","150","2004-6-5","Wellington","WEL","New Zealand",,
"961","4","4","3","62"," ","Monsieur Pingy Pingu Lunga Gumba Esq",,"71","150","2004-6-5","Wellington","WEL","New Zealand",,
"969","4","4","3","59"," ","Strawberry Sailfish",,"63","150","2004-9-4","Melbourne","VIC","Australia",,
"1026","4","4","3","60"," ","Jamal Nightingale",,"64","200","2000-11-10","Spanish Town","SAI","Jamaica",,
"1026","4","4","3","61"," ","Jamal Nightingale",,"74","200","2000-11-10","Spanish Town","SAI","Jamaica",,
"1026","4","4","3","62"," ","Jamal Nightingale",,"74","200","2000-11-10","Spanish Town","SAI","Jamaica",,
"1026","4","4","3","63"," ","Jamal Nightingale",,"74","200","2000-11-10","Spanish Town","SAI","Jamaica",,
"1026","4","4","3","64"," ","Jamal Nightingale",,"74","200","2000-11-10","Spanish Town","SAI","Jamaica",,
"1057","4","4","3","62"," ","Osada Tamura",,"75","170","2000-12-19","Tokyo","TOK","Japan",,
"1060","4","4","3","61"," ","Titanus Mosura",,"80","280","2000-9-1","Tokyo","TOK","Japan",,
"1060","4","4","3","62"," ","Titanus Mosura",,"80","280","2000-9-1","Tokyo","TOK","Japan",,
"1066","4","4","3","60"," ","Ahlo Kysoka",,"73","210","2000-8-21","Troms?","TRO","Norway",,
"1067","4","4","3","60"," ","Conner Tanner",,"68","240","2000-6-23","Osaka","OSA","Japan",,
"1067","4","4","3","61"," ","Conner Tanner",,"78","240","2000-6-23","Osaka","OSA","Japan",,
"1067","4","4","3","62"," ","Conner Tanner",,"78","240","2000-6-23","Osaka","OSA","Japan",,
"1068","4","4","3","60"," ","Jay Cue","Fumbles","76","235","2000-10-19","Lisbon","LIS","Portugal",,
"1068","4","4","3","61"," ","Jay Cue","Fumbles","76","235","2000-10-19","Lisbon","LIS","Portugal",,
"1068","4","4","3","62"," ","Jay Cue","Fumbles","76","235","2000-10-19","Lisbon","LIS","Portugal",,
"1068","4","4","3","63"," ","Jay Cue","Fumbles","76","223","2000-10-19","Lisbon","LIS","Portugal",,
"1069","4","4","3","60"," ","Rusty Remao",,"72","222","2000-5-4","Los Angeles","CA","Japan",,
"1069","4","4","3","61"," ","Rusty Remao",,"72","222","2000-5-4","Los Angeles","CA","Japan",,
"1069","4","4","3","62"," ","Rusty Remao",,"72","222","2000-5-4","Los Angeles","CA","Japan",,
"1069","4","4","3","63"," ","Rusty Remao",,"72","222","2000-5-4","Los Angeles","CA","Japan",,
"1070","4","4","3","60"," ","Jacob Ward",,"73","190","2000-12-14","Tokyo","TOK","Japan",,
"1071","4","4","3","60"," ","Christian Kinsinger",,"74","212","2000-9-6","Roskilde","ROS","Denmark",,
"1071","4","4","3","61"," ","Christian Kinsinger",,"74","212","2000-9-6","Roskilde","ROS","Denmark",,
"1071","4","4","3","62"," ","Christian Kinsinger",,"74","212","2000-9-6","Roskilde","ROS","Denmark",,
"1071","4","4","3","72"," ","Aksel VINSen",,"73","195","2017-8-9","Oslo","AKE","Norway",,
"1072","4","4","3","60","Joe","Akashi SixNine",,"78","213","2000-5-10","Calgary","AB","Canada",,
"1073","4","4","3","72"," ","Jae-ik Barron",,"72","192","2016-4-1","Seongnam","GYE","South Korea",,
"1075","4","4","3","64"," ","Jonas Johansson",,"77","220","2000-2-2","Detroit","MI","Sweden",,
"1076","4","4","3","61"," ","Frederico Von Schnicktenburg","Von Schnicktenbur","76","227","2000-8-15","Aarhus","ARH","Denmark",,
"1083","4","4","3","61"," ","Emeril Lagasse",,"67","250","2000-12-19","Fall River","WI","Japan",,
"1083","4","4","3","62"," ","Emeril Lagasse",,"67","250","2000-12-19","Fall River","WI","Japan",,
"1083","4","4","3","63"," ","Emeril Lagasse",,"67","250","2000-12-19","Fall River","WI","Japan",,
"1084","4","4","3","61"," ","Giannis Kroustis",,"76","235","2000-3-24","Athens","ATT","Greece",,
"1084","4","4","3","62"," ","Giannis Kroustis",,"76","235","2000-3-24","Athens","ATT","Greece",,
"1171","4","4","3","73"," ","Cracker Pizza",,"72","200","2017-6-28","St. Louis","MI","The United States",,
"1184","4","4","3","72"," ","Mike Badcock",,"81","169","2017-6-28","Tokyo","TOK","Japan",,
"1185","4","4","3","72"," ","Jussi Mutou",,"76","195","2017-6-28","Kyoto","KYO","Japan",,
"1186","4","4","3","72"," ","Ho Lee-Smokes",,"74","205","2017-6-28","Osaka","OSA","Japan",,
"1187","4","4","3","72"," ","Five-Hole Sieve",,"75","200","2017-6-28","Petaling Jaya","SEL","Malaysia",,
"1187","4","4","3","73"," ","Five-Hole Sieve",,"75","200","2017-6-28","Petaling Jaya","SEL","Malaysia",,
"1188","4","4","3","72"," ","Kenny Omega",,"72","218","2017-6-28","Winnipeg","MB","Canada",,
"1190","4","4","3","73"," ","Shawn Pawn",,"72","200","2017-6-28","City of Industry","CA","The United States",,
"1190","4","4","3","74"," ","Shawn Pawn",,"72","200","2017-6-28","City of Industry","CA","The United States",,
"1190","4","4","3","75"," ","Shawn Pawn",,"72","200","2017-6-28","City of Industry","CA","The United States",,
"1196","4","4","3","73"," ","Bartholomew Chungus Gingersnap III",,"73","205","2017-6-28","Chungju","CHU","The United States",,
"1203","4","4","3","74"," ","Yerik Akmetzhanov",,"78","245","2017-6-28","Almaty","ALM","Kazakhstan",,
"1208","4","4","3","73"," ","Brandon Gilleyes",,"62","300","2017-6-28","Nuuk","NUU","Greenland",,
"1209","4","4","3","73"," ","Jimothee Penjiman",,"79","285","2017-6-28","Emerald","QLD","Australia",,
"1209","4","4","3","74"," ","Jimothee Penjiman",,"79","285","2017-6-28","Emerald","QLD","Australia",,
"1209","4","4","3","75"," ","Jimothee Penjiman",,"79","285","2017-6-28","Emerald","QLD","Australia",,
"1209","4","4","3","76"," ","Jimothee Penjiman",,"79","285","2017-6-28","Emerald","QLD","Australia",,
"1210","4","4","3","73"," ","Luma Lee",,"76","265","2016-6-28","Kuala Lumpur","KUA","Malaysia",,
"1210","4","4","3","74"," ","Luma Lee",,"76","265","2016-6-28","Kuala Lumpur","KUA","Malaysia",,
"1210","4","4","3","75"," ","Luma Lee",,"76","265","2016-6-28","Kuala Lumpur","KUA","Malaysia",,
"1211","4","4","3","73"," ","Mikkel Enevoldsen",,"76","230","2017-6-28","Aalborg","NOR","Denmark",,
"1212","4","4","3","73"," ","Sabage Cabage",,"71","200","2017-6-28","Moscow","MOS","Russia",,
"1213","4","4","3","73"," ","Stun Gun",,"63","250","2017-6-28","Victoria","THE","Seychelles",,
"1214","4","4","3","73"," ","Tony Blundetto",,"69","180","2017-6-28","Cedar Grove","NJ","The United States",,
"1248","4","4","3","73"," ","Andrade La Sombra",,"71","210","2018-6-28","Durango","DUR","Mexico",,
"1248","4","4","3","74"," ","Andrade La Sombra",,"71","210","2018-6-28","Durango","DUR","Mexico",,
"1249","4","4","3","73"," ","Bean Beanman Jr",,"75","205","2018-6-28","Charlottetown","PE","Canada",,
"1250","4","4","3","73"," ","Mia Lavoie",,"67","200","2018-6-28","Beauceville","QC","Canada",,
"1257","4","4","3","74"," ","Journey Man",,"70","180","2018-6-28","New York","NY","The United States",,
"1257","4","4","3","75"," ","Journey Man",,"70","180","2018-6-28","New York","NY","The United States",,
"1257","4","4","3","76"," ","Journey Man",,"70","180","2018-6-28","New York","NY","The United States",,
"1257","4","4","3","77"," ","Journey Man",,"70","180","2018-6-28","New York","NY","The United States",,
"1304","4","4","3","62"," ","Tam Bunnings",,"73","205","2006-8-17","Wagga Wagga","NSW","Australia",,
"1304","4","4","3","65"," ","Tam Bunnings",,"73","205","2006-8-17","Wagga Wagga","NSW","Australia",,
"1305","4","4","3","62"," ","Tim Bunnings",,"76","220","2006-11-12","Wagga Wagga","NSW","Australia",,
"1305","4","4","3","65"," ","Tim Bunnings",,"76","220","2006-11-12","Wagga Wagga","NSW","Australia",,
"1306","4","4","3","62"," ","Emerson Porzingis",,"71","210","2006-1-26","Liepaja","LIE","Latvia",,
"1318","4","4","3","63"," ","Dave Heinrich",,"69","160","2006-12-9","Murrieta","CA","The United States",,
"1319","4","4","3","63"," ","Dexter Kirk",,"70","200","2006-8-22","May Pen","CLA","Jamaica",,
"1320","4","4","3","63"," ","Drakocarr Sunazzo",,"77","215","2006-1-31","Cheektowaga","NY","The United States",,
"1324","4","4","3","63"," ","Nathan McMathews",,"72","200","2006-7-2","Verona","MS","The United States",,
"1338","4","4","3","66"," ","Skoomina Hulk a Votto II",,"73","185","2010-5-7","Dry Prong","LA","Switzerland",,
"1358","4","4","3","66"," ","Brendan Laroux",,"76","224","2010-8-2","Sainte-Verge","POI","France",,
"1377","4","4","3","75"," ","Karter Mendenhall",,"77","213","2018-6-28","Philadelphia","PA","The United States",,
"1380","4","4","3","74"," ","Vincent van Gogh",,"77","210","2018-6-28","Amsterdam","NOO","The Netherlands",,
"1380","4","4","3","75"," ","Vincent van Gogh",,"77","210","2018-6-28","Amsterdam","NOO","The Netherlands",,
"1380","4","4","3","76"," ","Vincent van Gogh",,"77","210","2018-6-28","Amsterdam","NOO","The Netherlands",,
"1381","4","4","3","74"," ","Song Ju-gong",,"71","195","2018-6-28","Busan","BUS","South Korea",,
"1381","4","4","3","75"," ","Song Ju-gong",,"71","195","2018-6-28","Busan","BUS","South Korea",,
"1381","4","4","3","76"," ","Song Ju-gong",,"71","195","2018-6-28","Busan","BUS","South Korea",,
"1381","4","4","3","77"," ","Song Ju-gong",,"71","195","2018-6-28","Busan","BUS","South Korea",,
"1382","4","4","3","74"," ","Simon Kotek",,"74","202","2018-6-28","Bratislava","BRA","Slovakia",,
"1383","4","4","3","74"," ","Mauga",,"79","245","2018-6-28","Apia","API","Samoa",,
"1384","4","4","3","74"," ","Mathias Olivera",,"72","190","2018-6-28","Montevideo","MON","Uruguay",,
"1385","4","4","3","74"," ","Kal Akar Kekkonen",,"78","240","2018-6-28","Melbourne","VIC","Australia",,
"1385","4","4","3","75"," ","Kal Akar Kekkonen",,"78","240","2018-6-28","Melbourne","VIC","Australia",,
"1385","4","4","3","76"," ","Kal Akar Kekkonen",,"78","240","2018-6-28","Melbourne","VIC","Australia",,
"1386","4","4","3","74"," ","Jennifer Huh",,"69","150","2019-6-28","Seoul","SEO","South Korea",,
"1386","4","4","3","75"," ","Jennifer Huh",,"71","150","2019-6-28","Seoul","SEO","South Korea",,
"1387","4","4","3","74"," ","Jack Keigan",,"75","220","2018-6-28","Melbourne","VIC","Australia",,
"1387","4","4","3","75"," ","Jack ""Jumpshot"" Keigan",,"75","220","2018-6-28","Melbourne","VIC","Australia",,
"1387","4","4","3","76"," ","Jack ""Jumpshot"" Keigan",,"75","220","2018-6-28","Melbourne","VIC","Australia",,
"1387","4","4","3","77"," ","Jack ""Jumpshot"" Keigan",,"75","220","2018-6-28","Melbourne","VIC","Australia",,
"1388","4","4","3","74"," ","Dom Pongston",,"76","198","2017-6-28","Newcastle","NSW","Australia",,
"1389","4","4","3","74"," ","Demir Bellona",,"71","185","2018-6-28","Florence","TUS","Italy",,
"1390","4","4","3","74"," ","Benji Hockiwi",,"71","200","2018-6-28","Wellington","WEL","New Zealand",,
"1390","4","4","3","75"," ","Benji Hockiwi",,"71","200","2018-6-28","Wellington","WEL","New Zealand",,
"1390","4","4","3","76"," ","Benji Hockiwi",,"71","200","2018-6-28","Wellington","WEL","New Zealand",,
"1390","4","4","3","77"," ","Benji Hockiwi",,"71","200","2018-6-28","Wellington","WEL","New Zealand",,
"1395","4","4","3","66"," ","Logan Scott",,"73","187","2010-3-22","Ottawa","ON","Canada",,
"1437","4","4","3","65"," ","Matt Tress",,"77","200","2007-6-23","Karvina","MOR","Czech Republic",,
"1446","4","4","3","64"," ","Red Kirkby",,"72","225","2007-9-13","Auckland","AUC","New Zealand",,
"1448","4","4","3","64"," ","Duke MacDonald-Gagné",,"77","200","2007-10-21","Mbandaka","ÉQU","Congo",,
"1454","4","4","3","63"," ","Mads McBride",,"72","198","2007-11-6","Miami Beach","FL","The United States",,
"1455","4","4","3","63"," ","Binko Koivu",,"79","300","2007-5-23","Windhoek","KHO","Namibia",,
"1455","4","4","3","64"," ","Binko Koivu",,"79","300","2007-5-23","Windhoek","KHO","Namibia",,
"1456","4","4","3","63"," ","Ashley Stubbs",,"75","210","2007-2-25","Fredensborg","FRE","Denmark",,
"1457","4","4","3","63"," ","Richard Dickbutt McFudderdudder II",,"74","210","2007-9-8","Geelong","VIC","Australia",,
"1458","4","4","3","63"," ","JR Frankenstero",,"71","192","2007-7-22","Reykjavík","HöF","Iceland",,
"1458","4","4","3","65"," ","JR Frankenstero",,"71","192","2007-7-22","Reykjavík","HöF","Iceland",,
"1459","4","4","3","63"," ","Beneroid Giganticron",,"74","220","2007-6-18","Kyoto","KYO","Japan",,
"1460","4","4","3","63"," ","Nina Tucker",,"61","150","2007-8-10","Yokosuka","KAN","Japan",,
"1461","4","4","3","63"," ","Tres Sombreos II",,"76","240","2007-11-16","Irapuato","GUA","Mexico",,
"1461","4","4","3","64"," ","Tres Sombreos II",,"76","240","2007-11-16","Irapuato","GUA","Mexico",,
"1461","4","4","3","65"," ","Tres Sombreos II",,"76","240","2007-11-16","Irapuato","GUA","Mexico",,
"1462","4","4","3","63"," ","Jericho Styles",,"75","180","2007-9-7","Kyoto","KYO","Japan",,
"1462","4","4","3","64"," ","Jericho Styles",,"75","180","2007-9-7","Kyoto","KYO","Japan",,
"1463","4","4","3","63"," ","Dalton Canders",,"71","211","2007-3-9","Memphis","TN","The United States",,
"1464","4","4","3","63"," ","Gregory Hemmingway",,"77","238","2007-10-13","Seminole","FL","The United States",,
"1465","4","4","3","63"," ","C.J Broussard",,"68","162","2007-11-10","Dublin","DUB","Ireland",,
"1488","4","4","3","77"," ","Argenti Gorilla",,"71","300","2020-6-28","Kampala","CEU","Uganda",,
"1488","4","4","3","78"," ","Argenti Gorilla",,"71","300","2020-6-28","Kampala","CEU","Uganda",,
"1509","4","4","3","66"," ","John Manganelli",,"71","197","2010-3-24","Washington Park","FL","The United States",,
"1529","4","4","3","76"," ","Smitty Werbenjaegermanjensen",,"79","265","2020-6-28","Rita","MAJ","Marshall Islands",,
"1543","4","4","3","76"," ","Cade de Vries",,"79","265","2019-6-28","Amsterdam","NOO","The Netherlands",,
"1543","4","4","3","77"," ","Cade de Vries",,"80","265","2019-6-28","Amsterdam","NOO","The Netherlands",,
"1543","4","4","3","78"," ","Cade de Vries",,"80","265","2019-6-28","Amsterdam","NOO","The Netherlands",,
"1549","4","4","3","76"," ","The Cod Father",,"74","155","2019-6-28","Lisbon","LIS","Portugal",,
"1549","4","4","3","78"," ","The Cod Father",,"74","155","2019-6-28","Lisbon","LIS","Portugal",,
"1566","4","4","3","75"," ","Ylib Kove",,"74","198","2019-6-28","Quebec City","QC","Canada",,
"1567","4","4","3","75"," ","Stavros Kondos",,"75","211","2019-6-28","Athens","ATT","Greece",,
"1567","4","4","3","76"," ","Stavros Kondos",,"75","211","2019-6-28","Athens","ATT","Greece",,
"1567","4","4","3","77"," ","Stavros Kondos",,"75","211","2019-6-28","Athens","ATT","Greece",,
"1567","4","4","3","78"," ","Stavros Kondos",,"75","211","2019-6-28","Athens","ATT","Greece",,
"1568","4","4","3","75"," ","Peppi Guiseppe",,"74","190","2019-6-28","Wellington","WEL","New Zealand",,
"1568","4","4","3","76"," ","Peppi Guiseppe",,"74","190","2019-6-28","Wellington","WEL","New Zealand",,
"1569","4","4","3","75"," ","Noah Smith",,"73","224","2018-6-28","Sydney","NSW","Australia",,
"1570","4","4","3","75"," ","Matviy Cajabi",,"73","200","2019-6-28","Kramatorsk","DON","Ukraine",,
"1571","4","4","3","75"," ","Jamie Fraser",,"75","210","2019-6-28","Inverness","SCO","Scotland",,
"1571","4","4","3","76"," ","Jamie Fraser",,"75","210","2019-6-28","Inverness","SCO","Scotland",,
"1571","4","4","3","77"," ","Jamie Fraser",,"75","210","2019-6-28","Inverness","SCO","Scotland",,
"1571","4","4","3","78"," ","Jamie Fraser",,"75","210","2019-6-28","Inverness","SCO","Scotland",,
"1572","4","4","3","75"," ","Deth Klaw",,"74","250","2019-6-28","Los Angeles","CA","The United States",,
"1572","4","4","3","76"," ","Deth Klaw",,"74","250","2019-6-28","Los Angeles","CA","The United States",,
"1573","4","4","3","75"," ","3WW Wingmate-Roc",,"73","200","2019-6-28","Philadelphia","PA","The United States",,
"1573","4","4","3","78"," ","3WW Wingmate-Roc",,"73","200","2019-6-28","Philadelphia","PA","The United States",,
"1617","4","4","3","66"," ","Rikkert Biemans",,"73","200","2008-7-19","Shady Hollow","TX","The United States",,
"1636","4","4","3","64"," ","Tom Taylor",,"72","210","2008-9-3","Matsumoto","NAG","Japan",,
"1637","4","4","3","64"," ","Portgas D. Ace",,"73","180","2008-5-29","Niigata","NII","Japan",,
"1637","4","4","3","65"," ","Portgas D. Ace",,"73","180","2008-5-29","Niigata","NII","Japan",,
"1638","4","4","3","64"," ","Reed Kobo",,"77","230","2008-11-30","Tacoma","WA","The United States",,
"1639","4","4","3","64"," ","M'Baku Olubori",,"76","230","2008-1-28","Pleasant Prairie","WI","The United States",,
"1639","4","4","3","65"," ","M'Baku Olubori",,"76","230","2008-1-28","Pleasant Prairie","WI","The United States",,
"1639","4","4","3","67"," ","M'Baku Olubori",,"76","230","2006-3-18","Hunter","OH","Nigeria",,
"1640","4","4","3","64"," ","C Jobin",,"75","215","2008-7-31","Grand Prairie","TX","The United States",,
"1641","4","4","3","64"," ","Slava Ukrani",,"76","210","2008-6-18","Brooklyn","NY","Ukraine",,
"1642","4","4","3","64"," ","BASE PACK",,"81","300","2008-8-26","Albany","NY","New Zealand",,
"1642","4","4","3","65"," ","BASE PACK",,"81","300","2008-8-26","Albany","NY","New Zealand",,
"1642","4","4","3","66"," ","BASE PACK",,"81","300","2008-8-26","Orocovis","PON","New Zealand",,
"1643","4","4","3","64"," ","Richard Frederick",,"72","200","2008-6-27","Cincinnati","OH","The United States",,
"1644","4","4","3","64"," ","Olivia Kunai",,"81","200","2008-10-5","Chattanooga","TN","The United States","Ghana",
"1645","4","4","3","64"," ","Wesley Sorensen",,"74","192","2008-9-15","Urbana","IL","The United States",,
"1645","4","4","3","65"," ","Wesley Sorensen",,"74","192","2008-9-15","Urbana","IL","The United States",,
"1646","4","4","3","64"," ","Donovan Danhausen",,"70","180","2008-5-3","Boynton Beach","FL","The United States",,
"1647","4","4","3","64"," ","Benson Florentini",,"70","190","2008-9-21","Livingston","NJ","The United States",,
"1648","4","4","3","64"," ","Sash Shamaz",,"68","150","2008-9-24","Merzig","SAA","Germany",,
"1648","4","4","3","65"," ","Sash Shamaz",,"70","150","2008-9-24","Merzig","SAA","Germany",,
"1650","4","4","3","65"," ","Capy Bara",,"81","200","2008-1-20","Tokyo","TOK","Japan",,
"1651","4","4","3","65"," ","Pass Forfeit",,"76","204","2008-10-26","Mayville","WI","France",,
"1651","4","4","3","66"," ","Pass Forfeit",,"76","204","2008-10-26","Hillsboro","OH","France",,
"1653","4","4","3","66"," ","Leon Lokitonov",,"74","205","2008-3-13","Willowbrook","CA","The United States",,
"1657","4","4","3","65"," ","Dimitris Chrysanthos",,"75","207","2008-7-22","Millis","MA","The United States",,
"1658","4","4","3","66"," ","Sir Devior",,"72","200","2008-12-30","Onojo","FUK","Japan",,
"1669","4","4","3","78"," ","Slava Kasyanenko",,"74","195","2021-6-6","Omsk","OMS","Russia",,
"1677","4","4","3","77"," ","Cristoforo Roccamontepiano",,"72","158","2021-6-28","Venice","VEN","Italy",,
"1677","4","4","3","78"," ","Cristoforo Roccamontepiano",,"72","158","2021-6-28","Venice","VEN","Italy",,
"1679","4","4","3","77"," ","Andrea Morandi",,"75","175","2021-6-28","Florence","TUS","Italy",,
"1699","4","4","3","78"," ","Yuri Boyka III",,"75","230","2020-6-28","Moscow","MOS","Russia",,
"1702","4","4","3","66"," ","Todd Cook",,"76","200","2010-1-29","Levittown","PA","Canada",,
"1702","4","4","3","77"," ","McLovin",,"74","196","2020-6-28","Lviv","LVI","Ukraine",,
"1702","4","4","3","78"," ","McLovin",,"74","196","2020-6-28","Lviv","LVI","Ukraine",,
"1702","4","4","3","79"," ","McLovin",,"74","196","2020-6-28","Lviv","LVI","Ukraine",,
"1706","4","4","3","66"," ","Swig McJigger",,"72","200","2010-11-2","Ayr","ON","Canada",,
"1711","4","4","3","76"," ","Baron Samedi",,"80","230","2020-6-28","Havana","LA","Cuba",,
"1712","4","4","3","76"," ","Elvar Gil-Galad",,"81","220","2020-6-28","Reykjavík","HöF","Iceland",,
"1712","4","4","3","77"," ","Elvar Gil-Galad",,"81","220","2020-6-28","Reykjavík","HöF","Iceland",,
"1713","4","4","3","76"," ","Hockey Player",,"73","200","2020-6-28","Colorado City","CO","The United States",,
"1714","4","4","3","76"," ","Olafur Atlason",,"77","230","2020-6-28","Reykjavík","HöF","Iceland",,
"1715","4","4","3","76"," ","Raw Cheese McPickle",,"80","270","2020-6-28","Niagara Falls","NY","The United States",,
"1715","4","4","3","77"," ","Raw Cheese McPickle",,"80","270","2020-6-28","Niagara Falls","NY","The United States",,
"1715","4","4","3","78"," ","Raw Cheese McPickle",,"80","270","2020-6-28","Niagara Falls","NY","The United States",,
"1716","4","4","3","76"," ","Simon Science",,"75","195","2020-6-28","Copenhagen","FRE","Denmark",,
"1748","4","4","3","79"," ","Levon Dojkic",,"75","220","2021-3-31","Bratislava","BRA","Slovakia",,
"1748","4","4","3","80"," ","Levon Dojkic",,"75","220","2021-3-31","Bratislava","BRA","Slovakia",,
"1748","4","4","3","81"," ","Levon Dojkic",,"75","220","2021-3-31","Bratislava","BRA","Slovakia",,
"1754","4","4","3","66"," ","Isaac Forty-One",,"73","200","2009-10-28","Nybro","KAL","Switzerland",,
"1767","4","4","3","79"," ","Big Sweg",,"83","300","2021-4-21","Helsinki","UUS","Finland",,
"1797","4","4","3","65"," ","Izumi Curtis",,"83","300","2009-11-16","Kagoshima","KAG","Japan",,
"1798","4","4","3","65"," ","Danil Ivanovic",,"73","180","2009-6-27","Koper","OBA","Slovenia",,
"1799","4","4","3","65"," ","Adam Prpich",,"75","208","2009-5-25","Zagreb","GRA","Croatia",,
"1801","4","4","3","65"," ","Dany Frackin-Heatley",,"70","200","2009-2-11","Chigasaki","KAN","Japan",,
"1802","4","4","3","79"," ","Shiny Rainbow",,"73","180","2021-9-28","Vila do Conde","NOR","Portugal",,
"1802","4","4","3","80"," ","Shiny Rainbow",,"73","180","2021-9-28","Vila do Conde","NOR","Portugal",,
"1802","4","4","3","81"," ","Shiny Rainbow",,"73","180","2021-9-28","Vila do Conde","NOR","Portugal",,
"1805","4","4","3","66"," ","Pablo Pombo",,"76","222","2009-8-2","Columbia Falls","MT","Brazil",,
"1814","4","4","3","78"," ","Dominic Enselmo",,"71","197","2021-10-27","Salerno","CAM","Italy",,
"1829","4","4","3","78"," ","Oatmeal Josephsdottir",,"72","238","2021-10-25","Reykjavík","HöF","Iceland",,
"1829","4","4","3","79"," ","Oatmeal Josephsdottir",,"72","238","2021-10-25","Reykjavík","HöF","Iceland",,
"1830","4","4","3","77"," ","Boofa Benson",,"83","275","2020-6-28","Perth","WA","Australia",,
"1830","4","4","3","78"," ","Boofa Benson",,"83","275","2020-6-28","Perth","WA","Australia",,
"1831","4","4","3","77"," ","Clarence Worley",,"76","220","2021-6-28","Valletta","INN","Malta",,
"1831","4","4","3","78"," ","Clarence Worley",,"76","220","2021-6-28","Valletta","INN","Malta",,
"1832","4","4","3","77"," ","Hvaik",,"76","196","2021-6-28","Tórshavn","TóR","Faroe Islands",,
"1833","4","4","3","77"," ","James Hogan",,"71","185","2021-6-28","Sydney","NSW","Australia",,
"1834","4","4","3","77"," ","Presley Armstrong",,"75","190","2021-6-28","Kharkiv","KHA","Ukraine",,
"1835","4","4","3","77"," ","Solaire of Astora",,"83","300","2021-6-28","Calhoun","GA","The United States",,
"1835","4","4","3","78"," ","Solaire of Astora",,"83","300","2021-6-28","Calhoun","GA","The United States",,
"1835","4","4","3","79"," ","Solaire of Astora",,"83","300","2021-6-28","Calhoun","GA","The United States",,
"1836","4","4","3","77"," ","TJ Smex",,"72","185","2021-6-28","Vatican City","VAC","Vatican City",,
"1836","4","4","3","78"," ","TJ Smex",,"72","185","2021-6-28","Vatican City","VAC","Vatican City",,
"1836","4","4","3","79"," ","TJ Smex",,"72","185","2021-6-28","Vatican City","VAC","Vatican City",,
"1838","4","4","3","78"," ","Zsigmond Popovics",,"72","150","2022-6-28","Budapest","BUD","Hungary",,
"1838","4","4","3","79"," ","Zsigmond Popovics",,"72","150","2022-6-28","Budapest","BUD","Hungary",,
"1842","4","4","3","78"," ","Peter",,"76","210","2021-6-28","New Delhi","DEL","India",,
"1842","4","4","3","79"," ","Peter",,"76","210","2021-6-28","New Delhi","DEL","India",,
"1842","4","4","3","80"," ","Peter",,"76","210","2021-6-28","New Delhi","DEL","India",,
"2001","4","4","3","78"," ","Doom Guy",,"82","300","2022-6-28","Death Valley Junction","CA","The United States",,
"2102","4","4","3","80"," ","Damante Gogi",,"73","207","2022-6-28","Hamilton","ON","Canada",,
"2109","4","4","3","80"," ","Benjamin Theodore",,"73","209","2022-6-28","Thunder Bay","ON","Canada",,
"2132","4","4","3","79"," ","Tiny Princess",,"80","240","2022-6-28","Batman","BAT","Turkey",,
"2133","4","4","3","79"," ","River Yekaterina Volkova",,"71","192","2022-6-28","Hillerød","FRE","Denmark",,
"2133","4","4","3","80"," ","River Yekaterina Volkova",,"71","192","2022-6-28","Hillerød","FRE","Denmark",,
"2134","4","4","3","79"," ","Pavel Mintyukov",,"73","200","2022-6-28","Moscow","MOS","Russia",,
"2135","4","4","3","79"," ","Martin Mackerelmore",,"78","243","2022-6-28","Krakow","MAL","Poland",,
"2136","4","4","3","79"," ","Kim Chaewon",,"74","200","2022-6-28","Seoul","SEO","South Korea",,
"2138","4","4","3","79"," ","jiels",,"76","160","2022-6-28","Panama","PAN","Panama",,
"2139","4","4","3","79"," ","Jamal Freaky",,"61","300","2022-6-28","Batman","BAT","Turkey",,
"2140","4","4","3","79"," ","Enlightened Centrist",,"78","220","2022-6-28","Suva","CEN","Fiji",,
"2140","4","4","3","80"," ","Enlightened Centrist",,"78","220","2022-6-28","Suva","CEN","Fiji",,
"2140","4","4","3","81"," ","Enlightened Centrist",,"78","220","2022-6-28","Suva","CEN","Fiji",,
"2140","4","4","3","82"," ","Enlightened Centrist",,"78","220","2022-6-28","Suva","CEN","Fiji",,
"2141","4","4","3","79"," ","Chungledown Bim",,"77","220","2022-6-28","Vatican City","VAC","Vatican City",,
"2142","4","4","3","79"," ","Brodir Aleifrsson",,"75","235","2022-6-28","Odense","FYN","Denmark",,
"2162","4","4","3","80"," ","DarthDaevin",,"77","275","2022-6-28","Yellowknife","NT","Canada",,
"2314","4","4","3","81"," ","Jack Ryan",,"73","188","2023-6-28","Baltimore","MD","The United States",,
"2322","4","4","3","80"," ","Dakota Glover",,"75","210","2023-6-28","Spokane","WA","The United States",,
"2323","4","4","3","80"," ","Franjo Frankopan Jelacic",,"72","200","2023-6-28","Zagreb","GRA","Croatia",,
"2324","4","4","3","80"," ","Hoss Howler",,"75","225","2023-6-28","Tampa","FL","The United States",,
"2325","4","4","3","80"," ","Koen Boekbinder",,"75","204","2023-6-28","Amsterdam","NOO","The Netherlands",,
"2325","4","4","3","81"," ","Koen Boekbinder",,"75","204","2023-6-28","Amsterdam","NOO","The Netherlands",,
"2325","4","4","3","82"," ","Koen Boekbinder",,"75","204","2023-6-28","Amsterdam","NOO","The Netherlands",,
"2326","4","4","3","80"," ","Lukas Dostal",,"74","190","2023-6-28","Brno","JHM","Czech Republic",,
"2327","4","4","3","80"," ","Matti Brynjarsson",,"73","187","2023-6-28","Akureyri","NOR","Iceland",,
"2327","4","4","3","81"," ","Matti Brynjarsson",,"73","187","2023-6-28","Akureyri","NOR","Iceland",,
"2328","4","4","3","80"," ","Optimus Autonomous",,"72","190","2023-6-28","Vatican City","VAC","Vatican City",,
"2329","4","4","3","80"," ","Pasta the Turtle II",,"83","300","2023-6-28","Vatican City","VAC","Vatican City",,
"2329","4","4","3","81"," ","Pasta the Turtle II",,"83","300","2023-6-28","Vatican City","VAC","Vatican City",,
"2330","4","4","3","80"," ","Reg Kirkby",,"70","200","2023-6-28","Wellington","WEL","New Zealand",,
"2330","4","4","3","81"," ","Reg Kirkby",,"70","200","2023-6-28","Wellington","WEL","New Zealand",,
"2331","4","4","3","80"," ","Soobin",,"73","180","2023-6-28","Ansan","GYE","South Korea",,
"2331","4","4","3","81"," ","Soobin",,"73","180","2023-6-28","Ansan","GYE","South Korea",,
"2332","4","4","3","80"," ","Troy Martone",,"78","215","2023-6-28","Anaheim","CA","The United States",,
"2332","4","4","3","81"," ","Troy Martone",,"78","215","2023-6-28","Anaheim","CA","The United States",,
"2435","4","4","3","82"," ","Yuri Satoshi",,"77","228","2024-6-28","Osaka","OSA","Japan",,
"2443","4","4","3","83"," ","Jose Brodeur",,"77","200","2024-6-28","Tokyo","TOK","Japan",,
"2443","4","4","3","84"," ","Jose Brodeur",,"77","200","2024-6-28","Tokyo","TOK","Japan",,
"2446","4","4","3","82"," ","Mikko Rashford II",,"71","180","2024-6-28","Beira","SOF","Mozambique",,
"2446","4","4","3","83"," ","Mikko Rashford II",,"71","180","2024-6-28","Beira","SOF","Mozambique",,
"2446","4","4","3","84"," ","Mikko Rashford II",,"71","180","2024-6-28","Beira","SOF","Mozambique",,
"2467","4","4","3","82"," ","Brain Fluid Explosion",,"71","155","2024-6-28","Memmingerberg","BAV","The United States",,
"2477","4","4","3","82"," ","Artyom Kuznetsov",,"75","240","2024-6-28","Tolbazy","BAS","Russia",,
"2477","4","4","3","83"," ","Artyom Kuznetsov",,"75","240","2024-6-28","Tolbazy","BAS","Russia",,
"2477","4","4","3","84"," ","Artyom Kuznetsov",,"75","240","2024-6-28","Tolbazy","BAS","Russia",,
"2507","4","4","3","81"," ","Chinweike H.I. Valentine-Okoli",,"76","209","2024-6-28","Enugu","ENU","Nigeria",,
"2508","4","4","3","81"," ","D-Rok",,"70","190","2024-6-28","Odesa","ODE","Ukraine",,
"2510","4","4","3","81"," ","Johan Lodewyk",,"73","200","2024-6-28","Mosselbay","WES","South Africa",,
"2511","4","4","3","81"," ","Kimar Timonen",,"72","185","2024-6-28","Hollywood","SC","The United States",,
"2511","4","4","3","82"," ","Kimar Timonen",,"72","185","2024-6-28","Hollywood","SC","The United States",,
"2512","4","4","3","81"," ","Leon el-Messin't",,"68","150","2024-6-28","Rosario","SAN","Argentina",,
"2512","4","4","3","82"," ","Leon el-Messin't",,"68","150","2024-6-28","Rosario","SAN","Argentina",,
"2512","4","4","3","83"," ","Leon el-Messin't",,"68","150","2024-6-28","Rosario","SAN","Argentina",,
"2512","4","4","3","84"," ","Leon el-Messin't",,"68","150","2024-6-28","Rosario","SAN","Argentina",,
"2513","4","4","3","81"," ","Meredydd Meyrick",,"74","220","2024-6-28","Cardiff","WAL","Wales",,
"2514","4","4","3","81"," ","Patryk Dziadek",,"74","187","2024-6-28","Zabrze","SLA","Poland",,
"2515","4","4","3","81"," ","Rondellus-Ringo Raamat",,"73","200","2024-6-28","Tallinn","HAR","Estonia",,
"2515","4","4","3","82"," ","Rondellus-Ringo Raamat",,"73","200","2024-6-28","Tallinn","HAR","Estonia",,
"2641","4","4","3","83"," ","Haddie Minch",,"69","200","2025-6-28","Taunton","ENG","England",,
"2660","4","4","3","81"," ","Erkki Kaila",,"72","201","2024-6-28","Helsinge","FRE","Denmark",,
"2662","4","4","3","79"," ","Khalfani",,"74","230","2022-6-28","Nairobi","NAI","Kenya",,
"2662","4","4","3","80"," ","Khalfani",,"74","230","2022-6-28","Nairobi","NAI","Kenya",,
"2662","4","4","3","81"," ","Khalfani",,"74","230","2022-6-28","Nairobi","NAI","Kenya",,
"2678","4","4","3","82"," ","Charles Leclerc",,"73","195","2025-6-28","Monte Carlo","MON","Monaco",,
"2679","4","4","3","82"," ","Chase Huntington",,"75","227","2025-6-28","Leicester","ENG","England",,
"2679","4","4","3","83"," ","Chase Huntington",,"75","227","2025-6-28","Leicester","ENG","England",,
"2679","4","4","3","84"," ","Chase Huntington",,"75","227","2025-6-28","Leicester","ENG","England",,
"2679","4","4","3","85"," ","Chase Huntington",,"75","227","2025-6-28","Leicester","ENG","England",,
"2680","4","4","3","82"," ","Darnell Mohamed Johnson Herrera",,"76","230","2025-6-28","Mexico City","DIS","Mexico",,
"2680","4","4","3","83"," ","Darnell Mohamed Johnson Herrera",,"76","230","2025-6-28","Mexico City","DIS","Mexico",,
"2680","4","4","3","84"," ","Darnell Mohamed Johnson Herrera",,"76","230","2025-6-28","Mexico City","DIS","Mexico",,
"2681","4","4","3","82"," ","Henry Ofskalitz",,"72","210","2025-6-28","Skalite","ZIL","Czech Republic",,
"2682","4","4","3","82"," ","Luka Lilja",,"74","205","2025-6-28","South Park Township","PA","The United States",,
"2682","4","4","3","83"," ","Luka Lilja",,"75","205","2025-6-28","South Park Township","PA","The United States",,
"2683","4","4","3","82"," ","Lurtz Makoare",,"76","290","2025-6-28","Vatican City","VAC","The United States",,
"2684","4","4","3","82"," ","Mashop De Devilwok",,"68","224","2025-6-28","Kingston","KIN","Jamaica",,
"2685","4","4","3","82"," ","Old Man from Scene 24",,"74","200","2025-6-28","Vatican City","VAC","The United States",,
"2685","4","4","3","83"," ","Old Man from Scene 24",,"74","200","2025-6-28","Vatican City","VAC","The United States",,
"2685","4","4","3","84"," ","Old Man from Scene 24",,"74","200","2025-6-28","Vatican City","VAC","The United States",,
"2686","4","4","3","82"," ","Rocko Kirkby",,"80","290","2025-6-28","Queenstown","OTA","New Zealand",,
"2686","4","4","3","83"," ","Rocko Kirkby",,"80","290","2025-6-28","Queenstown","OTA","New Zealand",,
"2686","4","4","3","84"," ","Rocko Kirkby",,"80","290","2025-6-28","Queenstown","OTA","New Zealand",,
"2687","4","4","3","82"," ","Thunderspeaker",,"74","230","2025-6-28","Vatican City","VAC","Vatican City",,
"2687","4","4","3","83"," ","Thunderspeaker",,"74","230","2025-6-28","Vatican City","VAC","Vatican City",,
"2688","4","4","3","82"," ","Wal Rus",,"78","210","2025-6-28","Swansea","WAL","Wales",,
"2805","4","4","3","85"," ","Ren Lee",,"75","200","2026-6-28","Hong Kong Island","HON","Hong Kong",,
"2858","4","4","3","83"," ","Wendys Frosty",,"71","180","2026-6-28","Port of Spain","POR","Trinidad & Tobago",,
"2858","4","4","3","85"," ","Wendys Frosty",,"71","180","2026-6-28","Port of Spain","POR","Trinidad & Tobago",,
"2859","4","4","3","83"," ","Vyacheslav Shevchenko",,"74","179","2026-6-28","Rogachyov","GOM","Belarus",,
"2859","4","4","3","84"," ","Vyacheslav Shevchenko",,"75","179","2026-6-28","Rogachyov","GOM","Belarus",,
"2859","4","4","3","85"," ","Vyacheslav Shevchenko",,"75","179","2026-6-28","Rogachyov","GOM","Belarus",,
"2860","4","4","3","83"," ","Sergei Rovanov",,"67","200","2026-6-28","Moscow","MOS","Russia",,
"2860","4","4","3","84"," ","Sergei Rovanov",,"68","200","2026-6-28","Moscow","MOS","Russia",,
"2860","4","4","3","85"," ","Sergei Rovanov",,"68","200","2026-6-28","Moscow","MOS","Russia",,
"2861","4","4","3","83"," ","Senna Palou",,"72","193","2026-6-28","Barcelona","BAR","Spain",,
"2861","4","4","3","84"," ","Senna Palou",,"72","193","2026-6-28","Barcelona","BAR","Spain",,
"2862","4","4","3","83"," ","Resetti",,"76","200","2026-6-28","Vatican City","VAC","Vatican City",,
"2862","4","4","3","84"," ","Resetti",,"76","200","2026-6-28","Vatican City","VAC","Vatican City",,
"2863","4","4","3","83"," ","McDonalds BigMac",,"73","195","2026-6-28","Port of Spain","POR","Trinidad & Tobago",,
"2863","4","4","3","84"," ","McDonalds BigMac",,"73","195","2026-6-28","Port of Spain","POR","Trinidad & Tobago",,
"2864","4","4","3","83"," ","Chef Marco",,"81","220","2026-6-28","Toledo","IL","The United States",,
"2864","4","4","3","84"," ","Chef Marco",,"81","220","2026-6-28","Toledo","IL","The United States",,
"2864","4","4","3","85"," ","Chef Marco",,"81","220","2026-6-28","Toledo","IL","The United States",,
"2865","4","4","3","83"," ","Boko Fluffington III",,"73","230","2026-6-28","Kwekwe","MID","Zimbabwe",,
"2865","4","4","3","84"," ","Boko Fluffington III",,"73","230","2026-6-28","Kwekwe","MID","Zimbabwe",,
"2865","4","4","3","85"," ","Boko Fluffington III",,"73","230","2026-6-28","Kwekwe","MID","Zimbabwe",,
"2866","4","4","3","83"," ","Austvins Matthews",,"75","225","2026-6-28","Cancuc","CHI","Mexico",,
"2866","4","4","3","84"," ","Austvins Matthews",,"75","225","2026-6-28","Cancuc","CHI","Mexico",,
"2866","4","4","3","85"," ","Austvins Matthews",,"75","225","2026-6-28","Cancuc","CHI","Mexico",,
"2975","4","4","3","85"," ","Mustrum Ridcully",,"80","300","2027-6-28","Vatican City","VAC","Vatican City",,
"2992","4","4","3","85"," ","Temur Gorgashvili",,"79","225","2027-6-28","Tkvarcheli","ABK","Georgia",,
"3001","4","4","3","85"," ","Lord Humongous",,"83","275","2027-6-28","Australind","WA","Australia",,
"3018","4","4","3","84"," ","Zaheer Zilliams",,"77","219","2027-6-28","Vatican City","VAC","Vatican City",,
"3018","4","4","3","85"," ","Zaheer Zilliams",,"77","219","2027-6-28","Vatican City","VAC","Vatican City",,
"3019","4","4","3","84"," ","Robbie Schuurmans",,"77","200","2027-6-28","Maasdonk","NOO","The Netherlands",,
"3019","4","4","3","85"," ","Robbie Schuurmans",,"78","200","2027-6-28","Maasdonk","NOO","The Netherlands",,
"3020","4","4","3","84"," ","Pinto Tavares",,"73","200","2027-6-28","Sanok","POD","Poland",,
"3020","4","4","3","85"," ","Pinto Tavares",,"73","200","2027-6-28","Sanok","POD","Poland",,
"3021","4","4","3","84"," ","Logan Wright",,"75","215","2027-6-28","Vatican City","VAC","Vatican City",,
"3194","4","4","3","85"," ","The Snow Dog",,"80","250","2028-6-28","Vatican City","VAC","Vatican City",,
"3195","4","4","3","85"," ","The only true death is to never live Eastwood-Cuddles",,"74","222","2028-6-28","Victoria","THE","Seychelles",,
"3196","4","4","3","85"," ","Robert Kralj",,"68","170","2028-6-28","Maribor","POD","Slovenia",,
"3197","4","4","3","85"," ","Opportunities multiply as they are seized Eastwood-Cuddles",,"81","300","2028-6-28","Victoria","THE","Seychelles",,
"3198","4","4","3","85"," ","Dominik Yankov",,"71","205","2028-6-28","Sofia","SOF","Bulgaria",,
"3199","4","4","3","85"," ","Dante Alighieri",,"75","230","2028-6-28","Rome","LAZ","Italy",,
"900000","4","4","3","67"," ","Alexi Piastri",,"70","184","2008-2-1","Toledo","OH","Australia",,
"900000","4","4","3","68"," ","Alexi Piastri",,"70","184","2008-2-1","Toledo","OH","Australia",,
"900000","4","4","3","69"," ","Alexi Piastri",,"70","184","2008-2-1","Toledo","OH","Australia",,
"900017","4","4","3","66"," ","Deemed Inappropriate",,"78","230","2010-11-8","Bellmawr","NJ","The United States",,
"900020","4","4","3","69"," ","Hai Nam Hoang",,"67","151","2009-4-2","Buon Me Thuot","THA","Vietnam",,
"900025","4","4","3","69"," ","John Brown",,"75","204","2009-7-10","Las Vegas","NV","The United States",,
"900026","4","1","3","53"," ","Johnny Shuffleboard",,"62","180","2000-12-1","New York","NY","The United States",,
"900032","4","4","3","66"," ","Nevek Kove",,"73","195","2010-9-9","Quebec City","QC","Canada",,
"900033","4","4","3","66"," ","Nikolai Skovgaard",,"78","215","2009-6-11","Stochov","STR","Denmark",,
"900033","4","4","3","67"," ","Nikolai Skovgaard",,"78","215","2007-10-14","Amherst","OH","Denmark",,
"900033","4","4","3","68"," ","Nikolai Skovgaard",,"78","215","2007-10-14","Amherst","OH","Denmark",,
"900035","4","4","3","67"," ","Pawter Meowski",,"75","230","2008-7-20","Oslo","AKE","Norway",,
"900035","4","4","3","68"," ","Pawter Meowski",,"75","230","2008-7-20","Oslo","AKE","Norway",,
"900035","4","4","3","69"," ","Pawter Meowski",,"75","230","2008-7-20","Oslo","AKE","Norway",,
"900047","4","4","3","65"," ","Sophie Bordeleau",,"68","155","2008-3-29","Swan River","MB","Canada",,
"900052","4","4","3","67"," ","Tom Pedersen",,"71","210","2007-7-29","Boda","LOB","Norway",,
"900053","4","4","3","64"," ","Tommi Koivu",,"76","220","2008-2-11","New Territory","TX","The United States",,
"900053","4","4","3","65"," ","Tommi Koivu",,"76","220","2008-2-11","New Territory","TX","The United States",,
"900054","4","4","3","66"," ","Toshiro Kojima",,"74","208","2010-1-6","Tokyo","TOK","Japan",,
"900054","4","4","3","68"," ","Toshiro Kojima",,"74","208","2011-10-21","Tokyo","TOK","Japan",,
"2","5","5","3","55"," ","Phillip Weaver",,"72","195","2000-12-4","Toronto","ON","Canada",,
"2","5","5","3","56"," ","Phillip Weaver",,"72","195","2000-12-4","Toronto","ON","Canada",,
"12","5","5","3","54"," ","Conner Hutton",,"72","178","1989-2-5","Saskatoon","SK","Canada",,
"12","5","5","3","55"," ","Conner Hutton",,"72","178","2000-2-5","Saskatoon","SK","Canada",,
"23","5","5","3","53"," ","Jason Desrouleaux",,"72","194","2000-8-1","Toronto","ON","Canada",,
"23","5","5","3","54"," ","Jason Desrouleaux",,"73","194","2000-8-1","Toronto","ON","Canada",,
"23","5","5","3","55"," ","Jason Desrouleaux",,"72","194","2000-8-1","Toronto","ON","Canada",,
"23","5","5","3","56"," ","Jason Desrouleaux",,"72","194","2000-8-1","Toronto","ON","Canada",,
"31","5","5","3","53"," ","Renji Atake",,"75","210","2000-8-30","Winnipeg","MB","Canada",,
"31","5","5","3","54"," ","Renji Atake",,"75","210","2000-8-30","Winnipeg","MB","Canada",,
"31","5","5","3","55"," ","Renji Atake",,"75","210","2000-8-30","Winnipeg","MB","Canada",,
"31","5","5","3","57"," ","Renji Atake",,"75","210","2000-8-30","Winnipeg","MB","Canada",,
"31","5","5","3","58"," ","Renji Atake",,"75","210","2000-8-30","Winnipeg","MB","Canada",,
"31","5","5","3","59"," ","Renji Atake",,"75","210","2000-8-30","Winnipeg","MB","Canada",,
"31","5","5","3","60"," ","Renji Atake",,"75","210","2000-8-30","Winnipeg","MB","Canada",,
"31","5","5","3","61"," ","Renji Atake",,"75","210","2000-8-30","Winnipeg","MB","Canada",,
"39","5","5","3","53"," ","Luciano Vessot",,"73","198","2000-11-10","Toronto","ON","Canada",,
"55","5","5","3","53"," ","Morgan Forestier",,"74","204","2000-8-16","Drummondville","QC","Canada",,
"56","5","5","3","56"," ","Daedalus James",,"75","220","2000-11-24","Calgary","AB","Canada",,
"56","5","5","3","58"," ","Daedalus James",,"75","220","2000-11-24","Calgary","AB","Canada",,
"63","5","5","3","56"," ","Walter Burke",,"73","203","2000-10-14","Listowel","ON","Canada",,
"63","5","5","3","57"," ","Walter Burke",,"73","203","2000-10-14","Listowel","ON","Canada",,
"63","5","5","3","58"," ","Walter Burke",,"73","203","2000-10-14","Listowel","ON","Canada",,
"64","5","5","3","55"," ","Gudmundur Kristjansson",,"73","185","2000-6-4","Reykjav?k","H?F","Iceland",,
"64","5","5","3","56"," ","Gudmundur Kristjansson",,"73","185","2000-6-4","Reykjav?k","H?F","Iceland",,
"84","5","5","3","53"," ","Thicc Cheezy",,"73","215","2000-3-11","Calgary","AB","Canada",,
"111","5","5","3","54"," ","Axel Foley",,"75","229","1992-6-1","Red Deer","AB","Canada",,
"111","5","5","3","55"," ","Axel Foley",,"75","229","1992-6-1","Red Deer","AB","Canada",,
"111","5","5","3","56"," ","Axel Foley",,"75","229","1992-6-1","Red Deer","AB","Canada",,
"115","5","5","3","54"," ","Vincent Wolfe",,"74","227","1990-2-12","Quebec City","QC","Canada",,
"115","5","5","3","55"," ","Vincent Wolfe",,"74","227","1999-2-12","Quebec City","QC","Canada",,
"115","5","5","3","58"," ","Vincent Wolfe",,"74","227","1999-2-12","Quebec City","QC","Canada",,
"134","5","5","3","56"," ","Damien Vertigo",,"74","198","2000-6-21","Toronto","ON","Canada",,
"134","5","5","3","57"," ","Damien Vertigo",,"74","198","2000-6-21","Toronto","ON","Canada",,
"134","5","5","3","58"," ","Damien Vertigo",,"74","198","2000-6-21","Toronto","ON","Canada",,
"142","5","5","3","69"," "," Roc",,"76","250","2009-4-15","Sunnyvale Trailer Park","NS","Canada",,
"142","5","5","3","70"," "," Roc",,"76","250","2009-4-15","Sunnyvale Trailer Park","NS","Canada",,
"144","5","5","3","56"," ","Nathan Thomas",,"74","215","2000-9-2","Swift Current","SK","Canada",,
"146","5","5","3","56"," ","Kai Ichinose",,"76","200","2000-5-27","Calgary","AB","Canada",,
"155","5","5","3","53"," ","Johnny Patey",,"72","195","2000-1-12","Toronto","ON","Canada",,
"158","5","5","3","57"," ","Lord Raiden",,"73","210","1992-10-14","Washington","DC","The United States",,
"165","5","5","3","53"," ","Separa Borro",,"74","190","2000-1-5","Ottawa","ON","Canada",,
"165","5","5","3","54"," ","Separa Borro",,"74","190","2000-1-5","Ottawa","ON","Canada",,
"165","5","5","3","55"," ","Separa Borro",,"74","190","2000-1-5","Ottawa","ON","Canada",,
"166","5","5","3","67","Will","Norborne",,"71","220","2006-1-16","Hallandale Beach","FL","The United States",,
"167","5","5","3","67","Steve","Devore",,"73","182","2007-7-11","Skokie","IL","The United States",,
"168","5","5","3","67"," ","Sea Jebus",,"74","220","2009-12-4","Edmonton","AB","Canada",,
"168","5","5","3","69"," ","Sea Jebus",,"74","220","2009-12-4","Edmonton","AB","Canada",,
"168","5","5","3","70"," ","Sea Jebus",,"74","220","2009-12-4","Edmonton","AB","Canada",,
"171","5","5","3","66"," ","Bojack Calhoun",,"76","214","2010-1-6","Seffner","FL","Canada",,
"171","5","5","3","67"," ","Bojack Calhoun",,"76","225","2008-3-29","Hamilton","ON","Canada",,
"171","5","5","3","68"," ","Bojack Calhoun",,"76","225","2008-3-29","Hamilton","ON","Canada",,
"173","5","5","3","65"," ","Jonathan Mercer",,"72","195","2008-4-16","Beauharnois","QC","Canada",,
"173","5","5","3","66"," ","Jonathan Mercer",,"72","195","2008-4-16","Sainte-Thècle","QC","Canada",,
"173","5","5","3","67"," ","Jonathan Mercer",,"72","195","2005-9-13","Riverside","CA","Canada",,
"173","5","5","3","68"," ","Jonathan Mercer",,"72","195","2005-9-13","Riverside","CA","Canada",,
"175","5","5","3","67"," ","Nathaniel Barca",,"76","220","2009-12-20","Arlington","MA","Canada",,
"175","5","5","3","68"," ","Nathaniel Barca",,"76","220","2009-12-20","Arlington","MA","Canada",,
"175","5","5","3","69"," ","Nathaniel Barca",,"76","220","2009-12-20","Arlington","MA","Canada",,
"177","5","5","3","67","Earl","Buckley",,"72","193","1995-1-26","Dallas","TX","The United States",,
"178","5","5","3","55"," ","Lonnie O'Donoghue",,"72","200","2000-8-15","Flin Flon","MB","Canada",,
"178","5","5","3","67","Shawn","Miller",,"74","183","2008-5-23","Carson","CA","The United States",,
"179","5","5","3","64"," ","Ben Waters Jr.",,"74","225","2008-7-5","Saint-Jérôme","QC","Canada",,
"179","5","5","3","65"," ","Ben Waters Jr.",,"74","225","2008-7-5","Saint-Jérôme","QC","Canada",,
"179","5","5","3","66"," ","Ben Waters Jr.",,"74","225","2008-7-5","Lac-Etchemin","QC","Canada",,
"179","5","5","3","67"," ","Ben Waters Jr.",,"74","225","2006-9-30","Montreal","QC","Canada",,
"180","5","5","3","65"," ","Kezia MacKenzie",,"77","200","2008-11-26","Surrey","BC","Canada",,
"180","5","5","3","66"," ","Kezia MacKenzie",,"77","200","2008-11-26","Blind Bay","BC","Canada",,
"180","5","5","3","67"," ","Kezia MacKenzie",,"76","200","2006-6-6","Three Hills","AB","Canada",,
"183","5","5","3","67","Erwin","Palmer",,"72","195","2005-3-20","Rock Hill","SC","The United States",,
"184","5","5","3","67"," ","Edward Elric",,"75","205","2007-3-14","Pueblo","CO","Canada",,
"184","5","5","3","68"," ","Edward Elric",,"75","205","2007-3-14","Pueblo","CO","Canada",,
"186","5","5","3","67"," ","Trippy Volta",,"69","175","2010-9-17","Montreal","QC","Canada",,
"188","5","5","3","67","David","Cottingham",,"68","190","2001-11-27","Norwalk","IA","The United States",,
"189","5","5","3","67","Ryan","Lawson",,"74","194","2006-1-13","West View","PA","The United States",,
"190","5","5","3","67","Alfonso","Diaz",,"74","215","1998-1-31","Washington","DC","The United States",,
"193","5","5","3","67"," ","Jolmi Kolivu",,"73","176","2006-2-1","West Rutland","VT","Canada",,
"194","5","5","3","56"," ","Alexis Vermette",,"72","200","2000-11-7","Montreal","QC","Canada",,
"194","5","5","3","57"," ","Alexis Vermette",,"72","200","2000-11-7","Montreal","QC","Canada",,
"194","5","5","3","58"," ","Alexis Vermette",,"72","200","2000-11-7","Montreal","QC","Canada",,
"194","5","5","3","59"," ","Alexis Vermette",,"72","200","2000-11-7","Montreal","QC","Canada",,
"194","5","5","3","60"," ","Alexis Vermette",,"72","200","2000-11-7","Montreal","QC","Canada",,
"194","5","5","3","61"," ","Alexis Vermette",,"72","200","2000-11-7","Montreal","QC","Canada",,
"194","5","5","3","62"," ","Alexis Vermette",,"72","200","2000-11-7","Montreal","QC","Canada",,
"194","5","5","3","63"," ","Alexis Vermette",,"72","200","2000-11-7","Montreal","QC","Canada",,
"195","5","5","3","54"," ","Taylor Gervais",,"74","194","2000-3-4","Sherbrooke","QC","Canada",,
"195","5","5","3","57"," ","Taylor Gervais",,"74","194","2000-3-4","Sherbrooke","QC","Canada",,
"195","5","5","3","58"," ","Taylor Gervais",,"74","194","2000-3-4","Sherbrooke","QC","Canada",,
"195","5","5","3","59"," ","Taylor Gervais",,"74","194","2000-3-4","Sherbrooke","QC","Canada",,
"195","5","5","3","60"," ","Taylor Gervais",,"74","194","2000-3-4","Sherbrooke","QC","Canada",,
"195","5","5","3","61"," ","Taylor Gervais",,"74","194","2000-3-4","Sherbrooke","QC","Canada",,
"195","5","5","3","62"," ","Taylor Gervais",,"74","194","2000-3-4","Sherbrooke","QC","Canada",,
"195","5","5","3","63"," ","Taylor Gervais",,"74","194","2000-3-4","Sherbrooke","QC","Canada",,
"195","5","5","3","67","Jack","Long",,"72","197","2002-12-30","Huber Ridge","OH","The United States",,
"197","5","5","3","67","Craig","Farmer",,"73","176","1996-6-9","Fountainbleau","FL","The United States",,
"210","5","5","3","68"," ","Andy Ceylon",,"78","220","1999-3-21","Midlothian","VA","Canada",,
"210","5","5","3","69"," ","Andy Ceylon",,"78","220","1999-3-21","Midlothian","VA","Canada",,
"210","5","5","3","70"," ","Andy Ceylon",,"78","220","1999-3-21","Midlothian","VA","Canada",,
"216","5","5","3","54"," ","TURG TURG",,"71","180","1989-2-4","Banff","AB","The United States",,
"216","5","5","3","55"," ","TURG TURG",,"71","180","1989-2-4","Banff","AB","The United States",,
"216","5","5","3","56"," ","TURG TURG",,"71","180","1989-2-4","Banff","AB","The United States",,
"216","5","5","3","57"," ","TURG TURG",,"71","180","1989-2-4","Banff","AB","The United States",,
"237","5","5","3","53"," ","Jack Kanoff",,"74","220","2000-7-11","Toronto","ON","Canada",,
"254","5","5","3","53"," ","Wile Coyote",,"72","185","2000-3-8","Vancouver","BC","Canada",,
"254","5","5","3","54"," ","Wile Coyote",,"72","185","1994-10-9","Vancouver","BC","Canada",,
"254","5","5","3","55"," ","Wile Coyote",,"72","185","2000-3-8","Vancouver","BC","Canada",,
"255","5","5","3","55"," ","Rocko Strongo",,"75","220","1999-4-27","Hamilton","ON","Canada",,
"255","5","5","3","56"," ","Rocko Strongo",,"75","220","1999-4-27","Hamilton","ON","Canada",,
"262","5","5","3","56"," ","Kev Kevens",,"75","179","2000-1-3","Calgary","AB","Canada",,
"262","5","5","3","57"," ","Kev Kevens",,"75","179","2000-1-3","Calgary","AB","Canada",,
"271","5","5","3","53"," ","Luc-Pierre Lespineau-Lebr",,"74","209","2000-5-21","Montreal","QC","Canada",,
"276","5","5","3","54"," ","Gudmundur Kristjansson",,"73","185","2000-9-29","Toronto","ON","Canada",,
"288","5","5","3","53"," ","Guy LeGrande",,"78","220","2000-12-19","Newmarket","ON","Canada",,
"288","5","5","3","54"," ","Guy LeGrande",,"78","220","2000-12-19","Newmarket","ON","Canada",,
"288","5","5","3","55"," ","Guy LeGrande",,"78","220","2000-12-19","Newmarket","ON","Canada",,
"295","5","5","3","53"," ","Chet Hillier",,"72","180","2000-7-15","Edmonton","AB","Canada",,
"296","5","5","3","57"," ","Cam Nosreh",,"72","225","1991-1-11","Halifax","NS","Canada",,
"299","5","5","3","53"," ","Frans Eller",,"74","195","2000-9-14","Copenhagen","FRE","Canada","Denmark",
"299","5","5","3","54"," ","Frans Eller",,"74","195","2000-9-14","Copenhagen","FRE","Canada","Denmark",
"300","5","5","3","58"," ","Mertin Broduer",,"73","190","1990-7-10","Toronto","ON","Canada",,
"304","5","5","3","53"," ","Simon Moreau",,"73","210","2000-3-11","Laval","QC","Canada",,
"325","5","5","3","53"," ","Devin Basher",,"71","180","2000-11-15","Newmarket","ON","Canada",,
"325","5","5","3","54"," ","Devin Basher",,"71","180","1993-9-20","Newmarket","ON","Canada",,
"325","5","5","3","55"," ","Devin Basher",,"71","180","1993-9-20","Newmarket","ON","Canada",,
"325","5","5","3","56"," ","Devin Basher",,"71","180","1993-9-20","Newmarket","ON","Canada",,
"337","5","5","3","56"," ","Wen Baters",,"71","185","2000-11-21","Montreal","QC","Canada",,
"337","5","5","3","58"," ","Wen Baters",,"71","185","2000-11-21","Montreal","QC","Canada",,
"337","5","5","3","59"," ","Wen Baters",,"71","185","2000-11-21","Montreal","QC","Canada",,
"353","5","5","3","53"," ","Daniel Laforest",,"75","211","2000-1-5","Montreal","QC","Canada",,
"353","5","5","3","54"," ","Daniel Laforest",,"76","211","2000-1-5","Montreal","QC","Canada",,
"353","5","5","3","55"," ","Daniel Laforest",,"76","211","2000-1-5","Montreal","QC","Canada",,
"371","5","5","3","53"," ","PBJ Souppan",,"72","205","2000-12-23","Calgary","AB","Canada",,
"371","5","5","3","54"," ","PBJ Souppan",,"72","205","2000-12-23","Calgary","AB","Canada",,
"371","5","5","3","55"," ","PBJ Souppan",,"72","205","2000-12-23","Calgary","AB","Canada",,
"371","5","5","3","56"," ","PBJ Souppan",,"72","205","2000-12-23","Calgary","AB","Canada",,
"386","5","5","3","69"," ","Josh Latreille",,"69","190","2012-12-2","Ottawa","ON","The United States",,
"386","5","5","3","70"," ","Josh Latreille",,"71","190","2012-12-2","Ottawa","ON","Canada",,
"386","5","5","3","71"," ","Josh Latreille",,"69","190","2012-12-2","Ottawa","ON","Canada",,
"389","5","5","3","69"," ","Marquise Hill",,"73","200","2011-11-22","Toronto","ON","Canada",,
"395","5","5","3","57"," ","Brennan Huff",,"74","200","2002-8-22","Quebec City","QC","Finland",,
"395","5","5","3","58"," ","Brennan Huff",,"74","200","2002-8-22","Quebec City","QC","Finland",,
"401","5","5","3","68"," ","Cal Kono",,"71","195","2009-4-11","Penticton","BC","Canada",,
"401","5","5","3","70"," ","Cal Kono",,"71","195","2009-4-11","Penticton","BC","Canada",,
"403","5","5","3","69"," ","Louis Perreault",,"73","189","2008-6-27","Terrebonne","QC","Canada",,
"404","5","5","3","68"," ","Lester Olduser",,"72","210","2009-8-25","Vancouver","BC","Canada",,
"404","5","5","3","69"," ","Lester Olduser",,"72","210","2009-8-25","Vancouver","BC","Canada",,
"404","5","5","3","70"," ","Lester Oiduser",,"72","210","2009-8-25","Vancouver","BC","Canada",,
"414","5","5","3","53"," ","Carlos Brown",,"75","225","2000-6-7","Ottawa","ON","Canada",,
"414","5","5","3","54"," ","Carlos Brown",,"75","225","2000-6-7","Ottawa","ON","Canada",,
"414","5","5","3","55"," ","Carlos Brown",,"75","225","2000-6-7","Ottawa","ON","Canada",,
"414","5","5","3","68"," ","Cale Salad",,"74","210","2009-7-19","Saskatoon","SK","Canada",,
"414","5","5","3","69"," ","Cale Salad",,"74","210","2009-7-19","Saskatoon","SK","Canada",,
"421","5","5","3","54"," ","Alex Marshall",,"73","220","1990-7-17","Burlington","ON","Canada",,
"421","5","5","3","55"," ","Alex Marshall",,"73","220","1990-7-17","Burlington","ON","Canada",,
"421","5","5","3","56"," ","Alex Marshall",,"73","220","1990-7-17","Burlington","ON","Canada",,
"422","5","5","3","65"," ","Don Juan",,"73","198","2008-10-8","Toronto","ON","Canada",,
"422","5","5","3","66"," ","Don Juan",,"73","198","2008-10-8","Mildmay","ON","Canada",,
"424","5","5","3","68"," ","Bastien Primeau",,"73","200","2009-4-12","Montreal","QC","Canada",,
"424","5","5","3","69"," ","Bastien Primeau",,"73","200","2009-4-12","Montreal","QC","Canada",,
"424","5","5","3","70"," ","Bastien Primeau",,"73","200","2009-4-12","Montreal","QC","Canada",,
"430","5","5","3","68"," ","Walter Sobchak",,"76","210","2009-9-8","Melville","SK","Canada",,
"430","5","5","3","69"," ","Walter Sobchak",,"76","210","2009-9-8","Melville","SK","Canada",,
"430","5","5","3","70"," ","Walter Sobchak",,"76","210","2009-9-8","Melville","SK","Canada",,
"442","5","5","3","69"," ","Jacob Fournier",,"75","210","2002-5-8","Vancouver","BC","Canada",,
"446","5","5","3","53"," ","Rotticus Scott",,"72","200","2000-8-15","Laval","QC","Canada",,
"446","5","5","3","54"," ","Rotticus Scott",,"72","200","2000-8-15","Laval","QC","Canada",,
"446","5","5","3","55"," ","Rotticus Scott",,"72","200","2000-8-15","Laval","QC","Canada",,
"446","5","5","3","56"," ","Rotticus Scott",,"72","200","2000-8-15","Laval","QC","Canada",,
"455","5","5","3","53"," ","Will Windsor",,"77","240","2000-7-29","Toronto","ON","Canada",,
"455","5","5","3","54"," ","Will Windsor",,"77","240","2000-7-29","Toronto","ON","Canada",,
"455","5","5","3","55"," ","Will Windsor",,"77","240","2000-7-29","Toronto","ON","Canada",,
"457","5","5","3","53"," ","Devin Williams",,"75","240","2000-1-8","Kenora","ON","Canada",,
"457","5","5","3","54"," ","Devin Williams",,"75","240","2000-1-8","Kenora","ON","Canada",,
"457","5","5","3","55"," ","Devin Williams",,"76","240","2000-1-8","Kenora","ON","Canada",,
"458","5","5","3","53"," ","Kyle Sutton",,"71","190","2000-8-29","Ottawa","ON","Canada",,
"458","5","5","3","54"," ","Kyle Sutton",,"71","190","2000-8-29","Ottawa","ON","Canada",,
"458","5","5","3","55"," ","Kyle Sutton",,"71","190","2000-8-29","Ottawa","ON","Canada",,
"458","5","5","3","56"," ","Kyle Sutton",,"71","181","2000-8-29","Ottawa","ON","Canada",,
"462","5","5","3","54"," ","Chris Goodname",,"75","209","2001-10-13","Calgary","AB","Canada",,
"464","5","5","3","58"," ","Liam Pike",,"72","180","2001-10-5","Toronto","ON","Canada",,
"465","5","5","3","58"," ","Scott Stevens",,"74","216","2001-8-28","Kitchener","ON","Canada",,
"466","5","5","3","58"," ","Maxime Allard",,"76","215","2001-8-27","Gatineau","QC","Canada",,
"477","5","5","3","58"," ","Josh Jennings",,"73","173","2001-8-31","Vancouver","BC","Canada",,
"477","5","5","3","59"," ","Josh Jennings",,"73","173","2001-8-31","Vancouver","BC","Canada",,
"478","5","5","3","59"," ","Maxwell Carrigan",,"71","200","2001-11-5","Toronto","ON","Canada",,
"478","5","5","3","60"," ","Maxwell Carrigan",,"71","200","2001-11-5","Toronto","ON","Canada",,
"484","5","5","3","58"," ","Leon Doucet",,"75","210","2001-8-22","Quebec City","QC","Canada",,
"485","5","5","3","58"," ","Darrell Niskala",,"74","250","2001-7-2","Montreal","QC","Canada",,
"493","5","5","3","55"," ","Sachimo Zoidberg III",,"71","200","2002-3-18","Calgary","AB","Canada",,
"493","5","5","3","56"," ","Sachimo Zoidberg III",,"71","200","2002-3-18","Calgary","AB","Canada",,
"493","5","5","3","57"," ","Sachimo Zoidberg III",,"71","200","2002-3-18","Calgary","AB","Canada",,
"503","5","5","3","59"," ","Alexis Saint-Michael",,"74","200","2001-12-18","Quebec City","QC","Canada",,
"503","5","5","3","60"," ","Alexis Saint-Michael",,"74","200","2001-12-18","Quebec City","QC","Canada",,
"503","5","5","3","61"," ","Alexis Saint-Michel",,"74","200","2001-12-18","Quebec City","QC","Canada",,
"506","5","5","3","59"," ","Zak Wilson",,"72","175","2002-5-12","London","ON","Canada",,
"506","5","5","3","60"," ","Zak Wilson",,"72","175","2002-5-12","London","ON","Canada",,
"506","5","5","3","61"," ","Zak Wilson",,"72","175","2002-5-12","London","ON","Canada",,
"514","5","5","3","58"," ","Pasta the Turtle",,"72","230","2001-11-29","Toronto","ON","Canada",,
"514","5","5","3","59"," ","Pasta the Turtle",,"72","230","2001-11-29","Toronto","ON","Canada",,
"514","5","5","3","60"," ","Pasta the Turtle",,"72","230","2001-11-29","Toronto","ON","Canada",,
"517","5","5","3","59"," ","Twelve Forty-Seven Fifteen",,"72","200","2002-2-20","Vancouver","BC","Canada",,
"517","5","5","3","60"," ","Twelve Forty-Seven Fifteen",,"72","200","2002-2-20","Vancouver","BC","Canada",,
"524","5","5","3","58"," ","Aiden Gabel",,"72","185","2001-8-2","Calgary","AB","Canada",,
"527","5","5","3","58"," ","Kirk Williamson",,"67","169","2002-6-23","Toronto","ON","Canada",,
"568","5","5","3","56"," ","Evangelos Giannopoulos",,"74","195","2002-12-21","Laval","QC","Canada",,
"568","5","5","3","58"," ","Evangelos Giannopoulos",,"74","195","2002-12-21","Laval","QC","Canada",,
"578","5","5","3","56"," ","Sarah Burke",,"73","200","2002-9-16","Edmonton","AB","Canada",,
"578","5","5","3","57"," ","Sarah Burke",,"73","200","2002-9-16","Edmonton","AB","Canada",,
"604","5","5","3","61"," ","Chris McZehrl Jr.",,"74","203","2002-11-1","Dover","MA","Germany",,
"639","5","5","3","70"," ","Trevor Warner",,"74","210","2011-2-17","Jesup","GA","Canada",,
"639","5","5","3","71"," ","Trevor Warner",,"74","210","2011-2-17","Courtenay","BC","Canada",,
"649","5","5","3","61"," ","Lonley Stagan",,"77","220","2004-1-21","Moncton","NB","Canada",,
"657","5","5","3","61"," ","Ben Jammin",,"71","200","2004-4-24","Vancouver","BC","Canada",,
"657","5","5","3","62"," ","Ben Jammin",,"71","200","2004-4-24","Vancouver","BC","Canada",,
"657","5","5","3","63"," ","Ben Jammin",,"71","200","2004-4-24","Vancouver","BC","Canada",,
"657","5","5","3","64"," ","Ben Jammin",,"71","200","2004-4-24","Vancouver","BC","Canada",,
"664","5","5","3","58",".","Slavakov Vladimirashenko",,"76","225","2003-12-19","Moscow","MOS","Russia",,
"669","5","5","3","61"," ","Ignaz Pleyel",,"76","220","2003-7-18","Sooke","BC","Canada",,
"669","5","5","3","62"," ","Ignaz Pleyel",,"76","220","2003-7-18","Sooke","BC","Canada",,
"669","5","5","3","63"," ","Ignaz Pleyel",,"76","220","2003-7-18","Sooke","BC","Canada",,
"676","5","5","3","68"," ","Lance Googoo",,"71","210","2011-12-16","Cape Breton Regional Munici","NS","Canada",,
"677","5","5","3","61"," ","Dirty Boots",,"73","207","2004-3-11","Calgary","AB","Canada",,
"677","5","5","3","62"," ","Dirty Boots",,"73","217","2004-3-11","Calgary","AB","Canada",,
"679","5","5","3","61"," ","Jeff Larsson",,"73","205","2004-1-30","Langley","BC","Canada",,
"679","5","5","3","62"," ","Jeff Larsson",,"73","205","2004-1-30","Langley","BC","Canada",,
"679","5","5","3","63"," ","Jeff Larsson",,"73","205","2004-1-30","Langley","BC","Canada",,
"679","5","5","3","64"," ","Jeff Larsson",,"73","205","2004-1-30","Langley","BC","Canada",,
"680","5","5","3","61"," ","Akashi SixNine Jr",,"76","213","2003-12-21","Calgary","AB","Canada",,
"680","5","5","3","62"," ","Akashi SixNine Jr",,"76","213","2003-12-21","Calgary","AB","Canada",,
"680","5","5","3","63"," ","Akashi SixNine Jr",,"76","213","2003-12-21","Calgary","AB","Canada",,
"684","5","5","3","71"," ","Jeff Lewis",,"66","200","2012-11-2","Toronto","ON","Canada",,
"684","5","5","3","72"," ","Jeff Lewis",,"66","200","2012-11-2","Toronto","ON","Canada",,
"686","5","5","3","61"," ","Lord Skrolk",,"60","150","2003-9-25","Durham","NC","Japan",,
"688","5","5","3","68"," ","Jayden Holmes",,"72","180","2011-10-24","Toronto","ON","Canada",,
"689","5","5","3","69"," ","Clint Clampton",,"73","190","2011-10-21","Toronto","ON","Canada",,
"689","5","5","3","70"," ","Clint Clampton",,"73","190","2011-10-21","Toronto","ON","Canada",,
"700","5","5","3","68"," ","Tim Zadorov",,"78","235","2011-7-13","Calgary","AB","Canada",,
"744","5","5","3","71"," ","Nelly Celly",,"74","202","2013-11-5","Vancouver","BC","Canada",,
"744","5","5","3","72"," ","Nelly Celly",,"74","202","2013-11-5","Vancouver","BC","Canada",,
"744","5","5","3","74"," ","Nelly Celly",,"74","202","2013-11-5","Vancouver","BC","Canada",,
"749","5","5","3","75"," ","Wain Gretski",,"72","185","2014-3-19","Iqaluit","NU","Canada",,
"750","5","5","3","71"," ","Buster Knutt",,"75","280","2014-6-11","Leaf Rapids","MB","Canada",,
"750","5","5","3","72"," ","Buster Knutt",,"75","280","2014-6-11","Leaf Rapids","MB","Canada",,
"750","5","5","3","73"," ","Buster Knutt",,"75","280","2014-6-11","Leaf Rapids","MB","Canada",,
"750","5","5","3","74"," ","Buster Knutt",,"75","280","2014-6-11","Leaf Rapids","MB","Canada",,
"754","5","5","3","71"," ","Alexandros Mograine",,"72","195","2014-5-19","Toronto","ON","Canada",,
"754","5","5","3","72"," ","Alexandros Mograine",,"72","195","2014-5-19","Toronto","ON","Canada",,
"754","5","5","3","73"," ","Alexandros Mograine",,"72","195","2014-5-19","Toronto","ON","Canada",,
"759","5","5","3","57"," ","Jimmy Jimmy",,"74","163","2002-3-7","Calgary","AB","Canada",,
"761","5","5","3","57"," ","Richard LaFleur",,"71","195","2002-7-24","Vancouver","BC","Canada",,
"761","5","5","3","59"," ","Richard LaFleur",,"71","195","2002-7-24","Vancouver","BC","Canada",,
"761","5","5","3","69"," ","Alvin Wong",,"72","180","2013-3-26","Ottawa","ON","Canada",,
"762","5","5","3","57"," ","Bean Beanman",,"73","219","2002-7-23","Ottawa","ON","Canada",,
"762","5","5","3","58"," ","Bean Beanman",,"73","219","2002-7-23","Ottawa","ON","Canada",,
"762","5","5","3","59"," ","Bean Beanman",,"73","219","2002-7-23","Ottawa","ON","Canada",,
"762","5","5","3","60"," ","Bean Beanman",,"73","219","2002-7-23","Ottawa","ON","Canada",,
"763","5","5","3","57"," ","Max Goodman",,"74","205","2002-2-22","Calgary","AB","Canada",,
"763","5","5","3","58"," ","Max Goodman",,"74","205","2002-2-22","Calgary","AB","Canada",,
"764","5","5","3","57"," ","Ilya Sokolov",,"75","220","2002-4-20","Calgary","AB","Canada",,
"764","5","5","3","58"," ","Ilya Sokolov",,"75","220","2002-4-20","Calgary","AB","Canada",,
"764","5","5","3","59"," ","Ilya Sokolov",,"75","220","2002-4-20","Calgary","AB","Canada",,
"764","5","5","3","60"," ","Ilya Sokolov",,"75","220","2002-4-20","Calgary","AB","Canada",,
"764","5","5","3","61"," ","Ilya Sokolov",,"75","220","2002-4-20","Calgary","AB","Canada",,
"764","5","5","3","71"," ","Guy Incognito",,"73","190","2014-1-12","Hamilton","ON","Canada",,
"764","5","5","3","72"," ","Guy Incognito",,"73","190","2014-1-12","Hamilton","ON","Canada",,
"764","5","5","3","73"," ","Guy Incognito",,"73","190","2014-1-12","Hamilton","ON","Canada",,
"765","5","5","3","57"," ","Robert Ales",,"74","223","2002-10-1","Edmonton","AB","Canada",,
"765","5","5","3","58"," ","Robert Ales",,"74","223","2002-10-1","Edmonton","AB","Canada",,
"765","5","5","3","59"," ","Robert Ales",,"74","223","2002-10-1","Edmonton","AB","Canada",,
"765","5","5","3","60"," ","Robert Ales",,"74","223","2002-10-1","Edmonton","AB","Canada",,
"765","5","5","3","61"," ","Robert Ales",,"74","223","2002-10-1","Edmonton","AB","Canada",,
"765","5","5","3","62"," ","Robert Ales",,"74","223","2002-10-1","Edmonton","AB","Canada",,
"765","5","5","3","63"," ","Robert Ales",,"74","223","2002-10-1","Edmonton","AB","Canada",,
"766","5","5","3","57"," ","Jesse Trudeau",,"69","178","2002-8-22","Ottawa","ON","Canada",,
"766","5","5","3","59"," ","Jesse Trudeau",,"70","178","2002-8-22","Ottawa","ON","Canada",,
"766","5","5","3","60"," ","Jesse Trudeau",,"70","178","2002-8-22","Ottawa","ON","Canada",,
"767","5","5","3","57"," ","Nikolaj Boyle",,"76","239","2002-4-28","Daugavpils","DAU","Latvia",,
"768","5","5","3","57"," ","Sonata Diamante",,"73","205","2002-8-20","Catania","SIC","Italy",,
"768","5","5","3","71"," ","Arthur Kaliyev",,"74","210","2014-5-2","Brantford","ON","Canada",,
"768","5","5","3","72"," ","Arthur Kaliyev",,"74","210","2014-5-2","Brantford","ON","Canada",,
"768","5","5","3","73"," ","Arthur Kaliyev",,"74","210","2014-5-2","Brantford","ON","Canada",,
"769","5","5","3","57"," ","Tyler Burnett",,"73","205","2002-3-9","Calgary","AB","Canada",,
"769","5","5","3","58"," ","Tyler Burnett",,"73","205","2002-3-9","Calgary","AB","Canada",,
"770","5","5","3","57"," ","Marcel Laflamme",,"77","242","2002-5-22","Toronto","ON","Canada",,
"770","5","5","3","71"," ","Ryker Johnasson",,"71","180","2013-8-22","Surrey","BC","Canada",,
"773","5","5","3","71"," ","Dan Johnston",,"75","220","2014-3-12","Guelph","ON","Canada",,
"773","5","5","3","72"," ","Dan Johnston",,"75","220","2014-3-12","Guelph","ON","Canada",,
"773","5","5","3","73"," ","Dan Johnston",,"75","220","2014-3-12","Guelph","ON","Canada",,
"780","5","5","3","69"," ","Kyle Latreille",,"70","175","2012-11-21","Ottawa","ON","Canada",,
"780","5","5","3","70"," ","Kyle Latreille",,"72","175","2012-11-21","Ottawa","ON","Canada",,
"780","5","5","3","71"," ","Kyle Latreille",,"70","175","2012-11-21","Ottawa","ON","Canada",,
"780","5","5","3","72"," ","Kyle Latreille",,"70","175","2012-11-21","Ottawa","ON","Canada",,
"782","5","5","3","71"," ","Trey Daniels",,"68","217","2014-5-1","Saskatoon","SK","Canada",,
"782","5","5","3","73"," ","Trey Daniels",,"69","217","2014-5-1","Saskatoon","SK","Canada",,
"782","5","5","3","74"," ","Trey Daniels",,"69","217","2014-5-1","Saskatoon","SK","Canada",,
"787","5","5","3","60"," ","Luc Blouin",,"77","225","2002-10-18","Grenoble","RH?","France",,
"793","5","5","3","57"," ","Spencer Elsby",,"74","180","2002-4-12","Sault Ste. Marie","MI","The United States",,
"799","5","5","3","71"," ","Graham Schwartz",,"74","207","2013-7-16","Drummondville","QC","Canada",,
"799","5","5","3","72"," ","Graham Schwartz",,"74","207","2013-7-16","Drummondville","QC","Canada",,
"799","5","5","3","73"," ","Graham Schwartz",,"74","207","2013-7-16","Drummondville","QC","Canada",,
"799","5","5","3","74"," ","Graham Schwartz",,"74","207","2013-7-16","Drummondville","QC","Canada",,
"808","5","5","3","58"," ","Logan Wong",,"73","195","2002-5-13","Toronto","ON","Canada",,
"808","5","5","3","59"," ","Logan Wong",,"73","195","2002-5-13","Toronto","ON","Canada",,
"809","5","5","3","72"," ","Maxwell King II",,"70","185","2013-8-31","Winnipeg","MB","Canada",,
"809","5","5","3","73"," ","Maxwell King II",,"70","185","2013-8-31","Winnipeg","MB","Canada",,
"816","5","5","3","59"," ","Travis Konecny",,"70","174","2002-8-2","Calgary","AB","Canada",,
"816","5","5","3","72"," ","Liam Rodgers",,"74","200","2013-8-26","Vancouver","BC","Canada",,
"816","5","5","3","73"," ","Liam Rodgers",,"74","200","2013-8-26","Vancouver","BC","Canada",,
"816","5","5","3","74"," ","Liam Rodgers",,"74","200","2013-8-26","Vancouver","BC","Canada",,
"820","5","5","3","70"," ","Thomas Sawschuk",,"75","190","2015-6-22","Oshawa","ON","Canada",,
"820","5","5","3","71"," ","Thomas Sawschuk",,"75","190","2015-6-22","Oshawa","ON","Canada",,
"820","5","5","3","72"," ","Thomas Sawschuk",,"76","190","2015-6-22","Oshawa","ON","Canada",,
"820","5","5","3","73"," ","Thomas Sawschuk",,"76","190","2015-6-22","Oshawa","ON","Canada",,
"821","5","5","3","70"," ","Logan Webb",,"74","200","2015-6-9","Victoria","BC","Canada",,
"821","5","5","3","71"," ","Logan Webb",,"74","200","2015-6-9","Victoria","BC","Canada",,
"821","5","5","3","72"," ","Logan Webb",,"74","200","2015-6-9","Victoria","BC","Canada",,
"821","5","5","3","73"," ","Logan Webb",,"74","200","2015-6-9","Victoria","BC","Canada",,
"823","5","5","3","70"," ","Kevin Kim",,"72","200","2015-6-7","Edmonton","AB","Canada",,
"823","5","5","3","71"," ","Kevin Kim",,"72","200","2015-6-7","Edmonton","AB","Canada",,
"823","5","5","3","72"," ","Kevin Kim",,"72","200","2015-6-7","Edmonton","AB","Canada",,
"823","5","5","3","73"," ","Kevin Kim",,"73","200","2015-6-7","Edmonton","AB","Canada",,
"824","5","5","3","70"," ","Andre Latreille",,"71","200","2015-5-30","Ottawa","ON","Canada",,
"824","5","5","3","71"," ","Andre Latreille",,"71","200","2015-5-30","Ottawa","ON","Canada",,
"824","5","5","3","72"," ","Andre Latreille",,"72","200","2015-5-30","Ottawa","ON","Canada",,
"826","5","5","3","59"," ","Yanno Rosejac",,"71","211","2002-2-23","Toronto","ON","Canada",,
"845","5","5","3","70"," ","Luke Labrie",,"72","191","2015-5-27","Edmonton","AB","Canada",,
"852","5","5","3","70"," ","David Anderson",,"76","210","2015-5-15","London","ON","Canada",,
"852","5","5","3","71"," ","David Anderson",,"76","210","2015-5-15","London","ON","Canada",,
"852","5","5","3","72"," ","David Anderson",,"76","210","2015-5-15","London","ON","Canada",,
"855","5","5","3","61"," ","Paul Koivu",,"71","178","2003-1-20","Laval","QC","Canada",,
"855","5","5","3","62"," ","Paul Koivu",,"71","169","2003-1-20","Laval","QC","Canada",,
"855","5","5","3","63"," ","Paul Koivu",,"71","169","2003-1-20","Laval","QC","Canada",,
"855","5","5","3","64"," ","Paul Koivu",,"71","169","2003-1-20","Laval","QC","Canada",,
"862","5","5","3","70"," ","Aaron Ranger",,"75","215","2015-3-10","Chapais","QC","Canada",,
"888","5","5","3","70"," ","Nathan Cormier",,"75","200","2015-6-26","Gatineau","QC","Canada",,
"888","5","5","3","71"," ","Nathan Cormier",,"74","200","2015-6-26","Gatineau","QC","Canada",,
"888","5","5","3","72"," ","Nathan Cormier",,"74","200","2015-6-26","Gatineau","QC","Canada",,
"898","5","5","3","70"," ","Morgan Delfield",,"83","215","2015-4-25","Vancouver","BC","Canada",,
"898","5","5","3","71"," ","Morgan Delfield",,"83","215","2015-4-25","Vancouver","BC","Canada",,
"898","5","5","3","72"," ","Morgan Delfield",,"83","215","2015-4-25","Vancouver","BC","Canada",,
"921","5","5","3","59"," ","Roderic Banes",,"72","215","2004-4-18","Vancouver","BC","Canada",,
"921","5","5","3","60"," ","Roderic Banes",,"72","215","2004-4-18","Vancouver","BC","Canada",,
"921","5","5","3","61"," ","Roderic Banes",,"72","215","2004-4-18","Vancouver","BC","Canada",,
"921","5","5","3","62"," ","Roderic Banes",,"72","215","2004-4-18","Vancouver","BC","Canada",,
"934","5","5","3","59"," ","Antonio Hall",,"73","211","2005-1-26","Terrace","BC","Canada",,
"954","5","5","3","59"," ","Nor Dekes",,"74","190","2004-8-15","Toronto","ON","Canada",,
"954","5","5","3","60"," ","Nor Dekes",,"74","190","2004-8-15","Toronto","ON","Canada",,
"954","5","5","3","61"," ","Nor Dekes",,"74","190","2004-8-15","Toronto","ON","Canada",,
"957","5","5","3","59"," ","Rene Pu",,"75","185","2004-12-28","Richmond Hill","ON","Canada",,
"957","5","5","3","60"," ","Rene Pu",,"74","185","2004-12-28","Richmond Hill","ON","Canada",,
"957","5","5","3","61"," ","Rene Pu",,"74","185","2004-12-28","Richmond Hill","ON","Canada",,
"957","5","5","3","63"," ","Rene Pu",,"74","185","2004-12-28","Richmond Hill","ON","Canada",,
"965","5","5","3","59"," ","Elvis Alexander",,"72","205","2004-10-29","London","ON","Canada",,
"965","5","5","3","60"," ","Elvis Alexander",,"72","205","2004-10-29","London","ON","Canada",,
"986","5","5","3","59"," ","NeverBrokeAgain YoungBoy",,"68","160","2004-7-3","Toronto","ON","Canada",,
"986","5","5","3","60"," ","NeverBrokeAgain YoungBoy",,"68","160","2004-7-3","Toronto","ON","Canada",,
"986","5","5","3","61"," ","NeverBrokeAgain YoungBoy",,"68","160","2004-7-3","Toronto","ON","Canada",,
"988","5","5","3","59"," ","Josiah Hansen",,"73","177","2004-8-19","Regina","SK","Canada",,
"1009","5","5","3","60"," ","Big Newff",,"72","144","2000-4-9","St. John's","NL","Canada",,
"1009","5","5","3","61"," ","Big Newff",,"72","144","2000-4-9","St. John's","NL","Canada",,
"1009","5","5","3","62"," ","Big Newff",,"72","144","2000-4-9","St. John's","NL","Canada",,
"1010","5","5","3","60"," ","Ellis Lee",,"78","245","2000-1-6","Vancouver","BC","Canada",,
"1011","5","5","3","60"," ","Gabe-Gooney-Waters Harrak",,"71","170","2000-8-14","Gatineau","QC","Canada",,
"1011","5","5","3","61"," ","Gabe-Gooney-Waters Harrak",,"71","170","2000-8-14","Gatineau","QC","Canada",,
"1011","5","5","3","62"," ","Gabe-Gooney-Waters Harrak",,"71","170","2000-8-14","Gatineau","QC","Canada",,
"1011","5","5","3","63"," ","Gabe-Gooney-Waters Harrak",,"71","170","2000-8-14","Gatineau","QC","Canada",,
"1015","5","5","3","61"," ","Max Manning",,"75","195","2000-12-2","Vancouver","BC","Canada",,
"1015","5","5","3","62"," ","Max Manning",,"75","195","2000-12-2","Vancouver","BC","Canada",,
"1015","5","5","3","63"," ","Max Manning",,"75","195","2000-12-2","Vancouver","BC","Canada",,
"1039","5","5","3","61"," ","Magnus Galtisson",,"74","215","2000-3-3","Calgary","AB","Canada",,
"1040","5","5","3","61"," ","Scott Thorn",,"74","220","2000-10-24","Toronto","ON","Canada",,
"1040","5","5","3","62"," ","Scott Thorn",,"74","220","2000-10-24","Toronto","ON","Canada",,
"1040","5","5","3","63"," ","Scott Thorn",,"74","220","2000-10-24","Toronto","ON","Canada",,
"1042","5","5","3","61"," ","Kayden Pale",,"78","235","2004-6-5","Prince George","BC","Canada",,
"1042","5","5","3","62"," ","Kayden Pale",,"78","235","2004-6-5","Prince George","BC","Canada",,
"1042","5","5","3","63"," ","Kayden Pale",,"78","235","2004-6-5","Prince George","BC","Canada",,
"1043","5","5","3","61"," ","Sam Stone",,"73","210","2000-9-24","Toronto","ON","Canada",,
"1052","5","5","3","60"," ","Ida-mae Mann",,"64","205","2000-11-12","Langley","BC","Canada",,
"1053","5","5","3","60"," ","Jason Playstation",,"66","242","2000-6-2","Greenwood","IN","Japan",,
"1054","5","5","3","60"," ","Jason Lajeunesse",,"67","160","2000-10-6","Sarnia","ON","Canada",,
"1055","5","5","3","60"," ","Tommy Westbrook",,"64","220","2000-3-1","Pembroke Pines","FL","Canada",,
"1056","5","5","3","60"," ","Luca Shark",,"63","201","2000-10-27","Laval","QC","Canada",,
"1061","5","5","3","61"," ","Tommy Tightpants",,"75","205","2000-4-2","Montreal","QC","Canada",,
"1061","5","5","3","72"," ","Daniel Durkburg",,"75","194","2016-6-28","Calgary","AB","Canada",,
"1061","5","5","3","73"," ","Daniel Durkburg",,"75","194","2016-6-28","Calgary","AB","Canada",,
"1061","5","5","3","74"," ","Daniel Durkburg",,"75","194","2016-6-28","Calgary","AB","Canada",,
"1073","5","5","3","73"," ","Jae-ik Barron",,"72","192","2016-4-1","Seongnam","GYE","South Korea",,
"1159","5","5","3","72"," ","Yves D'Odeur",,"76","182","2017-6-28","Montreal","QC","Canada",,
"1159","5","5","3","73"," ","Yves D'Odeur",,"77","182","2017-6-28","Montreal","QC","Canada",,
"1189","5","5","3","73"," ","- bongo",,"71","175","2017-6-28","Sexsmith","AB","Canada",,
"1189","5","5","3","74"," ","- bongo",,"72","175","2017-6-28","Sexsmith","AB","Canada",,
"1207","5","5","3","74"," ","Pierre Mailloux",,"78","210","2017-6-28","Normandin","QC","Canada",,
"1207","5","5","3","76"," ","Pierre Mailloux",,"78","210","2017-6-28","Normandin","QC","Canada",,
"1232","5","5","3","73"," ","Lucki Blackwood",,"72","195","2017-6-28","Toronto","ON","Canada",,
"1232","5","5","3","75"," ","Lucki Blackwood",,"73","195","2017-6-28","Toronto","ON","Canada",,
"1233","5","5","3","73"," ","Just Perfection",,"76","185","2017-6-28","St. John's","NL","Canada",,
"1233","5","5","3","74"," ","Just Perfection",,"76","185","2017-6-28","St. John's","NL","Canada",,
"1233","5","5","3","75"," ","Just Perfection",,"76","185","2017-6-28","St. John's","NL","Canada",,
"1233","5","5","3","76"," ","Just Perfection",,"76","185","2017-6-28","St. John's","NL","Canada",,
"1234","5","5","3","73"," ","Abdi Smokes",,"72","212","2017-6-28","Toronto","ON","Canada",,
"1234","5","5","3","74"," ","Abdi Smokes",,"72","212","2017-6-28","Toronto","ON","Canada",,
"1234","5","5","3","75"," ","Abdi Smokes",,"72","212","2017-6-28","Toronto","ON","Canada",,
"1234","5","5","3","76"," ","Abdi Smokes",,"72","212","2017-6-28","Toronto","ON","Canada",,
"1249","5","5","3","75"," ","Bean Beanman Jr",,"75","205","2018-6-28","Charlottetown","PE","Canada",,
"1249","5","5","3","76"," ","Bean Beanman Jr",,"75","205","2018-6-28","Charlottetown","PE","Canada",,
"1249","5","5","3","77"," ","Bean Beanman Jr",,"75","205","2018-6-28","Charlottetown","PE","Canada",,
"1260","5","5","3","73"," ","Jean-Jacques Francois Jacques-Jean",,"77","245","2018-6-28","Saguenay","QC","Canada",,
"1260","5","5","3","74"," ","Jean-Jacques Francois Jacques-Jean",,"77","245","2018-6-28","Saguenay","QC","Canada",,
"1260","5","5","3","77"," ","Jean-Jacques Francois Jacques-Jean",,"77","245","2018-6-28","Saguenay","QC","Canada",,
"1275","5","5","3","59"," ","Maxwell King",,"71","200","2004-2-11","Winnipeg","MB","Canada",,
"1275","5","5","3","60"," ","Maxwell King",,"71","200","2004-2-11","Winnipeg","MB","Canada",,
"1275","5","5","3","62"," ","Maxwell King",,"71","200","2006-8-14","Winnipeg","MB","Canada",,
"1275","5","5","3","63"," ","Maxwell King",,"71","200","2006-8-14","Winnipeg","MB","Canada",,
"1276","5","5","3","62"," ","Alexis Paquette",,"70","188","2006-10-18","Montreal","QC","Canada",,
"1276","5","5","3","63"," ","Alexis Paquette",,"71","188","2006-10-18","Montreal","QC","Canada",,
"1276","5","5","3","64"," ","Alexis Paquette",,"71","188","2006-10-18","Montreal","QC","Canada",,
"1277","5","5","3","62"," ","Alexander Mackenzie",,"72","181","2006-1-31","St. John's","NL","Canada",,
"1278","5","5","3","62"," ","Connor O'Byrne",,"76","225","2006-11-16","Calgary","AB","Canada",,
"1278","5","5","3","63"," ","Connor O'Byrne",,"76","225","2006-11-16","Calgary","AB","Canada",,
"1279","5","5","3","62"," ","Ezra Wong",,"74","210","2006-9-11","Ottawa","ON","Canada",,
"1279","5","5","3","63"," ","Ezra Wong",,"75","210","2006-9-11","Ottawa","ON","Canada",,
"1279","5","5","3","64"," ","Ezra Wong",,"75","210","2006-9-11","Ottawa","ON","Canada",,
"1280","5","5","3","62"," ","Gordie Goodenough",,"72","185","2006-12-30","Calgary","AB","Canada",,
"1280","5","5","3","63"," ","Gordie Goodenough",,"72","185","2006-12-30","Calgary","AB","Canada",,
"1281","5","5","3","62"," ","Mrs. McSaves",,"75","225","2006-10-26","Toronto","ON","Canada",,
"1282","5","5","3","62"," ","Tekkeitsertok Towtoongie",,"72","200","2006-10-16","Iqaluit","NU","Canada",,
"1283","5","5","3","62"," ","Tim Riggins",,"78","230","2006-3-22","Edmonton","AB","Canada",,
"1283","5","5","3","63"," ","Tim Riggins",,"78","230","2006-3-22","Edmonton","AB","Canada",,
"1283","5","5","3","64"," ","Tim Riggins",,"78","230","2006-3-22","Edmonton","AB","Canada",,
"1284","5","5","3","62"," ","Ted Lindsay",,"75","200","2006-9-13","Toronto","ON","Canada",,
"1309","5","5","3","64"," ","Brent Ashe II",,"81","245","2006-9-17","London","ON","Canada",,
"1309","5","5","3","65"," ","Brent Ashe II",,"81","245","2006-9-17","London","ON","Canada",,
"1312","5","5","3","63"," ","Buck Keithley",,"82","185","2006-4-23","Moose Jaw","SK","Canada",,
"1312","5","5","3","64"," ","Buck Keithley",,"82","185","2006-4-23","Moose Jaw","SK","Canada",,
"1314","5","5","3","65"," ","Alix Nunez",,"78","235","2006-6-21","Edmonton","AB","Canada",,
"1316","5","5","3","64"," ","Dan King",,"72","200","2006-11-12","Vancouver","BC","Canada",,
"1316","5","5","3","65"," ","Dan King",,"72","200","2006-11-12","Vancouver","BC","Canada",,
"1344","5","5","3","74"," ","Connor McDusty",,"70","196","2017-6-28","Laval","QC","Canada",,
"1344","5","5","3","75"," ","Connor McDusty",,"71","196","2017-6-28","Laval","QC","Canada",,
"1344","5","5","3","76"," ","Connor McDusty",,"71","196","2017-6-28","Laval","QC","Canada",,
"1344","5","5","3","77"," ","Connor McDusty",,"71","196","2017-6-28","Laval","QC","Canada",,
"1344","5","5","3","78"," ","Connor McDusty",,"71","196","2017-6-28","Laval","QC","Canada",,
"1349","5","5","3","75"," ","Wyatt King",,"73","195","2018-6-28","Toronto","ON","Canada",,
"1349","5","5","3","76"," ","Wyatt King",,"73","195","2018-6-28","Toronto","ON","Canada",,
"1353","5","5","3","75"," ","Masked Stanger",,"75","205","2018-6-28","Toronto","ON","Canada",,
"1353","5","5","3","77"," ","Masked Stanger",,"75","205","2018-6-28","Toronto","ON","Canada",,
"1355","5","5","3","75"," ","James MacAvoy",,"71","177","2016-6-28","Edmonton","AB","Canada",,
"1356","5","5","3","77"," ","Groaty Bronson",,"78","235","2018-6-28","Cape Breton Regional Munici","NS","Canada",,
"1359","5","5","3","74"," ","Peyton Mcbride",,"75","200","2018-6-28","Halifax","NS","Canada",,
"1359","5","5","3","75"," ","Peyton Mcbride",,"75","200","2018-6-28","Halifax","NS","Canada",,
"1360","5","5","3","74"," ","Muon Collider",,"76","200","2018-6-28","Whitehorse","YT","Canada",,
"1361","5","5","3","74"," ","Mcherb",,"72","200","2018-6-28","Medicine Hat","AB","Canada",,
"1362","5","5","3","74"," ","James Howlett",,"64","195","2019-6-28","Cold Lake","AB","Canada",,
"1363","5","5","3","74"," ","Edouard Lavoie",,"75","205","2018-6-28","Sherbrooke","QC","Canada",,
"1363","5","5","3","75"," ","Edouard Lavoie",,"76","205","2018-6-28","Sherbrooke","QC","Canada",,
"1364","5","5","3","74"," ","David Doughtty",,"78","265","2018-6-28","Edmonton","AB","Canada",,
"1364","5","5","3","75"," ","David Doughtty",,"78","265","2018-6-28","Edmonton","AB","Canada",,
"1365","5","5","3","74"," ","Conner Ray",,"68","175","2019-6-28","Halifax","NS","Canada",,
"1365","5","5","3","76"," ","Conner Ray",,"70","175","2019-6-28","Halifax","NS","Canada",,
"1366","5","13","3","74"," ","Carl Hatchimal",,"73","201","2017-6-28","Halifax","NS","Canada",,
"1421","5","5","3","63"," ","Mrs. McSaves",,"75","225","2007-7-26","Fergus","ON","Canada",,
"1421","5","5","3","64"," ","Mrs. McSaves",,"75","225","2007-7-26","Fergus","ON","Canada",,
"1421","5","5","3","65"," ","Mrs. McSaves",,"75","225","2007-7-26","Fergus","ON","Canada",,
"1422","5","5","3","63"," ","Joshua CorcoranTwitch",,"72","180","2007-5-23","Hamilton","ON","Canada",,
"1422","5","5","3","64"," ","Joshua CorcoranTwitch",,"72","180","2007-5-23","Hamilton","ON","Canada",,
"1422","5","5","3","65"," ","Joshua CorcoranTwitch",,"72","180","2007-5-23","Hamilton","ON","Canada",,
"1423","5","5","3","63"," ","Adam Rage",,"74","199","2007-6-6","Kitchener","ON","Canada",,
"1423","5","5","3","64"," ","Adam Rage",,"74","199","2007-6-6","Kitchener","ON","Canada",,
"1423","5","5","3","65"," ","Adam Rage",,"74","199","2007-6-6","Kitchener","ON","Canada",,
"1423","5","5","3","66"," ","Adam Rage",,"74","199","2007-6-6","Collingwood","ON","Canada",,
"1469","5","5","3","58"," ","Hail Bingus",,"60","150","1991-2-23","Toronto","ON","Canada",,
"1469","5","5","3","59"," ","Hail Bingus",,"60","150","1991-2-23","Toronto","ON","Canada",,
"1469","5","5","3","60"," ","Hail Bingus",,"60","150","1991-2-23","Toronto","ON","Canada",,
"1472","5","5","3","64"," ","Shylo Moxii",,"75","200","2007-5-11","Toronto","ON","Canada",,
"1472","5","5","3","65"," ","Shylo Moxii",,"75","200","2007-5-11","Toronto","ON","Canada",,
"1472","5","5","3","66"," ","Shylo Moxii",,"75","200","2007-5-11","Mildmay","ON","Canada",,
"1477","5","5","3","76"," ","Sam Volta",,"70","165","2019-6-28","Montreal","QC","Canada",,
"1477","5","5","3","77"," ","Sam Volta",,"72","165","2019-6-28","Montreal","QC","Canada",,
"1477","5","5","3","78"," ","Sam Volta",,"72","165","2019-6-28","Montreal","QC","Canada",,
"1481","5","5","3","64"," ","Chad Nickelback",,"71","195","2007-1-12","Mississauga","ON","Canada",,
"1482","5","5","3","64"," ","AJ Williams",,"75","215","2007-5-20","St. Catharines","ON","Canada",,
"1482","5","5","3","65"," ","AJ Williams",,"75","215","2007-5-20","St. Catharines","ON","Canada",,
"1483","5","5","3","64"," ","Jayden Cloutier",,"70","170","2007-6-13","Calgary","AB","Canada",,
"1483","5","5","3","65"," ","Jayden Cloutier",,"71","170","2007-6-13","Calgary","AB","Canada",,
"1508","5","5","3","76"," ","Turtle Bob",,"71","227","2019-6-28","Toronto","ON","Canada",,
"1508","5","5","3","78"," ","Turtle Bob",,"71","227","2019-6-28","Toronto","ON","Canada",,
"1512","5","5","3","76"," ","Pique Boo",,"72","200","2019-6-28","Vancouver","BC","Canada",,
"1513","5","5","3","79"," ","Kris",,"73","180","2019-6-28","Calgary","AB","Canada",,
"1513","5","5","3","80"," ","Kris",,"73","180","2019-6-28","Calgary","AB","Canada",,
"1514","5","5","3","76"," ","Josh Fewer",,"69","150","2019-6-28","Marystown","NL","Canada",,
"1514","5","5","3","77"," ","Josh Fewer",,"71","150","2019-6-28","Marystown","NL","Canada",,
"1515","5","5","3","77"," ","Jack Booth",,"71","169","2019-6-28","Hamilton","ON","Canada",,
"1515","5","5","3","78"," ","Jack Booth",,"71","169","2019-6-28","Hamilton","ON","Canada",,
"1519","5","5","3","76"," ","Adam Joy",,"79","223","2020-6-28","Mississauga","ON","Canada",,
"1519","5","5","3","77"," ","Adam Joy",,"79","223","2020-6-28","Mississauga","ON","Canada",,
"1519","5","5","3","78"," ","Adam Joy",,"79","223","2020-6-28","Mississauga","ON","Canada",,
"1520","5","5","3","75"," ","Simon Hayes",,"71","189","2019-6-28","Quispamsis","NB","Canada",,
"1521","5","5","3","75"," ","Mason Chernezky",,"70","192","2019-6-28","Medicine Hat","AB","Canada",,
"1521","5","5","3","76"," ","Mason Chernezky",,"70","192","2019-6-28","Medicine Hat","AB","Canada",,
"1522","5","15","3","75"," ","Lyle Odelein IV",,"76","200","2019-6-28","Montreal","QC","Canada",,
"1522","5","5","3","76"," ","Lyle Odelein IV",,"77","200","2019-6-28","Montreal","QC","Canada",,
"1522","5","5","3","78"," ","Lyle Odelein IV",,"77","200","2019-6-28","Montreal","QC","Canada",,
"1523","5","5","3","75"," ","Lukas TCHM",,"73","200","2019-6-28","Edmonton","AB","Canada",,
"1524","5","5","3","75"," ","Jeff Buekeboom",,"70","170","2019-6-28","New York","NY","Canada",,
"1525","5","5","3","75"," ","Dash Jackson",,"75","219","2019-6-28","London","ON","Canada",,
"1526","5","5","3","75"," ","Chuff D'Lee",,"71","206","2019-6-28","Halifax","NS","Canada",,
"1526","5","5","3","77"," ","Chuff D'Lee",,"71","206","2019-6-28","Halifax","NS","Canada",,
"1527","5","5","3","75"," ","Caper Poirot",,"74","214","2019-6-28","Alert","NU","Canada",,
"1552","5","5","3","79"," ","Skyler Stevens",,"73","200","2020-6-28","Toronto","ON","Canada",,
"1575","5","5","3","67"," ","Edge Rocks",,"71","202","2006-12-17","Dublin","DUB","Ireland",,
"1577","5","5","3","64"," ","Ricky Koivu",,"75","212","2008-2-19","London","ON","Canada",,
"1577","5","5","3","65"," ","Ricky Koivu",,"75","212","2008-2-19","London","ON","Canada",,
"1577","5","5","3","66"," ","Ricky Koivu",,"75","212","2008-2-19","Cornwall","ON","Canada",,
"1579","5","5","3","64"," ","Jolmi Koivu",,"73","176","2008-12-3","Clarington","ON","Canada",,
"1579","5","5","3","65"," ","Jolmi Koivu",,"73","176","2008-12-3","Clarington","ON","Canada",,
"1579","5","5","3","66"," ","Jolmi Koivu",,"73","176","2008-12-3","Port Stanley","ON","Canada",,
"1580","5","5","3","64"," ","Tommy Westbrook (but this time I upd",,"74","200","2008-2-23","Notre-Dame-de-l'Île-Perrot","QC","Canada",,
"1580","5","5","3","65"," ","Tommy Westbrook (but this time I upd",,"74","200","2008-2-23","Notre-Dame-de-l'Île-Perrot","QC","Canada",,
"1581","5","5","3","64"," ","Wide Peepo Happy 3",,"79","250","2008-5-24","Leamington","ON","Canada",,
"1581","5","5","3","65"," ","Wide Peepo Happy 3",,"79","250","2008-5-24","Leamington","ON","Canada",,
"1581","5","5","3","66"," ","Wide Peepo Happy 3",,"79","250","2008-5-24","Caledon","ON","Canada",,
"1581","5","5","3","67"," ","Wide Peepo Happy 3",,"79","250","2007-11-1","Regina","SK","Canada",,
"1592","5","5","3","66"," ","Marty Sanderson III",,"70","205","2008-12-15","Comox","BC","Canada",,
"1593","5","5","3","66"," ","Fdam Aoote",,"74","220","2008-8-9","Picton","ON","Canada",,
"1606","5","5","3","65"," ","Steven Connors",,"71","188","2008-12-25","Barrie","ON","Canada",,
"1606","5","5","3","66"," ","Steven Connors",,"71","188","2008-12-25","Forest","FOR","Canada",,
"1607","5","5","3","67"," ","Din Djarin",,"71","211","2006-10-3","Walls","MS","The United States",,
"1681","5","5","3","77"," ","TheGreatOne",,"74","191","2020-6-28","Brantford","ON","Canada",,
"1681","5","5","3","78"," ","TheGreatOne",,"74","191","2020-6-28","Brantford","ON","Canada",,
"1682","5","5","3","77"," ","Smudge Pan",,"66","187","2020-6-28","Lake Echo","NS","Canada",,
"1682","5","5","3","78"," ","Smudge Pan",,"66","187","2020-6-28","Lake Echo","NS","Canada",,
"1683","5","5","3","78"," ","Sam Quintilio",,"73","210","2020-6-28","Edmonton","AB","Canada",,
"1684","5","5","3","77"," ","Peyton Campeau",,"71","186","2020-6-28","Trois-Rivières","QC","Canada",,
"1684","5","5","3","78"," ","Peyton Campeau",,"71","186","2020-6-28","Trois-Rivières","QC","Canada",,
"1686","5","5","3","77"," ","Emile Dionne",,"75","198","2020-6-28","Quebec City","QC","Canada",,
"1687","5","5","3","78"," ","Cain Pooyak",,"71","187","2020-6-28","Calgary","AB","Canada",,
"1688","5","5","3","78"," ","Bishop Van Apeldoorn",,"79","202","2020-6-28","Lloydminster","AB","Canada",,
"1688","5","5","3","79"," ","Bishop Van Apeldoorn",,"79","202","2020-6-28","Lloydminster","AB","Canada",,
"1689","5","5","3","76"," ","Theo Kane",,"60","192","2020-6-28","Victoria","BC","Canada",,
"1690","5","5","3","76"," ","Pohler Beargeron",,"79","254","2020-6-28","Churchill","MB","Canada",,
"1691","5","5","3","76"," ","Jasmin Quevillon",,"58","160","2018-6-28","Ottawa","ON","Canada",,
"1692","5","5","3","76"," ","Jamario Moon",,"83","200","2020-6-28","Vancouver","BC","Canada",,
"1693","5","5","3","76"," ","Easton Schaffer",,"74","193","2021-6-28","Charlottetown","PE","Canada",,
"1693","5","5","3","77"," ","Easton Schaffer",,"74","193","2021-6-28","Charlottetown","PE","Canada",,
"1693","5","5","3","78"," ","Easton Schaffer",,"74","193","2021-6-28","Charlottetown","PE","Canada",,
"1693","5","5","3","79"," ","Easton Schaffer",,"74","193","2021-6-28","Charlottetown","PE","Canada",,
"1694","5","5","3","76"," ","Bouch Bomb",,"75","200","2020-6-28","Vancouver","BC","Canada",,
"1694","5","5","3","77"," ","Bouch Bomb",,"75","200","2020-6-28","Vancouver","BC","Canada",,
"1694","5","5","3","79"," ","Bouch Bomb",,"75","200","2020-6-28","Vancouver","BC","Canada",,
"1695","5","5","3","66"," ","Edward Elric",,"76","205","2010-5-12","Edwards","NY","Canada",,
"1734","5","5","3","80"," ","Barcus Juneau",,"73","195","2021-5-9","Toronto","ON","Canada",,
"1744","5","5","3","78"," ","Micoolis Gonnawinthecup",,"76","240","2021-3-6","Hamilton","ON","Canada",,
"1746","5","5","3","67"," ","Jacques Hammer",,"72","220","2008-3-29","Montreal","QC","Canada",,
"1746","5","5","3","68"," ","Jacques Hammer",,"72","220","2008-3-29","Montreal","QC","Canada",,
"1746","5","5","3","69"," ","Jacques Hammer",,"72","220","2008-3-29","Montreal","QC","Canada",,
"1749","5","5","3","79"," ","Josie Cass",,"72","150","2021-6-18","St. John's","NL","Canada",,
"1751","5","5","3","79"," ","Arvinder Singh",,"70","205","2021-9-20","Brampton","ON","Canada",,
"1751","5","5","3","81"," ","Arvinder Singh",,"70","205","2021-9-20","Brampton","ON","Canada",,
"1751","5","5","3","82"," ","Arvinder Singh",,"70","205","2021-9-20","Brampton","ON","Canada",,
"1765","5","5","3","66"," ","Lucas Percy",,"72","209","2009-12-5","Iroquois Falls","ON","Canada",,
"1769","5","5","3","67"," ","Diablo Rose",,"69","155","2007-6-26","Toronto","ON","Canada",,
"1771","5","5","3","81"," ","Ivan Ivanovitch",,"73","197","2021-2-14","Moscow","MOS","Russia",,
"1787","5","5","3","78"," ","Jacob Marsh",,"75","210","2021-4-9","Hamilton","ON","Canada",,
"1787","5","5","3","80"," ","Jacob Marsh",,"75","210","2021-4-9","Hamilton","ON","Canada",,
"1787","5","5","3","81"," ","Jacob Marsh",,"75","210","2021-4-9","Hamilton","ON","Canada",,
"1802","5","5","3","82"," ","Shiny Rainbow",,"73","180","2021-9-28","Vila do Conde","NOR","Portugal",,
"1804","5","5","3","80"," ","Mick Geno",,"74","197","2021-12-26","Halifax","NS","Canada",,
"1806","5","5","3","79"," ","Geno Vajihollahi",,"78","215","2021-3-26","Kelowna","BC","Canada",,
"1807","5","5","3","78"," ","Chuck Stewart",,"76","210","2021-4-16","Calgary","AB","Canada",,
"1812","5","5","3","80"," ","Tip Toasty",,"73","200","2021-2-12","Crescent City","CA","The United States",,
"1813","5","5","3","80"," ","Roisin Armagh",,"75","220","2021-3-15","Dublin","DUB","Ireland",,
"1821","5","5","3","79"," ","Christina Fantobens",,"66","150","2021-5-26","Toronto","ON","Canada",,
"1822","5","5","3","79"," ","Badger Hennessy",,"70","195","2021-3-6","Moose Jaw","SK","Canada",,
"1822","5","5","3","81"," ","Badger Hennessy",,"70","195","2021-3-6","Moose Jaw","SK","Canada",,
"1824","5","5","3","80"," ","Mel Guolla",,"75","210","2021-4-7","Hamilton","ON","Canada",,
"1824","5","5","3","81"," ","Mel Guolla",,"75","210","2021-4-7","Hamilton","ON","Canada",,
"1826","5","5","3","80"," ","Anthony Louchard",,"70","170","2021-4-10","Shawinigan","QC","Canada",,
"1826","5","5","3","81"," ","Anthony Louchard",,"70","170","2021-4-10","Shawinigan","QC","Canada",,
"1828","5","5","3","81"," ","TBFAW",,"69","200","2021-1-23","Edmonton","AB","Canada",,
"1869","5","5","3","79"," ","Spaceman Spiff",,"71","205","2021-6-28","Winnipeg","MB","Canada",,
"1869","5","5","3","80"," ","Spaceman Spiff",,"71","205","2021-6-28","Winnipeg","MB","Canada",,
"1873","5","5","3","78"," ","Matthias",,"79","270","2021-6-28","Alert","NU","Canada",,
"1873","5","5","3","80"," ","Matthias",,"79","270","2021-6-28","Alert","NU","Canada",,
"1875","5","5","3","78"," ","Jonny Fox",,"79","229","2021-6-28","Ottawa","ON","Canada",,
"1875","5","5","3","79"," ","Jonny Fox",,"79","229","2021-6-28","Ottawa","ON","Canada",,
"1876","5","5","3","80"," ","Elliot Alderson",,"73","205","2021-6-28","Toronto","ON","Canada",,
"1877","5","5","3","77"," ","Ty Justice",,"74","200","2021-6-28","Edmonton","AB","Canada",,
"1877","5","5","3","78"," ","Ty Justice",,"74","200","2021-6-28","Edmonton","AB","Canada",,
"1878","5","5","3","77"," ","Nanashi Mumei",,"75","215","2021-6-28","Ottawa","ON","Canada",,
"1878","5","5","3","79"," ","Nanashi Mumei",,"75","215","2021-6-28","Ottawa","ON","Canada",,
"1878","5","5","3","80"," ","Nanashi Mumei",,"75","215","2021-6-28","Ottawa","ON","Canada",,
"1879","5","5","3","77"," ","Luigi Mario",,"70","170","2021-6-28","Halifax","NS","Canada",,
"1879","5","5","3","78"," ","Luigi Mario",,"71","170","2021-6-28","Halifax","NS","Canada",,
"1880","5","5","3","77"," ","Leighton Oligny",,"74","200","2021-6-28","Rouyn-Noranda","QC","Canada",,
"1995","5","5","3","80"," ","QCCBOT4",,"70","175","2022-6-28","Helgeroa-Nevlunghamn","VES","Norway",,
"1995","5","5","3","81"," ","QCCBOT4",,"70","175","2022-6-28","Helgeroa-Nevlunghamn","VES","Norway",,
"2101","5","5","3","80"," ","Colton Paraygeko",,"78","235","2022-6-28","Canmore","AB","Canada",,
"2101","5","5","3","81"," ","Colton Paraygeko",,"78","235","2022-6-28","Canmore","AB","Canada",,
"2102","5","5","3","79"," ","Damante Gogi",,"73","207","2022-6-28","Hamilton","ON","Canada",,
"2102","5","5","3","81"," ","Damante Gogi",,"73","207","2022-6-28","Hamilton","ON","Canada",,
"2104","5","5","3","80"," ","Hamilton Steelhawk",,"83","269","2022-6-28","Hamilton","ON","Canada",,
"2104","5","5","3","82"," ","Hamilton Steelhawk",,"83","269","2022-6-28","Hamilton","ON","Canada",,
"2105","5","5","3","79"," ","Scott Fortune",,"74","210","2022-6-28","Oshawa","ON","Canada",,
"2105","5","5","3","81"," ","Scott Fortune",,"74","210","2022-6-28","Oshawa","ON","Canada",,
"2105","5","5","3","82"," ","Scott Fortune",,"74","210","2022-6-28","Oshawa","ON","Canada",,
"2107","5","5","3","79"," ","Zac Peters",,"75","210","2022-6-28","Toronto","ON","Canada",,
"2107","5","5","3","81"," ","Zac Peters",,"75","210","2022-6-28","Toronto","ON","Canada",,
"2109","5","5","3","79"," ","Benjamin Theodore",,"73","209","2022-6-28","Thunder Bay","ON","Canada",,
"2110","5","5","3","79"," ","GrimReaper",,"78","225","2022-6-28","Hamilton","ON","Canada",,
"2111","5","5","3","79"," ","Jack Ellul",,"74","200","2022-6-28","Gibsons","BC","Canada",,
"2112","5","5","3","81"," ","Jean Bon",,"74","225","2022-6-28","Montreal","QC","Canada",,
"2112","5","5","3","82"," ","Jean Bon",,"74","225","2022-6-28","Montreal","QC","Canada",,
"2141","5","5","3","80"," ","Chungledown Bim",,"77","220","2022-6-28","Vatican City","VAC","Vatican City",,
"2144","5","5","3","80"," ","Jayson Flemmings",,"71","175","2022-6-28","London","ON","Canada",,
"2144","5","5","3","81"," ","Jayson Flemmings",,"71","175","2022-6-28","London","ON","Canada",,
"2145","5","5","3","79"," ","Carter St.Pierre",,"75","225","2022-6-28","Montreal","QC","Canada",,
"2146","5","5","3","81"," ","Tylah Fortune",,"74","211","2022-6-28","Oshawa","ON","Canada",,
"2146","5","5","3","82"," ","Tylah Fortune",,"74","211","2022-6-28","Oshawa","ON","Canada",,
"2152","5","5","3","80"," ","The Puck",,"66","150","2022-6-28","Saint-Jérôme","QC","Canada",,
"2153","5","5","3","81"," ","Matthew Leroux",,"74","225","2022-6-28","Rimouski","QC","Canada",,
"2158","5","5","3","82"," ","Apollo Seaborne",,"72","198","2022-6-28","Abbotsford","BC","Canada",,
"2159","5","5","3","82"," ","Rocky Gislason",,"75","215","2022-6-28","Dover","NY","The United States",,
"2269","5","5","3","82"," ","Claude L'Castor",,"76","250","2023-6-28","Laval","QC","Canada",,
"2270","5","5","3","80"," ","Hetaksh",,"70","198","2023-6-28","Vancouver","BC","Canada",,
"2270","5","5","3","81"," ","Hetaksh",,"70","198","2023-6-28","Vancouver","BC","Canada",,
"2271","5","5","3","80"," ","Joe Primeau",,"74","231","2023-6-28","Montreal","QC","Canada",,
"2275","5","5","3","82"," ","Jean-Luc Gagnon",,"73","189","2023-6-28","Terrebonne","QC","Canada",,
"2276","5","5","3","82"," ","No Cheddar",,"74","205","2023-6-28","Mississauga","ON","Canada",,
"2276","5","5","3","83"," ","No Cheddar",,"74","205","2023-6-28","Mississauga","ON","Canada",,
"2277","5","5","3","82"," ","Ty Sinclair",,"76","240","2023-6-28","Winnipeg","MB","Canada",,
"2277","5","5","3","83"," ","Ty Sinclair",,"76","240","2023-6-28","Winnipeg","MB","Canada",,
"2279","5","5","3","82"," ","Brett McMann",,"74","210","2023-6-28","Toronto","ON","Canada",,
"2280","5","5","3","81"," ","Charlie Parks",,"73","200","2023-6-28","Miramichi","NB","Canada",,
"2280","5","5","3","82"," ","Charlie Parks",,"73","200","2023-6-28","Miramichi","NB","Canada",,
"2286","5","5","3","82"," ","Dydney Frosby",,"71","201","2023-6-28","Cole Harbour","NS","Canada",,
"2286","5","5","3","84"," ","Dydney Frosby",,"71","201","2023-6-28","Cole Harbour","NS","Canada",,
"2294","5","5","3","81"," ","Jordan Lafreniere",,"74","192","2023-6-28","Montreal","QC","Canada",,
"2436","5","5","3","83"," ","K.J Daniels",,"76","248","2024-6-28","Calgary","AB","Canada",,
"2436","5","5","3","84"," ","K.J Daniels",,"76","248","2024-6-28","Calgary","AB","Canada",,
"2438","5","5","3","81"," ","Mr. Electric",,"83","300","2024-6-28","Laval","QC","Canada",,
"2441","5","5","3","82"," ","Evil Jordan Humphrey",,"76","225","2024-6-28","Texas City","TX","Canada",,
"2441","5","5","3","84"," ","Evil Jordan Humphrey",,"76","225","2024-6-28","Texas City","TX","Canada",,
"2447","5","5","3","82"," ","Mitch Matthews",,"67","200","2024-6-28","Prince Albert","SK","Canada",,
"2465","5","5","3","83"," ","Toivo Jokinen",,"74","208","2024-6-28","Forssa","KAN","Finland",,
"2465","5","5","3","84"," ","Toivo Jokinen",,"74","208","2024-6-28","Forssa","KAN","Finland",,
"2466","5","5","3","83"," ","Armani Dove",,"76","205","2024-6-28","Nipigon","ON","Canada",,
"2466","5","5","3","84"," ","Armani Dove",,"76","205","2024-6-28","Nipigon","ON","Canada",,
"2468","5","5","3","83"," ","Chubby Barista",,"83","300","2024-6-28","Vancouver","BC","Canada",,
"2468","5","5","3","84"," ","Chubby Barista",,"83","300","2024-6-28","Vancouver","BC","Canada",,
"2469","5","5","3","84"," ","George Dankse",,"74","210","2024-6-28","Halifax","NS","Canada",,
"2473","5","5","3","83"," ","Lou Logsky",,"69","150","2024-6-28","Burlington","ON","Canada",,
"2485","5","5","3","82"," ","Peter Cross",,"80","260","2024-6-28","Port Hope","ON","Canada",,
"2485","5","5","3","83"," ","Peter Cross",,"80","260","2024-6-28","Port Hope","ON","Canada",,
"2485","5","5","3","84"," ","Peter Cross",,"80","260","2024-6-28","Port Hope","ON","Canada",,
"2613","5","5","3","83"," ","Beau Boudreaux",,"78","237","2025-6-28","Gatineau","QC","Canada",,
"2614","5","5","3","84"," ","Iam Essellemm Jr.",,"78","240","2025-6-28","Montreal","QC","Canada",,
"2615","5","5","3","82"," ","Jonny Hockey",,"75","212","2025-6-28","Sudbury","ON","Canada",,
"2615","5","5","3","83"," ","Jonny Hockey",,"76","212","2025-6-28","Sudbury","ON","Canada",,
"2616","5","5","3","82"," ","Zara Wolf",,"74","203","2025-6-28","Invermere","BC","Canada",,
"2616","5","5","3","83"," ","Zara Wolf",,"75","203","2025-6-28","Invermere","BC","Canada",,
"2616","5","5","3","84"," ","Zara Wolf",,"75","203","2025-6-28","Invermere","BC","Canada",,
"2622","5","5","3","83"," ","Junior Chicken",,"77","205","2025-6-28","Flin Flon","MB","Canada",,
"2622","5","5","3","85"," ","Junior Chicken",,"77","205","2025-6-28","Flin Flon","MB","Canada",,
"2624","5","5","3","83"," ","nelly celly jr",,"74","210","2025-6-28","Richmond","BC","Canada",,
"2624","5","5","3","84"," ","nelly celly jr",,"74","210","2025-6-28","Richmond","BC","Canada",,
"2635","5","5","3","83"," ","PDO Merchant",,"76","210","2025-6-28","Thunder Bay","ON","Canada",,
"2635","5","5","3","84"," ","PDO Merchant",,"76","210","2025-6-28","Thunder Bay","ON","Canada",,
"2635","5","5","3","85"," ","PDO Merchant",,"76","210","2025-6-28","Thunder Bay","ON","Canada",,
"2636","5","5","3","84"," ","Roi DuPain",,"73","222","2025-6-28","Montreal","QC","Canada",,
"2650","5","5","3","84"," ","Cujo Pirelli",,"72","210","2025-6-28","St. John's","NL","Canada",,
"2650","5","5","3","85"," ","Cujo Pirelli",,"72","210","2025-6-28","St. John's","NL","Canada",,
"2788","5","5","3","84"," ","Rekkit Ralf",,"75","230","2026-6-28","Mississauga","ON","Canada",,
"2789","5","5","3","84"," ","Newman Douglas",,"73","210","2026-6-28","Saskatoon","SK","Canada",,
"2791","5","5","3","85"," ","Matthew Thompson",,"77","210","2026-6-28","Climax","SK","Canada",,
"2793","5","5","3","85"," ","Brett Montgomery",,"71","179","2026-6-28","Montreal","QC","Canada",,
"2794","5","5","3","84"," ","Allie Lefebvre",,"71","178","2026-6-28","Baie-Comeau","QC","Canada",,
"2795","5","5","3","83"," ","Zachary Guerard",,"76","194","2026-6-28","Saint-Gregoire","QC","Canada",,
"2796","5","5","3","83"," ","Gord Burns",,"75","245","2026-6-28","Moose Jaw","SK","Canada",,
"2797","5","5","3","83"," ","Gabriel Oliver Koivu",,"76","215","2026-6-28","Hamilton","ON","Canada",,
"2797","5","5","3","84"," ","Gabriel Oliver Koivu",,"76","215","2026-6-28","Hamilton","ON","Canada",,
"2798","5","5","3","83"," ","Carson Glover",,"71","210","2026-6-28","Laval","QC","Canada",,
"2799","5","5","3","83"," ","Bo Jangles",,"75","185","2026-6-28","Toronto","ON","Canada",,
"2799","5","5","3","85"," ","Bo Jangles",,"75","185","2026-6-28","Toronto","ON","Canada",,
"2800","5","5","3","83"," ","Bernard boisblanc",,"76","196","2026-6-28","Quebec City","QC","Canada",,
"2803","5","5","3","84"," ","Tobias Krunk",,"76","230","2026-6-28","Sherbrooke","QC","Canada",,
"2803","5","5","3","85"," ","Tobias Krunk",,"76","230","2026-6-28","Sherbrooke","QC","Canada",,
"2813","5","5","3","85"," ","Brodie James",,"72","160","2026-6-28","Toronto","ON","Canada",,
"2964","5","5","3","85"," ","Annie Time",,"68","150","2027-6-28","Quebec City","QC","Canada",,
"2969","5","5","3","84"," ","Parker Minion",,"70","171","2027-6-28","Stratford","ON","Canada",,
"2969","5","5","3","85"," ","Parker Minion",,"71","171","2027-6-28","Stratford","ON","Canada",,
"3013","5","5","3","85"," ","Buggy D. Backup",,"83","230","2027-6-28","Kyoto","KYO","Japan",,
"3132","5","5","3","85"," ","Winnie L'Ourson",,"60","150","2028-6-28","Gatineau","QC","Canada",,
"3133","5","5","3","85"," ","Nice Pants",,"72","205","2028-6-28","Levis","QC","Canada",,
"3134","5","5","3","85"," ","Moose Freighttrain",,"83","200","2028-6-28","Quebec City","QC","Canada",,
"3135","5","5","3","85"," ","Max Laflamme",,"74","205","2028-6-28","Ottawa","ON","Canada",,
"3136","5","5","3","85"," ","Man-Child",,"81","299","2028-6-28","Oshawa","ON","Canada",,
"3137","5","5","3","85"," ","Chuck Fullovem",,"74","197","2028-6-28","Flin Flon","MB","Canada",,
"3138","5","5","3","85"," ","Cameron Squires",,"75","225","2028-6-28","Carbonear","NL","Canada",,
"3139","5","5","3","85"," ","Booksy Jefferson",,"75","201","2028-6-28","Moose Factory","ON","Canada",,
"3140","5","5","3","85"," ","Bazooka Joe",,"77","230","2028-6-28","Galway","GAL","Ireland",,
"900001","5","5","3","66"," ","Anthony Dionne",,"76","225","2008-9-19","Saint-Basile-Sud","QC","Canada",,
"900001","5","5","3","67"," ","Anthony Dionne",,"76","225","2008-12-24","Meridian","ID","Canada",,
"900001","5","5","3","68"," ","Anthony Dionne",,"76","225","2008-12-24","Meridian","ID","Canada",,
"900004","5","5","3","65"," ","Axel Kirby",,"72","180","2009-4-18","Edmonton","AB","Canada",,
"900004","5","5","3","66"," ","Axel Kirby",,"72","180","2009-4-18","Anmore","BC","Canada",,
"900004","5","5","3","67"," ","Axel Kirby",,"72","180","2007-10-1","Montreal","QC","Canada",,
"900004","5","5","3","68"," ","Axel Kirby",,"72","180","2007-10-1","Montreal","QC","Canada",,
"900004","5","5","3","69"," ","Axel Kirby",,"72","180","2007-10-1","Montreal","QC","Canada",,
"900012","5","5","3","66"," ","Bruno Tooyo",,"72","195","2010-11-5","Montreal","QC","Canada",,
"900012","5","5","3","67"," "," Bruno Tooyo",,"72","195","2008-4-12","Montreal","QC","Canada",,
"900012","5","5","3","68"," ","Bruno Tooyo",,"72","195","2008-4-12","Montreal","QC","Canada",,
"900012","5","5","3","69"," ","Bruno Tooyo",,"72","195","2008-4-12","Montreal","QC","Canada",,
"900014","5","5","3","54"," ","Cody Spinka",,"75","230","2000-2-1","Saskatoon","SK","Canada",,
"900015","5","5","3","65",NULL,"D Jobin",NULL,"76","230","2009-1-18","Iqaluit","NU","Canada",NULL,NULL
"900015","5","5","3","67",NULL,"D Jobin",NULL,"78","230","2008-2-5","Thunder Bay","ON","Canada",NULL,NULL
"900015","5","5","3","68",NULL,"D Jobin",NULL,"78","230","2008-2-5","Thunder Bay","ON","Canada",NULL,NULL
"900022","5","5","3","66"," ","Jack St. Clair",,"73","199","2010-9-17","Halifax","NS","Canada",,
"900022","5","5","3","67"," ","Jack St. Clair",,"73","199","2008-8-13","Halifax","NS","Canada",,
"900022","5","5","3","68"," ","Jack St. Clair",,"73","199","2008-8-13","Halifax","NS","Canada",,
"900022","5","5","3","69"," ","Jack St. Clair",,"73","199","2008-8-13","Halifax","NS","Canada",,
"900042","5","5","3","68"," ","Rush Justice",,"72","200","2008-7-16","Edmonton","AB","Canada",,
"900042","5","5","3","69"," ","Rush Justice",,"72","200","2008-7-16","Edmonton","AB","Canada",,
"900047","5","5","3","64"," ","Sophie Bordeleau",,"68","155","2008-3-29","Swan River","MB","Canada",,
"900053","5","5","3","66"," ","Tommi Koivu",,"76","220","2008-2-11","Yucca Valley","CA","The United States",,
"900053","5","5","3","67"," ","Tommi Koivu",,"76","220","2008-6-28","Alexandria","VA","The United States",,
"27","6","6","3","53"," ","Santtu Rasanen",,"75","212","2000-3-19","Helsinki","UUS","Finland",,
"27","6","6","3","54"," ","Santtu Rasanen",,"75","212","2000-3-19","Helsinki","UUS","Finland",,
"27","6","6","3","55"," ","Santtu Rasanen",,"75","212","2000-3-19","Helsinki","UUS","Finland",,
"27","6","6","3","56"," ","Santtu Rasanen",,"75","212","2000-3-19","Helsinki","UUS","Finland",,
"54","6","6","3","53"," ","Ebenezer Virtanen",,"74","215","2000-7-18","Tampere","PIR","Finland",,
"54","6","6","3","54"," ","Ebenezer Virtanen",,"74","215","2000-7-18","Tampere","PIR","Finland",,
"59","6","6","3","53"," ","Jaska Seppala",,"74","205","2000-8-10","Tampere","PIR","Finland",,
"59","6","6","3","54"," ","Jaska Seppala",,"74","205","2000-8-10","Tampere","PIR","Finland",,
"59","6","6","3","55"," ","Jaska Seppala",,"74","205","2000-8-10","Tampere","PIR","Finland",,
"59","6","6","3","56"," ","Kaapo Kampainen",,"76","198","2002-8-10","Tampere","PIR","Finland",,
"59","6","6","3","57"," ","Kaapo Kampainen",,"76","198","2002-8-10","Tampere","PIR","Finland",,
"59","6","6","3","58"," ","Kaapo Kampainen",,"76","198","2002-8-10","Tampere","PIR","Finland",,
"59","6","6","3","59"," ","Kaapo Kampainen",,"76","198","2002-8-10","Tampere","PIR","Finland",,
"67","6","6","3","53"," ","Olli Saarinen, Jr.",,"74","181","2000-1-19","Tampere","PIR","Finland",,
"135","6","6","3","56"," ","Mat Smith",,"73","180","1995-1-27","London","ENG","England",,
"135","6","6","3","57"," ","Mat Smith",,"73","180","1995-1-27","London","ENG","England",,
"135","6","6","3","58"," ","Mat Smith",,"73","180","1995-1-27","London","ENG","England",,
"136","6","6","3","65"," ","Torsten Eriksen",,"72","176","2009-6-15","Tønsberg","VES","Norway",,
"136","6","6","3","66"," ","Torsten Eriksen",,"72","176","2009-6-15","Ørje","ØST","Norway",,
"142","6","6","3","53"," ","Jukka Timonen",,"75","215","2000-2-6","Tampere","PIR","Finland",,
"142","6","6","3","54"," ","Jukka Timonen",,"75","215","2000-2-6","Tampere","PIR","Finland",,
"150","6","6","3","54"," ","SLATT Potts",,"71","195","2000-7-13","Atlanta","GA","The United States",,
"183","6","6","3","55"," ","Valtterri Kauppinen",,"72","188","2000-7-25","Oulu","NOS","Finland",,
"183","6","6","3","56"," ","Valtterri Kauppinen",,"72","188","2000-7-25","Oulu","NOS","Finland",,
"183","6","6","3","57"," ","Valtterri Kauppinen",,"72","188","2000-7-25","Oulu","NOS","Finland",,
"199","6","6","3","67"," ","Sjoforsvaret",,"83","300","2009-3-20","Haaksbergen","OVE","Norway",,
"202","6","6","3","67"," ","Konstantin Ayrapaa-Mottonen",,"74","213","2008-9-17","Charlotte","NC","The United States",,
"202","6","6","3","68"," ","Konstantin Ayrapaa-Mottonen",,"74","213","2008-9-17","Charlotte","NC","The United States",,
"204","6","6","3","60"," ","Tomas Kalnoky",,"70","186","2000-5-19","Loveland","CO","Czech Republic",,
"204","6","6","3","67"," ","Peter Potamus",,"77","210","2009-6-24","Espoo","UUS","Finland",,
"204","6","6","3","68"," ","Peter Potamus",,"77","210","2009-6-24","Espoo","UUS","Finland",,
"204","6","6","3","69"," ","Peter Potamus",,"77","210","2009-6-24","Espoo","UUS","Finland",,
"205","6","6","3","67"," ","Nino Di Giuseppe",,"72","200","2008-5-1","Chiasso","TI","Switzerland",,
"206","6","6","3","67"," ","Neal Newland",,"74","235","2008-8-31","Boston","MA","The United States",,
"208","6","6","3","53"," ","Bradley Barkov",,"75","215","2000-5-27","Helsinki","UUS","Finland",,
"208","6","6","3","54"," ","Bradley Barkov",,"75","215","2000-5-27","Helsinki","UUS","Finland",,
"208","6","6","3","55"," ","Bradley Barkov",,"75","215","2000-5-27","Helsinki","UUS","Finland",,
"208","6","6","3","67"," ","Noah Topalo",,"60","150","2009-9-26","Newport News","VA","Finland",,
"210","6","6","3","67"," ","Andy Ceylon",,"78","220","1999-3-21","Midlothian","VA","Canada",,
"211","6","6","3","67"," ","Redd Savage",,"73","219","2009-1-21","Ann Arbor","MI","The United States",,
"213","6","6","3","65"," ","Boom Stick",,"74","245","2009-7-29","Tyrnävä","NOS","Finland",,
"213","6","6","3","66"," ","Boom Stick",,"74","245","2009-7-29","Alastaro","SOU","Finland",,
"213","6","6","3","67"," ","Boom Stick",,"74","245","2008-2-15","Tampere","PIR","Finland",,
"213","6","6","3","68"," ","Boom Stick",,"74","245","2008-2-15","Tampere","PIR","Finland",,
"214","6","6","3","64"," ","David-Arturri Donskoi",,"75","225","2008-10-11","Rusko","SOU","Finland",,
"214","6","6","3","65"," ","David-Arturri Donskoi",,"75","225","2008-10-11","Rusko","SOU","Finland",,
"214","6","6","3","66"," ","David-Arturri Donskoi",,"75","225","2008-10-11","Lohja","UUS","Finland",,
"214","6","6","3","67"," ","David-Arturri Donskoi",,"75","225","2006-3-11","Espoo","UUS","Finland",,
"215","6","6","3","67"," ","FITTED *PRIMETIME99"" CUDDLES",,"78","227","2010-4-30","Pittsburgh","PA","Finland",,
"215","6","6","3","68"," ","FITTED *PRIMETIME99"" CUDDLES",,"78","227","2010-4-30","Pittsburgh","PA","Finland",,
"215","6","6","3","69"," ","FITTED *PRIMETIME99"" CUDDLES",,"78","227","2010-4-30","Pittsburgh","PA","Finland",,
"215","6","6","3","70"," ","FITTED *PRIMETIME99"" CUDDLES",,"78","227","2010-4-30","Pittsburgh","PA","Finland",,
"216","6","6","3","67"," ","Adam Liebold",,"75","220","2009-11-17","Washington","MO","The United States",,
"219","6","6","3","65"," ","Bnana NWaffles",,"74","200","2009-6-27","Soini","SOS","Finland",,
"219","6","6","3","66"," ","Bnana NWaffles",,"74","200","2009-6-27","Hirvensalmi","SSA","Finland",,
"219","6","6","3","67"," ","Bnana NWaffles",,"74","200","2006-6-19","Helsinki","UUS","Finland",,
"219","6","6","3","68"," ","Bnana NWaffles",,"74","200","2006-6-19","Helsinki","UUS","Finland",,
"221","6","6","3","67"," ","Happy Gilmore",,"75","225","2010-9-14","Bristol","NY","The United States",,
"222","6","6","3","67"," ","Sebastien Regazzoni",,"75","200","2009-1-9","Worcester","MA","Switzerland",,
"225","6","6","3","67"," ","Nibbles The Squirrel",,"72","180","2007-10-24","Winston-Salem","NC","Finland",,
"225","6","6","3","68"," ","Nibbles The Squirrel",,"72","180","2007-10-24","Winston-Salem","NC","Finland",,
"226","6","6","3","67"," ","Erik Bergmark",,"73","175","2009-3-18","Berlin","BER","Germany",,
"249","6","6","3","56"," ","Lemo Pihl",,"74","200","2000-11-22","Tallinn","HAR","Estonia",,
"249","6","6","3","57"," ","Lemo Pihl",,"74","200","2000-11-22","Tallinn","HAR","Estonia",,
"249","6","6","3","58"," ","Lemo Pihl",,"74","210","2000-11-22","Tallinn","HAR","Estonia",,
"250","6","6","3","53"," ","Kaarlo Kekkonen",,"74","220","2000-5-27","Tampere","PIR","Finland",,
"264","6","6","3","53"," ","Jason Voorhees",,"77","240","2000-6-14","Helsinki","UUS","Finland",,
"264","6","6","3","55"," ","Jason Voorhees",,"78","240","2000-6-14","Helsinki","UUS","Finland",,
"279","6","6","3","56"," ","Jarmo Kekalainen",,"73","185","2000-10-3","Tampere","PIR","Finland",,
"279","6","6","3","57"," ","Jarmo Kekalainen",,"73","185","2000-10-3","Tampere","PIR","Finland",,
"279","6","6","3","58"," ","Jarmo Kekalainen",,"73","185","2000-10-3","Tampere","PIR","Finland",,
"279","6","6","3","59"," ","Jarmo Kekalainen",,"73","185","2000-10-3","Tampere","PIR","Finland",,
"289","6","6","3","55"," ","Raivo Helminen",,"75","220","1996-8-24","Tampere","PIR","Finland",,
"289","6","6","3","56"," ","Raivo Helminen",,"75","220","1996-8-24","Tampere","PIR","Finland",,
"292","6","6","3","56"," ","Tokkulu Lakkamaa",,"76","150","2000-2-26","Lappeenranta","SKA","Finland",,
"292","6","6","3","57"," ","Tokkulu Lakkamaa",,"76","150","2000-2-26","Lappeenranta","SKA","Finland",,
"292","6","6","3","58"," ","Tokkulu Lakkamaa",,"76","150","2000-2-26","Lappeenranta","SKA","Finland",,
"318","6","6","3","66"," ","Toxic Neutrality",,"71","172","2010-6-11","Lausanne","VD","Switzerland",,
"336","6","6","3","53"," ","Tinke Jutila",,"69","216","2000-1-18","Tampere","PIR","Finland",,
"336","6","6","3","54"," ","Tinke Jutila",,"70","216","2000-1-18","Tampere","PIR","Finland",,
"336","6","6","3","55"," ","Tinke Jutila",,"70","216","2000-1-18","Tampere","PIR","Finland",,
"336","6","6","3","56"," ","Tinke Jutila",,"70","216","2000-1-18","Tampere","PIR","Finland",,
"339","6","6","3","59"," ","Michael Scotch",,"74","175","2000-6-13","Buffalo","NY","The United States",,
"343","6","6","3","53"," ","Aumy Jr.",,"75","210","2000-10-16","Helsinki","UUS","Finland",,
"343","6","6","3","54"," ","Aumy Jr.",,"75","210","2000-10-16","Helsinki","UUS","Finland",,
"343","6","6","3","55"," ","Aumy Jr.",,"75","210","2000-10-16","Helsinki","UUS","Finland",,
"343","6","6","3","56"," ","Aumy Jr.",,"75","210","2000-10-16","Helsinki","UUS","Finland",,
"356","6","6","3","53"," ","Grant Thurber",,"70","190","2000-8-5","Helsinki","UUS","Finland",,
"356","6","6","3","54"," ","Grant Thurber",,"71","190","2000-8-5","Helsinki","UUS","Finland",,
"356","6","6","3","57"," ","Ville Kurri",,"72","193","2000-8-5","Helsinki","UUS","Finland",,
"356","6","6","3","58"," ","Ville Kurri",,"72","193","2000-8-5","Helsinki","UUS","Finland",,
"356","6","6","3","59"," ","Ville Kurri",,"72","193","2000-8-5","Helsinki","UUS","Finland",,
"356","6","6","3","60"," ","Ville Kurri",,"72","193","2000-8-5","Helsinki","UUS","Finland",,
"362","6","6","3","79"," ","Lucas Dill",,"67","150","2022-11-18","Halifax","NS","Canada",,
"370","6","6","3","57"," ","Alexei Petrikov",,"71","200","2000-8-1","Volgograd","VOL","Russia",,
"388","6","6","3","53"," ","Jean-Uthred Ragnarsson-Tr",,"73","201","2000-7-13","Porvoo","EAS","Finland",,
"388","6","6","3","54"," ","Jean-Uthred Ragnarsson-Tr",,"73","201","2000-7-13","Porvoo","EAS","Finland",,
"388","6","6","3","55"," ","Jean-Uthred Ragnarsson-Tr",,"73","201","2000-7-13","Porvoo","EAS","Finland",,
"388","6","6","3","56"," ","Jean-Uthred Ragnarsson-Tr",,"73","201","2000-7-13","Porvoo","EAS","Finland",,
"389","6","6","3","70"," ","Marquise Hill",,"73","200","2011-11-22","Toronto","ON","Canada",,
"395","6","6","3","56"," ","Brennan Huff",,"74","200","2002-8-22","Quebec City","QC","Finland",,
"398","6","6","3","54"," ","Scoochie Stratton",,"76","210","2000-7-23","Boston","MA","The United States","Finland",
"400","6","6","3","70"," ","Lazos Otasrob",,"76","215","2009-8-31","Calgary","AB","Canada",,
"413","6","6","3","70"," ","Hingle McCringleberry",,"74","210","2009-9-17","Calgary","AB","Canada",,
"431","6","6","3","53"," ","Daichi Franciszek",,"75","215","2000-5-13","Warsaw","MAZ","Poland",,
"431","6","6","3","54"," ","Ragnar-Alexandre Ragnarss",,"75","220","2000-5-13","Helsinki","UUS","Finland",,
"431","6","6","3","55"," ","Ragnar-Alexandre Ragnarss",,"75","220","2000-5-13","Helsinki","UUS","Finland",,
"431","6","6","3","56"," ","Ragnar-Alexandre Ragnarss",,"75","220","2000-5-13","Helsinki","UUS","Finland",,
"431","6","6","3","57"," ","Ragnar-Alexandre Ragnarss",,"75","220","2000-5-13","Helsinki","UUS","Finland",,
"431","6","6","3","58"," ","Ragnar-Alexandre Ragnarsson-Tremblay",,"75","220","2000-5-13","Helsinki","UUS","Finland",,
"431","6","6","3","59"," ","Ragnar-Alexandre Ragnarsson-Tremblay",,"75","220","2000-5-13","Helsinki","UUS","Finland",,
"432","6","6","3","68"," ","Sam Conroy",,"77","195","2011-10-14","Bochum","NOR","Germany",,
"437","6","6","3","54"," ","Igor Victory",,"76","228","2000-7-29","Tampere","PIR","Finland",,
"437","6","6","3","55"," ","Igor Victory",,"76","228","2000-7-29","Tampere","PIR","Finland",,
"437","6","6","3","56"," ","Igor Victory",,"76","228","2000-7-29","Tampere","PIR","Finland",,
"437","6","6","3","57"," ","Igor Victory",,"76","228","2000-7-29","Tampere","PIR","Finland",,
"442","6","6","3","70"," ","Jacob Fournier",,"75","210","2002-5-8","Vancouver","BC","Canada",,
"444","6","6","3","55"," ","Biggs Secksy",,"71","300","2000-1-2","Espoo","UUS","Finland",,
"444","6","6","3","57"," ","Biggs Secksy",,"71","300","2000-1-2","Espoo","UUS","Finland",,
"445","6","6","3","54"," ","Zoltan Topalo",,"69","223","2000-11-16","Boston","MA","The United States","Finland",
"445","6","6","3","55"," ","Zoltan Topalo",,"69","223","2000-11-16","Boston","MA","The United States","Finland",
"470","6","6","3","58"," ","KEKW Kekkonen",,"76","220","2001-11-30","Lohja","UUS","Finland",,
"470","6","6","3","59"," ","KEKW Kekkonen",,"76","220","2001-11-30","Lohja","UUS","Finland",,
"470","6","6","3","60"," ","KEKW Kekkonen",,"76","220","2001-11-30","Lohja","UUS","Finland",,
"473","6","6","3","59"," ","Fedor Sotakov",,"72","197","2001-10-2","Novokuznetsk","KEM","Russia",,
"479","6","6","3","58"," ","Shane Duffy Jr.",,"80","275","2002-1-19","Cork","COR","Ireland",,
"488","6","6","3","61"," ","Alimony Tony",,"72","210","2001-11-18","Milwaukee","WI","The United States",,
"492","6","6","3","58"," ","Marco Barengrub",,"73","195","2002-2-14","Helsinki","UUS","Estonia",,
"495","6","6","3","58"," ","Janne Virtanen",,"74","190","2002-1-22","Helsinki","UUS","Finland",,
"495","6","6","3","59"," ","Janne Virtanen",,"74","190","2002-1-22","Helsinki","UUS","Finland",,
"495","6","6","3","60"," ","Janne Virtanen",,"74","190","2002-1-22","Helsinki","UUS","Finland",,
"495","6","6","3","61"," ","Janne Virtanen",,"74","190","2002-1-22","Helsinki","UUS","Finland",,
"496","6","6","3","58"," ","Sabarro Torretta",,"75","218","2001-10-22","Lugano","TI","Switzerland",,
"502","6","6","3","58"," ","Jack Nishimori",,"72","205","2002-5-6","London","ENG","England",,
"502","6","6","3","59"," ","Jack Nishimori",,"72","205","2002-5-6","London","ENG","England",,
"504","6","6","3","58"," ","Eero Makela",,"75","217","2001-9-18","Tampere","PIR","The United States",,
"504","6","6","3","59"," ","Eero Makela",,"75","217","2001-9-18","Tampere","PIR","The United States",,
"504","6","6","3","60"," ","Eero Makela",,"75","217","2001-9-18","Tampere","PIR","The United States",,
"510","6","6","3","58"," ","Robert Black",,"72","188","2001-11-27","Edinburgh","SCO","Scotland",,
"510","6","6","3","59"," ","Robert Black",,"72","188","2001-11-27","Edinburgh","SCO","Scotland",,
"512","6","6","3","59"," ","Ren-Ekelemchi Ahimizu-Okoll",,"76","224","2000-2-17","Sheffield","ENG","England",,
"513","6","6","3","55"," ","William Salming",,"73","180","2002-1-5","Turku","SOU","Finland",,
"513","6","6","3","56"," ","William Salming",,"73","180","2002-1-5","Turku","SOU","Finland",,
"513","6","6","3","57"," ","William Salming",,"73","180","2002-1-5","Turku","SOU","Finland",,
"513","6","6","3","58"," ","William Salming",,"73","180","2002-1-5","Turku","SOU","Finland",,
"515","6","6","3","61"," ","Kappa Kappa",,"74","210","2002-6-14","Oslo","AKE","Norway",,
"520","6","6","3","60"," ","Benjamin Jansson",,"76","230","2001-9-8","Stockholm","STO","Sweden",,
"526","6","6","3","59"," ","Max Muller",,"75","210","2001-8-20","Basel","BS","Switzerland",,
"540","6","6","3","60"," ","Olof Karsikko",,"77","250","2003-11-5","Turku","SOU","Finland",,
"540","6","6","3","61"," ","Olof Karsikko",,"77","250","2003-11-5","Turku","SOU","Finland",,
"541","6","6","3","55"," ","Eero Makinen Jr.",,"72","200","2001-11-6","Helsinki","UUS","Finland",,
"541","6","6","3","56"," ","Eero Makinen Jr.",,"72","200","2001-11-6","Helsinki","UUS","Finland",,
"541","6","6","3","57"," ","Eero Makinen Jr.",,"72","200","2001-11-6","Helsinki","UUS","Finland",,
"541","6","6","3","58"," ","Eero Makinen Jr.",,"72","200","2001-11-6","Helsinki","UUS","Finland",,
"541","6","6","3","59"," ","Eero Makinen Jr.",,"72","200","2001-11-6","Helsinki","UUS","Finland",,
"550","6","6","3","53"," ","Anrijs Asts",,"77","240","2000-5-9","Helsinki","UUS","Finland",,
"550","6","6","3","54"," ","Anrijs Asts",,"77","240","2000-5-9","Helsinki","UUS","Finland",,
"550","6","6","3","55"," ","Anrijs Asts",,"77","240","2000-5-9","Helsinki","UUS","Finland",,
"550","6","6","3","56"," ","Anrijs Asts",,"77","240","2000-5-9","Helsinki","UUS","Finland",,
"550","6","6","3","57"," ","Anrijs Asts",,"77","240","2000-5-9","Helsinki","UUS","Finland",,
"551","6","6","3","53"," ","Kolja Kekkonen",,"75","225","2000-1-8","Lappeenranta","SKA","Finland",,
"551","6","6","3","54"," ","Kolja Kekkonen",,"75","225","2000-1-8","Lappeenranta","SKA","Finland",,
"551","6","6","3","55"," ","Kolja Kekkonen",,"75","225","2000-1-8","Lappeenranta","SKA","Finland",,
"551","6","6","3","56"," ","Kolja Kekkonen",,"75","225","2000-1-8","Lappeenranta","SKA","Finland",,
"551","6","6","3","57"," ","Kolja Kekkonen",,"75","225","2000-1-8","Lappeenranta","SKA","Finland",,
"552","6","6","3","53"," ","Taisto Jutila",,"72","194","2000-9-16","Tampere","PIR","Finland",,
"552","6","6","3","54"," ","Taisto Jutila",,"72","194","2000-9-16","Tampere","PIR","Finland",,
"552","6","6","3","55"," ","Taisto Jutila",,"72","194","2000-9-16","Tampere","PIR","Finland",,
"552","6","6","3","56"," ","Taisto Jutila",,"72","194","2000-9-16","Tampere","PIR","Finland",,
"552","6","6","3","57"," ","Taisto Jutila",,"72","194","2000-9-16","Tampere","PIR","Finland",,
"552","6","6","3","58"," ","Taisto Jutila",,"72","194","2000-9-16","Tampere","PIR","Finland",,
"552","6","6","3","59"," ","Taisto Jutila",,"72","194","2000-9-16","Tampere","PIR","Finland",,
"553","6","6","3","53"," ","Jesse Seppanen",,"73","220","2000-9-15","Espoo","UUS","The United States",,
"554","6","6","3","53"," ","Walton Stromberg",,"71","195","2000-8-31","Tampere","PIR","Finland",,
"554","6","6","3","54"," ","Walton Stromberg",,"71","185","2000-8-31","Tampere","PIR","Finland",,
"554","6","6","3","55"," ","Walton Stromberg",,"71","195","2000-8-31","Tampere","PIR","Finland",,
"554","6","6","3","56"," ","Walton Stromberg",,"71","195","2000-8-31","Tampere","PIR","Finland",,
"554","6","6","3","57"," ","Walton Stromberg",,"71","195","2000-8-31","Tampere","PIR","Finland",,
"555","6","6","3","53"," ","Patricia Reichardt",,"62","190","2000-2-2","Minneota","MN","The United States",,
"556","6","6","3","54"," ","Jesse Seppanen",,"74","220","2000-8-1","Espoo","UUS","Finland",,
"556","6","6","3","55"," ","Jesse Seppanen",,"74","220","2000-8-1","Espoo","UUS","Finland",,
"556","6","6","3","56"," ","Jesse Seppanen",,"74","220","2000-8-1","Espoo","UUS","Finland",,
"556","6","6","3","57"," ","Jesse Seppanen",,"74","220","2000-8-1","Espoo","UUS","Finland",,
"556","6","6","3","58"," ","Jesse Seppanen",,"74","220","2000-8-1","Espoo","UUS","Finland",,
"562","6","6","3","54"," ","Lassi Suhonen",,"73","195","2000-5-27","Turku","SOU","Finland",,
"562","6","6","3","55"," ","Lassi Suhonen",,"73","195","2000-5-27","Turku","SOU","Finland",,
"566","6","6","3","60"," ","Victor Fedorov",,"75","210","2002-7-9","Moscow","MOS","Russia",,
"582","6","6","3","58"," ","Duncan The Walrus",,"75","300","2000-7-25","St. Petersburg","SAI","Russia",,
"582","6","6","3","60"," ","Duncan The Walrus",,"75","300","2000-7-25","St. Petersburg","SAI","Russia",,
"602","6","6","3","60"," ","Rob Ford",,"72","220","2003-5-8","Brooklyn","NY","Czech Republic",,
"608","6","6","3","61"," ","Mateo Lavoie",,"75","215","2004-11-2","Weare","NH","Norway",,
"608","6","6","3","62"," ","Mateo Lavoie",,"75","215","2004-11-2","Weare","NH","Norway",,
"609","6","6","3","61"," ","Alf Magnusson",,"76","225","2003-5-19","Parkersburg","WV","Norway",,
"612","6","6","3","61"," ","Cup Noodle",,"74","200","2003-2-25","Salunga-Landisville","PA","Norway",,
"612","6","6","3","62"," ","Cup Noodle",,"74","200","2003-2-25","Salunga-Landisville","PA","Norway",,
"612","6","6","3","63"," ","Cup Noodle",,"74","200","2003-2-25","Salunga-Landisville","PA","Norway",,
"616","6","6","3","58"," ","High Haschdi",,"72","210","2000-10-30","Berlin","BER","Germany",,
"618","6","6","3","61"," ","Vasily Arkhangelsky",,"77","227","2004-11-19","Greater Carrollwood","FL","Russia",,
"620","6","6","3","68"," ","Darius Garland",,"73","192","2011-8-19","Gary","IN","The United States",,
"628","6","6","3","56"," ","Jari Heikkinen",,"70","190","2002-8-10","Lappeenranta","SKA","Finland",,
"628","6","6","3","57"," ","Jari Heikkinen",,"71","190","2002-8-10","Lappeenranta","SKA","Finland",,
"628","6","6","3","58"," ","Jari Heikkinen",,"71","190","2002-8-10","Lappeenranta","SKA","Finland",,
"629","6","6","3","71"," ","Asher Gibbons",,"69","185","2012-1-29","Anchorage","AK","The United States",,
"631","6","6","3","58"," ","Robert E.O. Speedwagon",,"70","195","2003-6-29","London","ENG","England",,
"639","6","6","3","68"," ","Trevor Warner",,"74","210","2011-2-17","Jesup","GA","Canada",,
"648","6","6","3","68"," ","Nash Topalo",,"61","150","2011-6-11","South Miami Heights","FL","Finland",,
"648","6","6","3","69"," ","Nash Topalo",,"63","150","2011-6-11","South Miami Heights","FL","Finland",,
"648","6","6","3","70"," ","Nash Topalo",,"63","150","2011-6-11","South Miami Heights","FL","Finland",,
"652","6","6","3","62"," ","Sconnie McHits",,"70","200","2004-4-30","Suffolk","VA","Finland",,
"652","6","6","3","63"," ","Sconnie McHits",,"70","200","2004-4-30","Suffolk","VA","Finland",,
"652","6","6","3","64"," ","Sconnie McHits",,"70","200","2004-4-30","Suffolk","VA","Finland",,
"656","6","6","3","61"," ","Yannick Svoboda",,"70","180","2003-12-6","New Concord","OH","Czech Republic",,
"656","6","6","3","62"," ","Yannick Svoboda",,"70","180","2003-12-6","New Concord","OH","Czech Republic",,
"656","6","6","3","64"," ","Yannick Svoboda",,"70","171","2003-12-6","New Concord","OH","Czech Republic",,
"656","6","6","3","70"," ","Sergey Bombay",,"76","200","2013-3-20","Moscow","MOS","Russia",,
"660","6","6","3","61"," ","Velk? Mu?",,"80","285","2003-11-8","Honolulu","HI","Czech Republic",,
"660","6","6","3","68"," ","George Walsh",,"78","215","2011-12-17","Wexford","WEX","Ireland",,
"661","6","6","3","63"," ","Shoyo Hinata",,"67","165","2003-12-28","West Bend","WI","Japan",,
"661","6","6","3","64"," ","Shoyo Hinata",,"67","165","2003-12-28","West Bend","WI","Japan",,
"663","6","6","3","71"," ","Mick Mayhem",,"74","287","2012-11-18","Bloomington","IN","The United States",,
"663","6","6","3","72"," ","Mick Mayhem",,"74","287","2012-11-18","Bloomington","IN","The United States",,
"671","6","6","3","61"," ","Alex Kidd",,"72","200","2004-1-16","Seven Hills","OH","Finland",,
"671","6","6","3","62"," ","Alex Kidd",,"72","200","2004-1-16","Seven Hills","OH","Finland",,
"671","6","6","3","63"," ","Alex Kidd",,"72","200","2004-1-16","Seven Hills","OH","Finland",,
"671","6","6","3","64"," ","Alex Kidd",,"72","200","2004-1-16","Seven Hills","OH","Finland",,
"671","6","6","3","65"," ","Alex Kidd",,"72","200","2004-1-16","Seven Hills","OH","Finland",,
"673","6","6","3","61"," ","Konstantin Strelka",,"75","200","2004-3-8","Smithtown","NY","Russia",,
"675","6","6","3","68"," ","Ryan McKennedy",,"73","200","2011-4-3","Longford","LON","Ireland",,
"677","6","6","3","68"," ","Isak Sogard",,"74","220","2011-10-28","Bergen","NOO","Norway",,
"681","6","6","3","74"," ","I-Stir MyPudding",,"72","200","2013-3-13","Arvika","VäR","Sweden",,
"683","6","6","3","59"," ","Daryl Urquhart",,"71","190","2004-1-2","London","ENG","England",,
"684","6","6","3","61"," ","Aksel Fiske",,"74","194","2004-4-18","Colorado Springs","CO","Norway",,
"684","6","6","3","62"," ","Aksel Fiske",,"74","194","2004-4-18","Colorado Springs","CO","Norway",,
"684","6","6","3","63"," ","Aksel Fiske",,"74","194","2004-4-18","Colorado Springs","CO","Norway",,
"684","6","6","3","64"," ","Aksel Fiske",,"74","194","2004-4-18","Colorado Springs","CO","Norway",,
"685","6","6","3","61"," ","Malach Skada",,"73","200","2004-5-19","Fall River","MA","Czech Republic",,
"686","6","6","3","66"," ","Emil Lindenberg",,"76","221","2010-12-24","Tampere","PIR","Finland",,
"686","6","6","3","69"," ","Emil Lindenberg",,"72","210","2011-9-17","Tampere","PIR","Finland",,
"691","6","6","3","68"," ","Iliket Urtles",,"76","215","2011-6-29","Skarsterlân","FRI","Norway",,
"693","6","6","3","74"," ","Nick Larsson",,"70","300","2013-3-11","Arvika","VäR","Sweden",,
"695","6","6","3","68"," ","Julia Waffles",,"65","150","2011-8-1","Tampere","PIR","Finland",,
"695","6","6","3","69"," ","Julia Waffles",,"67","150","2011-8-1","Tampere","PIR","Finland",,
"704","6","6","3","68"," ","Cob Corning",,"80","300","2011-10-25","Reno","NV","Finland",,
"704","6","6","3","69"," ","Cob Corning",,"80","300","2011-10-25","Reno","NV","Finland",,
"705","6","6","3","68"," ","Olivers Ozols",,"73","195","2011-9-12","Liepaja","LIE","Latvia",,
"708","6","6","3","73"," ","Ubba Lodbrok",,"78","220","2014-9-30","Copenhagen","FRE","Denmark",,
"708","6","6","3","74"," ","Ubba Lodbrok",,"78","220","2014-9-30","Copenhagen","FRE","Denmark",,
"708","6","6","3","75"," ","Ubba Lodbrok",,"78","220","2014-9-30","Copenhagen","FRE","Denmark",,
"711","6","6","3","71"," ","Patricija Ozerova",,"60","152","2011-7-28","Ventspils","VEN","Latvia","Finland",
"713","6","6","3","68"," ","Joshua Weber",,"74","255","2011-6-12","Berlin","BER","Germany",,
"719","6","6","3","68"," ","Kelly O'Neil",,"74","230","2011-11-22","Boston","MA","The United States",,
"721","6","6","3","70"," ","Kool-Aid McKinstry",,"73","188","2010-2-12","London","ENG","England",,
"726","6","6","3","68"," ","Johnny Wagner-Svenson",,"77","237","2011-9-12","Clearwater","FL","Finland",,
"730","6","6","3","70"," ","Kieran Kovalev",,"77","192","2012-12-31","Toronto","ON","Canada",,
"738","6","6","3","74"," ","Florian Söderberg-Motyla",,"77","243","2013-6-12","Zakopane","MAL","Poland","Sweden",
"738","6","6","3","75"," ","Florian Söderberg-Motyla",,"77","243","2013-6-12","Zakopane","MAL","Poland","Sweden",
"741","6","6","3","71"," ","Austin Doumakis",,"72","190","2013-6-6","Viersen","NOR","Germany","Finland",
"743","6","6","3","69"," ","Adelbert Steiner",,"73","221","2013-1-25","Manchester","ENG","Finland",,
"743","6","6","3","70"," ","Adelbert Steiner",,"73","221","2013-1-25","Manchester","ENG","Finland",,
"743","6","6","3","71"," ","Adelbert Steiner",,"73","221","2013-1-25","Manchester","ENG","Finland",,
"743","6","6","3","72"," ","Adelbert Steiner",,"73","221","2013-1-25","Manchester","ENG","Finland",,
"745","6","6","3","69"," ","James Guinee",,"74","210","2013-5-6","Malden","MA","The United States",,
"746","6","6","3","71"," ","Jaromir Jagrbomb",,"74","254","2014-4-12","Helsinki","UUS","Finland",,
"746","6","6","3","72"," ","Jaromir Jagrbomb",,"74","254","2014-4-12","Helsinki","UUS","Finland",,
"746","6","6","3","73"," ","Jaromir Jagrbomb",,"74","254","2014-4-12","Helsinki","UUS","Finland",,
"746","6","6","3","74"," ","Jaromir Jagrbomb",,"74","254","2014-4-12","Helsinki","UUS","Finland",,
"753","6","6","3","69"," ","William Tree",,"75","220","2012-10-19","Helsinki","UUS","Finland",,
"753","6","6","3","70"," ","William Tree",,"75","220","2012-10-19","Helsinki","UUS","Finland",,
"753","6","6","3","71"," ","William Tree",,"75","220","2012-10-19","Helsinki","UUS","Finland",,
"753","6","6","3","72"," ","William Tree",,"75","220","2012-10-19","Helsinki","UUS","Finland",,
"756","6","6","3","71"," ","Lean On (Coconut Mall) Dry Saddle-Heghog",,"71","199","2014-1-3","Zurich","ZH","Switzerland","Finland",
"760","6","6","3","71"," ","Eetu Vahtera",,"76","205","2014-1-22","Helsinki","UUS","Finland",,
"766","6","6","3","69"," ","Antoine Gauthier",,"73","190","2013-9-3","Gatineau","QC","Canada",,
"768","6","6","3","59"," ","Sonata Diamante",,"73","205","2002-8-20","Catania","SIC","Italy",,
"768","6","6","3","60"," ","Sonata Diamante",,"73","205","2002-8-20","Catania","SIC","Italy",,
"772","6","6","3","57"," ","Mikhael Petrov",,"74","215","2002-1-20","Moscow","MOS","Russia",,
"772","6","6","3","71"," ","Cheeks Klapanen",,"73","194","2014-3-31","Kuopio","NSA","Finland",,
"772","6","6","3","72"," ","Cheeks Klapanen",,"73","194","2014-3-31","Kuopio","NSA","Finland",,
"772","6","6","3","73"," ","Cheeks Klapanen",,"73","194","2014-3-31","Kuopio","NSA","Finland",,
"779","6","6","3","69"," ","Rhett Carpet",,"75","175","2013-5-23","Helsinki","UUS","Finland",,
"779","6","6","3","70"," ","Rhett Carpet",,"75","175","2013-5-23","Helsinki","UUS","Finland",,
"779","6","6","3","71"," ","Rhett Carpet",,"76","215","2013-5-23","Helsinki","UUS","Finland",,
"779","6","6","3","72"," ","Rhett Carpet",,"76","215","2013-5-23","Helsinki","UUS","Finland",,
"784","6","6","3","69"," ","Jay Bryzi",,"77","215","2013-8-14","Poznan","WIE","Finland",,
"788","6","6","3","59"," ","Hugo Gronroos",,"11","201","2002-6-3","Helsinki","UUS","Finland",,
"788","6","6","3","69"," ","Jo Bohansson",,"72","200","2012-12-24","Helsinki","UUS","Finland",,
"789","6","6","3","71"," ","Happy Gilmore",,"75","225","2014-1-18","Bristol","NY","The United States","Finland",
"790","6","6","3","69"," ","Tero-Petteri Paalykainen",,"68","170","2013-2-14","Oulu","NOS","Finland",,
"791","6","6","3","69"," ","Net Man",,"74","216","2013-5-27","Raleigh","NC","The United States",,
"803","6","6","3","69"," ","Stumptavian Roboclick",,"72","195","2013-9-15","Kelowna","BC","Canada",,
"803","6","6","3","70"," ","Stumptavian Roboclick",,"72","195","2013-9-15","Kelowna","BC","Canada",,
"805","6","6","3","69"," ","Curious Betsy",,"73","200","2013-4-27","Pinellas Park","FL","Finland",,
"805","6","6","3","70"," ","Curious Betsy",,"73","200","2013-4-27","Pinellas Park","FL","Finland",,
"807","6","6","3","59"," ","Kian Hamilton Jr.",,"72","221","2002-11-22","Jelgava","JEL","Latvia",,
"807","6","6","3","71"," ","Tiko Menhir",,"74","190","2014-1-27","Utsjoki","LAP","Finland",,
"813","6","6","3","69"," ","Just-to-Buy My-Love",,"72","200","2013-8-19","Fort Wayne","IN","Finland",,
"813","6","6","3","70"," ","Just-to-Buy My-Love",,"72","200","2013-8-19","Fort Wayne","IN","Finland",,
"813","6","6","3","71"," ","Just-to-Buy My-Love",,"72","200","2013-8-19","Fort Wayne","IN","Finland",,
"813","6","6","3","72"," ","Just-to-Buy My-Love",,"72","200","2013-8-19","Fort Wayne","IN","Finland",,
"813","6","6","3","73"," ","Just-to-Buy My-Love",,"72","200","2013-8-19","Fort Wayne","IN","Finland",,
"815","6","6","3","69"," ","Juuse Laukkanen",,"69","173","2013-5-27","Tampere","PIR","Finland",,
"817","6","6","3","71"," ","Jani Mänty",,"77","222","2013-12-31","Sonkajärvi","NSA","Finland",,
"817","6","6","3","72"," ","Jani Manty",,"77","222","2013-12-31","Sonkajärvi","NSA","Finland",,
"817","6","6","3","73"," ","Jani Manty",,"77","222","2013-12-31","Sonkajärvi","NSA","Finland",,
"817","6","6","3","74"," ","Jani Manty",,"77","222","2013-12-31","Sonkajärvi","NSA","Finland",,
"817","6","6","3","75"," ","Jani Manty",,"77","222","2013-12-31","Sonkajärvi","NSA","Finland",,
"819","6","6","3","69"," ","Drew Meyer",,"69","177","2013-5-8","Newnan","GA","The United States",,
"838","6","6","3","71"," ","Artturi Lappalainen",,"79","221","2014-3-29","Helsinki","UUS","Finland",,
"838","6","6","3","72"," ","Artturi Lappalainen",,"80","221","2014-3-29","Helsinki","UUS","Finland",,
"838","6","6","3","73"," ","Artturi Lappalainen",,"80","221","2014-3-29","Helsinki","UUS","Finland",,
"838","6","6","3","74"," ","Artturi Lappalainen",,"80","221","2014-3-29","Helsinki","UUS","Finland",,
"839","6","6","3","60"," ","Anton Harrier",,"73","172","2006-1-31","Norwalk","CT","Scotland",,
"842","6","6","3","60"," ","Rinky McDangle",,"75","215","2006-1-21","Durant","OK","Ireland",,
"847","6","6","3","70"," ","Aumy Junior II",,"73","210","2015-6-21","Tampere","PIR","Finland",,
"847","6","6","3","71"," ","Aumy Junior II",,"73","210","2015-6-21","Tampere","PIR","Finland",,
"847","6","6","3","72"," ","Aumy Junior II",,"73","210","2015-6-21","Tampere","PIR","Finland",,
"847","6","6","3","73"," ","Aumy Junior II",,"73","210","2015-6-21","Tampere","PIR","Finland",,
"881","6","6","3","62"," ","Jay O'Neil",,"74","215","2004-8-24","Boston","MA","The United States",,
"881","6","6","3","63"," ","Jay O'Neil",,"74","215","2004-8-24","Boston","MA","The United States",,
"881","6","6","3","64"," ","Jay O'Neil",,"74","215","2004-8-24","Boston","MA","The United States",,
"881","6","6","3","70"," ","Might-go IA",,"72","200","2015-4-26","Helsinki","UUS","Finland",,
"881","6","6","3","71"," ","Might-go IA",,"72","200","2015-4-26","Helsinki","UUS","Finland",,
"881","6","6","3","72"," ","Might-go IA",,"72","200","2015-4-26","Helsinki","UUS","Finland",,
"885","6","6","3","61"," ","Jesper Aittokallio",,"75","217","2004-4-5","Bend","OR","Finland",,
"885","6","6","3","62"," ","Jesper Aittokallio",,"75","217","2004-4-5","Bend","OR","Finland",,
"885","6","6","3","63"," ","Jesper Aittokallio",,"75","217","2004-4-5","Bend","OR","Finland",,
"885","6","6","3","64"," ","Jesper Aittokallio",,"75","217","2004-4-5","Bend","OR","Finland",,
"893","6","6","3","70"," ","The Murray",,"72","240","2015-5-7","Bogota","BOG","Colombia",,
"897","6","6","3","70"," ","Kyle Baretto",,"75","235","2015-4-18","San Bernardino","CA","The United States",,
"914","6","6","3","59"," ","Ashy Larry",,"77","220","2004-7-10","Troms?","TRO","Norway",,
"926","6","6","3","61"," ","Gonzo Gobbledygook",,"76","240","2004-2-4","Oslo","AKE","Norway",,
"926","6","6","3","62"," ","Gonzo Gobbledygook",,"76","240","2004-2-4","Oslo","AKE","Norway",,
"969","6","6","3","60"," ","Strawberry Sailfish",,"62","150","2004-9-4","Melbourne","VIC","Australia",,
"971","6","6","3","59"," ","Erik Andrews",,"74","200","2004-12-26","Prague","PRA","Czech Republic",,
"971","6","6","3","60"," ","Erik Andrews",,"74","200","2004-12-26","Prague","PRA","Czech Republic",,
"979","6","6","3","60"," ","Matej Winters",,"78","208","2004-1-18","Hradec Kralov?","KRA","Czech Republic",,
"993","6","6","3","61"," ","Mikko Rashford",,"70","200","2004-12-30","Doral","FL","Finland",,
"993","6","6","3","62"," ","Mikko Rashford",,"70","200","2004-12-30","Doral","FL","Finland",,
"993","6","6","3","63"," ","Mikko Rashford",,"70","200","2004-12-30","Doral","FL","Finland",,
"993","6","6","3","64"," ","Mikko Rashford",,"70","200","2004-12-30","Doral","FL","Finland",,
"995","6","6","3","61"," ","Vadim Askerov",,"73","185","2004-10-16","Veradale","WA","Russia",,
"998","6","6","3","60"," ","Vladlen Sidorov",,"70","185","2004-2-20","Lincoln","CA","Russia",,
"1015","6","6","3","60"," ","Max Manning",,"75","195","2000-12-2","Vancouver","BC","Canada",,
"1053","6","6","3","63"," ","Jason Playstation",,"66","242","2000-6-2","Greenwood","IN","Japan",,
"1058","6","6","3","60"," ","Leons Briedis",,"75","225","2000-11-24","Riga","RIG","Latvia",,
"1059","6","6","3","60"," ","Monster The Doctor",,"78","300","2000-5-14","Troy","MO","The Netherlands",,
"1060","6","6","3","60"," ","Titanus Mosura",,"80","280","2000-9-1","Tokyo","TOK","Japan",,
"1061","6","6","3","60"," ","Tommy Tightpants",,"75","205","2000-4-2","Montreal","QC","Canada",,
"1061","6","6","3","62"," ","Tommy Tightpants",,"75","205","2000-4-2","Montreal","QC","Finland",,
"1061","6","6","3","64"," ","Tommy Tightpants",,"75","205","2000-4-2","Montreal","QC","Finland",,
"1062","6","6","3","72"," ","Nico Nurminen",,"71","187","2016-2-13","Iisalmi","NSA","Finland",,
"1063","6","6","3","72"," ","Kristian Seppanen",,"76","237","2016-2-9","Helsinki","UUS","Finland",,
"1063","6","6","3","73"," ","Kristian Seppanen",,"76","237","2016-2-9","Helsinki","UUS","Finland",,
"1063","6","6","3","74"," ","Kristian Seppanen",,"76","237","2016-2-9","Helsinki","UUS","Finland",,
"1063","6","6","3","75"," ","Kristian Seppanen",,"76","237","2016-2-9","Helsinki","UUS","Finland",,
"1066","6","6","3","61"," ","Ahlo Kysoka",,"73","210","2000-8-21","Troms?","TRO","Norway",,
"1066","6","6","3","62"," ","Ahlo Kysoka",,"73","210","2000-8-21","Troms?","TRO","Norway",,
"1071","6","6","3","63"," ","Christian Kinsinger",,"74","212","2000-9-6","Roskilde","ROS","Denmark",,
"1071","6","6","3","64"," ","Christian Kinsinger",,"74","212","2000-9-6","Roskilde","ROS","Denmark",,
"1071","6","6","3","74"," ","Aksel VINSen",,"74","195","2017-8-9","Oslo","AKE","Norway",,
"1076","6","6","3","62"," ","Frederico Von Schnicktenburg","Von Schnicktenbur","76","227","2000-8-15","Aarhus","ARH","Denmark",,
"1076","6","6","3","63"," ","Frederico Von Schnicktenburg","Von Schnicktenbur","76","227","2000-8-15","Aarhus","ARH","Denmark",,
"1076","6","6","3","64"," ","Frederico Von Schnicktenburg","Von Schnicktenbur","76","227","2000-8-15","Aarhus","ARH","Denmark",,
"1080","6","6","3","61"," ","Grogu Mandosson",,"74","215","2000-6-14","San Jose","CA","Norway",,
"1080","6","6","3","62"," ","Grogu Mandosson",,"74","215","2000-6-14","San Jose","CA","Norway",,
"1080","6","6","3","63"," ","Grogu Mandosson",,"74","215","2000-6-14","San Jose","CA","Norway",,
"1098","6","6","3","61"," ","Meeka Keprosoft",,"66","222","2000-8-23","Orange Cove","CA","Finland",,
"1098","6","6","3","62"," ","Meeka Keprosoft",,"66","222","2000-8-23","Orange Cove","CA","Finland",,
"1160","6","6","3","73"," ","Simo Jaaskelainen",,"75","229","2017-6-28","Tampere","PIR","Finland",,
"1160","6","6","3","74"," ","Simo Jaaskelainen",,"75","229","2017-6-28","Tampere","PIR","Finland",,
"1160","6","6","3","75"," ","Simo Jaaskelainen",,"75","229","2017-6-28","Tampere","PIR","Finland",,
"1160","6","6","3","76"," ","Simo Jaaskelainen",,"75","229","2017-6-28","Tampere","PIR","Finland",,
"1161","6","6","3","72"," ","Mac Griddle",,"76","220","2017-6-28","Helsinki","UUS","Finland",,
"1161","6","6","3","73"," ","Mac Griddle",,"76","220","2017-6-28","Helsinki","UUS","Finland",,
"1161","6","6","3","75"," ","Mac Griddle",,"77","220","2017-6-28","Helsinki","UUS","Finland",,
"1161","6","6","3","76"," ","Mac Griddle",,"77","220","2017-6-28","Helsinki","UUS","Finland",,
"1162","6","6","3","73"," ","Kaarlo Koivunen",,"74","212","2017-6-28","Rauma","SAT","Finland",,
"1162","6","6","3","75"," ","Kaarlo Koivunen",,"75","212","2017-6-28","Rauma","SAT","Finland",,
"1163","6","6","3","72"," ","Johnny Patey V2",,"71","195","2017-6-28","Helsinki","UUS","Finland",,
"1163","6","6","3","73"," ","Johnny Patey V2",,"71","195","2017-6-28","Helsinki","UUS","Finland",,
"1163","6","6","3","74"," ","Johnny Patey V2",,"72","195","2017-6-28","Helsinki","UUS","Finland",,
"1163","6","6","3","75"," ","Johnny Patey V2",,"72","195","2017-6-28","Helsinki","UUS","Finland",,
"1163","6","6","3","76"," ","Johnny Patey V2",,"72","195","2017-6-28","Helsinki","UUS","Finland",,
"1164","6","6","3","72"," ","Jamhi Huovinen",,"77","210","2017-6-28","Nurmijärvi","UUS","Finland",,
"1165","6","6","3","72"," ","Erno Joonas",,"76","180","2017-6-28","Tampere","PIR","Finland",,
"1165","6","6","3","73"," ","Erno Joonas",,"76","180","2017-6-28","Tampere","PIR","Finland",,
"1166","6","6","3","72"," ","Axel Hamalainen",,"71","180","2017-6-28","Tampere","PIR","Finland",,
"1166","6","6","3","73"," ","Axel Hamalainen",,"72","180","2017-6-28","Tampere","PIR","Finland",,
"1166","6","6","3","74"," ","Axel Hamalainen",,"72","180","2017-6-28","Tampere","PIR","Finland",,
"1176","6","6","3","73"," ","Rodrigo Banes",,"76","200","2017-6-28","Riga","RIG","Latvia",,
"1179","6","6","3","73"," ","Cal Juice",,"75","196","2017-6-28","Prague","PRA","Czech Republic",,
"1180","6","6","3","74"," ","Will Tomlander",,"75","185","2017-6-28","Ängelholm","SKå","Sweden",,
"1180","6","6","3","75"," ","Will Tomlander",,"76","185","2017-6-28","Ängelholm","SKå","Sweden",,
"1180","6","6","3","76"," ","Will Tomlander",,"76","185","2017-6-28","Ängelholm","SKå","Sweden",,
"1182","6","6","3","74"," ","Emil Karlsson",,"76","230","2017-6-28","Örnsköldsvik","VäS","Sweden",,
"1182","6","6","3","75"," ","Emil Karlsson",,"76","230","2017-6-28","Örnsköldsvik","VäS","Sweden",,
"1183","6","6","3","74"," ","Dag-Otto Bjorntjanst",,"73","196","2017-6-28","Södertälje","STO","Sweden",,
"1183","6","6","3","75"," ","Dag-Otto Bjorntjanst",,"73","196","2017-6-28","Södertälje","STO","Sweden",,
"1188","6","6","3","74"," ","Kenny Omega",,"72","218","2017-6-28","Winnipeg","MB","Canada",,
"1188","6","6","3","75"," ","Kenny Omega",,"72","218","2017-6-28","Winnipeg","MB","Canada",,
"1200","6","6","3","72"," ","Tanner Pitts",,"76","200","2017-6-28","Tampere","PIR","Finland",,
"1200","6","6","3","73"," ","Tanner Pitts",,"76","200","2017-6-28","Tampere","PIR","Finland",,
"1200","6","6","3","74"," ","Tanner Pitts",,"76","200","2017-6-28","Tampere","PIR","Finland",,
"1200","6","6","3","76"," ","Tanner Pitts",,"76","200","2017-6-28","Tampere","PIR","Finland",,
"1201","6","6","3","72"," ","Lily Jin Morrow",,"65","150","2017-6-28","Victoria Point","QLD","Australia",,
"1235","6","6","3","73"," ","Fred Bread",,"69","225","2017-6-28","Syracuse","NY","The United States",,
"1236","6","6","3","74"," ","Sonja Solberg","The Better Twin","68","155","2017-6-28","Fredrikstad","ØST","Norway",,
"1236","6","6","3","75"," ","Sonja Solberg","The Better Twin","69","155","2017-6-28","Fredrikstad","ØST","Norway",,
"1236","6","6","3","76"," ","Sonja Solberg","The Better Twin","69","155","2017-6-28","Fredrikstad","ØST","Norway",,
"1237","6","6","3","74"," ","Froya Solberg","Froyo","68","154","2017-6-28","Fredrikstad","ØST","Norway",,
"1237","6","6","3","75"," ","Froya Solberg","Froyo","71","154","2017-6-28","Fredrikstad","ØST","Norway",,
"1237","6","6","3","76"," ","Froya Solberg","Froyo","71","154","2017-6-28","Fredrikstad","ØST","Norway",,
"1238","6","6","3","74"," ","Denebor Milasch",,"77","220","2017-6-28","Krakow","MAL","Poland",,
"1238","6","6","3","75"," ","Denebor Milasch",,"78","220","2017-6-28","Krakow","MAL","Poland",,
"1238","6","6","3","76"," ","Denebor Milasch",,"78","220","2017-6-28","Krakow","MAL","Poland",,
"1258","6","6","3","73"," ","Olafur Gunnleifsson",,"75","220","2018-6-28","Keflavík","SUð","Iceland",,
"1259","6","6","3","73"," ","Teemu Salami",,"72","209","2018-6-28","Helsinki","UUS","Finland",,
"1259","6","6","3","77"," ","Teemu Salami",,"72","209","2018-6-28","Helsinki","UUS","Finland",,
"1277","6","6","3","63"," ","Alexander Mackenzie",,"72","181","2006-1-31","St. John's","NL","Canada",,
"1277","6","6","3","64"," ","Alexander Mackenzie",,"72","181","2006-1-31","St. John's","NL","Canada",,
"1285","6","6","3","64"," ","Hank Stopper",,"70","182","2006-5-23","Hartberg","STE","Austria",,
"1285","6","6","3","65"," ","Hank Stopper",,"70","182","2006-5-23","Hartberg","STE","Austria",,
"1288","6","6","3","62"," ","Rolf Korhonen",,"75","181","2006-8-13","Rantasalmi","SSA","Finland",,
"1288","6","6","3","63"," ","Rolf Korhonen",,"75","181","2006-8-13","Rantasalmi","SSA","Finland",,
"1289","6","6","3","62"," ","Bubba Tree",,"74","206","2006-3-22","Oslo","AKE","Norway",,
"1289","6","6","3","63"," ","Bubba Tree",,"74","206","2006-3-22","Oslo","AKE","Norway",,
"1289","6","6","3","64"," ","Bubba Tree",,"74","206","2006-3-22","Oslo","AKE","Norway",,
"1289","6","6","3","65"," ","Bubba Tree",,"74","206","2006-3-22","Oslo","AKE","Norway",,
"1292","6","6","3","62"," ","Enes Gundogan",,"78","227","2006-2-5","Vienna","WIE","Austria",,
"1317","6","6","3","63"," ","Bodhi Utah",,"75","226","2006-4-17","Sydney","NSW","Australia",,
"1336","6","6","3","67"," ","Terry Leviathan",,"77","225","2008-9-10","San Diego","CA","Czech Republic",,
"1367","6","6","3","75"," ","Pinli Switchbang",,"66","150","2018-6-28","Utsjoki","LAP","Finland",,
"1367","6","6","3","76"," ","Pinli Switchbang",,"66","150","2018-6-28","Utsjoki","LAP","Finland",,
"1367","6","6","3","77"," ","Pinli Switchbang",,"66","150","2018-6-28","Utsjoki","LAP","Finland",,
"1371","6","6","3","75"," ","Herman Stahl",,"74","185","2018-6-28","Uppsala","UPP","Sweden",,
"1399","6","6","3","66"," ","Dexter Harrison",,"74","200","2010-10-12","Roswell","GA","The United States",,
"1428","6","6","3","63"," ","Holden Steady",,"74","180","2007-11-22","Helsinki","UUS","Finland",,
"1428","6","6","3","64"," ","Holden Steady",,"74","180","2007-11-22","Helsinki","UUS","Finland",,
"1428","6","6","3","65"," ","Holden Steady",,"74","180","2007-11-22","Helsinki","UUS","Finland",,
"1428","6","6","3","66"," ","Holden Steady",,"74","180","2007-11-22","Meseista","OHR","Finland",,
"1429","6","6","3","62"," ","Ben Der",,"75","220","2006-12-17","Nokia","PIR","Finland",,
"1429","6","6","3","63"," ","Ben Der",,"75","220","2007-6-8","Ylöjärvi","PIR","Finland",,
"1429","6","6","3","64"," ","Ben Der",,"75","220","2007-6-8","Ylöjärvi","PIR","Finland",,
"1429","6","6","3","65"," ","Ben Der",,"75","220","2007-6-8","Ylöjärvi","PIR","Finland",,
"1429","6","6","3","66"," ","Ben Der",,"75","220","2007-6-8","Kamenica","DEL","Finland",,
"1430","6","6","3","63"," ","Dekki Milos",,"68","155","2007-6-26","Vähäkyrö","OST","Finland",,
"1431","6","6","3","63"," ","Enes Gündogan",,"78","227","2007-3-15","Vienna","WIE","Austria",,
"1434","6","6","3","62"," ","Outdoor Truck",,"77","225","2006-8-16","Tampere","PIR","Finland",,
"1434","6","6","3","64"," ","Outdoor Truck",,"77","225","2007-8-24","Ylivieska","NOS","Finland",,
"1434","6","6","3","65"," ","Outdoor Truck",,"77","225","2007-8-24","Ylivieska","NOS","Finland",,
"1434","6","6","3","66"," ","Outdoor Truck",,"77","225","2007-8-24","Halikko","SOU","Finland",,
"1471","6","6","3","78"," ","Zhen Serkr",,"73","190","2020-6-28","Dallas","TX","The United States",,
"1481","6","6","3","65"," ","Chad Nickelback",,"71","195","2007-1-12","Mississauga","ON","Canada",,
"1481","6","6","3","66"," ","Chad Nickelback",,"71","195","2007-1-12","Oshawa","ON","Canada",,
"1492","6","6","3","78"," ","Timo Leppanen",,"75","189","2019-6-28","Espoo","UUS","Finland",,
"1529","6","6","3","77"," ","Smitty Werbenjaegermanjensen",,"79","265","2020-6-28","Rita","MAJ","Marshall Islands",,
"1541","6","6","3","76"," ","Jim Wieners",,"72","190","2019-6-28","Stockholm","STO","Sweden",,
"1542","6","6","3","76"," ","Cameron Kalashnikov",,"77","190","2018-6-28","Fort Worth","TX","The United States",,
"1544","6","6","3","76"," ","Bojan Miovski",,"74","200","2019-6-28","Stip","STI","North Macedonia",,
"1545","6","6","3","76"," ","Archibald Walker",,"69","200","2019-6-28","Helsinki","UUS","Finland",,
"1545","6","6","3","77"," ","Archibald Walker",,"69","200","2019-6-28","Helsinki","UUS","Finland",,
"1546","6","6","3","77"," ","Anna Skovgaard",,"75","180","2019-6-28","Oslo","AKE","Norway",,
"1547","6","6","3","77"," ","Anastasia Soderstrom",,"71","165","2019-6-28","Sundsvall","VäS","Sweden",,
"1550","6","6","3","76"," ","Swedish Chef",,"75","210","2020-6-28","Stockholm","STO","Sweden",,
"1550","6","6","3","77"," ","Swedish Chef",,"75","210","2020-6-28","Stockholm","STO","Sweden",,
"1558","6","6","3","75"," ","Slava-Ukraini Heroyam-Slava",,"76","230","2018-6-28","Kryvyi Rih","DNI","Ukraine",,
"1558","6","6","3","76"," ","Slava-Ukraini Heroyam-Slava",,"76","230","2018-6-28","Kryvyi Rih","DNI","Ukraine",,
"1558","6","6","3","77"," ","Slava-Ukraini Heroyam-Slava",,"76","230","2018-6-28","Kryvyi Rih","DNI","Ukraine",,
"1559","6","6","3","75"," ","Sebastien Levesque",,"72","205","2018-6-28","Oslo","AKE","Norway",,
"1559","6","6","3","77"," ","Sebastien Levesque",,"72","205","2018-6-28","Oslo","AKE","Norway",,
"1560","6","6","3","75"," ","Caspian Leevi",,"76","235","2018-6-28","Rovaniemi","LAP","Finland",,
"1588","6","6","3","64"," ","Kalevi Pukkala",,"75","225","2008-1-15","Hauho","KAN","Finland",,
"1588","6","6","3","65"," ","Kalevi Pukkala",,"75","225","2008-1-15","Hauho","KAN","Finland",,
"1589","6","6","3","64"," ","Skinny Shuckle",,"72","200","2008-7-7","Raleigh","NC","The United States",,
"1589","6","6","3","65"," ","Shiny Shuckle",,"72","200","2008-7-7","Raleigh","NC","The United States",,
"1589","6","6","3","66"," ","Shiny Shuckle",,"72","200","2008-7-7","Rome City","IN","The United States",,
"1589","6","6","3","67"," ","Shiny Shuckle",,"72","200","2006-11-4","La Marque","TX","The United States",,
"1590","6","6","3","64"," ","Nibbles The Squirrel ",,"72","180","2008-9-29","Joroinen","SSA","Finland",,
"1590","6","6","3","65"," ","Nibbles The Squirrel ",,"72","180","2008-9-29","Joroinen","SSA","Finland",,
"1590","6","6","3","66"," ","Nibbles The Squirrel ",,"72","180","2008-9-29","Parikkala","SKA","Finland",,
"1687","6","6","3","79"," ","Cain Pooyak",,"71","187","2020-6-28","Calgary","AB","Canada",,
"1690","6","6","3","77"," ","Pohler Beargeron",,"79","254","2020-6-28","Churchill","MB","Canada",,
"1705","6","6","3","78"," ","Gina Pinard",,"67","174","2020-6-28","Helsinki","UUS","Finland",,
"1706","6","6","3","76"," ","Max Kielinen",,"62","150","2020-6-28","Nivala","NOS","Finland",,
"1706","6","6","3","77"," ","Max Kielinen",,"65","150","2020-6-28","Nivala","NOS","Finland",,
"1706","6","6","3","78"," ","Max Kielinen",,"66","150","2020-6-28","Nivala","NOS","Finland",,
"1707","6","6","3","76"," ","Marko Kivimaki",,"74","215","2020-6-28","Helsinki","UUS","Finland",,
"1707","6","6","3","78"," ","Marko Kivimaki",,"74","215","2020-6-28","Helsinki","UUS","Finland",,
"1707","6","6","3","79"," ","Marko Kivimaki",,"74","215","2020-6-28","Helsinki","UUS","Finland",,
"1708","6","6","3","76"," ","Jacppo Nummilavin",,"75","198","2020-6-28","Tampere","PIR","Finland",,
"1708","6","6","3","77"," ","Jacppo Nummilavin",,"75","198","2020-6-28","Tampere","PIR","Finland",,
"1709","6","6","3","76"," ","Chairy Styles",,"69","180","2020-6-28","Oslo","AKE","Norway",,
"1709","6","6","3","79"," ","Chairy Styles",,"71","180","2020-6-28","Oslo","AKE","Norway",,
"1710","6","6","3","76"," ","AT-AT Wollker",,"78","238","2020-6-28","Reykjavík","HöF","Iceland",,
"1730","6","6","3","77"," ","Gwendolyn Telenn",,"65","150","2020-6-28","Lannion","BRI","France",,
"1735","6","6","3","78"," ","Arseniy Vitaliy",,"76","194","2021-6-20","Moscow","MOS","Russia",,
"1741","6","6","3","78"," ","Dirk Dienhart",,"73","185","2021-4-6","Munich","BAV","Germany",,
"1756","6","6","3","65"," ","Konstantin Äyräpää-Möttönen",,"74","213","2009-5-22","Helsinki","UUS","Finland",,
"1756","6","6","3","66"," ","Konstantin Ayraapaa-Mottonen",,"74","213","2009-5-22","Meseista","OHR","Finland",,
"1756","6","6","3","78"," ","Jimbob Ghostkeeper",,"76","210","2021-5-26","Albuquerque","NM","The United States",,
"1759","6","6","3","65"," ","Phillippe-Eko Eel",,"71","201","2009-7-6","Molde","MøR","Norway",,
"1759","6","6","3","66"," ","Phillippe-Eko Eel",,"71","201","2009-7-6","Røyken","BUS","Norway",,
"1761","6","6","3","65"," ","Ged Sparrowhawk",,"72","185","2009-6-28","Moss","ØST","Norway",,
"1762","6","6","3","65"," ","Tom Holberg",,"75","215","2009-7-10","Stavanger","ROG","Norway",,
"1762","6","6","3","66"," ","Tom Holberg",,"75","215","2009-7-10","Fjellfoten","AKE","Norway",,
"1767","6","6","3","78"," ","Big Sweg",,"83","300","2021-4-21","Helsinki","UUS","Finland",,
"1771","6","6","3","78"," ","Ivan Ivanovitch",,"73","197","2021-2-14","Moscow","MOS","Russia",,
"1776","6","6","3","78"," ","Hamper Linthome",,"76","225","2021-6-29","Oulu","NOS","Finland",,
"1776","6","6","3","79"," ","Hamper Linthome",,"76","225","2021-6-29","Oulu","NOS","Finland",,
"1776","6","6","3","80"," ","Hamper Linthome",,"76","225","2021-6-29","Oulu","NOS","Finland",,
"1776","6","6","3","81"," ","Hamper Linthome",,"76","225","2021-6-29","Oulu","NOS","Finland",,
"1782","6","6","3","79"," ","Jeremy Louchard",,"70","170","2021-6-6","Quebec City","QC","Canada",,
"1799","6","6","3","78"," ","Killa Kam",,"75","204","2021-2-15","Calgary","AB","Canada",,
"1805","6","6","3","79"," ","Jimmy Twoshoes",,"65","150","2021-11-7","Owen Sound","ON","Canada",,
"1805","6","6","3","80"," ","Jimmy Twoshoes",,"65","150","2021-11-7","Owen Sound","ON","Canada",,
"1806","6","6","3","78"," ","Geno Vajihollahi",,"78","215","2021-3-26","Kelowna","BC","Canada",,
"1824","6","6","3","78"," ","Mel Guolla",,"75","210","2021-4-7","Hamilton","ON","Canada",,
"1836","6","6","3","80"," ","TJ Smex",,"72","185","2021-6-28","Vatican City","VAC","Vatican City",,
"1841","6","6","3","78"," ","Ville Sato-Maki",,"77","220","2021-6-28","Nokia","PIR","Finland",,
"1841","6","6","3","79"," ","Ville Sato-Maki",,"77","220","2021-6-28","Nokia","PIR","Finland",,
"1844","6","6","3","78"," ","Hip Hurts",,"77","215","2022-6-28","Tampere","PIR","Finland",,
"1844","6","6","3","79"," ","Hip Hurts",,"77","215","2022-6-28","Tampere","PIR","Finland",,
"1844","6","6","3","80"," ","Hip Hurts",,"78","215","2022-6-28","Tampere","PIR","Finland",,
"1844","6","6","3","81"," ","Hip Hurts",,"78","215","2022-6-28","Tampere","PIR","Finland",,
"1845","6","6","3","77"," ","Valtteri Pulkkinen",,"73","190","2021-6-28","Helsinki","UUS","Finland",,
"1845","6","6","3","78"," ","Valtteri Pulkkinen",,"73","190","2021-6-28","Helsinki","UUS","Finland",,
"1845","6","6","3","79"," ","Valtteri Pulkkinen",,"73","190","2021-6-28","Helsinki","UUS","Finland",,
"1845","6","6","3","80"," ","Valtteri Pulkkinen",,"73","190","2021-6-28","Helsinki","UUS","Finland",,
"1846","6","6","3","77"," ","No This is Patrik",,"76","190","2021-6-28","Oulu","NOS","Finland",,
"1846","6","6","3","78"," ","No This is Patrik",,"76","190","2021-6-28","Oulu","NOS","Finland",,
"1846","6","6","3","79"," ","No This is Patrik",,"76","190","2021-6-28","Oulu","NOS","Finland",,
"1846","6","6","3","80"," ","No This is Patrik",,"76","190","2021-6-28","Oulu","NOS","Finland",,
"1847","6","6","3","77"," ","Kenneth Lind",,"76","196","2022-6-28","Luleå","NOR","Sweden",,
"1848","6","6","3","77"," ","Jeremy Snugglemuffin III",,"60","150","2021-6-28","Stockholm","STO","Sweden",,
"1849","6","6","3","77"," ","Dexter Harrison Jr",,"76","225","2020-6-28","Helsinki","UUS","Finland",,
"1850","6","6","3","77"," ","BD Bronk",,"74","225","2019-6-28","Oslo","AKE","Norway",,
"1851","6","6","3","77"," ","Bas de Leede",,"75","215","2021-6-28","Amsterdam","NOO","The Netherlands",,
"1868","6","6","3","80"," ","Bas O'Bigbers Jr",,"72","200","2021-6-28","Swords","DUB","Ireland",,
"1873","6","6","3","79"," ","Matthias",,"79","270","2021-6-28","Alert","NU","Canada",,
"1879","6","6","3","80"," ","Luigi Mario",,"71","170","2021-6-28","Halifax","NS","Canada",,
"1891","6","6","3","79"," ","Bodhi Echo",,"76","204","2021-6-28","Portland","NY","The United States",,
"1994","6","6","3","78"," ","Jon-Isaac Forty-One",,"76","210","2022-6-28","Rouen","UPP","France",,
"1994","6","6","3","79"," ","Jon-Isaac Forty-One",,"76","210","2022-6-28","Rouen","UPP","France",,
"2106","6","6","3","80"," ","Trey Lambert-Gill",,"74","185","2022-6-28","Estevan","SK","Canada",,
"2113","6","6","3","79"," ","Paul Charron",,"70","174","2022-6-28","Oulu","NOS","Finland",,
"2114","6","6","3","79"," ","Jaquavion Tavius",,"71","190","2022-6-28","Nokia","PIR","Finland",,
"2114","6","6","3","80"," ","Jaquavion Tavius",,"71","190","2022-6-28","Nokia","PIR","Finland",,
"2138","6","6","3","80"," ","jiels",,"76","160","2022-6-28","Panama","PAN","Panama",,
"2142","6","6","3","80"," ","Brodir Aleifrsson",,"75","235","2022-6-28","Odense","FYN","Denmark",,
"2142","6","6","3","81"," ","Brodir Aleifrsson",,"75","235","2022-6-28","Odense","FYN","Denmark",,
"2142","6","6","3","82"," ","Brodir Aleifrsson",,"75","235","2022-6-28","Odense","FYN","Denmark",,
"2147","6","6","3","78"," ","Jeff Santiago",,"70","161","2021-4-20","New York","NY","The United States",,
"2149","6","6","3","79"," ","Dee Centerman IV, Jr.",,"79","240","2022-6-28","St. Louis","MI","The United States",,
"2150","6","6","3","79"," ","Brock Jameson",,"77","150","2022-6-28","Milwaukee","WI","The United States",,
"2151","6","6","3","79"," ","Boogan McGillicuddy",,"74","210","2022-6-28","St. Louis","MO","The United States",,
"2152","6","6","3","79"," ","The Puck",,"63","150","2022-6-28","Saint-Jérôme","QC","Canada",,
"2273","6","6","3","82"," ","Honza Havran",,"78","215","2023-6-28","Kladno","STR","Czech Republic",,
"2273","6","6","3","83"," ","Honza Havran",,"78","215","2023-6-28","Kladno","STR","Czech Republic",,
"2275","6","6","3","81"," ","Jean-Luc Gagnon",,"73","189","2023-6-28","Terrebonne","QC","Canada",,
"2278","6","6","3","80"," ","Baldur-Ulysse Soderberg-Tremblay",,"72","190","2023-6-28","Helsinki","UUS","Finland",,
"2278","6","6","3","81"," ","Baldur-Ulysse Soderberg-Tremblay",,"72","190","2023-6-28","Helsinki","UUS","Finland",,
"2278","6","6","3","82"," ","Baldur-Ulysse Soderberg-Tremblay",,"72","190","2023-6-28","Helsinki","UUS","Finland",,
"2278","6","6","3","83"," ","Baldur-Ulysse Soderberg-Tremblay",,"72","190","2023-6-28","Helsinki","UUS","Finland",,
"2279","6","6","3","80"," ","Brett McMann",,"74","210","2023-6-28","Toronto","ON","Canada",,
"2280","6","6","3","80"," ","Charlie Parks",,"72","200","2023-6-28","Miramichi","NB","Canada",,
"2281","6","6","3","80"," ","David O'Connor",,"80","229","2023-6-28","Dundee","SCO","Scotland",,
"2282","6","6","3","80"," ","Matteo Lorletta",,"71","175","2023-6-28","Vancouver","BC","Canada",,
"2283","6","6","3","80"," ","Teemu Jarvinen",,"80","250","2023-6-28","Helsinki","UUS","Finland",,
"2283","6","6","3","81"," ","Teemu Jarvinen",,"80","250","2023-6-28","Helsinki","UUS","Finland",,
"2283","6","6","3","82"," ","Teemu Jarvinen",,"80","250","2023-6-28","Helsinki","UUS","Finland",,
"2283","6","6","3","83"," ","Teemu Jarvinen",,"80","250","2023-6-28","Helsinki","UUS","Finland",,
"2283","6","6","3","84"," ","Teemu Jarvinen",,"80","250","2023-6-28","Helsinki","UUS","Finland",,
"2284","6","6","3","80"," ","Tom O'Donnell",,"78","200","2023-6-28","Toronto","ON","Canada",,
"2285","6","6","3","80"," ","Jack",,"67","200","2023-6-28","Paris","ÎLE","France",,
"2285","6","6","3","81"," ","Jack",,"68","200","2023-6-28","Paris","ÎLE","France",,
"2287","6","6","3","82"," ","Jadon Fisk",,"70","200","2023-6-28","Colorado City","CO","The United States",,
"2328","6","6","3","81"," ","Optimus Autonomous",,"72","190","2023-6-28","Vatican City","VAC","Vatican City",,
"2328","6","6","3","82"," ","Optimus Autonomous",,"72","190","2023-6-28","Vatican City","VAC","Vatican City",,
"2328","6","6","3","83"," ","Optimus Autonomous",,"72","190","2023-6-28","Vatican City","VAC","Vatican City",,
"2454","6","6","3","81"," ","Aleksi Reshetnikov",,"76","214","2024-6-28","Mikkeli","SSA","Finland",,
"2455","6","6","3","81"," ","Anton Bjorninen",,"74","221","2024-6-28","Helsinki","UUS","Finland",,
"2455","6","6","3","82"," ","Anton Bjorninen",,"74","221","2024-6-28","Helsinki","UUS","Finland",,
"2456","6","6","3","81"," ","Doctor Wad",,"71","195","2024-6-28","Syracuse","NY","The United States",,
"2457","6","6","3","81"," ","Gabriel Savoie",,"73","210","2024-6-28","Edmonton","AB","Canada",,
"2458","6","6","3","81"," ","Hunter Cross",,"72","195","2024-6-28","Toledo","IL","The United States",,
"2459","6","6","3","81"," ","Mathew Pano",,"66","215","2024-6-28","Buffalo","NY","The United States",,
"2460","6","6","3","81"," ","Maxx Bolter",,"73","200","2024-6-28","Tampere","PIR","Finland",,
"2460","6","6","3","82"," ","Maxx Bolter",,"73","200","2024-6-28","Tampere","PIR","Finland",,
"2461","6","6","3","81"," ","Orr 2.0",,"74","205","2024-6-28","Helsinki","UUS","Finland",,
"2461","6","6","3","82"," ","Orr 2.0",,"75","205","2024-6-28","Helsinki","UUS","Finland",,
"2461","6","6","3","83"," ","Orr 2.0",,"75","205","2024-6-28","Helsinki","UUS","Finland",,
"2462","6","6","3","81"," ","Saku-Oliver Niemi",,"74","203","2024-6-28","Espoo","UUS","Finland",,
"2462","6","6","3","82"," ","Saku-Oliver Niemi",,"74","203","2024-6-28","Espoo","UUS","Finland",,
"2462","6","6","3","83"," ","Saku-Oliver Niemi",,"74","203","2024-6-28","Espoo","UUS","Finland",,
"2462","6","6","3","84"," ","Saku-Oliver Niemi",,"74","203","2024-6-28","Espoo","UUS","Finland",,
"2463","6","6","3","81"," ","Thomas Passarelli",,"75","230","2024-6-28","Fresno","CA","The United States",,
"2464","6","6","3","81"," ","Timothy Welch",,"67","230","2024-6-28","Lynnwood","WA","The United States",,
"2465","6","6","3","81"," ","Toivo Jokinen",,"74","208","2024-6-28","Forssa","KAN","Finland",,
"2496","6","6","3","82"," ","Maximus Decimus Meridius",,"73","200","2024-6-28","Eugene","OR","The United States",,
"2496","6","6","3","83"," ","Maximus Decimus Meridius",,"73","200","2024-6-28","Eugene","OR","The United States",,
"2496","6","6","3","84"," ","Maximus Decimus Meridius",,"73","200","2024-6-28","Eugene","OR","The United States",,
"2515","6","6","3","83"," ","Rondellus-Ringo Raamat",,"73","200","2024-6-28","Tallinn","HAR","Estonia",,
"2515","6","6","3","84"," ","Rondellus-Ringo Raamat",,"73","200","2024-6-28","Tallinn","HAR","Estonia",,
"2618","6","6","3","84"," ","Dan Bacle",,"69","210","2025-6-28","Dublin","DUB","Ireland",,
"2628","6","6","3","82"," ","Aapo Myllymaki ",,"77","222","2025-6-28","Oulu","NOS","Finland",,
"2629","6","6","3","82"," ","Emiliano L. Hefe",,"73","200","2025-6-28","Hartford","CT","The United States",,
"2629","6","6","3","83"," ","Emiliano L. Hefe",,"73","200","2025-6-28","Hartford","CT","The United States",,
"2629","6","6","3","84"," ","Emiliano L. Hefe",,"73","200","2025-6-28","Hartford","CT","The United States",,
"2629","6","6","3","85"," ","Emiliano L. Hefe",,"73","200","2025-6-28","Hartford","CT","The United States",,
"2630","6","6","3","82"," ","Finish Dajob",,"83","290","2025-6-28","Porvoo","EAS","Finland",,
"2631","6","6","3","82"," ","Greed",,"75","205","2025-6-28","Toronto","ON","Canada",,
"2632","6","6","3","82"," ","Isaac-Jon ""The Final"" Forty-One",,"74","200","2025-6-28","Sodankyla","LAP","Finland",,
"2632","6","6","3","83"," ","Isaac-Jon ""The Final"" Forty-One",,"74","200","2025-6-28","Sodankyla","LAP","Finland",,
"2632","6","6","3","84"," ","Isaac-Jon ""The Final"" Forty-One",,"74","200","2025-6-28","Sodankyla","LAP","Finland",,
"2632","6","6","3","85"," ","Isaac-Jon ""The Final"" Forty-One",,"74","200","2025-6-28","Sodankyla","LAP","Finland",,
"2633","6","6","3","82"," ","Luis Fenstermacher",,"74","195","2025-6-28","Frankfurt","HES","Germany",,
"2634","6","6","3","82"," ","Mr. Gardener",,"74","205","2025-6-28","Helsinki","UUS","Finland",,
"2635","6","6","3","82"," ","PDO Merchant",,"76","210","2025-6-28","Thunder Bay","ON","Canada",,
"2636","6","6","3","82"," ","Roi DuPain",,"73","222","2025-6-28","Montreal","QC","Canada",,
"2645","6","6","3","83"," ","Mid Knight",,"83","200","2025-6-28","San Francisco","CA","The United States",,
"2662","6","6","3","83"," ","Khalfani",,"74","230","2025-6-28","Nairobi","NAI","Kenya",,
"2681","6","6","3","83"," ","Henry Ofskalitz",,"72","210","2025-6-28","Skalite","ZIL","Czech Republic",,
"2681","6","6","3","84"," ","Henry Ofskalitz",,"72","210","2025-6-28","Skalite","ZIL","Czech Republic",,
"2681","6","6","3","85"," ","Henry Ofskalitz",,"72","210","2025-6-28","Skalite","ZIL","Czech Republic",,
"2682","6","6","3","84"," ","Luka Lilja",,"75","205","2025-6-28","South Park Township","PA","The United States",,
"2682","6","6","3","85"," ","Luka Lilja",,"75","205","2025-6-28","South Park Township","PA","The United States",,
"2687","6","6","3","84"," ","Thunderspeaker",,"74","230","2025-6-28","Vatican City","VAC","Vatican City",,
"2687","6","6","3","85"," ","Thunderspeaker",,"74","230","2025-6-28","Vatican City","VAC","Vatican City",,
"2815","6","6","3","84"," ","Absol Ute Unit",,"64","300","2026-6-28","Blackburn","ENG","England",,
"2816","6","6","3","83"," ","Valo Kiiskinen",,"69","200","2026-6-28","Helsinki","UUS","Finland",,
"2816","6","6","3","84"," ","Valo Kiiskinen",,"70","200","2026-6-28","Helsinki","UUS","Finland",,
"2816","6","6","3","85"," ","Valo Kiiskinen",,"70","200","2026-6-28","Helsinki","UUS","Finland",,
"2817","6","6","3","83"," ","Scott Escobar",,"75","215","2026-6-28","Buffalo","NY","The United States",,
"2818","6","6","3","83"," ","Norm McDangles",,"73","197","2026-6-28","Helsinki","UUS","Finland",,
"2818","6","6","3","84"," ","Norm McDangles",,"75","197","2026-6-28","Helsinki","UUS","Finland",,
"2818","6","6","3","85"," ","Norm McDangles",,"75","197","2026-6-28","Helsinki","UUS","Finland",,
"2819","6","6","3","83"," ","Nina Radalanirina",,"69","160","2026-6-28","Pyhajarvi","NOS","Finland",,
"2820","6","6","3","83"," ","Joel Miller",,"70","185","2026-6-28","California City","CA","The United States",,
"2821","6","6","3","83"," ","Gunnar-Henrik Oliver Soderberg-Tremblay",,"73","190","2026-6-28","Oulu","NOS","Finland",,
"2821","6","6","3","84"," ","Gunnar-Henrik Oliver Soderberg-Tremblay",,"73","190","2026-6-28","Oulu","NOS","Finland",,
"2821","6","6","3","85"," ","Gunnar-Henrik Oliver Soderberg-Tremblay",,"73","190","2026-6-28","Oulu","NOS","Finland",,
"2822","6","6","3","83"," ","CJ Henderson",,"76","250","2026-6-28","Tampere","PIR","Finland",,
"2822","6","6","3","84"," ","CJ Henderson",,"76","250","2026-6-28","Tampere","PIR","Finland",,
"2825","6","6","3","85"," ","Hans Cristoph",,"79","250","2026-6-28","Munich","BAV","Germany",,
"2986","6","6","3","84"," ","Toivo Kosonen Jr",,"74","220","2027-6-28","Helsinki","UUS","Finland",,
"2986","6","6","3","85"," ","Toivo Kosonen Jr",,"75","220","2027-6-28","Helsinki","UUS","Finland",,
"2987","6","6","3","84"," ","Stick Stickly",,"77","225","2027-6-28","Oulu","NOS","Finland",,
"2987","6","6","3","85"," ","Stick Stickly",,"77","225","2027-6-28","Oulu","NOS","Finland",,
"2988","6","6","3","84"," ","Robert Krohn",,"75","205","2027-6-28","Silver Spring","MD","The United States",,
"2989","6","6","3","84"," ","Kurtis MacHurtis",,"77","225","2027-6-28","Broomfield","CO","The United States",,
"2990","6","6","3","84"," ","Kasey Karlsson",,"70","165","2027-6-28","Copenhagen","FRE","Denmark",,
"3009","6","6","3","85"," ","Midlife Crisis",,"69","178","2027-6-28","London","ENG","England",,
"3155","6","6","3","85"," ","Viktor von Stauffenberg",,"72","215","2028-6-28","Bernhardswald","BAV","Germany",,
"3156","6","6","3","85"," ","Matyas Vamos",,"76","204","2028-6-28","Luvia","SAT","Finland",,
"3157","6","6","3","85"," ","Juho Koivunen",,"66","168","2028-6-28","Espoo","UUS","Finland",,
"3158","6","6","3","85"," ","Eli Beatty",,"73","210","2028-6-28","Denver","CO","The United States",,
"3159","6","6","3","85"," ","Bruno-Ricky Oja",,"76","200","2028-6-28","Hanko","UUS","Finland",,
"3160","6","6","3","85"," ","Anders Hyokki",,"74","190","2028-6-28","Rovaniemi","LAP","Finland",,
"3161","6","6","3","85"," ","Alessandro Garbanzo",,"71","225","2028-6-28","Christmas","FL","The United States",,
"3162","6","6","3","85"," ","Abigail Goetze",,"67","150","2028-6-28","Vaduz","VAD","Liechtenstein",,
"900013","6","6","3","66"," ","Chuchichaschtli Zopf",,"75","177","2011-1-26","Locarno","TI","Switzerland",,
"900018","6","6","3","53"," ","Dumpstr Chukstr",,"77","220","2000-2-23","Helsinki","UUS","Finland",,
"900018","6","6","3","55"," ","Dumpstr Chukstr",,"76","220","2000-2-15","Espoo","UUS","Finland",,
"900018","6","6","3","57"," ","Dumpstr Chukstr",,"76","220","2000-2-15","Espoo","UUS","Finland",,
"900019","6","6","3","67"," ","Goony Toons",,"83","300","2002-5-10","Citrus Park","FL","Austria",,
"900021","6","6","3","70"," ","Heath Nicol",,"76","215","2009-7-13","Adelaide","EAS","Australia",,
"900035","6","6","3","66"," ","Pawter Meowski",,"72","164","2010-1-28","Oslo","AKE","Norway",,
"900039","6","6","3","53"," ","Randen Skog",,"71","187","2000-8-22","Jyv?skyl?","FIN","Finland",,
"900039","6","6","3","57"," ","Randen Skog",,"71","187","2002-8-26","Jyv?skyl?","FIN","Finland",,
"900039","6","6","3","58"," ","Randen Skog",,"71","187","2002-8-26","Jyv?skyl?","FIN","Finland",,
"900039","6","6","3","59"," ","Randen Skog",,"71","187","2002-8-26","Jyv?skyl?","FIN","Finland",,
"900039","6","6","3","60"," ","Randen Skog",,"71","187","2002-8-26","Jyv?skyl?","FIN","Finland",,
"900039","6","6","3","61"," ","Randen Skog",,"71","187","2002-8-26","Jyv?skyl?","FIN","Finland",,
"900039","6","6","3","62"," ","Randen Skog",,"71","187","2002-8-26","Jyv?skyl?","FIN","Finland",,
"900039","6","6","3","63"," ","Randen Skog",,"71","187","2002-8-26","Jyväskylä","FIN","Finland",,
"900048","6","6","3","60"," ","Spencer Elsby",,"63","195","2000-5-24","Sault Ste. Marie","ON","Switzerland",,
"900052","6","6","3","65"," ","Tom Pedersen",,"73","210","2009-1-1","Bergen","HOR","Norway",,
"900052","6","6","3","66"," ","Tom Pedersen",,"73","210","2009-1-1","Kircubbin","NOR","Norway",,
"1","7","7","3","55"," ","Sergei Potvinov",,"74","190","2000-9-5","Moscow","MOS","Russia",,
"7","7","7","3","53"," ","Ulrik Bergstrom",,"71","211","2000-4-11","Stockholm","STO","Sweden",,
"7","7","7","3","54"," ","Ulrik Bergstrom",,"71","211","2000-4-11","Stockholm","STO","Sweden",,
"7","7","7","3","55"," ","Ulrik Bergstrom",,"71","211","2000-4-11","Stockholm","STO","Sweden",,
"32","7","7","3","68"," ","Marc Gorman",,"72","220","2010-5-19","Auburn","NY","The United States",,
"41","7","7","3","53"," ","Noah Nystrom",,"76","230","2000-7-30","Stockholm","STO","Sweden",,
"41","7","7","3","54"," ","Noah Nystrom",,"76","230","2000-7-30","Stockholm","STO","Sweden",,
"41","7","7","3","55"," ","Noah Nystrom",,"76","230","2000-7-30","Stockholm","STO","Sweden",,
"43","7","7","3","68"," ","Cole Dasice",,"78","225","2010-2-18","Honolulu","HI","The United States",,
"46","7","7","3","53"," ","Gylfi Eriksson",,"74","215","2000-1-21","Stockholm","STO","Sweden",,
"67","7","7","3","68"," ","Henrik Svensson",,"76","200","2010-3-1","Uppsala","UPP","Sweden",,
"74","7","7","3","68"," ","Matt Ox",,"72","200","2010-5-4","Philadelphia","PA","The United States",,
"85","7","7","3","53"," ","Al Kayhall",,"75","212","2000-8-14","Chicago","IL","Sweden","The United States",
"85","7","7","3","54"," ","Supun Buddhadasa",,"75","212","2000-8-14","?rnsk?ldsvik","V?S","Sweden",,
"86","7","7","3","56"," ","Gerry Atrick",,"75","210","2000-7-1","Stockholm","STO","Sweden",,
"86","7","7","3","57"," ","Gerry Atrick",,"75","210","2000-7-1","Stockholm","STO","Sweden",,
"86","7","7","3","58"," ","Gerry Atrick",,"75","210","2000-7-1","Stockholm","STO","Sweden",,
"86","7","7","3","59"," ","Gerry Atrick",,"75","210","2000-7-1","Stockholm","STO","Sweden",,
"103","7","7","3","53"," ","Sven Yxskaft",,"71","187","2000-3-20","Stockholm","STO","Sweden",,
"103","7","7","3","54"," ","Sven Yxskaft",,"72","187","2000-3-20","Stockholm","STO","Sweden",,
"103","7","7","3","55"," ","Sven Yxskaft",,"71","187","2000-3-20","Stockholm","STO","Sweden",,
"103","7","7","3","57"," ","Sven Svenchnikov",,"70","200","2000-3-20","Stockholm","STO","Sweden",,
"103","7","7","3","58"," ","Sven Svenchnikov",,"70","200","2000-3-20","Stockholm","STO","Sweden",,
"103","7","7","3","59"," ","Sven Svenchnikov",,"70","200","2000-3-20","Stockholm","STO","Sweden",,
"114","7","7","3","53"," ","Marcus Ohlsson",,"75","225","2000-3-13","Stockholm","STO","Sweden",,
"119","7","7","3","53"," ","Sven Gunnar",,"61","177","2000-3-17","G?vle","G?V","Sweden",,
"119","7","7","3","54"," ","Sven Gunnar",,"71","177","2000-12-13","G?vle","G?V","Sweden",,
"119","7","7","3","55"," ","Sven Gunnar",,"71","177","2000-12-13","G?vle","G?V","Sweden",,
"119","7","7","3","56"," ","Sven Gunnar",,"71","177","2000-12-13","G?vle","G?V","Sweden",,
"119","7","7","3","57"," ","Sven Gunnar",,"71","177","2000-12-13","G?vle","G?V","Sweden",,
"153","7","7","3","65"," ","Rod Cocker",,"73","200","2009-2-4","Frauenfeld","TG","Switzerland",,
"155","7","7","3","54"," ","Brandt Underton",,"72","195","2000-1-12","Bowling Green","KY","The United States",,
"168","7","7","3","56"," ","Jon St. Ark",,"74","190","2000-8-28","Vienna","WIE","Austria",,
"168","7","7","3","58"," ","Jon St. Ark",,"74","190","2000-8-28","Vienna","WIE","Austria",,
"168","7","7","3","59"," ","Jon St. Ark",,"74","190","2000-8-28","Vienna","WIE","Austria",,
"169","7","7","3","56"," ","Matty Sandeen",,"71","177","2000-6-30","Stockholm","STO","Sweden",,
"169","7","7","3","57"," ","Matty Sandeen",,"71","177","2000-6-30","Stockholm","STO","Sweden",,
"169","7","7","3","58"," ","Matty Sandeen",,"71","177","2000-6-30","Stockholm","STO","Sweden",,
"169","7","7","3","59"," ","Matty Sandeen",,"71","177","2000-6-30","Stockholm","STO","Sweden",,
"170","7","7","3","53"," ","Yompy Stearf",,"74","200","2000-7-23","Stockholm","STO","Sweden",,
"170","7","7","3","55"," ","Yompy Stearf",,"74","200","2000-7-23","Stockholm","STO","Sweden",,
"177","7","7","3","53"," ","Taylor Johansson",,"72","195","2000-10-18","Stockholm","STO","Sweden",,
"177","7","7","3","54"," ","Taylor Johansson",,"72","195","2000-10-18","Stockholm","STO","Sweden",,
"182","7","7","3","55"," ","Freyja Hellstrom",,"70","165","2000-9-16","S?dert?lje","STO","Sweden",,
"182","7","7","3","56"," ","Freyja Hellstrom",,"70","165","2000-9-16","S?dert?lje","STO","Sweden",,
"182","7","7","3","57"," ","Freyja Hellstrom",,"70","165","2000-9-16","S?dert?lje","STO","Sweden",,
"197","7","7","3","53"," ","Rikard Hammarberg",,"74","205","2000-12-13","Stockholm","STO","Sweden",,
"197","7","7","3","54"," ","Rikard Hammarberg",,"74","205","2000-12-13","Stockholm","STO","Sweden",,
"197","7","7","3","55"," ","Rikard Hammarberg",,"74","205","2000-12-13","Stockholm","STO","Sweden",,
"199","7","7","3","53"," ","Jerry Huuveri",,"74","198","2000-9-15","Helsinki","UUS","Sweden","Finland",
"199","7","7","3","54"," ","Jerry Huuveri",,"74","198","2000-9-15","Helsinki","UUS","Sweden","Finland",
"199","7","7","3","55"," ","Jerry Huuveri",,"74","198","2000-9-15","Helsinki","UUS","Sweden","Finland",
"199","7","7","3","56"," ","Jerry Huuveri",,"74","198","2000-9-15","Helsinki","UUS","Sweden","Finland",
"215","7","7","3","53"," ","Sven Svenson",,"74","210","2000-4-14","Stockholm","STO","Sweden",,
"215","7","7","3","54"," ","Sven Svenson",,"75","210","2000-4-14","Stockholm","STO","Sweden",,
"215","7","7","3","55"," ","Sven Svenson",,"75","210","2000-4-14","Stockholm","STO","Sweden",,
"220","7","7","3","53"," ","Henrik Lundqvist Jr.",,"74","210","2000-9-28","Stockholm","STO","Sweden",,
"221","7","7","3","68"," ","Happy Gilmore",,"75","225","2010-9-14","Bristol","NY","The United States",,
"226","7","7","3","54"," ","Juni Panda",,"73","210","2000-2-12","Stockholm","STO","Sweden",,
"226","7","7","3","55"," ","Juni Panda",,"73","210","2000-2-12","Stockholm","STO","Sweden",,
"226","7","7","3","56"," ","Juni Panda",,"73","210","2000-2-12","Stockholm","STO","Sweden",,
"226","7","7","3","57"," ","Juni Panda",,"73","210","2000-2-12","Stockholm","STO","Sweden",,
"232","7","7","3","67"," ","Tummy Hurts",,"74","215","2009-6-7","Gothenburg","NE","Sweden",,
"232","7","7","3","68"," ","Tummy Hurts",,"74","215","2009-6-7","Gothenburg","NE","Sweden",,
"232","7","7","3","69"," ","Tummy Hurts",,"74","215","2009-6-7","Gothenburg","NE","Sweden",,
"232","7","7","3","70"," ","Tummy Hurts",,"74","215","2009-6-7","Gothenburg","NE","Sweden",,
"235","7","7","3","53"," ","Magnus Liljestrom",,"74","199","2000-6-22","Stockholm","STO","Sweden",,
"235","7","7","3","54"," ","Magnus Liljestrom",,"74","199","2000-6-22","Stockholm","STO","Sweden",,
"236","7","7","3","67"," ","Jolngustraaduvinch Dubolk",,"81","250","2010-7-16","Gothenburg","NE","Sweden",,
"236","7","7","3","68"," ","Jolngustraaduvinch Dubolk",,"81","250","2010-7-16","Gothenburg","NE","Sweden",,
"236","7","7","3","69"," ","Jolngustraaduvinch Dubolk",,"81","250","2010-7-16","Gothenburg","NE","Sweden",,
"236","7","7","3","70"," ","Jolngustraaduvinch Dubolk",,"81","250","2010-7-16","Gothenburg","NE","Sweden",,
"238","7","7","3","67"," ","Otto Steinberger",,"76","250","2008-4-24","San Francisco","CA","Germany",,
"245","7","7","3","54"," ","Noah Johns III",,"71","180","2000-1-31","Richland","WA","The United States","Sweden",
"246","7","7","3","66"," ","Foxy",,"61","197","2010-10-6","Sundsvall","VäS","Sweden",,
"246","7","7","3","67"," ","Foxy",,"60","150","2003-1-8","Sundsvall","VäS","Sweden",,
"249","7","7","3","67"," ","Oskar Scholz",,"76","228","2010-7-24","Mannheim","BAD","Germany",,
"251","7","7","3","67"," ","John Hopoate",,"70","200","2006-10-30","North Attleborough Center","MA","Sweden",,
"251","7","7","3","68"," ","John Hopoate",,"70","200","2006-10-30","North Attleborough Center","MA","Sweden",,
"251","7","7","3","69"," ","John Hopoate",,"70","200","2006-10-30","North Attleborough Center","MA","Sweden",,
"251","7","7","3","70"," ","John Hopoate",,"70","200","2006-10-30","North Attleborough Center","MA","Sweden",,
"251","7","7","3","71"," ","John Hopoate",,"70","200","2006-10-30","Arvika","VäR","Sweden",,
"253","7","7","3","67"," ","Matthew LeClaire",,"75","205","2010-12-12","Ottawa","ON","Canada",,
"258","7","7","3","66"," ","Ivan Scochnikov",,"70","200","2009-2-3","Kargala","ORE","Russia",,
"258","7","7","3","67"," ","Ivan Scochnikov",,"72","200","2007-9-5","Moscow","MOS","Russia",,
"259","7","7","3","54"," ","Reid Sutherland",,"71","195","2000-12-11","Ft. Wayne","IN","The United States",,
"262","7","7","3","67"," ","Durk Warrant",,"72","195","2010-6-10","Halifax","NS","Canada",,
"271","7","7","3","70"," ","Alphonso Davies",,"73","170","2011-9-23","Edmonton","AB","Canada",,
"302","7","7","3","64"," ","Julian Florsch",,"72","200","2008-5-28","Laufen","BL","Switzerland",,
"321","7","7","3","56"," ","Steve Tkachuk",,"72","170","2000-1-30","Stockholm","STO","Sweden",,
"327","7","7","3","68"," ","Casper Nilsson",,"74","210","2007-12-9","Gothenburg","NE","Sweden",,
"359","7","7","3","54"," ","Yngve Simonsson",,"70","181","1992-12-31","Lule?","NOR","Sweden",,
"359","7","7","3","55"," ","Yngve Simonsson",,"70","181","1992-12-31","Lule?","NOR","Sweden",,
"359","7","7","3","56"," ","Yngve Simonsson",,"70","181","1992-12-31","Lule?","NOR","Sweden",,
"359","7","7","3","57"," ","Yngve Simonsson",,"70","181","1992-12-31","Lule?","NOR","Sweden",,
"389","7","7","3","71"," ","Marquise Hill",,"73","200","2011-11-22","Toronto","ON","Canada",,
"392","7","7","3","55"," ","James Kimanje",,"75","222","2000-1-15","Oak Park","IL","Uganda",,
"392","7","7","3","56"," ","James Kimanje",,"75","222","2000-1-15","Oak Park","IL","Uganda",,
"392","7","7","3","57"," ","James Kimanje",,"75","222","2000-1-15","Oak Park","IL","Uganda",,
"398","7","7","3","53"," ","Scoochie Stratton",,"77","210","2000-11-9","San Francisco","CA","Sweden","The United States",
"398","7","7","3","56"," ","Scoochie Stratton",,"76","210","2000-7-23","Boston","MA","The United States","Finland",
"406","7","7","3","53"," ","Joseph Fantobens",,"72","188","2000-5-17","Stockholm","STO","Sweden",,
"406","7","7","3","54"," ","Joseph Fantobens",,"72","188","2000-5-17","Stockholm","STO","Sweden",,
"406","7","7","3","55"," ","Joseph Fantobens",,"72","188","2000-5-17","Stockholm","STO","Sweden",,
"423","7","7","3","53"," ","Kwame Dakari",,"72","200","2000-9-12","Accra","GRE","Sweden","Ghana",
"423","7","7","3","54"," ","Kwame Dakari",,"72","190","2000-9-12","Accra","GRE","Sweden","Ghana",
"423","7","7","3","55"," ","Kwame Dakari",,"72","190","2000-9-12","Accra","GRE","Sweden","Ghana",
"426","7","7","3","53"," ","Etan Merauk",,"70","187","2000-8-21","Krakow","MAL","Sweden","Poland",
"430","7","7","3","54"," ","Thor Odinson",,"77","250","1995-10-28","Oslo","AKE","Norway",,
"434","7","7","3","54"," ","Joorgustraad DuBolk",,"80","245","2000-12-11","Stockholm","STO","Sweden",,
"434","7","7","3","55"," ","Joorgustraad DuBolk",,"80","245","2000-12-11","Stockholm","STO","Sweden",,
"434","7","7","3","56"," ","Joorgustraad DuBolk",,"80","245","2000-12-11","Stockholm","STO","Sweden",,
"434","7","7","3","57"," ","Joorgustraad DuBolk",,"80","245","2000-12-11","Stockholm","STO","Sweden",,
"442","7","7","3","71"," ","Jacob Fournier",,"75","210","2002-5-8","Vancouver","BC","Canada",,
"450","7","7","3","55"," ","Jonathan Granstrom",,"70","203","1999-5-30","Orsa","DAL","Sweden",,
"450","7","7","3","56"," ","Jonathan Granstrom",,"70","203","1999-5-30","Orsa","DAL","Sweden",,
"450","7","7","3","57"," ","Jonathan Granstrom",,"70","203","1999-5-30","Orsa","DAL","Sweden",,
"450","7","7","3","58"," ","Jonathan Granstrom",,"70","203","1999-5-30","Orsa","DAL","Sweden",,
"450","7","7","3","59"," ","Jonathan Granstrom",,"70","203","1999-5-30","Orsa","DAL","Sweden",,
"453","7","7","3","53"," ","Emilia Bergman",,"72","200","2000-4-17","J?nk?ping","J?N","Sweden",,
"453","7","7","3","54"," ","Emilia Bergman",,"72","200","2000-4-17","J?nk?ping","J?N","Sweden",,
"453","7","7","3","55"," ","Emilia Bergman",,"72","200","2000-4-17","J?nk?ping","J?N","Sweden",,
"453","7","7","3","56"," ","Emilia Bergman",,"72","200","2000-4-17","J?nk?ping","J?N","Sweden",,
"467","7","7","3","58"," ","Iorek Byrnison",,"74","220","2002-1-25","Oslo","AKE","Norway",,
"482","7","7","3","55"," ","Calvin Hobbes",,"75","200","2001-7-25","Chicago","IL","Sweden",,
"482","7","7","3","56"," ","Calvin Hobbes",,"76","200","2001-7-25","Chicago","IL","Sweden",,
"482","7","7","3","57"," ","Calvin Hobbes",,"77","200","2001-7-25","Chicago","IL","Sweden",,
"483","7","7","3","55"," ","Lucas Johansson",,"73","210","2002-5-15","Stockholm","STO","Sweden",,
"483","7","7","3","56"," ","Lucas Johansson",,"73","210","2002-5-15","Stockholm","STO","Sweden",,
"498","7","7","3","58"," ","Ethan Bouchard",,"71","194","2002-5-10","Stockholm","STO","Sweden",,
"498","7","7","3","59"," ","Ethan Bouchard",,"71","194","2002-5-10","Stockholm","STO","Sweden",,
"498","7","7","3","60"," ","Ethan Bouchard",,"71","194","2002-5-10","Stockholm","STO","Sweden",,
"498","7","7","3","61"," ","Ethan Bouchard",,"71","194","2002-5-10","Stockholm","STO","Sweden",,
"499","7","7","3","58"," ","Granny PanPan",,"72","190","2002-4-17","Stockholm","STO","Sweden",,
"499","7","7","3","59"," ","Granny PanPan",,"72","190","2002-4-17","Stockholm","STO","Sweden",,
"499","7","7","3","60"," ","Granny PanPan",,"72","190","2002-4-17","Stockholm","STO","Sweden",,
"499","7","7","3","61"," ","Granny PanPan",,"73","190","2002-4-17","Stockholm","STO","Sweden",,
"518","7","7","3","55"," ","Jasper Maximov",,"71","198","2001-9-6","Kiev","KIE","Ukraine",,
"518","7","7","3","56"," ","Jasper Maximov",,"71","198","2001-9-6","Kiev","KIE","Ukraine",,
"518","7","7","3","57"," ","Jasper Maximov",,"71","198","2001-9-6","Kiev","KIE","Ukraine",,
"518","7","7","3","58"," ","Jasper Maximov",,"71","198","2001-9-6","Kiev","KIE","Ukraine",,
"520","7","7","3","58"," ","Benjamin Jansson",,"76","230","2001-9-8","Stockholm","STO","Sweden",,
"520","7","7","3","62"," ","Benjamin Jansson",,"76","230","2001-9-8","Stockholm","STO","Sweden",,
"528","7","7","3","58"," ","Top Cheddar",,"76","235","2002-2-5","Stockholm","STO","Sweden",,
"528","7","7","3","59"," ","Top Cheddar",,"76","235","2002-2-5","Stockholm","STO","Sweden",,
"528","7","7","3","60"," ","Top Cheddar",,"76","235","2002-2-5","Stockholm","STO","Sweden",,
"528","7","6","3","62"," ","Top Cheddar",,"76","235","2002-2-5","Stockholm","STO","Sweden",,
"531","7","7","3","58"," ","Artemius Nystrom",,"78","235","2002-1-5","Lule?","NOR","Sweden",,
"531","7","7","3","59"," ","Artemius Nystrom",,"78","235","2002-1-5","Lule?","NOR","Sweden",,
"531","7","7","3","60"," ","Artemius Nystrom",,"78","235","2002-1-5","Lule?","NOR","Sweden",,
"531","7","7","3","61"," ","Artemius Nystrom",,"78","235","2002-1-5","Lule?","NOR","Sweden",,
"532","7","7","3","58"," ","Bjorn Bjorn",,"74","200","2001-8-6","Trelleborg","SK?","Sweden",,
"532","7","7","3","59"," ","Bjorn Bjorn",,"74","200","2001-8-6","Trelleborg","SK?","Sweden",,
"532","7","7","3","60"," ","Bjorn Bjorn",,"74","200","2001-8-6","Trelleborg","SK?","Sweden",,
"532","7","7","3","61"," ","Bjorn Bjorn",,"74","200","2001-8-6","Trelleborg","SK?","Sweden",,
"537","7","7","3","58"," ","Harald Malmquist",,"75","215","2001-10-23","Visby","GOT","Sweden",,
"537","7","7","3","62"," ","Harald Malmquist",,"75","215","2001-10-23","Visby","GOT","Sweden",,
"542","7","7","3","53"," ","Rikard Bjerg",,"75","215","2000-6-12","Sundbyberg","STO","Sweden",,
"542","7","7","3","54"," ","Rikard Bjerg",,"75","215","2000-6-12","Sundbyberg","STO","Sweden",,
"542","7","7","3","55"," ","Rikard Bjerg",,"75","215","2000-6-12","Sundbyberg","STO","Sweden",,
"542","7","7","3","56"," ","Rikard Bjerg",,"75","215","2000-6-12","Sundbyberg","STO","Sweden",,
"542","7","7","3","57"," ","Rikard Bjerg",,"75","215","2000-6-12","Sundbyberg","STO","Sweden",,
"543","7","7","3","53"," ","Alexander Oscarsson",,"72","200","2000-11-21","Falun","DAL","Sweden",,
"543","7","7","3","54"," ","Alexander Oscarsson",,"72","200","2000-11-21","Falun","DAL","Sweden",,
"543","7","7","3","55"," ","Alexander Oscarsson",,"72","190","2000-11-21","Falun","DAL","Sweden",,
"543","7","7","3","56"," ","Alexander Oscarsson",,"72","190","2000-11-21","Falun","DAL","Sweden",,
"543","7","7","3","57"," ","Alexander Oscarsson",,"72","190","2000-11-21","Falun","DAL","Sweden",,
"544","7","7","3","53"," ","Joorgustraad DuBolk",,"81","245","2000-10-1","Mt. Clemens","MI","Sweden",,
"546","7","7","3","53"," ","Florentin Rauseus",,"72","200","2000-2-17","?rebro","?RE","Sweden",,
"571","7","7","3","56"," ","Fredrik Stefansson",,"74","225","2003-4-25","Stockholm","STO","Sweden",,
"571","7","7","3","57"," ","Fredrik Stefansson",,"74","225","2003-4-25","Stockholm","STO","Sweden",,
"583","7","7","3","56"," ","Cole Carter",,"77","225","2002-12-28","Stockholm","STO","Sweden",,
"583","7","7","3","58"," ","Cole Carter",,"77","225","2002-12-28","Stockholm","STO","Sweden",,
"583","7","7","3","59"," ","Cole Carter",,"77","225","2002-12-28","Stockholm","STO","Sweden",,
"583","7","7","3","60"," ","Cole Carter",,"77","225","2002-12-28","Stockholm","STO","Sweden",,
"583","7","7","3","61"," ","Cole Carter",,"77","225","2002-12-28","Stockholm","STO","Sweden",,
"611","7","7","3","61"," ","Borje Samuelsson",,"79","235","2002-7-25","Chicago","IL","Sweden",,
"611","7","7","3","62"," ","Borje Samuelsson",,"79","235","2002-7-25","Chicago","IL","Sweden",,
"611","7","7","3","63"," ","Borje Samuelsson",,"79","235","2002-7-25","Chicago","IL","Sweden",,
"625","7","7","3","61"," ","Towelie",,"68","226","2003-5-15","Tampa","FL","Canada",,
"627","7","7","3","69"," ","Sven Petterson",,"70","180","2012-11-8","Uppsala","UPP","Sweden",,
"627","7","7","3","70"," ","Sven Petterson",,"71","180","2012-11-8","Uppsala","UPP","Sweden",,
"627","7","7","3","71"," ","Sven Petterson",,"69","180","2012-11-8","Uppsala","UPP","Sweden",,
"627","7","7","3","72"," ","Sven Petterson",,"69","180","2012-11-8","Uppsala","UPP","Sweden",,
"628","7","7","3","73"," ","Jonas Salat",,"75","210","2014-10-27","Landshut","BAV","Germany",,
"629","7","7","3","70"," ","Asher Gibbons",,"70","185","2012-1-29","Anchorage","AK","The United States",,
"634","7","7","3","75"," ","Jim Wen",,"74","200","2014-4-1","Albuquerque","NM","The United States",,
"635","7","7","3","71"," ","Oskar Samuelsson",,"74","197","2013-3-1","Göteborg","VäS","Sweden",,
"635","7","7","3","72"," ","Oskar Samuelsson",,"74","197","2013-3-1","Göteborg","VäS","Sweden",,
"638","7","7","3","74"," ","Ryland Murphy",,"72","200","2012-7-16","Peoria","IL","The United States",,
"638","7","7","3","75"," ","Ryland Murphy",,"72","200","2012-7-16","Peoria","IL","The United States",,
"640","7","7","3","69"," ","Tony Soprano",,"74","300","2012-10-28","Boston","MA","Sweden",,
"640","7","7","3","70"," ","Tony Soprano",,"74","300","2012-10-28","Boston","MA","Sweden",,
"640","7","7","3","71"," ","Tony Soprano",,"74","300","2012-10-28","Boston","MA","Sweden",,
"640","7","7","3","72"," ","Tony Soprano",,"74","300","2012-10-28","Boston","MA","Sweden",,
"652","7","7","3","70"," ","Don Aven",,"74","190","2012-10-2","Edmonton","AB","The United States",,
"655","7","7","3","68"," ","Peter Sandstrom",,"72","188","2011-9-14","Stockholm","STO","Sweden",,
"655","7","7","3","69"," ","Peter Sandstrom",,"72","188","2011-9-14","Stockholm","STO","Sweden",,
"655","7","7","3","70"," ","Peter Sandstrom",,"72","188","2011-9-14","Stockholm","STO","Sweden",,
"656","7","7","3","63"," ","Yannick Svoboda",,"70","180","2003-12-6","New Concord","OH","Czech Republic",,
"657","7","7","3","69"," ","Hans Mulluer",,"71","185","2012-5-23","Stockholm","STO","Sweden",,
"658","7","7","3","61"," ","Theo Berglund",,"75","208","2003-9-28","New York","NY","Sweden",,
"658","7","7","3","62"," ","Theo Berglund",,"75","208","2003-9-28","New York","NY","Sweden",,
"658","7","7","3","63"," ","Theo Berglund",,"75","208","2003-9-28","New York","NY","Sweden",,
"660","7","7","3","71"," ","George Walsh",,"78","215","2011-12-17","Wexford","WEX","Ireland",,
"666","7","7","3","69"," ","Robin Nyckel",,"72","194","2012-11-25","Lysets","IVA","Sweden",,
"666","7","7","3","70"," ","Robin Nyckel",,"72","194","2012-11-25","Lysets","IVA","Sweden",,
"666","7","7","3","71"," ","Robin Nyckel",,"72","194","2012-11-25","Lysets","IVA","Sweden",,
"666","7","7","3","72"," ","Robin Nyckel",,"72","194","2012-11-25","Lysets","IVA","Sweden",,
"667","7","7","3","68"," ","Wednesday Addams",,"67","150","2011-7-27","New York","NY","The United States",,
"672","7","7","3","68"," ","Martin Sunesson",,"65","180","2011-6-14","Stockholm","STO","Sweden",,
"672","7","7","3","69"," ","Martin Sunesson",,"66","180","2011-6-14","Stockholm","STO","Sweden",,
"673","7","7","3","68"," ","Trevor Cox",,"70","195","2011-4-21","Erie","PA","The United States",,
"674","7","7","3","68"," ","Timothy Jimothy",,"75","200","2011-5-13","Leisure Village","NJ","Sweden",,
"674","7","7","3","69"," ","Timothy Jimothy",,"75","200","2011-5-13","Leisure Village","NJ","Sweden",,
"675","7","7","3","70"," ","Ryan McKennedy",,"74","200","2011-4-3","Longford","LON","Ireland",,
"679","7","7","3","69"," ","Daisuke Nakamura",,"72","200","2012-5-29","Osaka","OSA","Japan",,
"681","7","7","3","71"," ","I-Stir MyPudding",,"72","200","2013-3-13","Arvika","VäR","Sweden",,
"681","7","7","3","72"," ","I-Stir MyPudding",,"72","200","2013-3-13","Arvika","VäR","Sweden",,
"681","7","7","3","73"," ","I-Stir MyPudding",,"72","200","2013-3-13","Arvika","VäR","Sweden",,
"685","7","7","3","71"," ","Jae Hyuk Choi",,"73","157","2013-6-8","Seoul","SEO","South Korea",,
"687","7","7","3","74"," ","Cameron Dallas",,"70","202","2013-5-20","Dallas","TX","The United States",,
"692","7","7","3","70"," ","Skoomina Hulk a Votto III",,"74","200","2013-5-12","Berlin","BER","Germany",,
"693","7","7","3","71"," ","Nick Larsson",,"70","300","2013-3-11","Arvika","VäR","Sweden",,
"693","7","7","3","72"," ","Nick Larsson",,"70","300","2013-3-11","Arvika","VäR","Sweden",,
"693","7","7","3","73"," ","Nick Larsson",,"70","300","2013-3-11","Arvika","VäR","Sweden",,
"710","7","7","3","69"," ","Willow Soderberg-Snooks",,"70","150","2012-12-18","Ostermundingen","BE","Sweden",,
"710","7","7","3","70"," ","Willow Soderberg-Snooks",,"71","150","2012-12-18","Ostermundingen","BE","Sweden",,
"710","7","7","3","71"," ","Willow Soderberg-Snooks",,"71","150","2012-12-18","Ostermundingen","BE","Sweden",,
"710","7","7","3","72"," ","Willow Soderberg-Snooks",,"71","150","2012-12-18","Ostermundingen","BE","Sweden",,
"714","7","7","3","69"," ","Merle Van Nistrelrooy",,"74","182","2012-1-6","New York","NY","The United States",,
"716","7","7","3","66"," ","Joel Eriksson",,"81","220","2010-12-6","Orebic","DUB","Sweden",,
"716","7","7","3","68"," ","Joel Eriksson",,"83","220","2011-7-23","Orebic","DUB","Sweden",,
"716","7","7","3","69"," ","Joel Eriksson",,"83","220","2011-7-23","Orebic","DUB","Sweden",,
"718","7","7","3","66"," ","Hendrik Stahlberg",,"75","225","2010-8-17","Sundsvall","VäS","Sweden",,
"718","7","7","3","68"," ","Hendrik Stahlberg",,"75","225","2011-9-12","Sundsvall","VäS","Sweden",,
"720","7","7","3","69"," ","Martin Sunsson",,"65","180","2012-2-20","Stockholm","STO","Sweden",,
"725","7","7","3","74"," ","Entropy Sanchez",,"73","225","2014-9-4","Sacramento","CA","The United States",,
"727","7","7","3","74"," ","Leon Rizzton",,"74","210","2013-5-3","Pittsburgh","PA","The United States",,
"733","7","7","3","69"," ","Jaxon Markstrom",,"72","200","2013-1-17","Stockholm","STO","Sweden",,
"733","7","7","3","71"," ","Jaxon Markstrom",,"72","200","2013-1-17","Stockholm","STO","Sweden",,
"733","7","7","3","72"," ","Jaxon Markstrom",,"72","200","2013-1-17","Stockholm","STO","Sweden",,
"734","7","7","3","69"," ","Oliver Castillon",,"73","200","2012-1-5","Montpellier","LAN","France",,
"735","7","7","3","71"," ","Lilian Flapberg",,"76","200","2013-2-5","Stockholm","STO","Sweden",,
"735","7","7","3","72"," ","Lilian Flapberg",,"76","200","2013-2-5","Stockholm","STO","Sweden",,
"735","7","7","3","73"," ","Lilian Flapberg",,"76","200","2013-2-5","Stockholm","STO","Sweden",,
"738","7","7","3","71"," ","Florian Söderberg-Motyla",,"77","243","2013-6-12","Zakopane","MAL","Poland","Sweden",
"738","7","7","3","72"," ","Florian Söderberg-Motyla",,"77","243","2013-6-12","Zakopane","MAL","Poland","Sweden",
"738","7","7","3","73"," ","Florian Söderberg-Motyla",,"77","243","2013-6-12","Zakopane","MAL","Poland","Sweden",
"752","7","7","3","73"," ","Billy Hill",,"73","234","2013-12-4","Riga","RIG","Latvia",,
"771","7","7","3","73"," ","Dee Fence",,"75","240","2013-11-8","Hellertown","PA","The United States",,
"774","7","7","3","74"," ","Dylan Jacob-Smith",,"78","215","2013-8-23","Detroit","MI","The United States",,
"781","7","7","3","57"," ","Dogwood Maple",,"75","200","2002-7-16","Atlanta","GA","The United States",,
"781","7","7","3","58"," ","Dogwood Maple",,"75","200","2002-7-16","Atlanta","GA","The United States",,
"781","7","7","3","59"," ","Dogwood Maple",,"75","200","2002-7-16","Atlanta","GA","The United States",,
"782","7","7","3","57"," ","Ric Charlesworth",,"75","195","2002-11-12","Brisbane","QLD","Australia",,
"782","7","7","3","58"," ","Ric Charlesworth",,"75","195","2002-11-12","Brisbane","QLD","Australia",,
"782","7","7","3","59"," ","Ric Charlesworth",,"75","195","2002-11-12","Brisbane","QLD","Australia",,
"782","7","7","3","60"," ","Ric Charlesworth",,"75","195","2002-11-12","Brisbane","QLD","Australia",,
"783","7","7","3","57"," ","Tomas Lind",,"71","175","2002-4-9","Lule?","NOR","Sweden",,
"783","7","7","3","58"," ","Tomas Lind",,"71","175","2002-4-9","Lule?","NOR","Sweden",,
"783","7","7","3","59"," ","Tomas Lind",,"71","175","2002-4-9","Lule?","NOR","Sweden",,
"783","7","7","3","60"," ","Tomas Lind",,"71","175","2002-4-9","Lule?","NOR","Sweden",,
"784","7","7","3","57"," ","Golden Face",,"76","187","2002-9-4","Holmdel","NJ","The United States",,
"784","7","7","3","58"," ","Golden Face",,"76","187","2002-9-4","Holmdel","NJ","The United States",,
"784","7","7","3","59"," ","Golden Face",,"76","187","2002-9-4","Holmdel","NJ","The United States",,
"784","7","7","3","60"," ","Golden Face",,"76","187","2002-9-4","Holmdel","NJ","The United States",,
"785","7","7","3","57"," ","Leon Athanasios",,"73","190","2002-1-13","Ambel?kipoi","THE","Greece",,
"785","7","7","3","58"," ","Leon Athanasios",,"73","190","2002-1-13","Ambel?kipoi","THE","Greece",,
"785","7","7","3","59"," ","Leon Athanasios",,"73","190","2002-1-13","Ambel?kipoi","THE","Greece",,
"785","7","7","3","60"," ","Leon Athanasios",,"73","190","2002-1-13","Ambel?kipoi","THE","Greece",,
"786","7","7","3","57"," ","Aleks Blixstrom",,"72","205","2002-8-11","Lule?","NOR","Sweden",,
"786","7","7","3","58"," ","Aleks Blixstrom",,"72","205","2002-8-11","Lule?","NOR","Sweden",,
"786","7","7","3","59"," ","Aleks Blixstrom",,"72","205","2002-8-11","Lule?","NOR","Sweden",,
"786","7","7","3","60"," ","Aleks Blixstrom",,"72","205","2002-8-11","Lule?","NOR","Sweden",,
"787","7","7","3","57"," ","Luc Blouin",,"77","225","2002-10-18","Grenoble","RH?","France",,
"787","7","7","3","74"," ","Colt Fox",,"75","236","2013-8-1","Dallas","TX","The United States",,
"788","7","7","3","57"," ","Hugo Gronroos",,"9","201","2002-6-3","Helsinki","UUS","Finland",,
"789","7","7","3","57"," ","Kit Kirkstone",,"79","205","2002-11-14","St. Petersburg","FL","The United States",,
"802","7","7","3","70"," ","Wilhelm von Hindenburg II",,"78","220","2012-2-12","Berlin","BER","Germany",,
"802","7","7","3","71"," ","Wilhelm von Hindenburg II",,"78","220","2012-2-12","Berlin","BER","Germany",,
"830","7","7","3","70"," ","Edward Flinders",,"76","225","2014-12-11","Reykjavík","HöF","Iceland",,
"858","7","7","3","70"," ","Andren Akerson",,"75","215","2015-2-23","Stockholm","STO","Sweden",,
"858","7","7","3","71"," ","Andren Akerson",,"75","215","2015-2-23","Stockholm","STO","Sweden",,
"858","7","7","3","72"," ","Andren Akerson",,"75","215","2015-2-23","Stockholm","STO","Sweden",,
"858","7","7","3","73"," ","Andren Akerson",,"75","215","2015-2-23","Stockholm","STO","Sweden",,
"868","7","7","3","70"," ","Thor Odinsson",,"77","230","2014-8-12","Stockholm","STO","Sweden",,
"886","7","7","3","70"," ","Johnny FourStar",,"72","200","2015-3-8","Malmö","SKå","Sweden",,
"886","7","7","3","71"," ","Johnny FourStar",,"72","200","2015-3-8","Växjö","KRO","Sweden",,
"886","7","7","3","72"," ","Johnny FourStar",,"72","200","2015-3-8","Växjö","KRO","Sweden",,
"886","7","7","3","73"," ","Johnny FourStar",,"72","200","2015-3-8","Växjö","KRO","Sweden",,
"891","7","7","3","70"," ","Crazy Tomato",,"76","230","2014-12-29","Malmö","SKå","Sweden",,
"891","7","7","3","71"," ","Crazy Tomato",,"76","230","2014-12-29","Malmö","SKå","Sweden",,
"891","7","7","3","72"," ","Crazy Tomato",,"76","230","2014-12-29","Malmö","SKå","Sweden",,
"891","7","7","3","73"," ","Crazy Tomato",,"76","230","2014-12-29","Malmö","SKå","Sweden",,
"894","7","7","3","70"," ","Donny Dangle",,"74","192","2015-2-16","Oshawa","ON","Canada",,
"917","7","7","3","59"," ","Lucas Raymond",,"78","225","2004-9-22","Stockholm","STO","Sweden",,
"917","7","7","3","60"," ","Lucas Raymond",,"77","225","2004-9-22","Stockholm","STO","Sweden",,
"917","7","7","3","61"," ","Lucas Raymond",,"77","225","2004-9-22","Stockholm","STO","Sweden",,
"917","7","7","3","62"," ","Lucas Raymond",,"77","225","2004-9-22","Stockholm","STO","Sweden",,
"919","7","7","3","59"," ","Eric Tokke",,"78","244","2004-5-30","Stockholm","STO","Sweden",,
"919","7","7","3","60"," ","Eric Tokke",,"78","244","2004-5-30","Stockholm","STO","Sweden",,
"919","7","7","3","61"," ","Eric Tokke",,"78","244","2004-5-30","Stockholm","STO","Sweden",,
"919","7","7","3","62"," ","Eric Tokke",,"78","244","2004-5-30","Stockholm","STO","Sweden",,
"933","7","7","3","59"," ","Melvin Majestik-Moose",,"79","267","2004-1-19","Stockholm","STO","Sweden",,
"933","7","7","3","60"," ","Melvin Majestik-Moose",,"79","267","2004-1-19","Stockholm","STO","Sweden",,
"933","7","7","3","61"," ","Melvin Majestik-Moose",,"79","267","2004-1-19","Stockholm","STO","Sweden",,
"933","7","7","3","62"," ","Melvin Majestik-Moose",,"79","267","2004-1-19","Stockholm","STO","Sweden",,
"933","7","7","3","63"," ","Melvin Majestik-Moose",,"79","267","2004-1-19","Stockholm","STO","Sweden",,
"959","7","7","3","59"," ","Willie Miller",,"74","205","2004-1-6","Stockholm","STO","Sweden",,
"959","7","7","3","60"," ","Willie Miller",,"74","205","2004-1-6","Stockholm","STO","Sweden",,
"959","7","7","3","61"," ","Willie Miller",,"74","205","2004-1-6","Stockholm","STO","Sweden",,
"959","7","7","3","62"," ","Willie Miller",,"74","205","2004-1-6","Stockholm","STO","Sweden",,
"959","7","7","3","63"," ","Willie Miller",,"74","205","2004-1-6","Stockholm","STO","Sweden",,
"965","7","7","3","61"," ","Elvis Alexander",,"72","205","2004-10-29","London","ON","Canada",,
"972","7","7","3","59"," ","Adelie de Pengu",,"72","200","2004-9-22","Stockholm","STO","Sweden",,
"972","7","7","3","60"," ","Adelie de Pengu",,"72","200","2004-9-22","Stockholm","STO","Sweden",,
"972","7","7","3","61"," ","Adelie de Pengu",,"72","200","2004-9-22","Stockholm","STO","Sweden",,
"972","7","7","3","62"," ","Adelie de Pengu",,"72","200","2004-9-22","Stockholm","STO","Sweden",,
"972","7","7","3","63"," ","Adelie de Pengu",,"72","200","2004-9-22","Stockholm","STO","Sweden",,
"998","7","7","3","61"," ","Vladlen Sidorov",,"70","185","2004-2-20","Lincoln","CA","Russia",,
"1030","7","7","3","60"," ","Samuel Kjellsson",,"76","230","2000-2-27","Lund","SK?","Sweden",,
"1030","7","7","3","61"," ","Samuel Kjellsson",,"76","230","2000-2-27","Lund","SK?","Sweden",,
"1030","7","7","3","62"," ","Samuel Kjellsson",,"76","230","2000-2-27","Lund","SK?","Sweden",,
"1064","7","7","3","73"," ","Roman Roy",,"74","195","2015-10-13","New York","NY","The United States",,
"1065","7","7","3","64"," ","Aethelwulf Andersen",,"65","260","2000-4-27","High Point","NC","Sweden",,
"1065","7","7","3","71"," ","Harry Sachs",,"75","198","2016-3-6","Kristianstad","SKå","Sweden",,
"1065","7","7","3","72"," ","Harry Sachs",,"75","198","2016-3-6","Kristianstad","SKå","Sweden",,
"1070","7","7","3","74"," ","Jeff Goldblum",,"78","225","2016-3-6","West Homestead","PA","The United States",,
"1073","7","7","3","60"," ","Bjorn Viggosson",,"65","213","2000-3-19","Los Angeles","CA","Sweden",,
"1073","7","7","3","61"," ","Bjorn Viggosson",,"74","207","2000-3-19","Los Angeles","CA","Sweden",,
"1073","7","7","3","62"," ","Bjorn Viggosson",,"74","207","2000-3-19","Los Angeles","CA","Sweden",,
"1073","7","7","3","63"," ","Bjorn Viggosson",,"74","207","2000-3-19","Los Angeles","CA","Sweden",,
"1074","7","7","3","60"," ","Darwin Koff",,"73","210","2000-2-9","Kalmar","KAL","Sweden",,
"1074","7","7","3","61"," ","Darwin Koff",,"73","210","2000-2-9","Kalmar","KAL","Sweden",,
"1075","7","7","3","60"," ","Jonas Johansson",,"77","220","2000-2-2","Detroit","MI","Sweden",,
"1075","7","7","3","61"," ","Jonas Johansson",,"77","220","2000-2-2","Detroit","MI","Sweden",,
"1075","7","7","3","62"," ","Jonas Johansson",,"77","220","2000-2-2","Detroit","MI","Sweden",,
"1075","7","7","3","63"," ","Jonas Johansson",,"77","220","2000-2-2","Detroit","MI","Sweden",,
"1076","7","7","3","60"," ","Frederico","Von Schnicktenbur","76","227","2000-8-15","Aarhus","ARH","Denmark",,
"1077","7","7","3","60"," ","Oskar Von Walther",,"72","194","2000-5-18","Wolfsburg","LOW","Germany",,
"1078","7","7","3","60"," ","Xman Damson",,"72","200","2000-1-10","New York","NY","The United States",,
"1097","7","7","3","61"," ","Smailliw Edac",,"72","215","2000-5-10","Stockholm","STO","Sweden",,
"1097","7","7","3","62"," ","Smailliw Edac",,"72","215","2000-5-10","Stockholm","STO","Sweden",,
"1097","7","7","3","64"," ","Smailliw Edac",,"72","215","2000-5-10","Stockholm","STO","Sweden",,
"1170","7","7","3","74"," ","Mac Turner",,"78","219","2017-6-28","New York","NY","The United States",,
"1171","7","7","3","75"," ","Cracker Pizza",,"72","200","2017-6-28","St. Louis","MI","The United States",,
"1180","7","7","3","72"," ","Will Tomlander",,"75","185","2017-6-28","Ängelholm","SKå","Sweden",,
"1180","7","7","3","73"," ","Will Tomlander",,"75","185","2017-6-28","Ängelholm","SKå","Sweden",,
"1181","7","7","3","72"," ","Liam Oinas",,"72","200","2017-6-28","Stockholm","STO","Sweden",,
"1182","7","7","3","72"," ","Emil Karlsson",,"75","230","2017-6-28","Örnsköldsvik","VäS","Sweden",,
"1182","7","7","3","73"," ","Emil Karlsson",,"76","230","2017-6-28","Örnsköldsvik","VäS","Sweden",,
"1183","7","7","3","72"," ","Dag-Otto Bjorntjanst",,"73","196","2017-6-28","Södertälje","STO","Sweden",,
"1183","7","7","3","73"," ","Dag-Otto Bjorntjanst",,"73","196","2017-6-28","Södertälje","STO","Sweden",,
"1193","7","7","3","74"," ","Peanut",,"72","200","2017-6-28","St. Louis","MI","The United States",,
"1193","7","7","3","75"," ","John Peanut",,"72","200","2017-6-28","St. Louis","MI","The United States",,
"1194","7","7","3","75"," ","Gordon-William Gibbles",,"81","250","2017-6-2","Minneapolis","MN","The United States",,
"1194","7","7","3","76"," ","Gordon-William Gibbles",,"81","250","2017-6-2","Minneapolis","MN","The United States",,
"1195","7","7","3","74"," ","GM's Son",,"78","215","2017-6-28","Montreal","QC","The United States",,
"1197","7","7","3","73"," ","Gewmba Stolemamoney",,"76","195","2017-6-28","Tuscaloosa","AL","The United States",,
"1198","7","7","3","75"," ","Walter Melon",,"70","175","2017-6-28","Newark","NY","The United States",,
"1198","7","7","3","76"," ","Walter Melon",,"70","175","2017-6-28","Newark","NY","The United States",,
"1205","7","7","3","72"," ","Shadow Fenix",,"73","190","2017-6-28","Chicago","IL","The United States",,
"1205","7","7","3","74"," ","Shadow Fenix",,"73","190","2017-6-28","Chicago","IL","The United States",,
"1205","7","7","3","75"," ","Shadow Fenix",,"73","190","2017-6-28","Chicago","IL","The United States",,
"1205","7","7","3","76"," ","Shadow Fenix",,"73","190","2017-6-28","Chicago","IL","The United States",,
"1206","7","7","3","72"," ","Ben Harrison",,"75","205","2017-6-28","Roanoke","IL","The United States",,
"1206","7","7","3","74"," ","Ben Harrison",,"76","205","2017-6-28","Roanoke","IL","The United States",,
"1215","7","7","3","73"," ","Austin Dodd",,"71","190","2017-6-28","Indianapolis","IN","The United States",,
"1216","7","7","3","73"," ","Average Dude",,"74","210","2017-6-28","Riga","RIG","Latvia",,
"1217","7","7","3","73"," ","Icee Richradson",,"72","200","2017-6-28","San Francisco","CA","The United States",,
"1217","7","7","3","74"," ","Icee Richradson",,"72","200","2017-6-28","San Francisco","CA","The United States",,
"1217","7","7","3","75"," ","Icee Richradson",,"72","200","2017-6-28","San Francisco","CA","The United States",,
"1218","7","7","3","73"," ","Meo Vanbiesbrouck",,"77","205","2017-6-28","Grand Rapids","MN","The United States",,
"1219","7","7","3","73"," ","Teal'c",,"73","190","2017-6-28","Lorgies","NOR","France",,
"1230","7","7","3","75"," ","Poiklm",,"83","300","2017-6-28","Raleigh","NC","The United States",,
"1230","7","7","3","76"," ","Poiklm",,"83","300","2017-6-28","Raleigh","NC","The United States",,
"1240","7","7","3","74"," ","Celeste Desjardins","Celeste Esjardins","70","173","2017-6-28","Lewiston","ME","The United States",,
"1240","7","7","3","75"," ","Celeste Desjardins","Celeste Esjardins","70","173","2017-6-28","Lewiston","ME","The United States",,
"1240","7","7","3","76"," ","Celeste Desjardins","Celeste Esjardins","70","173","2017-6-28","Lewiston","ME","The United States",,
"1241","7","7","3","75"," ","Newton ""Lizard"" Campbell","Lizard","77","208","2017-6-28","Bemidji","MN","The United States",,
"1241","7","7","3","76"," ","Newton ""Lizard"" Campbell","Lizard","77","208","2017-6-28","Bemidji","MN","The United States",,
"1244","7","7","3","75"," ","Jerry Moonshine",,"74","220","2017-6-28","Nashville","AR","The United States",,
"1245","7","7","3","76"," ","Dwayne Swanson",,"75","215","2017-6-28","New Smyrna Beach","FL","The United States",,
"1246","7","7","3","74"," ","Bog Damsel",,"77","230","2017-6-28","St. Louis","MI","The United States",,
"1246","7","7","3","75"," ","Bog Damsel",,"77","230","2017-6-28","St. Louis","MI","The United States",,
"1246","7","7","3","76"," ","Bog Damsel",,"77","230","2017-6-28","St. Louis","MI","The United States",,
"1247","7","7","3","75"," ","Ace Guilded",,"72","200","2017-6-28","Providence","NY","The United States",,
"1247","7","7","3","76"," ","Ace Guilded",,"72","200","2017-6-28","Providence","NY","The United States",,
"1261","7","7","3","77"," ","James Madison",,"68","150","2018-6-28","Conway","FL","The United States",,
"1282","7","7","3","63"," ","Tekkeitsertok Towtoongie",,"72","200","2006-10-16","Iqaluit","NU","Canada",,
"1293","7","7","3","62"," ","Lias Ekholm-Gunnarsson",,"69","175","2006-1-12","Nyn?shamn","STO","Sweden",,
"1293","7","7","3","63"," ","Lias Ekholm-Gunnarsson",,"69","175","2006-1-12","Nynäshamn","STO","Sweden",,
"1293","7","7","3","64"," ","Lias Ekholm-Gunnarsson",,"69","175","2006-1-12","Nynäshamn","STO","Sweden",,
"1293","7","7","3","65"," ","Lias Ekholm-Gunnarsson",,"69","175","2006-1-12","Nynäshamn","STO","Sweden",,
"1295","7","7","3","62"," ","Rand al'Thor",,"75","220","2006-12-13","Uppsala","UPP","Sweden",,
"1295","7","7","3","63"," ","Rand al'Thor",,"75","220","2006-12-13","Uppsala","UPP","Sweden",,
"1295","7","7","3","64"," ","Rand al'Thor",,"75","220","2006-12-13","Uppsala","UPP","Sweden",,
"1295","7","7","3","65"," ","Rand al'Thor",,"75","220","2006-12-13","Uppsala","UPP","Sweden",,
"1296","7","7","3","62"," ","Roland Roller",,"72","186","2006-7-12","Stockholm","STO","Sweden",,
"1297","7","7","3","62"," ","Gio Marsh",,"73","198","2006-12-16","Falun","DAL","Sweden",,
"1298","7","7","3","62"," ","Cole King",,"75","178","2006-11-5","Sun City","AZ","The United States",,
"1299","7","7","3","62"," ","Alex DeBeste ",,"76","214","2006-5-16","Singapore","SIN","The United States",,
"1307","7","7","3","63"," ","LaCarpetron Duckmarriot II",,"76","220","2006-12-25","Nephi","UT","The United States",,
"1315","7","7","3","63"," ","Jack Cuff",,"74","210","2006-1-23","London","ON","Canada",,
"1318","7","7","3","64"," ","Dave Heinrich",,"69","160","2006-12-9","Murrieta","CA","The United States",,
"1318","7","7","3","65"," ","Dave Heinrich",,"69","160","2006-12-9","Murrieta","CA","The United States",,
"1344","7","7","3","66"," ","J.J. Serieux",,"74","218","2010-1-7","Minneapolis","MN","The United States",,
"1375","7","7","3","74"," ","Supah Dupah",,"77","231","2018-6-28","Pittsburgh","PA","The United States",,
"1375","7","7","3","75"," ","Supah Dupah",,"77","231","2018-6-28","Pittsburgh","PA","The United States",,
"1375","7","7","3","76"," ","Supah Dupah",,"77","231","2018-6-28","Pittsburgh","PA","The United States",,
"1375","7","7","3","77"," ","Supah Dupah",,"77","231","2018-6-28","Pittsburgh","PA","The United States",,
"1376","7","7","3","74"," ","Napoleon Dinklage",,"69","205","2017-6-28","Death Valley Junction","CA","The United States",,
"1376","7","7","3","76"," ","Napoleon Dinklage",,"69","205","2017-6-28","Death Valley Junction","CA","The United States",,
"1377","7","7","3","74"," ","Karter Mendenhall",,"77","213","2018-6-28","Philadelphia","PA","The United States",,
"1378","7","7","3","74"," ","Jesus Murphy",,"77","228","2018-6-28","Seattle","WA","The United States",,
"1379","7","7","3","74"," ","Brandon Strongstick",,"69","174","2017-6-28","Chicago","IL","The United States",,
"1396","7","7","3","66"," ","Graj Virrok",,"75","235","2010-2-3","Eatonville","FL","Sweden",,
"1396","7","7","3","67"," ","Graj Virrok",,"75","235","2007-8-3","Fremont","CA","Sweden",,
"1401","7","7","3","66"," ","Ernst Monsdahl",,"76","211","2010-10-12","Red Wing","MN","The United States",,
"1432","7","7","3","63"," ","Daniel Benson",,"74","210","2007-8-6","Solna","STO","Sweden",,
"1433","7","7","3","63"," ","Mikael Jakobsen",,"74","206","2007-2-26","Stockholm","STO","Sweden",,
"1433","7","7","3","64"," ","Mikael Jakobsen",,"74","206","2007-2-26","Stockholm","STO","Sweden",,
"1433","7","7","3","65"," ","Mikael Jakobsen",,"74","206","2007-2-26","Stockholm","STO","Sweden",,
"1433","7","7","3","66"," ","Mikael Jakobsen",,"74","206","2007-2-26","Ceuta","CEU","Sweden",,
"1434","7","7","3","63"," ","Outdoor Truck",,"77","225","2007-8-24","Ylivieska","NOS","Finland",,
"1436","7","7","3","63"," ","Svätopluk Puk",,"71","163","2007-3-15","Liptovský Mikulas","ZIL","Slovakia",,
"1437","7","7","3","63"," ","Matt Tress",,"77","200","2007-6-23","Karvina","MOR","Czech Republic",,
"1438","7","7","3","63"," ","Dennis Derpigotinger",,"77","265","2007-11-30","Syracuse","NY","The United States",,
"1438","7","7","3","64"," ","Dennis Derpigotinger",,"77","265","2007-11-30","Syracuse","NY","The United States",,
"1439","7","7","3","64"," ","Toms Zile",,"75","181","2007-10-13","Bauska","BAU","Latvia",,
"1466","7","7","3","64"," ","Robert Helvetica",,"71","190","2007-1-21","Moutier","BE","Switzerland",,
"1472","7","7","3","77"," ","WonderBread",,"69","180","2018-6-28","St. Cloud","MN","The United States",,
"1475","7","7","3","77"," ","Thomas Hudson",,"71","200","2019-6-28","Dallas","TX","The United States",,
"1479","7","7","3","77"," ","Nathan Abel",,"71","210","2019-6-28","Houston","TX","The United States",,
"1482","7","7","3","76"," ","Joe Degen",,"71","185","2019-6-28","New York","NY","The United States",,
"1482","7","7","3","77"," ","Joe Degen",,"71","185","2019-6-28","New York","NY","The United States",,
"1483","7","7","3","77"," ","Dave Bardizz",,"73","193","2018-6-28","Michigan City","IN","The United States",,
"1484","7","7","3","77"," ","Daquavion Davis II",,"71","190","2019-6-28","Greensboro","NC","The United States",,
"1485","7","7","3","78"," ","Chuck Chunky",,"71","190","2019-6-28","New York","NY","The United States",,
"1487","7","7","3","76"," ","Carter Stankoven",,"71","199","2019-6-28","Barre","VT","The United States",,
"1487","7","7","3","77"," ","Carter Stankoven",,"71","199","2019-6-28","Barre","VT","The United States",,
"1489","7","7","3","76"," ","Andy Lammers",,"73","205","2019-6-28","Mukwonago","WI","The United States",,
"1499","7","7","3","77"," ","Doug Weight",,"72","200","2020-6-28","Detroit","MI","The United States",,
"1499","7","7","3","78"," ","Doug Weight",,"72","200","2020-6-28","Detroit","MI","The United States",,
"1499","7","7","3","79"," ","Doug Weight",,"72","200","2020-6-28","Detroit","MI","The United States",,
"1502","7","7","3","76"," ","Stan Free",,"74","196","2018-6-28","Minneapolis","MN","The United States",,
"1503","7","7","3","76"," ","Ongo Gablogian",,"62","250","2018-6-28","Philadelphia","PA","The United States",,
"1504","7","7","3","76"," ","MattyJ",,"72","192","2019-6-28","Tampa","FL","The United States",,
"1507","7","7","3","77"," ","Alexa Johansen",,"71","176","2019-6-28","San Diego","CA","The United States",,
"1507","7","7","3","78"," ","Alexa Johansen",,"71","176","2019-6-28","San Diego","CA","The United States",,
"1521","7","7","3","66"," ","Alex Phaneuf",,"70","180","2011-4-10","Montreal","QC","Canada",,
"1561","7","7","3","75"," ","Scar Bealey",,"75","225","2019-6-28","Buffalo","NY","The United States",,
"1562","7","7","3","75"," ","Peter Parker",,"76","200","2019-6-28","New York","NY","The United States",,
"1563","7","7","3","75"," ","Max Belcher",,"76","215","2019-6-28","Chicago","IL","The United States",,
"1564","7","7","3","75"," ","Mary Hollywood",,"72","175","2018-6-28","Philadelphia","NY","The United States",,
"1564","7","7","3","76"," ","Mary Hollywood",,"72","175","2018-6-28","Philadelphia","NY","The United States",,
"1565","7","7","3","75"," ","Eric Vanderberg Jr",,"77","235","2018-6-28","Buffalo","NY","The United States",,
"1565","7","7","3","77"," ","Eric Vanderberg Jr",,"77","235","2018-6-28","Buffalo","NY","The United States",,
"1607","7","7","3","64"," ","Din Djarin",,"72","202","2008-3-10","Hays","KS","The United States",,
"1607","7","7","3","65"," ","Din Djarin",,"72","202","2008-3-10","Hays","KS","The United States",,
"1607","7","7","3","66"," ","Din Djarin",,"72","202","2008-3-10","St. Rose","LA","The United States",,
"1608","7","7","3","63"," ","Patches The III",,"83","269","2007-2-9","Stockholm","STO","Sweden",,
"1608","7","7","3","64"," ","Patches The III",,"83","269","2008-7-15","Helsingborg","SKå","Sweden",,
"1608","7","7","3","65"," ","Patches The III",,"83","269","2008-7-15","Helsingborg","SKå","Sweden",,
"1609","7","7","3","64"," ","Luke Laraque",,"74","187","2008-4-2","Stockholm","STO","Sweden",,
"1609","7","7","3","65"," ","Luke Laraque",,"74","187","2008-4-2","Stockholm","STO","Sweden",,
"1609","7","7","3","66"," ","Luke Laraque",,"74","187","2008-4-2","Ceuta","CEU","Sweden",,
"1609","7","7","3","67"," ","Luke Laraque",,"74","187","2006-2-8","Stockholm","STO","Sweden",,
"1610","7","7","3","64"," ","Lord Farquaads",,"74","212","2008-8-19","Karlstad","VäR","Sweden",,
"1610","7","7","3","65"," ","Lord Farquaads",,"74","212","2008-8-19","Karlstad","VäR","Sweden",,
"1610","7","7","3","66"," ","Lord Farquaads",,"74","212","2008-8-19","Trollhättan","VäS","Sweden",,
"1610","7","7","3","67"," ","Lord Farquaads",,"65","165","2006-9-10","Sollentuna","STO","Sweden",,
"1612","7","7","3","64"," ","Aleksi Kettu",,"77","217","2008-1-31","Falun","DAL","Sweden",,
"1612","7","7","3","65"," ","Aleksi Kettu",,"77","217","2008-1-31","Falun","DAL","Sweden",,
"1612","7","7","3","66"," ","Aleksi Kettu",,"77","217","2008-1-31","Sala","VäS","Sweden",,
"1612","7","7","3","67"," ","Aleksi Kettu",,"77","217","2006-1-5","Rauma","SAT","Sweden",,
"1613","7","7","3","64"," ","Mats-Gunnar Kjellberg",,"76","190","2008-6-13","Göteborg","VäS","Sweden",,
"1613","7","7","3","65"," ","Mats-Gunnar Kjellberg",,"76","190","2008-6-13","Göteborg","VäS","Sweden",,
"1613","7","7","3","66"," ","Mats-Gunnar Kjellberg",,"76","190","2008-6-13","Barbastro","HUE","Sweden",,
"1614","7","7","3","64"," ","Matsmith Soderberg-Tremblay",,"76","204","2008-6-23","Stockholm","STO","Sweden",,
"1614","7","7","3","65"," ","Matsmith Soderberg-Tremblay",,"76","204","2008-6-23","Stockholm","STO","Sweden",,
"1614","7","7","3","66"," ","Matsmith Soderberg-Tremblay",,"76","204","2008-6-23","Ceuta","CEU","Sweden",,
"1614","7","7","3","67"," ","Matsmith Soderberg-Tremblay",,"76","204","2006-10-28","Selma","AL","Sweden",,
"1615","7","7","3","64"," ","Ozzy Annaha",,"74","180","2008-3-14","Jericho","NY","The United States",,
"1616","7","7","3","64"," ","Hynek Helvetica",,"74","235","2008-3-14","Vienna","WIE","Austria",,
"1617","7","7","3","64"," ","Rikkert Biemans",,"73","200","2008-7-19","Detroit","MI","The United States",,
"1649","7","7","3","78"," ","Javelin Bodine",,"74","198","2021-6-28","Las Vegas","NV","The United States",,
"1649","7","7","3","80"," ","Javelin Bodine",,"75","198","2021-6-28","Las Vegas","NV","The United States",,
"1649","7","7","3","81"," ","Javelin Bodine",,"75","198","2021-6-28","Las Vegas","NV","The United States",,
"1675","7","7","3","77"," ","Jeffrey Bjelland",,"76","215","2021-6-28","Minneapolis","MN","The United States",,
"1675","7","7","3","78"," ","Jeffrey Bjelland",,"76","215","2021-6-28","Minneapolis","MN","The United States",,
"1680","7","7","3","77"," ","Evil Kyle Murray",,"78","200","2020-6-28","Anchorage","AK","The United States",,
"1680","7","7","3","78"," ","Evil Kyle Murray",,"78","200","2020-6-28","Anchorage","AK","The United States",,
"1704","7","7","3","78"," ","Jeyeff Effo",,"81","215","2020-6-28","Reykjavík","HöF","Iceland",,
"1717","7","7","3","76"," ","Jefferson Steelflex",,"74","210","2020-6-28","St. Louis","MO","The United States",,
"1717","7","7","3","78"," ","Jefferson Steelflex",,"74","210","2020-6-28","St. Louis","MO","The United States",,
"1718","7","7","3","76"," ","Grant Berd",,"74","197","2021-6-28","Boston","MA","The United States",,
"1718","7","7","3","77"," ","Grant Berd",,"74","197","2021-6-28","Boston","MA","The United States",,
"1719","7","7","3","79"," ","Thomas Harley",,"76","193","2020-6-28","Dallas","TX","The United States",,
"1721","7","7","3","78"," ","May O'Nayse",,"68","150","2020-6-28","Orem","UT","The United States",,
"1721","7","7","3","79"," ","May O'Nayse",,"68","150","2020-6-28","Orem","UT","The United States",,
"1722","7","7","3","77"," ","Kobe Frobe",,"75","204","2020-6-28","Portland","OR","The United States",,
"1722","7","7","3","78"," ","Kobe Frobe",,"75","204","2020-6-28","Portland","OR","The United States",,
"1722","7","7","3","79"," ","Kobe Frobe",,"75","204","2020-6-28","Portland","OR","The United States",,
"1723","7","7","3","77"," ","Julian Darkshanks",,"73","200","2020-6-28","Toledo","OH","The United States",,
"1724","7","7","3","77"," ","Hummus God",,"74","200","2020-6-28","Orange City","FL","The United States",,
"1724","7","7","3","78"," ","Hummus God",,"74","200","2020-6-28","Orange City","FL","The United States",,
"1724","7","7","3","79"," ","Hummus God",,"74","200","2020-6-28","Orange City","FL","The United States",,
"1743","7","7","3","79"," ","Carter Rumsy",,"76","210","2021-8-25","Fayetteville","NY","The United States",,
"1743","7","7","3","80"," ","Carter Rumsy",,"76","210","2021-8-25","Fayetteville","NY","The United States",,
"1752","7","7","3","78"," ","Jauhnne Hawky",,"69","200","2021-7-26","Detroit","MI","The United States",,
"1752","7","7","3","81"," ","Jauhnne Hawky",,"69","200","2021-7-26","Detroit","MI","The United States",,
"1756","7","7","3","80"," ","Jimbob Ghostkeeper",,"76","210","2021-5-26","Albuquerque","NM","The United States",,
"1756","7","7","3","81"," ","Jimbob Ghostkeeper",,"76","210","2021-5-26","Albuquerque","NM","The United States",,
"1762","7","7","3","78"," ","Lucas Snyder",,"73","196","2021-1-10","Mankato","MN","The United States",,
"1762","7","7","3","79"," ","Lucas Snyder",,"73","196","2021-1-10","Mankato","MN","The United States",,
"1762","7","7","3","80"," ","Lucas Snyder",,"73","196","2021-1-10","Mankato","MN","The United States",,
"1762","7","7","3","81"," ","Lucas Snyder",,"73","196","2021-1-10","Mankato","MN","The United States",,
"1768","7","7","3","67"," ","Matty Ice",,"74","220","2007-10-30","Compton","CA","The United States",,
"1778","7","7","3","78"," ","Djoe Anderson",,"76","220","2021-11-4","Punxsutawney","PA","The United States",,
"1778","7","7","3","79"," ","Djoe Anderson",,"76","220","2021-11-4","Punxsutawney","PA","The United States",,
"1778","7","7","3","80"," ","Djoe Anderson",,"76","220","2021-11-4","Punxsutawney","PA","The United States",,
"1778","7","7","3","81"," ","Djoe Anderson",,"76","220","2021-11-4","Punxsutawney","PA","The United States",,
"1779","7","7","3","65"," ","Graj Virrok",,"73","167","2009-3-8","Linköping","ÖST","Sweden",,
"1780","7","7","3","65"," ","Casper Nilsson ",,"74","210","2009-9-14","Täby","STO","Sweden",,
"1780","7","7","3","66"," ","Casper Nilsson ",,"74","210","2009-9-14","Melilla","MEL","Sweden",,
"1781","7","7","3","65"," ","Liam Karlson",,"70","180","2009-3-14","Luleå","NOR","Sweden",,
"1783","7","7","3","78"," ","Chuck Lumbermouth",,"73","204","2021-12-14","Minneapolis","MN","The United States",,
"1783","7","7","3","79"," ","Chuck Lumbermouth",,"73","204","2021-12-14","Minneapolis","MN","The United States",,
"1783","7","7","3","80"," ","Chuck Lumbermouth",,"73","204","2021-12-14","Minneapolis","MN","The United States",,
"1783","7","7","3","81"," ","Chuck Lumbermouth",,"73","204","2021-12-14","Minneapolis","MN","The United States",,
"1785","7","7","3","79"," ","Chaos Giraffe",,"80","230","2021-3-5","Seattle","WA","The United States",,
"1785","7","7","3","81"," ","Chaos Giraffe",,"80","230","2021-3-5","Seattle","WA","The United States",,
"1788","7","7","3","79"," ","Ima Noobie",,"71","210","2021-2-21","San Antonio","TX","The United States",,
"1789","7","7","3","79"," ","Duke Howard",,"76","227","2021-9-9","Grand Rapids","MI","The United States",,
"1791","7","7","3","80"," ","AJ Diaz",,"66","200","2021-2-19","Suitland-Silver Hill","MD","The United States",,
"1791","7","7","3","81"," ","AJ Diaz",,"66","200","2021-2-19","Suitland-Silver Hill","MD","The United States",,
"1792","7","7","3","79"," ","Jervis Arbwranger",,"72","215","2021-3-2","Warren","MI","The United States",,
"1792","7","7","3","81"," ","Jervis Arbwranger",,"72","215","2021-3-2","Warren","MI","The United States",,
"1797","7","7","3","80"," ","Darby Reznor",,"72","200","2021-3-2","Seattle","WA","The United States",,
"1801","7","7","3","79"," ","Hotdog Lunch",,"71","190","2021-12-3","Wisconsin Rapids","WI","The United States",,
"1815","7","7","3","79"," ","Deven Rappleyea",,"73","210","2021-8-16","Charlotte","NC","The United States",,
"1819","7","7","3","78"," ","Jason Bourne",,"70","210","2021-8-22","Baltimore","MD","The United States",,
"1827","7","7","3","79"," ","Blake Hutchinson",,"75","245","2021-6-10","Ann Arbor","MI","The United States",,
"1881","7","7","3","79"," ","Walbilly Koala",,"66","150","2022-6-28","Wichita","KS","The United States",,
"1881","7","7","3","80"," ","Walbilly Koala",,"67","150","2022-6-28","Wichita","KS","The United States",,
"1881","7","7","3","81"," ","Walbilly Koala",,"67","150","2022-6-28","Wichita","KS","The United States",,
"1885","7","7","3","78"," ","Hannah Crowder",,"71","184","2021-6-28","Oklahoma City","OK","The United States",,
"1885","7","7","3","80"," ","Hannah Crowder",,"71","184","2021-6-28","Oklahoma City","OK","The United States",,
"1887","7","7","3","78"," ","Galton Woggins",,"70","158","2021-6-28","Birmingham","MI","The United States",,
"1894","7","7","3","79"," ","Mark Andrew Flower",,"77","200","2021-6-28","Buffalo","NY","The United States",,
"1895","7","7","3","78"," ","Campbell Fischermann",,"75","225","2021-6-28","Anaheim","CA","The United States",,
"1895","7","7","3","80"," ","Campbell Fischermann",,"75","225","2021-6-28","Anaheim","CA","The United States",,
"1896","7","7","3","77"," ","Ivan Godinez",,"73","202","2021-6-28","Bellflower","CA","The United States",,
"1897","7","7","3","77"," ","Anthony Simmons III",,"77","240","2021-6-28","St. Louis","MI","The United States",,
"1982","7","7","3","80"," ","Ryan Fishman",,"71","190","2023-6-28","New York","NY","The United States",,
"1999","7","7","3","79"," ","Jeff Kirkstone III",,"78","200","2022-6-28","San Francisco","CA","The United States",,
"1999","7","7","3","80"," ","Jeff Kirkstone III",,"78","200","2022-6-28","San Francisco","CA","The United States",,
"1999","7","7","3","81"," ","Jeff Kirkstone III",,"78","200","2022-6-28","San Francisco","CA","The United States",,
"2000","7","7","3","78"," ","Trent Mackenzie",,"73","205","2022-6-28","Grand Rapids","MI","The United States",,
"2129","7","7","3","81"," ","Greyson Willis",,"71","195","2022-6-28","Buffalo","NY","The United States",,
"2129","7","7","3","82"," ","Greyson Willis",,"71","195","2022-6-28","Buffalo","NY","The United States",,
"2130","7","7","3","82"," ","Dirty Puma",,"72","214","2022-6-28","Buffalo","NY","The United States",,
"2131","7","7","3","79"," ","Lewis Holl",,"75","221","2022-6-28","Las Vegas","NV","The United States",,
"2147","7","7","3","80"," ","Jeff Santiago",,"70","161","2022-6-28","New York","NY","The United States",,
"2147","7","7","3","81"," ","Jeff Santiago",,"70","161","2022-6-28","New York","NY","The United States",,
"2147","7","7","3","82"," ","Jeff Santiago",,"70","161","2022-6-28","New York","NY","The United States",,
"2149","7","7","3","80"," ","Dee Centerman IV, Jr.",,"79","240","2022-6-28","St. Louis","MI","The United States",,
"2151","7","7","3","80"," ","Boogan McGillicuddy",,"74","210","2022-6-28","St. Louis","MO","The United States",,
"2151","7","7","3","82"," ","Boogan McGillicuddy",,"74","210","2022-6-28","St. Louis","MO","The United States",,
"2159","7","7","3","80"," ","Rocky Gislason",,"75","215","2022-6-28","Dover","NY","The United States",,
"2159","7","7","3","81"," ","Rocky Gislason",,"75","215","2022-6-28","Dover","NY","The United States",,
"2285","7","7","3","82"," ","Jack",,"68","200","2023-6-28","Paris","ILE","France",,
"2292","7","7","3","82"," ","Boone Breakaway",,"74","220","2023-6-28","Columbus","OH","The United States",,
"2292","7","7","3","83"," ","Boone Breakaway",,"74","220","2023-6-28","Columbus","OH","The United States",,
"2292","7","7","3","84"," ","Boone Breakaway",,"74","220","2023-6-28","Columbus","OH","The United States",,
"2293","7","7","3","83"," ","Gappy Hilmore",,"70","225","2023-6-28","Waterbury","CT","The United States",,
"2293","7","7","3","84"," ","Gappy Hilmore",,"70","225","2023-6-28","Waterbury","CT","The United States",,
"2308","7","7","3","82"," ","Jose Salcedo",,"72","200","2023-6-28","Newark","NY","The United States",,
"2308","7","7","3","83"," ","Jose Salcedo",,"72","200","2023-6-28","Newark","NY","The United States",,
"2315","7","7","3","82"," ","Kienen McKeller",,"71","200","2023-6-28","Los Angeles","CA","The United States",,
"2316","7","7","3","81"," ","Outen Deboonies",,"73","190","2023-6-28","Chicago","IL","The United States",,
"2316","7","7","3","82"," ","Outen Deboonies",,"73","190","2023-6-28","Chicago","IL","The United States",,
"2318","7","7","3","80"," ","Erik Johnson",,"76","225","2023-6-28","Bloomington","MN","The United States",,
"2319","7","7","3","80"," ","John Gibson",,"74","215","2023-6-28","Pittsburgh","PA","The United States",,
"2319","7","7","3","81"," ","John Gibson",,"75","215","2023-6-28","Pittsburgh","PA","The United States",,
"2321","7","7","3","80"," ","Vasher Summers",,"76","257","2023-6-28","Santa Ana","CA","The United States",,
"2321","7","7","3","81"," ","Vasher Summers",,"76","257","2023-6-28","Santa Ana","CA","The United States",,
"2321","7","7","3","82"," ","Vasher Summers",,"76","257","2023-6-28","Santa Ana","CA","The United States",,
"2322","7","7","3","82"," ","Dakota Glover",,"75","210","2023-6-28","Spokane","WA","The United States",,
"2444","7","7","3","82"," ","Luke Toussaint",,"79","200","2024-6-28","Glenview","IL","The United States",,
"2444","7","7","3","83"," ","Luke Toussaint",,"79","200","2024-6-28","Glenview","IL","The United States",,
"2451","7","7","3","84"," ","Silver Tarandus",,"71","194","2024-6-28","Philadelphia","PA","The United States",,
"2453","7","7","3","82"," ","Thurston Bull",,"75","210","2024-6-28","New York","NY","The United States",,
"2458","7","7","3","82"," ","Hunter Cross",,"72","195","2024-6-28","Toledo","IL","The United States",,
"2458","7","7","3","83"," ","Hunter Cross",,"72","195","2024-6-28","Toledo","IL","The United States",,
"2458","7","7","3","84"," ","Hunter Cross",,"72","195","2024-6-28","Toledo","IL","The United States",,
"2464","7","7","3","82"," ","Timothy Welch",,"68","230","2024-6-28","Lynnwood","WA","The United States",,
"2464","7","7","3","83"," ","Timothy Welch",,"68","230","2024-6-28","Lynnwood","WA","The United States",,
"2474","7","7","3","83"," ","Swiffer Sweeper",,"73","193","2024-6-28","Ypsilanti","MI","The United States",,
"2475","7","7","3","83"," ","Travis Coates",,"80","217","2024-6-28","Tallahassee","FL","The United States",,
"2480","7","7","3","84"," ","Harland Sanders",,"72","200","2024-6-28","Columbus","OH","The United States",,
"2483","7","7","3","83"," ","Mike Rich Colt",,"83","275","2024-6-28","Dallas","TX","The United States",,
"2492","7","7","3","83"," ","Cowboy Casanova",,"72","200","2024-6-28","California City","CA","The United States",,
"2499","7","7","3","81"," ","Mitch Morris",,"74","210","2024-6-28","Rochester","NY","The United States",,
"2499","7","7","3","82"," ","Mitch Morris",,"74","210","2024-6-28","Rochester","NY","The United States",,
"2500","7","7","3","81"," ","Mister Mxyzptlk",,"80","200","2024-6-28","Belleville","NY","The United States",,
"2501","7","7","3","81"," ","Patrick Rail",,"74","230","2024-6-28","Columbus","OH","The United States",,
"2502","7","7","3","84"," ","Smokin Jay Cutler",,"72","195","2024-6-28","Chicago","IL","The United States",,
"2503","7","7","3","82"," ","Florence-Amelie Mackenzie",,"73","205","2024-6-28","Grand Rapids","MI","The United States",,
"2506","7","7","3","84"," ","Tyler Bodega",,"74","210","2024-6-28","Buffalo","NY","The United States",,
"2640","7","7","3","83"," ","criticalcheeze",,"79","225","2025-6-28","Bangor","ME","The United States",,
"2643","7","7","3","83"," ","Jon Taffer",,"76","230","2025-6-28","Great Neck","NY","The United States",,
"2643","7","7","3","85"," ","Jon Taffer",,"76","230","2025-6-28","Great Neck","NY","The United States",,
"2644","7","7","3","85"," ","Matthew Murdock",,"75","225","2025-6-28","New York","NY","The United States",,
"2657","7","7","3","83"," ","Vinny Messina",,"71","185","2025-6-28","Winchester","VA","The United States",,
"2657","7","7","3","84"," ","Vinny Messina",,"71","185","2025-6-28","Winchester","VA","The United States",,
"2657","7","7","3","85"," ","Vinny Messina",,"71","185","2025-6-28","Winchester","VA","The United States",,
"2672","7","7","3","83"," ","Ace Faulkner II",,"74","194","2025-6-28","Boston","MA","The United States",,
"2674","7","7","3","84"," ","Jordin FourFour III",,"77","230","2025-6-28","Chicago","IL","The United States",,
"2675","7","7","3","82"," ","Jumbose Chitters",,"71","200","2025-6-28","Seattle","WA","The United States",,
"2675","7","7","3","83"," ","Jumbose Chitters",,"71","200","2025-6-28","Seattle","WA","The United States",,
"2675","7","7","3","84"," ","Jumbose Chitters",,"71","200","2025-6-28","Seattle","WA","The United States",,
"2676","7","7","3","82"," ","Roy Deez Rivers",,"76","240","2025-6-28","Honolulu","HI","The United States",,
"2676","7","7","3","83"," ","Roy Deez Rivers",,"77","240","2025-6-28","Honolulu","HI","The United States",,
"2676","7","7","3","84"," ","Roy Deez Rivers",,"77","240","2025-6-28","Honolulu","HI","The United States",,
"2677","7","7","3","82"," ","Show Pera",,"75","218","2025-6-28","Kennebunk","ME","The United States",,
"2677","7","7","3","83"," ","Show Pera",,"75","218","2025-6-28","Kennebunk","ME","The United States",,
"2677","7","7","3","84"," ","Show Pera",,"75","218","2025-6-28","Kennebunk","ME","The United States",,
"2677","7","7","3","85"," ","Show Pera",,"75","218","2025-6-28","Kennebunk","ME","The United States",,
"2809","7","7","3","84"," ","Jerry Durden",,"77","223","2026-6-28","Spokane","WA","The United States",,
"2809","7","7","3","85"," ","Jerry Durden",,"77","223","2026-6-28","Spokane","WA","The United States",,
"2810","7","7","3","84"," ","Cole Allen",,"76","210","2026-6-28","Kalamazoo","MI","The United States",,
"2817","7","7","3","84"," ","Scott Escobar",,"75","215","2026-6-28","Buffalo","NY","The United States",,
"2837","7","7","3","85"," ","James Ranburn",,"70","180","2026-6-28","Toledo","IL","The United States",,
"2846","7","7","3","85"," ","Mike P",,"75","220","2026-6-28","Boston","MA","The United States",,
"2848","7","7","3","84"," ","Frank Drebin",,"76","225","2026-6-28","Chicago","IL","The United States",,
"2852","7","7","3","84"," ","Quinton Hennessy",,"75","205","2026-6-28","Buffalo","NY","The United States",,
"2853","7","7","3","85"," ","Charlie Matthews",,"72","205","2026-6-28","Red Bank","NJ","The United States",,
"2855","7","7","3","83"," ","Puck Norris",,"70","239","2026-6-28","LaFayette","NY","The United States",,
"2855","7","7","3","84"," ","Puck Norris",,"70","239","2026-6-28","LaFayette","NY","The United States",,
"2855","7","7","3","85"," ","Puck Norris",,"70","239","2026-6-28","LaFayette","NY","The United States",,
"2856","7","7","3","83"," ","Lorenzion",,"71","180","2026-6-28","Orlando","FL","The United States",,
"2856","7","7","3","84"," ","Lorenzion",,"71","180","2026-6-28","Orlando","FL","The United States",,
"2856","7","7","3","85"," ","Lorenzion",,"71","180","2026-6-28","Orlando","FL","The United States",,
"2857","7","7","3","83"," ","Calvin MacKenzie",,"76","220","2026-6-28","Atlanta","GA","The United States",,
"2981","7","7","3","85"," ","Jackson De La Cruz",,"75","202","2027-6-28","Edina","MN","The United States",,
"2985","7","7","3","85"," ","Alex Buffenbarger III",,"72","190","2027-6-28","Cumberland","MD","The United States",,
"2989","7","7","3","85"," ","Kurtis MacHurtis",,"77","225","2027-6-28","Broomfield","CO","The United States",,
"2993","7","7","3","85"," ","Ryan Wolf",,"65","157","2027-6-28","St. Paul","MN","The United States",,
"3002","7","7","3","85"," ","franklin scamps",,"71","187","2027-6-28","Detroit","MI","The United States",,
"3008","7","7","3","85"," ","Rocky Rainier",,"73","205","2027-6-28","Olympia","WA","The United States",,
"3017","7","7","3","84"," ","Shooter Quickhands",,"72","187","2027-6-28","Wyoming","NY","The United States",,
"3190","7","7","3","85"," ","Sterling Novikov",,"74","200","2028-6-28","Miami","FL","The United States",,
"3191","7","7","3","85"," ","Matthew Fox",,"71","182","2028-6-28","New York","NY","The United States",,
"3192","7","7","3","85"," ","Leo Rumack",,"73","196","2028-6-28","Boston","MA","The United States",,
"3193","7","7","3","85"," ","Kellan Chamberlain",,"72","185","2028-6-28","St. Louis","MO","The United States",,
"900002","7","7","3","65"," ","Antonio Flusso",,"75","200","2009-12-30","Sion","VS","Switzerland",,
"900005","7","7","3","64"," ","B Jobin",,"72","200","2008-11-19","Stockholm","STO","Sweden",,
"900005","7","7","3","65"," ","B Jobin",,"72","200","2008-11-19","Stockholm","STO","Sweden",,
"900005","7","7","3","66"," ","B Jobin",,"72","200","2008-11-19","Ceuta","CEU","Sweden",,
"900005","7","7","3","67"," ","B Jobin",,"72","200","2006-10-30","Mokena","IL","Sweden",,
"900010","7","7","3","67"," ","Bohdan Jarovsky",,"71","180","2008-7-24","Klatovy","PLZ","Czech Republic",,
"900019","7","7","3","68"," ","Goony Toons",,"83","300","2002-5-10","Citrus Park","FL","Austria",,
"900028","7","7","3","66"," ","Lachlan Moon",,"73","180","2010-4-28","Cidra","GUA","Australia",,
"900040","7","7","3","65"," ","Rasmus Bergling",,"74","210","2009-11-18","Umeå","VäS","Sweden",,
"900040","7","7","3","66"," ","Rasmus Bergling",,"75","210","2009-11-18","Sundbyberg","STO","Sweden",,
"900040","7","7","3","67"," ","Rasmus Bergling",,"74","210","2008-1-7","Linkou","HEI","Sweden",,
"900040","7","7","3","68"," ","Rasmus Bergling",,"74","210","2008-1-7","Linkou","HEI","Sweden",,
"900040","7","7","3","69"," ","Rasmus Bergling",,"74","210","2008-1-7","Linkou","HEI","Sweden",,
"900043","7","7","3","54"," ","Ryan Rieley",,"76","210","2000-2-28","Syracuse","NY","The United States","Sweden",
"900049","7","7","3","66"," ","Sven Panda",,"78","300","2010-11-18","Gothenburg","NE","Sweden",,
"900049","7","7","3","67"," ","Sven Panda",,"78","300","2008-1-17","Gothenburg","NE","Sweden",,
"900049","7","7","3","68"," ","Sven Panda",,"78","300","2008-1-17","Gothenburg","NE","Sweden",,
"900049","7","7","3","69"," ","Sven Panda",,"78","300","2008-1-17","Gothenburg","NE","Sweden",,
"900051","7","7","3","65"," ","Theodor Larsson",,"71","185","2009-9-4","Grums","VäR","Sweden",,
"900051","7","7","3","66"," ","Theodor Larsson",,"71","185","2009-9-4","Munkedal","VäS","Sweden",,
"900051","7","7","3","68"," ","Theodor Larsson",,"71","185","2011-10-21","Borascu","GOR","Sweden",,
"900051","7","7","3","69"," ","Theodor Larsson",,"71","185","2011-10-21","Borascu","GOR","Sweden",,
"900055","7","7","3","65"," ","Velociraptor Greg",,"76","220","2009-4-9","Linköping","ÖST","Sweden",,
"900055","7","7","3","69"," ","Velociraptor Greg",,"76","220","2012-11-16","Stockholm","STO","Sweden",,
"900056","7","7","3","67"," ","Wonada Jagrs",,"74","225","2010-1-10","Kladno","STR","Czech Republic",,
"13","9","9","3","61"," ","Vin Bangsa-Wamy",,"75","235","2004-9-4","Weldon","NC","Austria",,
"13","9","9","3","62"," ","Vin Bangsa-Wamy",,"75","235","2004-9-4","Weldon","NC","Austria",,
"13","9","9","3","63"," ","Vin Bangsa-Wamy",,"75","235","2004-9-4","Weldon","NC","Austria",,
"13","9","9","3","64"," ","Vin Bangsa-Wamy",,"75","235","2004-9-4","Weldon","NC","Austria",,
"14","9","9","3","61"," ","Jalal ad-Din Afinogenov",,"73","222","2004-4-20","El Paso","TX","The United States",,
"14","9","9","3","62"," ","Jalal ad-Din Afinogenov",,"73","222","2004-4-20","El Paso","TX","The United States",,
"14","9","9","3","63"," ","Jalal ad-Din Afinogenov",,"73","222","2004-4-20","El Paso","TX","The United States",,
"14","9","9","3","64"," ","Jalal ad-Din Afinogenov",,"73","222","2004-4-20","El Paso","TX","The United States",,
"17","9","9","3","53"," ","Mitchell van der Heijden",,"73","205","2000-9-11","Alkmaar","NOO","The Netherlands",,
"18","9","9","3","55"," ","Colin Fuhr",,"72","187","1999-8-23","Viersen","NOR","Germany",,
"28","9","9","3","55"," ","Danny White",,"71","191","2000-12-20","Amsterdam","NOO","The Netherlands",,
"30","9","9","3","56"," ","Friedensreich Hundertwass",,"76","280","2000-5-10","Klagenfurt","K?R","Austria",,
"30","9","9","3","57"," ","Friedensreich Hundertwass",,"76","280","2000-5-10","Klagenfurt","K?R","Austria",,
"30","9","9","3","58"," ","Friedensreich Hundertwasser",,"76","280","2000-5-10","Klagenfurt","K?R","Austria",,
"30","9","9","3","59"," ","Friedensreich Hundertwasser",,"76","280","2000-5-10","Klagenfurt","K?R","Austria",,
"30","9","9","3","60"," ","Friedensreich Hundertwasser",,"76","280","2000-5-10","Klagenfurt","K?R","Austria",,
"50","9","9","3","53"," ","Andrey Barbashev II",,"72","185","2000-10-6","Salzburg","SAL","Austria",,
"51","9","9","3","53"," ","Rocco Berni",,"71","180","2000-11-2","Lausanne","VD","Switzerland",,
"51","9","9","3","54"," ","Rocco Berni",,"71","180","2000-11-2","Lausanne","VD","Switzerland",,
"51","9","9","3","55"," ","Rocco Berni",,"71","180","2000-11-2","Lausanne","VD","Switzerland",,
"65","9","9","3","53"," ","Moritz Muller",,"73","210","2000-8-8","K?lln-Reisiek","SCH","Germany",,
"67","9","9","3","54"," ","Nicolae Antonescu",,"74","205","2000-1-19","Romani","NEA","Romania",,
"67","9","9","3","55"," ","Nicolae Antonescu",,"74","205","2000-1-19","Romani","NEA","Romania",,
"67","9","9","3","56"," ","Nicolae Antonescu",,"74","205","2000-1-19","Romani","NEA","Romania",,
"67","9","9","3","57"," ","Nicolae Antonescu",,"74","205","2000-1-19","Romani","NEA","Romania",,
"78","9","9","3","59"," ","Marcel Beck",,"75","212","2000-6-15","San Antonio","TX","Switzerland",,
"78","9","9","3","60"," ","Marcel Beck",,"75","212","2000-6-15","San Antonio","TX","Switzerland",,
"78","9","9","3","61"," ","Marcel Beck",,"75","212","2000-6-15","San Antonio","TX","Switzerland",,
"78","9","9","3","62"," ","Marcel Beck",,"75","212","2000-6-15","San Antonio","TX","Switzerland",,
"80","9","9","3","53"," ","Marty Sertich",,"71","182","2000-11-14","Cologne","NOR","Germany",,
"80","9","9","3","55"," ","Marty Sertich",,"71","182","2000-11-14","Cologne","NOR","Germany",,
"80","9","9","3","56"," ","Marty Sertich",,"71","182","2000-11-14","Cologne","NOR","Germany",,
"86","9","9","3","60"," ","Gerry Atrick",,"75","210","2000-7-1","Stockholm","STO","Sweden",,
"86","9","9","3","61"," ","Gerry Atrick",,"75","210","2000-7-1","Stockholm","STO","Sweden",,
"96","9","9","3","55"," ","Pavel Kharlamov",,"70","195","1995-5-20","Moscow","MOS","Russia",,
"96","9","9","3","56"," ","Pavel Kharlamov",,"70","195","1995-5-20","Moscow","MOS","Russia",,
"112","9","9","3","53"," ","William Hartmann",,"71","196","2000-1-26","Zurich","ZH","Switzerland",,
"112","9","9","3","54"," ","William Hartmann",,"72","196","2000-1-26","Zurich","ZH","Switzerland",,
"112","9","9","3","55"," ","William Hartmann",,"71","196","2000-1-26","Zurich","ZH","Switzerland",,
"117","9","9","3","55"," ","Jonas Caspari",,"69","218","1999-8-18","Fribourg","FR","Switzerland",,
"117","9","9","3","56"," ","Jonas Caspari",,"69","218","1999-8-18","Fribourg","FR","Switzerland",,
"117","9","9","3","57"," ","Jonas Caspari",,"69","218","1999-8-18","Fribourg","FR","Switzerland",,
"117","9","9","3","58"," ","Jonas Caspari",,"69","218","1999-8-18","Fribourg","FR","Switzerland",,
"117","9","9","3","59"," ","Jonas Caspari",,"69","218","1999-8-18","Fribourg","FR","Switzerland",,
"145","9","9","3","55"," ","Jonas Kahnwald",,"69","175","2000-1-5","Leipzig","SAX","Germany",,
"145","9","9","3","56"," ","Jonas Kahnwald",,"69","175","2000-1-5","Leipzig","SAX","Germany",,
"145","9","9","3","57"," ","Jonas Kahnwald",,"69","175","2000-1-5","Leipzig","SAX","Germany",,
"148","9","9","3","53"," ","Steve Harrington",,"71","160","2000-10-27","Cologne","NOR","Germany",,
"148","9","9","3","54"," ","Steve Harrington",,"71","160","2000-10-27","Cologne","NOR","Latvia",,
"148","9","9","3","55"," ","Steve Harrington",,"71","160","2000-10-27","Cologne","NOR","Latvia",,
"151","9","9","3","53"," ","Theo Kondos",,"70","165","2000-2-13","Vienna","WIE","Austria",,
"151","9","9","3","54"," ","Theo Kondos",,"71","165","2000-2-13","Vienna","WIE","Austria",,
"151","9","9","3","55"," ","Theo Kondos",,"71","165","2000-2-13","Vienna","WIE","Austria",,
"151","9","9","3","56"," ","Theo Kondos",,"71","165","2000-2-13","Vienna","WIE","Austria",,
"151","9","9","3","57"," ","Theo Kondos",,"71","165","2000-2-13","Vienna","WIE","Austria",,
"152","9","9","3","53"," ","Juli Scheinder",,"66","150","2000-12-1","Berlin","BER","Germany",,
"164","9","9","3","69"," ","4 Chainz",,"77","195","2011-3-1","Bakersfield","CA","The United States",,
"164","9","9","3","71"," ","4 Chainz",,"77","195","2011-3-1","Bakersfield","CA","The United States",,
"168","9","9","3","57"," ","Jon St. Ark",,"74","190","2000-8-28","Vienna","WIE","Austria",,
"176","9","9","3","53"," ","Elias Kierkegaard",,"74","205","2000-2-19","Copenhagen","FRE","Denmark",,
"176","9","9","3","54"," ","Elias Kierkegaard",,"74","205","2000-2-19","Copenhagen","FRE","Denmark",,
"176","9","9","3","55"," ","Elias Kierkegaard",,"74","205","2000-2-19","Copenhagen","FRE","Denmark",,
"176","9","9","3","56"," ","Elias Kierkegaard",,"74","205","2000-2-19","Copenhagen","FRE","Denmark",,
"187","9","9","3","56"," ","Anton Mihailov",,"72","176","2000-2-26","Vatican City","VAC","Vatican City",,
"187","9","9","3","57"," ","Anton Mihailov",,"72","176","2000-2-26","Vatican City","VAC","Vatican City",,
"187","9","9","3","58"," ","Anton Mihailov",,"72","176","2000-2-26","Vatican City","VAC","Vatican City",,
"187","9","9","3","59"," ","Anton Mihailov",,"72","176","2000-2-26","Vatican City","VAC","Vatican City",,
"205","9","9","3","68"," ","Nino Di Giuseppe",,"72","200","2008-5-1","Chiasso","TI","Switzerland",,
"209","9","9","3","53"," ","Bryce Turner",,"75","220","2000-11-2","Lucerne","LU","Switzerland",,
"209","9","9","3","54"," ","Bryce Turner",,"75","220","2000-11-2","Lucerne","LU","Switzerland",,
"209","9","9","3","55"," ","Bryce Turner",,"75","220","2000-11-2","Lucerne","LU","Switzerland",,
"212","9","9","3","69"," ","Rikaad Metzller",,"71","190","2011-9-6","Bern","BE","Switzerland",,
"212","9","9","3","70"," ","Rikaad Metzller",,"71","190","2011-9-6","Bern","BE","Switzerland",,
"212","9","9","3","71"," ","Rikaad Metzller",,"70","190","2011-9-6","Bern","BE","Switzerland",,
"217","9","9","3","54"," ","Moritz Muller",,"73","210","2000-5-29","K?lln-Reisiek","SCH","Germany",,
"217","9","9","3","69"," ","Ray Alexander",,"76","183","2011-9-5","Calgary","AB","Canada",,
"217","9","9","3","70"," ","Ray Alexander",,"76","183","2011-9-5","Calgary","AB","Canada",,
"217","9","9","3","71"," ","Ray Alexander",,"76","183","2011-9-5","Calgary","AB","Canada",,
"222","9","9","3","56"," ","Luukas Lilja",,"73","179","2000-1-4","Nokia","PIR","Finland",,
"222","9","9","3","57"," ","Luukas Lilja",,"73","179","2000-1-4","Nokia","PIR","Finland",,
"222","9","9","3","58"," ","Luukas Lilja",,"73","179","2000-1-4","Nokia","PIR","Finland",,
"222","9","9","3","59"," ","Luukas Lilja",,"73","179","2000-1-4","Nokia","PIR","Finland",,
"222","9","9","3","68"," ","Sebastien Regazzoni",,"75","200","2009-1-9","Worcester","MA","Switzerland",,
"222","9","9","3","69"," ","Sebastien Regazzoni",,"75","200","2009-1-9","Worcester","MA","Switzerland",,
"222","9","9","3","70"," ","Sebastien Regazzoni",,"75","200","2009-1-9","Worcester","MA","Switzerland",,
"224","9","9","3","56"," ","Leon Schweingruber",,"76","185","2000-4-23","Zurich","ZH","Switzerland",,
"224","9","9","3","57"," ","Leon Schweingruber",,"76","185","2000-4-23","Zurich","ZH","Switzerland",,
"224","9","9","3","58"," ","Leon Schweingruber",,"76","185","2000-4-23","Zurich","ZH","Switzerland",,
"230","9","9","3","55"," ","Michael Withecheck",,"76","230","2000-11-15","Freistadt","OBE","Austria",,
"230","9","9","3","56"," ","Michael Withecheck",,"76","230","2000-11-15","Freistadt","OBE","Austria",,
"230","9","9","3","57"," ","Michael Withecheck",,"76","230","2000-11-15","Freistadt","OBE","Austria",,
"230","9","9","3","58"," ","Michael Withecheck",,"76","230","2000-11-15","Freistadt","OBE","Austria",,
"232","9","9","3","58"," ","Bigga Foryu",,"72","300","1996-3-24","Tokyo","TOK","Japan",,
"234","9","9","3","58"," ","Benjamin Blue-II",,"81","250","1990-10-27","Baku","BAK","Azerbaijan",,
"237","9","9","3","54"," ","Jack Kanoff",,"74","220","2000-7-11","Toronto","ON","Canada",,
"241","9","9","3","53"," ","Burlok Sulfurgold",,"73","220","2000-12-6","Munich","BAV","Germany",,
"241","9","9","3","54"," ","Burlok Sulfurgold",,"73","220","2000-12-6","Munich","BAV","Germany",,
"241","9","9","3","55"," ","Burlok Sulfurgold",,"73","220","2000-12-6","Munich","BAV","Germany",,
"242","9","9","3","56"," ","jimmy nutcluster",,"71","190","2000-11-20","Berlin","BER","Germany",,
"242","9","9","3","57"," ","jimmy nutcluster",,"71","190","2000-11-20","Berlin","BER","Germany",,
"242","9","9","3","58"," ","jimmy nutcluster",,"71","190","2000-11-20","Berlin","BER","Germany",,
"242","9","9","3","59"," ","Jimmy Nutcluster",,"71","190","2000-11-20","Berlin","BER","Germany",,
"249","9","9","3","68"," ","Oskar Scholz",,"76","228","2010-7-24","Mannheim","BAD","Germany",,
"249","9","9","3","69"," ","Oskar Scholz",,"76","228","2010-7-24","Mannheim","BAD","Germany",,
"249","9","9","3","70"," ","Oskar Scholz",,"76","228","2010-7-24","Mannheim","BAD","Germany",,
"249","9","9","3","71"," ","Oskar Scholz",,"76","228","2010-7-24","Mannheim","BAD","Germany",,
"252","9","9","3","53"," ","Cal Labovitch",,"73","202","2000-2-15","Bern","BE","Switzerland",,
"252","9","9","3","54"," ","Cal Labovitch",,"73","202","2000-2-15","Bern","BE","Switzerland",,
"273","9","9","3","56"," ","Karl Schaufelberger",,"72","200","2000-7-21","Hochdorf","LU","Switzerland",,
"275","9","9","3","53"," ","Erben Kasius",,"74","210","2000-12-5","Amsterdam","NOO","The Netherlands",,
"275","9","9","3","54"," ","Erben Kasius",,"74","210","2000-12-5","Amsterdam","NOO","The Netherlands",,
"275","9","9","3","55"," ","Erben Kasius",,"74","210","2000-12-5","Amsterdam","NOO","The Netherlands",,
"294","9","9","3","53"," ","Mega Tron",,"76","215","2000-11-10","Vienna","WIE","Austria",,
"294","9","9","3","54"," ","Mega Tron",,"76","215","2000-11-10","Vienna","WIE","Austria",,
"298","9","9","3","67"," ","Copernicus Doomslatter",,"79","300","2010-7-24","Cheb","KAR","Czech Republic",,
"302","9","9","3","65"," ","Julian Florsch",,"72","200","2008-5-28","Laufen","BL","Switzerland",,
"302","9","9","3","66"," ","Julian Florsch",,"72","200","2008-5-28","Schaffhausen","SH","Switzerland",,
"302","9","9","3","67"," ","Julian Florsch",,"72","200","2007-8-3","Geneva","GE","Switzerland",,
"302","9","9","3","68"," ","Julian Florsch",,"72","200","2007-8-3","Geneva","GE","Switzerland",,
"304","9","9","3","67"," ","Emil Egil",,"76","196","2007-11-8","Fort Worth","TX","Switzerland",,
"304","9","9","3","68"," ","Emil Egil",,"76","196","2007-11-8","Fort Worth","TX","Switzerland",,
"305","9","9","3","67"," ","Hodor",,"84","300","2008-1-6","Glencoe","AL","The United States",,
"305","9","9","3","68"," ","Hodor",,"84","300","2008-1-6","Glencoe","AL","Germany",,
"305","9","9","3","69"," ","Hodor",,"84","300","2008-1-6","Glencoe","AL","Germany",,
"308","9","9","3","61"," ","Randy Marsh",,"73","210","2000-12-1","Phoenix","AZ","Austria",,
"308","9","9","3","62"," ","Randy Marsh",,"73","210","2000-12-1","Phoenix","AZ","Austria",,
"308","9","9","3","63"," ","Randy Marsh",,"73","210","2000-12-1","Phoenix","AZ","Austria",,
"308","9","9","3","64"," ","Randy Marsh",,"73","210","2000-12-1","Phoenix","AZ","Austria",,
"310","9","9","3","64"," ","Dan Baltisberger",,"72","203","2008-11-22","Ollon","VD","Switzerland",,
"310","9","9","3","65"," ","Dan Baltisberger",,"72","203","2008-11-22","Ollon","VD","Switzerland",,
"310","9","9","3","66"," ","Dan Baltisberger",,"72","203","2008-11-22","Onex","GE","Switzerland",,
"310","9","9","3","67"," ","Dan Baltisberger",,"72","203","2006-3-8","Fullerton","CA","Sweden",,
"317","9","9","3","67"," ","Meta Knight",,"75","193","2008-9-4","Jackson Township","NJ","The United States",,
"317","9","9","3","68"," ","Meta Knight",,"75","193","2008-9-4","Jackson Township","NJ","The United States",,
"318","9","9","3","67"," ","Toxic Neutrality",,"72","200","2008-1-21","Lausanne","VD","Switzerland",,
"318","9","9","3","68"," ","Toxic Neutrality",,"72","200","2008-1-21","Lausanne","VD","Switzerland",,
"324","9","9","3","53"," ","Jimmy Wagner",,"73","190","2000-4-22","Vienna","WIE","Austria",,
"324","9","9","3","54"," ","Jimmy Wagner",,"73","190","2000-4-22","Vienna","WIE","Austria",,
"324","9","9","3","55"," ","Jimmy Wagner",,"74","190","2000-4-22","Vienna","WIE","Austria",,
"324","9","9","3","67"," ","Carl Rey Jetson",,"73","200","2008-10-15","Zurich","ZH","Switzerland",,
"324","9","9","3","68"," ","Carl Rey Jetson",,"73","200","2008-10-15","Zurich","ZH","Switzerland",,
"327","9","9","3","67"," ","Casper Nilsson",,"74","210","2007-12-9","Gothenburg","NE","Sweden",,
"329","9","9","3","53"," ","Ivo Lux",,"71","175","2000-12-6","Munich","BAV","Germany",,
"329","9","9","3","59"," ","Markus Jager","The Tater","71","175","2000-12-6","Munich","BAV","Germany",,
"329","9","9","3","60"," ","Markus Jager","The Tater","71","175","2000-12-6","Munich","BAV","Germany",,
"329","9","9","3","61"," ","Markus Jager","The Tater","72","190","2000-12-6","Munich","BAV","Germany",,
"332","9","9","3","68"," ","Elias Adelberg",,"77","229","2010-6-10","Dresden","SAX","Germany",,
"332","9","9","3","70"," ","Elias Adelberg",,"77","229","2010-6-10","Dresden","SAX","Germany",,
"332","9","9","3","71"," ","Elias Adelberg",,"77","229","2010-6-10","Dresden","SAX","Germany",,
"333","9","9","3","53"," ","Frankie Holtz",,"73","221","2000-3-8","Hamburg","HAM","Germany",,
"337","9","9","3","69"," ","Daniel Grumathan",,"72","190","2012-8-26","Dortmund","NOR","Germany",,
"337","9","9","3","71"," ","Daniel Grumathan",,"72","190","2012-8-26","Dortmund","NOR","Germany",,
"337","9","9","3","72"," ","Daniel Grumathan",,"72","190","2012-8-26","Dortmund","NOR","Germany",,
"347","9","9","3","55"," ","Bud Weiser",,"75","225","1995-11-21","Munich","BAV","Germany",,
"347","9","9","3","56"," ","Bud Weiser",,"75","225","1995-11-21","Munich","BAV","Germany",,
"347","9","9","3","57"," ","Bud Weiser",,"75","225","1995-11-21","Munich","BAV","Germany",,
"347","9","9","3","58"," ","Bud Weiser",,"75","214","1995-11-21","Munich","BAV","Germany",,
"350","9","9","3","53"," ","Panda Panico",,"76","245","2000-12-20","D?sseldorf","NOR","Germany",,
"350","9","9","3","54"," ","Panda Panico",,"76","245","2000-12-20","D?sseldorf","NOR","Germany",,
"350","9","9","3","55"," ","Panda Panico",,"76","245","2000-12-20","D?sseldorf","NOR","Germany",,
"350","9","9","3","56"," ","Panda Panico",,"76","245","2000-12-20","D?sseldorf","NOR","Germany",,
"365","9","9","3","53"," ","Cale Amundsen",,"78","230","2000-12-6","Amsterdam","NOO","The Netherlands",,
"365","9","9","3","54"," ","Cale Amundsen",,"79","230","2000-12-6","Amsterdam","NOO","The Netherlands",,
"365","9","9","3","55"," ","Cale Amundsen",,"78","230","2000-12-6","Amsterdam","NOO","The Netherlands",,
"365","9","9","3","56"," ","Cale Amundsen",,"78","230","2000-12-6","Amsterdam","NOO","The Netherlands",,
"365","9","9","3","69"," ","Grzegorz Brzeczyszczykiewicz",,"74","222","2011-5-10","Chrzanzw","MAL","Poland",,
"365","9","9","3","70"," ","Grzegorz Brzeczyszczykiewicz",,"74","222","2011-5-10","Chrzanzw","MAL","Poland",,
"369","9","9","3","56"," ","Robert Feltersnatch",,"73","207","2000-11-25","Toronto","ON","Canada",,
"411","9","9","3","68"," ","Marton Diehm",,"70","185","2009-8-23","Stutterheim","EAS","Germany",,
"411","9","9","3","69"," ","Marton Diehm",,"70","185","2009-8-23","Stutterheim","EAS","Germany",,
"411","9","9","3","70"," ","Marton Diehm",,"70","185","2009-8-23","Stutterheim","EAS","Germany",,
"429","9","9","3","66"," ","Otter Von Bismarck",,"71","208","2010-7-11","Schonungen","BAV","Germany",,
"438","9","9","3","68"," ","Issac Forty-One",,"73","200","2008-8-28","Schaffhausen","SH","Switzerland",,
"438","9","9","3","69"," ","Issac Forty-One",,"73","200","2008-8-28","Schaffhausen","SH","Switzerland",,
"439","9","9","3","68"," ","Finn Brandt",,"73","200","2008-6-4","Munich","BAV","Germany",,
"444","9","9","3","68"," ","Georg N'Zola",,"76","212","2010-4-18","Kloten","ZH","Switzerland",,
"444","9","9","3","69"," ","Georg N'Zola",,"76","212","2010-4-18","Kloten","ZH","Switzerland",,
"444","9","9","3","70"," ","Georg N'Zola",,"76","212","2010-4-18","Kloten","ZH","Switzerland",,
"444","9","9","3","71"," ","Georg N'Zola",,"76","212","2010-4-18","Kloten","ZH","Switzerland",,
"451","9","9","3","56"," ","Dee Centerman IV",,"75","240","2000-10-28","Portsmouth","ENG","England",,
"451","9","9","3","57"," ","Dee Centerman IV",,"75","240","2000-10-28","Portsmouth","ENG","England",,
"451","9","9","3","58"," ","Dee Centerman IV",,"75","240","2000-10-28","Portsmouth","ENG","England",,
"467","9","9","3","59"," ","Iorek Byrnison",,"74","220","2002-1-25","Oslo","AKE","Norway",,
"467","9","9","3","60"," ","Iorek Byrnison",,"74","220","2002-1-25","Oslo","AKE","Norway",,
"467","9","9","3","61"," ","Iorek Byrnison",,"74","220","2002-1-25","Oslo","AKE","Norway",,
"474","9","9","3","55"," ","Karl Schaufelberger",,"72","200","1999-1-5","Hochdorf","LU","Switzerland",,
"491","9","9","3","58"," ","Dane von Gucci",,"75","210","2001-7-9","Kufstein","TIR","Austria",,
"491","9","9","3","59"," ","Dane von Gucci",,"75","210","2001-7-9","Kufstein","TIR","Austria",,
"491","9","9","3","60"," ","Dane von Gucci",,"75","210","2001-7-9","Kufstein","TIR","Austria",,
"491","9","9","3","70"," ","Luca Pane",,"68","202","2011-2-26","Milan","LOM","Italy",,
"492","9","9","3","59"," ","Marco Barengrub",,"73","195","2002-2-14","Helsinki","UUS","Estonia",,
"492","9","9","3","60"," ","Marco Barengrub",,"73","195","2002-2-14","Helsinki","UUS","Estonia",,
"492","9","9","3","61"," ","Marco Barengrub",,"73","195","2002-2-14","Helsinki","UUS","Estonia",,
"496","9","9","3","59"," ","Sabarro Torretta",,"75","218","2001-10-22","Lugano","TI","Switzerland",,
"496","9","9","3","60"," ","Sabarro Torretta",,"75","218","2001-10-22","Lugano","TI","Switzerland",,
"496","9","9","3","61"," ","Sabarro Torretta",,"75","218","2001-10-22","Lugano","TI","Switzerland",,
"521","9","9","3","59"," ","Benjamine Blue II",,"81","250","2001-8-24","Union City","NJ","Azerbaijan",,
"521","9","9","3","60"," ","Benjamine Blue II",,"81","250","2001-8-24","Union City","NJ","Azerbaijan",,
"525","9","9","3","59"," ","Miguel Hefeweizen",,"74","205","2001-8-20","Vienna","WIE","Austria",,
"525","9","9","3","60"," ","Miguel Hefeweizen",,"74","205","2001-8-20","Vienna","WIE","Austria",,
"526","9","9","3","58"," ","Max Muller",,"75","210","2001-8-20","Basel","BS","Switzerland",,
"529","9","9","3","55"," ","Thomas Rose",,"75","215","2002-2-26","Zurich","ZH","Switzerland",,
"529","9","9","3","56"," ","Thomas Rose",,"75","215","2002-2-26","Zurich","ZH","Switzerland",,
"529","9","9","3","57"," ","Thomas Rose",,"75","215","2002-2-26","Zurich","ZH","Switzerland",,
"529","9","9","3","58"," ","Thomas Rose",,"75","215","2002-2-26","Zurich","ZH","Switzerland",,
"530","9","9","3","58"," ","Cormac Ponaire",,"67","245","2002-2-13","Dublin","DUB","Ireland",,
"530","9","9","3","59"," ","Cormac Ponaire",,"67","245","2002-2-13","Dublin","DUB","Ireland",,
"530","9","9","3","60"," ","Cormac Ponaire",,"67","245","2002-2-13","Dublin","DUB","Ireland",,
"530","9","9","3","61"," ","Cormac Ponaire",,"67","245","2002-2-13","Dublin","DUB","Ireland",,
"544","9","9","3","54"," ","Theo Golury",,"72","190","2000-10-1","Vienna","WIE","Austria",,
"559","9","9","3","54"," ","Riley Kuse",,"74","200","2000-8-27","Geneva","GE","Switzerland",,
"564","9","9","3","54"," ","Oliver Setzinger",,"72","160","2000-12-1","Vienna","WIE","Austria",,
"577","9","9","3","59"," ","Robot Sunfish",,"75","256","2003-4-14","Crawfordsville","IN","Austria",,
"577","9","9","3","60"," ","Robot Sunfish",,"75","256","2003-4-14","Crawfordsville","IN","Austria",,
"579","9","9","3","56"," ","Arsene Leclerc",,"74","188","2002-9-11","Strasbourg","ALS","France",,
"579","9","9","3","57"," ","Arsene Leclerc",,"74","188","2002-9-11","Strasbourg","ALS","France",,
"579","9","9","3","58"," ","Arsene Leclerc",,"74","188","2002-9-11","Strasbourg","ALS","France",,
"579","9","9","3","59"," ","Arsene Leclerc",,"74","188","2002-9-11","Strasbourg","ALS","France",,
"579","9","9","3","60"," ","Arsene Leclerc",,"74","188","2002-9-11","Strasbourg","ALS","France",,
"579","9","9","3","61"," ","Arsene Leclerc",,"74","188","2002-9-11","Strasbourg","ALS","France",,
"579","9","9","3","62"," ","Arsene Leclerc",,"74","188","2002-9-11","Strasbourg","ALS","France",,
"580","9","9","3","56"," ","Jorg Fuchs",,"71","184","2003-5-30","Leipzig","SAX","Germany",,
"595","9","9","3","56"," ","Zayne Rotzbua",,"80","260","2002-12-24","Vienna","WIE","Austria",,
"595","9","9","3","57"," ","Zayne Rotzbua",,"80","260","2002-12-24","Vienna","WIE","Austria",,
"595","9","9","3","58"," ","Zayne Rotzbua",,"80","260","2002-12-24","Vienna","WIE","Austria",,
"595","9","9","3","59"," ","Zayne Rotzbua",,"80","260","2002-12-24","Vienna","WIE","Austria",,
"603","9","9","3","61"," ","Aldo Huber",,"74","204","2002-9-6","Tampa","FL","Switzerland",,
"603","9","9","3","62"," ","Aldo Huber",,"74","204","2002-9-6","Tampa","FL","Switzerland",,
"603","9","9","3","63"," ","Aldo Huber",,"74","204","2002-9-6","Tampa","FL","Switzerland",,
"604","9","9","3","62"," ","Chris McZehrl Jr.",,"74","203","2002-11-1","Dover","MA","Germany",,
"604","9","9","3","63"," ","Chris McZehrl Jr.",,"74","203","2002-11-1","Dover","MA","Germany",,
"604","9","9","3","64"," ","Chris McZehrl Jr.",,"74","203","2002-11-1","Dover","MA","Germany",,
"604","9","9","3","65"," ","Chris McZehrl Jr.",,"74","203","2002-11-1","Dover","MA","Germany",,
"614","9","9","3","60"," ","JJ James Jamerson Angler",,"76","200","2003-3-17","Lanham-Seabrook","MD","Germany",,
"615","9","9","3","61"," ","Oskar Von Walther",,"72","194","2002-12-1","New York","NY","Germany",,
"615","9","9","3","62"," ","Oskar Von Walther",,"72","194","2002-12-1","New York","NY","Germany",,
"615","9","9","3","65"," ","Oskar Von Walther",,"72","194","2002-12-1","New York","NY","Germany",,
"616","9","9","3","59"," ","High Haschdi",,"72","210","2002-7-5","Pickerington","OH","Germany",,
"616","9","9","3","60"," ","High Haschdi",,"72","210","2002-7-5","Pickerington","OH","Germany",,
"617","9","9","3","61"," ","Dominik Tretyak",,"71","220","2003-2-25","Bakersfield","CA","Russia",,
"622","9","9","3","60"," ","Alfred Yankovic",,"72","185","2002-12-20","Orlando","FL","Austria",,
"622","9","9","3","61"," ","Alfred Yankovic",,"72","185","2002-12-20","Orlando","FL","Austria",,
"622","9","9","3","63"," ","Alfred Yankovic",,"72","185","2002-12-20","Orlando","FL","Austria",,
"627","9","9","3","57"," ","Rikki Petrov",,"74","198","2003-2-19","Moscow","MOS","Russia",,
"627","9","9","3","58"," ","Rikki Petrov",,"74","198","2003-2-19","Moscow","MOS","Russia",,
"628","9","9","3","72"," ","Jonas Salat",,"75","210","2014-10-27","Landshut","BAV","Germany",,
"628","9","9","3","74"," ","Jonas Salat",,"75","210","2014-10-27","Landshut","BAV","Germany",,
"628","9","9","3","75"," ","Jonas Salat",,"75","210","2014-10-27","Landshut","BAV","Germany",,
"635","9","9","3","62"," ","Spack Jarrow",,"70","185","2003-9-25","Gary","IN","Switzerland",,
"635","9","9","3","63"," ","Spack Jarrow",,"70","185","2003-9-25","Gary","IN","Switzerland",,
"635","9","9","3","64"," ","Spack Jarrow",,"70","185","2003-9-25","Gary","IN","Switzerland",,
"641","9","9","3","62"," ","Ivan Lacksamus",,"73","200","2003-8-24","Sun Valley","NV","Switzerland",,
"641","9","9","3","63"," ","Ivan Lacksamus",,"73","200","2003-8-24","Sun Valley","NV","Switzerland",,
"641","9","9","3","64"," ","Ivan Lacksamus",,"73","200","2003-8-24","Sun Valley","NV","Switzerland",,
"641","9","9","3","65"," ","Ivan Lacksamus",,"73","200","2003-8-24","Sun Valley","NV","Switzerland",,
"641","9","9","3","72"," ","David Soupre",,"73","253","2014-10-16","Toulouse","MID","France",,
"641","9","9","3","73"," ","David Soupre",,"73","253","2014-10-16","Toulouse","MID","France",,
"647","9","9","3","73"," ","Milk Jones",,"75","200","2014-10-7","Geneva","GE","Switzerland",,
"655","9","9","3","62"," ","Rafael Boeck",,"69","169","2003-12-23","Hornell","NY","Germany",,
"655","9","9","3","63"," ","Rafael Boeck",,"69","169","2003-12-23","Hornell","NY","Germany",,
"655","9","9","3","64"," ","Rafael Boeck",,"69","169","2003-12-23","Hornell","NY","Germany",,
"655","9","9","3","65"," ","Rafael Boeck",,"69","169","2003-12-23","Hornell","NY","Germany",,
"659","9","9","3","73"," ","RIP THUNDERDOME 2013-2023",,"83","300","2012-12-28","Havre","MT","The United States",,
"664","9","9","3","71"," ","Mephistopheles Morgonstjärna",,"75","235","2013-6-12","Leipzig","SAX","Germany",,
"664","9","9","3","73"," ","Mephistopheles Morgonstjärna",,"75","235","2013-6-12","Leipzig","SAX","Germany",,
"664","9","9","3","74"," ","Mephistopheles Morgonstjärna",,"75","235","2013-6-12","Leipzig","SAX","Germany",,
"666","9","9","3","61"," ","Zayne Dangle",,"76","218","2004-1-22","Bloomington","MN","Czech Republic",,
"668","9","9","3","71"," ","König Wolf",,"74","211","2013-4-6","Cologne","NOR","Germany",,
"668","9","9","3","72"," ","König Wolf",,"74","211","2013-4-6","Cologne","NOR","Germany",,
"668","9","9","3","73"," ","König Wolf",,"74","211","2013-4-6","Cologne","NOR","Germany",,
"668","9","9","3","74"," ","König Wolf",,"74","211","2013-4-6","Cologne","NOR","Germany",,
"677","9","9","3","63"," ","Dirty Boots",,"73","217","2004-3-11","Calgary","AB","Canada",,
"681","9","9","3","61"," ","Not Deadly",,"46","191","2004-6-14","Pennsville","NJ","Austria",,
"682","9","9","3","71"," ","Philippe Le Bel",,"73","195","2013-5-11","Pontivy","BRI","France",,
"682","9","9","3","72"," ","Philippe Le Bel",,"73","195","2013-5-11","Pontivy","BRI","France",,
"682","9","9","3","74"," ","Philippe Le Bel",,"73","195","2013-5-11","Pontivy","BRI","France",,
"690","9","9","3","73"," ","Westley Kirkpatrick",,"78","200","2013-6-18","Indianapolis","IN","The United States",,
"690","9","9","3","74"," ","Westley Kirkpatrick",,"78","200","2013-6-18","Indianapolis","IN","The United States",,
"702","9","9","3","70"," ","Tibuk Soonika",,"81","210","2012-5-13","Zurich","ZH","Switzerland",,
"702","9","9","3","71"," ","Tibuk Soonika",,"81","210","2012-5-13","Zurich","ZH","Switzerland",,
"702","9","9","3","72"," ","Tibuk Soonika",,"81","210","2012-5-13","Zurich","ZH","Switzerland",,
"713","9","9","3","70"," ","Joshua Weber",,"74","255","2011-6-12","Berlin","BER","Germany",,
"722","9","9","3","69"," ","Antoine Beauregard",,"75","221","2011-6-29","Marseillan","LAN","France",,
"722","9","9","3","70"," ","Antoine Beauregard",,"75","221","2011-6-29","Marseillan","LAN","France",,
"722","9","9","3","71"," ","Antoine Beauregard",,"75","221","2011-6-29","Marseillan","LAN","France",,
"724","9","9","3","69"," ","Foggy Nelson",,"81","256","2013-4-11","Thalgau","SAL","Austria",,
"726","9","9","3","69"," ","Johnny Wagner-Svenson",,"77","237","2011-9-12","Clearwater","FL","Finland",,
"726","9","9","3","70"," ","Johnny Wagner-Svenson",,"77","237","2011-9-12","Clearwater","FL","Finland",,
"726","9","9","3","71"," ","Johnny Wagner-Svenson",,"77","237","2011-9-12","Clearwater","FL","Finland",,
"734","9","9","3","71"," ","Oliver Castillon",,"73","200","2012-1-5","Montpellier","LAN","France",,
"736","9","9","3","72"," ","Lazer Gato",,"60","150","2013-1-9","Tijuana","BAJ","Mexico",,
"736","9","9","3","73"," ","Lazer Gato",,"60","150","2013-1-9","Tijuana","BAJ","Mexico",,
"736","9","9","3","74"," ","Lazer Gato",,"60","150","2013-1-9","Tijuana","BAJ","Mexico",,
"747","9","9","3","71"," ","Levin Schattenaxt",,"71","171","2012-11-22","Pratteln","BL","Switzerland",,
"747","9","9","3","72"," ","Levin Schattenaxt",,"71","171","2012-11-22","Pratteln","BL","Switzerland",,
"747","9","9","3","73"," ","Levin Schattenaxt",,"71","171","2012-11-22","Pratteln","BL","Switzerland",,
"755","9","9","3","70"," ","Sydney Shaw",,"72","205","2013-3-13","Princeton","WV","The United States",,
"755","9","9","3","71"," ","Sydney Shaw",,"72","205","2013-3-13","Princeton","WV","The United States",,
"755","9","9","3","72"," ","Sydney Shaw",,"72","205","2013-3-13","Princeton","WV","The United States",,
"756","9","9","3","73"," ","Lean On (Coconut Mall) Dry Saddle-Heghog",,"71","199","2014-1-3","Zurich","ZH","Switzerland","Finland",
"756","9","9","3","74"," ","Lean On (Coconut Mall) Dry Saddle-Heghog",,"71","199","2014-1-3","Zurich","ZH","Switzerland","Finland",
"761","9","9","3","70"," ","Alvin Wong",,"72","180","2013-3-26","Ottawa","ON","Canada",,
"761","9","9","3","71"," ","Alvin Wong",,"72","180","2013-3-26","Ottawa","ON","Canada",,
"761","9","9","3","72"," ","Alvin Wong",,"72","180","2013-3-26","Ottawa","ON","Canada",,
"777","9","9","3","71"," ","Jeff Hunziker",,"69","155","2013-7-16","Schaffhausen","SH","Switzerland",,
"777","9","9","3","72"," ","Jeff Hunziker",,"69","155","2013-7-16","Schaffhausen","SH","Switzerland",,
"777","9","9","3","73"," ","Jeff Hunziker",,"69","155","2013-7-16","Schaffhausen","SH","Switzerland",,
"777","9","9","3","74"," ","Jeff Hunziker",,"69","155","2013-7-16","Schaffhausen","SH","Switzerland",,
"785","9","9","3","70"," ","Elena Maximova",,"69","151","2013-1-2","Odessa","SK","Ukraine",,
"785","9","9","3","71"," ","Elena Maximova",,"69","151","2013-1-2","Odessa","SK","Ukraine",,
"785","9","9","3","72"," ","Elena Maximova",,"69","151","2013-1-2","Odessa","SK","Ukraine",,
"786","9","9","3","73"," ","Xavier Beausoleil",,"77","236","2013-10-3","Saint-Gabriel","QC","Canada",,
"786","9","9","3","74"," ","Xavier Beausoleil",,"77","236","2013-10-3","Saint-Gabriel","QC","Canada",,
"786","9","9","3","75"," ","Xavier Beausoleil",,"77","236","2013-10-3","Saint-Gabriel","QC","Canada",,
"792","9","9","3","72"," ","Scott Seitz",,"72","200","2013-12-29","Düsseldorf","NOR","Germany",,
"792","9","9","3","73"," ","Scott Seitz",,"72","200","2013-12-29","Düsseldorf","NOR","Germany",,
"792","9","9","3","74"," ","Scott Seitz",,"72","200","2013-12-29","Düsseldorf","NOR","Germany",,
"793","9","9","3","69"," ","Timo Lambert",,"72","190","2012-12-29","Dresden","SAX","Germany",,
"793","9","9","3","70"," ","Timo Lambert",,"72","190","2012-12-29","Dresden","SAX","Germany",,
"793","9","9","3","71"," ","Timo Lambert",,"72","190","2012-12-29","Dresden","SAX","Germany",,
"793","9","9","3","72"," ","Timo Lambert",,"72","190","2012-12-29","Dresden","SAX","Germany",,
"797","9","9","3","70"," ","Olaf Hofmann",,"77","221","2012-1-25","Berlin","BER","Germany",,
"802","9","9","3","69"," ","Wilhelm von Hindenburg II",,"78","220","2012-2-12","Berlin","BER","Germany",,
"810","9","9","3","57"," ","Kermit Murphy",,"76","230","2002-10-15","Hamilton","ON","Canada",,
"810","9","9","3","58"," ","Kermit Murphy",,"76","230","2002-10-15","Hamilton","ON","Canada",,
"810","9","9","3","59"," ","Kermit Murphy",,"76","230","2002-10-15","Hamilton","ON","Canada",,
"810","9","9","3","60"," ","Kermit Murphy",,"76","230","2002-10-15","Hamilton","ON","Canada",,
"810","9","9","3","73"," ","Finn Weiss",,"74","208","2012-12-18","Leipzig","SAX","Germany",,
"811","9","9","3","57"," ","Paul Binder",,"71","175","2002-8-15","Vienna","WIE","Austria",,
"811","9","9","3","58"," ","Paul Binder",,"71","175","2002-8-15","Vienna","WIE","Austria",,
"811","9","9","3","59"," ","Paul Binder",,"71","175","2002-8-15","Vienna","WIE","Austria",,
"811","9","9","3","60"," ","Paul Binder",,"71","175","2002-8-15","Vienna","WIE","Austria",,
"812","9","9","3","57"," ","Yan Dolff",,"75","227","2002-4-30","Zurich","ZH","Switzerland",,
"812","9","9","3","58"," ","Yan Dolff",,"75","227","2002-4-30","Zurich","ZH","Switzerland",,
"812","9","9","3","59"," ","Yan Dolff",,"75","227","2002-4-30","Zurich","ZH","Switzerland",,
"813","9","9","3","57"," ","#A-Rye Izzy",,"75","188","2002-12-22","Toronto","ON","Canada","Austria",
"813","9","9","3","58"," ","#A-Rye Izzy",,"75","188","2002-12-22","Toronto","ON","Canada","Austria",
"813","9","9","3","59"," ","A-Rye Izzy",,"75","188","2002-12-22","Toronto","ON","Canada","Austria",
"814","9","9","3","57"," ","Finn von Murphenstein",,"75","199","2002-7-20","Vienna","WIE","Austria",,
"814","9","9","3","58"," ","Finn von Murphenstein",,"75","199","2002-7-20","Vienna","WIE","Austria",,
"814","9","9","3","59"," ","Finn von Murphenstein",,"75","199","2002-7-20","Vienna","WIE","Austria",,
"814","9","9","3","69"," ","Lasse Zeigler",,"77","225","2012-3-28","Berlin","BER","Germany",,
"814","9","9","3","70"," ","Lasse Zeigler",,"77","225","2012-3-28","Berlin","BER","Germany",,
"814","9","9","3","71"," ","Lasse Zeigler",,"77","225","2012-3-28","Berlin","BER","Germany",,
"814","9","9","3","72"," ","Lasse Zeigler",,"77","225","2012-3-28","Berlin","BER","Germany",,
"815","9","9","3","57"," ","Narboza Manyhands",,"75","211","2002-1-5","Interlaken","BE","Switzerland",,
"815","9","9","3","58"," ","Narboza Manyhands",,"75","211","2002-1-5","Interlaken","BE","Switzerland",,
"815","9","9","3","59"," ","Narboza Manyhands",,"75","211","2002-1-5","Interlaken","BE","Switzerland",,
"815","9","9","3","60"," ","Narboza Manyhands",,"75","211","2002-1-5","Interlaken","BE","Switzerland",,
"842","9","9","3","73"," ","Furious Chicken",,"81","200","2015-1-11","Heerlen","ZUI","The Netherlands",,
"889","9","9","3","70"," ","Jayden Martens",,"72","200","2015-5-17","Bielefeld","NOR","Germany",,
"894","9","9","3","62"," ","Rebecca Montagne",,"69","170","2004-3-5","Bossier City","LA","France",,
"894","9","9","3","63"," ","Rebecca Montagne",,"69","170","2004-3-5","Bossier City","LA","France",,
"894","9","9","3","64"," ","Rebecca Montagne",,"69","170","2004-3-5","Bossier City","LA","France",,
"969","9","9","3","61"," ","Strawberry Sailfish",,"62","150","2004-9-4","Dallas","TX","Austria",,
"1005","9","9","3","62"," ","Petra Sabor",,"74","200","2000-12-27","Onex","GE","Switzerland",,
"1007","9","9","3","60"," ","Konstantin Selich",,"74","210","2000-5-2","Buffalo","NY","The United States",,
"1007","9","9","3","61"," ","Konstantin Selich",,"74","210","2000-5-2","Buffalo","NY","The United States",,
"1007","9","9","3","62"," ","Konstantin Selich",,"74","210","2000-5-2","Buffalo","NY","The United States",,
"1007","9","9","3","63"," ","Konstantin Selich",,"74","210","2000-5-2","Buffalo","NY","The United States",,
"1008","9","9","3","60"," ","Sebastian Weiss",,"77","224","2000-10-9","Vienna","WIE","Austria",,
"1008","9","9","3","61"," ","Sebastian Weiss",,"77","224","2000-10-9","Vienna","WIE","Austria",,
"1008","9","9","3","62"," ","Sebastian Weiss",,"77","224","2000-10-9","Vienna","WIE","Austria",,
"1008","9","9","3","63"," ","Sebastian Weiss",,"77","224","2000-10-9","Vienna","WIE","Austria",,
"1008","9","9","3","64"," ","Sebastian Weiss",,"77","224","2000-10-9","Vienna","WIE","Austria",,
"1041","9","9","3","61"," ","Duncan Mackenzie",,"74","225","2000-1-13","Vancouver","BC","Canada",,
"1041","9","9","3","62"," ","Duncan Mackenzie",,"74","225","2000-1-13","Vancouver","BC","Canada",,
"1041","9","9","3","63"," ","Duncan Mackenzie",,"74","225","2000-1-13","Vancouver","BC","Canada",,
"1049","9","9","3","60"," ","Hans Graf",,"73","220","2000-9-22","Mobile","AL","Germany",,
"1049","9","9","3","61"," ","Hans Graf",,"73","220","2000-9-22","Mobile","AL","Germany",,
"1049","9","9","3","62"," ","Hans Graf",,"73","220","2000-9-22","Mobile","AL","Germany",,
"1050","9","9","3","60"," ","Petra Sabor",,"74","200","2000-12-31","Brig-Glis","VS","Switzerland",,
"1051","9","9","3","60"," ","Jannik Nordstern",,"75","218","2000-7-23","Basel","BS","Switzerland",,
"1051","9","9","3","61"," ","Jannik Nordstern",,"75","218","2000-7-23","Basel","BS","Switzerland",,
"1051","9","9","3","62"," ","Jannik Nordstern",,"75","218","2000-7-23","Basel","BS","Switzerland",,
"1072","9","9","3","72"," ","Prince Marius",,"74","200","2017-7-23","Munich","BAV","Germany",,
"1072","9","9","3","73"," ","Prince Marius",,"74","200","2017-7-23","Munich","BAV","Germany",,
"1072","9","9","3","74"," ","Prince Marius",,"74","200","2017-7-23","Munich","BAV","Germany",,
"1072","9","9","3","75"," ","Prince Marius",,"74","200","2017-7-23","Munich","BAV","Germany",,
"1173","9","9","3","72"," ","Future Considerations",,"72","200","2017-6-28","Geneva","GE","Switzerland",,
"1173","9","9","3","73"," ","Future Considerations",,"72","200","2017-6-28","Geneva","GE","Switzerland",,
"1173","9","9","3","74"," ","Future Considerations",,"72","200","2017-6-28","Geneva","GE","Switzerland",,
"1173","9","9","3","75"," ","Future Considerations",,"72","200","2017-6-28","Geneva","GE","Switzerland",,
"1173","9","9","3","76"," ","Future Considerations",,"72","200","2017-6-28","Geneva","GE","Switzerland",,
"1174","9","9","3","72"," ","Dunkler Sowerwine",,"74","200","2017-6-28","Munich","BAV","Germany",,
"1174","9","9","3","73"," ","Dunkler Sowerwine",,"74","200","2017-6-28","Munich","BAV","Germany",,
"1174","9","9","3","74"," ","Dunkler Sowerwine",,"74","200","2017-6-28","Munich","BAV","Germany",,
"1174","9","9","3","75"," ","Dunkler Sowerwine",,"74","200","2017-6-28","Munich","BAV","Germany",,
"1175","9","9","3","72"," ","Deep Thought",,"72","190","2017-6-28","Basel","BS","Switzerland",,
"1175","9","9","3","73"," ","Deep Thought",,"72","190","2017-6-28","Basel","BS","Switzerland",,
"1199","9","9","3","74"," ","Paul Bondage",,"75","220","2017-6-28","Berlin","BER","Germany",,
"1199","9","9","3","75"," ","Paul Bondage",,"76","220","2017-6-28","Berlin","BER","Germany",,
"1199","9","9","3","76"," ","Paul Bondage",,"76","220","2017-6-28","Berlin","BER","Germany",,
"1203","9","9","3","72"," ","Yerik Akmetzhanov",,"78","245","2017-6-28","Almaty","ALM","Kazakhstan",,
"1219","9","9","3","74"," ","Teal'c",,"73","190","2017-6-28","Lorgies","NOR","France",,
"1220","9","9","3","73"," ","Mr Plow",,"72","240","2017-6-28","Springfield","MI","The United States",,
"1221","9","9","3","73"," ","Henri Losanov",,"79","244","2017-6-28","Lyon","RHô","France",,
"1221","9","9","3","74"," ","Henri Losanov",,"79","244","2017-6-28","Lyon","RHô","France",,
"1221","9","9","3","75"," ","Henri Losanov",,"79","244","2017-6-28","Lyon","RHô","France",,
"1221","9","9","3","76"," ","Henri Losanov",,"79","244","2017-6-28","Lyon","RHô","France",,
"1243","9","9","3","75"," ","Langston Hardison-Laurent",,"75","202","2017-6-28","Gainesville","VA","The United States",,
"1243","9","9","3","76"," ","Langston Hardison-Laurent",,"75","202","2017-6-28","Gainesville","VA","The United States",,
"1250","9","9","3","76"," ","Mia Lavoie",,"71","200","2018-6-28","Beauceville","QC","Canada",,
"1250","9","9","3","77"," ","Mia Lavoie",,"71","200","2018-6-28","Beauceville","QC","Canada",,
"1262","9","9","3","75"," ","Literally Wizard",,"76","225","2018-6-28","Dublin","DUB","Ireland",,
"1262","9","9","3","76"," ","Literally Wizard",,"76","225","2018-6-28","Dublin","DUB","Ireland",,
"1262","9","9","3","77"," ","Literally Wizard",,"76","225","2018-6-28","Dublin","DUB","Ireland",,
"1278","9","9","3","64"," ","Connor O'Byrne",,"76","225","2006-11-16","Calgary","AB","Canada",,
"1285","9","9","3","62"," ","Hank Stopper",,"70","182","2006-5-23","Hartberg","STE","Austria",,
"1285","9","9","3","63"," ","Hank Stopper",,"70","182","2006-5-23","Hartberg","STE","Austria",,
"1340","9","9","3","68"," ","Peter Mollinek",,"76","233","2009-1-14","Venice","NY","Czech Republic",,
"1363","9","9","3","76"," ","Edouard Lavoie",,"76","205","2018-6-28","Sherbrooke","QC","Canada",,
"1363","9","9","3","77"," ","Edouard Lavoie",,"76","205","2018-6-28","Sherbrooke","QC","Canada",,
"1369","9","9","3","74"," ","Nikola Tomo",,"74","200","2018-6-28","Zurich","ZH","Switzerland",,
"1370","9","9","3","74"," ","Lukas Fischer",,"77","233","2018-6-28","Geneva","GE","Switzerland",,
"1370","9","9","3","75"," ","Lukas Fischer",,"77","233","2018-6-28","Geneva","GE","Switzerland",,
"1370","9","9","3","76"," ","Lukas Fischer",,"77","233","2018-6-28","Geneva","GE","Switzerland",,
"1371","9","9","3","74"," ","Herman Stahl",,"74","185","2018-6-28","Uppsala","UPP","Sweden",,
"1372","9","9","3","74"," ","Come O'Dirga",,"74","207","2018-6-28","Dortmund","NOR","Germany",,
"1372","9","9","3","77"," ","Come O'Dirga",,"74","207","2018-6-28","Dortmund","NOR","Germany",,
"1424","9","9","3","63"," ","Godwin Lupercal",,"73","205","2007-10-18","Quedlinburg","SAX","Germany",,
"1424","9","9","3","64"," ","Godwin Lupercal",,"73","205","2007-10-18","Quedlinburg","SAX","Germany",,
"1424","9","9","3","65"," ","Godwin Lupercal",,"73","205","2007-10-18","Quedlinburg","SAX","Germany",,
"1425","9","9","3","63"," ","Evan Winter",,"74","207","2007-5-21","Mainz","RHI","Germany",,
"1425","9","9","3","64"," ","Evan Winter",,"74","207","2007-5-21","Mainz","RHI","Germany",,
"1425","9","9","3","65"," ","Evan Winter",,"74","207","2007-5-21","Mainz","RHI","Germany",,
"1425","9","9","3","66"," ","Evan Winter",,"74","207","2007-5-21","Katzweiler","RHI","Germany",,
"1426","9","9","3","63"," ","Moritz Seider",,"76","196","2007-9-2","Zell","BAV","Germany",,
"1426","9","9","3","64"," ","Moritz Seider",,"76","196","2007-9-2","Zell","BAV","Germany",,
"1426","9","9","3","65"," ","Moritz Seider",,"76","196","2007-9-2","Zell","BAV","Germany",,
"1426","9","9","3","66"," ","Moritz Seider",,"76","196","2007-9-2","Windach","BAV","Germany",,
"1427","9","9","3","62"," ","Luca Hunziker",,"76","223","2006-6-21","Grindelwald","BE","Switzerland",,
"1427","9","9","3","63"," ","Luca Hunziker",,"75","223","2007-1-24","Grindelwald","BE","Switzerland",,
"1427","9","9","3","64"," ","Luca Hunziker",,"75","223","2007-1-24","Grindelwald","BE","Switzerland",,
"1427","9","9","3","65"," ","Luca Hunziker",,"75","223","2007-1-24","Grindelwald","BE","Switzerland",,
"1427","9","9","3","66"," ","Luca Hunziker",,"75","223","2007-1-24","Thalwil","ZH","Switzerland",,
"1431","9","9","3","64"," ","Enes Gündogan",,"78","227","2007-3-15","Vienna","WIE","Austria",,
"1452","9","9","3","64"," ","Louise St. Martin",,"70","190","2007-5-11","Kreuzlingen","TG","Switzerland",,
"1452","9","9","3","65"," ","Louise St. Martin",,"70","200","2007-5-11","Kreuzlingen","TG","Switzerland",,
"1452","9","9","3","66"," ","Louise St. Martin",,"70","200","2007-5-11","Malters","LU","Switzerland",,
"1467","9","9","3","65"," ","Valérian Sauveterre",,"76","215","2007-1-6","Burlington","ON","Canada",,
"1478","9","9","3","77"," ","NoNo Jo",,"78","260","2019-6-28","Denver","CO","The United States",,
"1478","9","9","3","78"," ","NoNo Jo",,"78","260","2019-6-28","Denver","CO","The United States",,
"1482","9","9","3","66"," ","AJ Williams",,"75","215","2007-5-20","Iroquois Falls","ON","Canada",,
"1491","9","9","3","75"," ","Will Nuck",,"76","225","2019-6-28","Munich","BAV","Germany",,
"1491","9","9","3","76"," ","Will Nuck",,"76","225","2019-6-28","Munich","BAV","Germany",,
"1491","9","9","3","77"," ","Will Nuck",,"76","225","2019-6-28","Munich","BAV","Germany",,
"1492","9","9","3","75"," ","Timo Leppanen",,"75","189","2019-6-28","Espoo","UUS","Finland",,
"1493","9","9","3","75"," ","Slowpoke",,"74","195","2018-6-28","Geneva","GE","Switzerland",,
"1493","9","9","3","76"," ","Slowpoke",,"74","195","2018-6-28","Geneva","GE","Switzerland",,
"1493","9","9","3","77"," ","Slowpoke",,"74","195","2018-6-28","Geneva","GE","Switzerland",,
"1494","9","9","3","75"," ","Roquefort Cotswald",,"60","150","2020-6-28","Besançon","FRA","France",,
"1494","9","9","3","76"," ","Roquefort Cotswald",,"63","150","2020-6-28","Besançon","FRA","France",,
"1494","9","9","3","77"," ","Roquefort Cotswald",,"65","150","2020-6-28","Besançon","FRA","France",,
"1495","9","9","3","75"," ","Rock Solid",,"79","220","2020-6-28","Dallas","TX","The United States",,
"1496","9","9","3","75"," ","Realpolitik Devious Heghog",,"73","180","2019-6-28","Paris","ÎLE","France",,
"1496","9","9","3","76"," ","Realpolitik Devious Heghog",,"73","180","2019-6-28","Paris","ÎLE","France",,
"1497","9","9","3","75"," ","Kaiden Brown",,"70","150","2018-6-28","Wyoming","MI","The United States",,
"1498","9","9","3","75"," ","Jason Warwaha",,"75","200","2019-6-28","Lugano","TI","Switzerland",,
"1498","9","9","3","76"," ","Jason Warwaha",,"75","200","2019-6-28","Lugano","TI","Switzerland",,
"1498","9","9","3","77"," ","Jason Warwaha",,"75","200","2019-6-28","Lugano","TI","Switzerland",,
"1498","9","9","3","78"," ","Jason Warwaha",,"75","200","2019-6-28","Lugano","TI","Switzerland",,
"1499","9","9","3","75"," ","Doug Weight",,"72","200","2020-6-28","Detroit","MI","The United States",,
"1500","9","9","3","75"," ","Bris Kryant",,"76","220","2018-6-28","Uniondale","NY","The United States",,
"1525","9","9","3","78"," ","Dash Jackson",,"75","219","2019-6-28","London","ON","Canada",,
"1574","9","9","3","65"," ","Taschen Messer",,"73","220","2008-7-26","Liestal","BL","Switzerland",,
"1574","9","9","3","66"," ","Taschen Messer",,"73","220","2008-7-26","Düdingen","FR","Switzerland",,
"1574","9","9","3","67"," ","Taschen Messer",,"73","220","2006-7-16","Geneva","GE","Switzerland",,
"1583","9","9","3","64"," ","Faust Faker",,"74","210","2008-7-24","Übersee","BAV","Germany",,
"1583","9","9","3","65"," ","Faust Faker",,"74","210","2008-7-24","Übersee","BAV","Germany",,
"1583","9","9","3","66"," ","Faust Faker",,"74","210","2008-7-24","Wildflecken","BAV","Germany",,
"1583","9","9","3","67"," ","Faust Faker",,"74","210","2006-11-10","Philadelphia","PA","Germany",,
"1584","9","9","3","64"," ","Sam McMuffin",,"74","187","2008-4-6","Schwäbisch Gmünd","BAD","Germany",,
"1586","9","9","3","64"," ","Pyotr Gallen",,"74","210","2008-3-15","Tepla","KAR","Czech Republic",,
"1608","9","9","3","66"," ","Patches The III",,"83","269","2008-7-15","Fuente Palmera","COR","Sweden",,
"1608","9","9","3","67"," ","Patches The III",,"83","269","2006-4-27","Gothenburg","NE","Sweden",,
"1617","9","9","3","67"," ","Rikkert Biemans",,"73","200","2007-4-14","New York","NY","The Netherlands",,
"1638","9","9","3","65"," ","Reed Kobo",,"77","230","2008-11-30","Tacoma","WA","The United States",,
"1638","9","9","3","66"," ","Reed Kobo",,"77","230","2008-11-30","North Bethesda","MD","The United States",,
"1656","9","9","3","65"," ","Billy Blazes",,"75","211","2008-12-26","Sunnyvale","CA","The United States",,
"1656","9","9","3","66"," ","Billy Blazes",,"75","211","2008-12-26","Horicon","NY","The United States",,
"1656","9","9","3","67"," ","Billy Blazes",,"75","211","2004-7-25","Blackhawk-Camino Tassajara","CA","The Netherlands",,
"1662","9","9","3","65"," ","Mando Lorian",,"72","200","2008-7-5","Vienna","WIE","Austria",,
"1662","9","9","3","66"," ","Mando Lorian",,"72","200","2008-7-5","Vahan","GEG","Austria",,
"1674","9","9","3","77"," ","Oliver Cornwall",,"73","202","2020-6-28","Cambridge","ENG","England",,
"1674","9","9","3","78"," ","Oliver Cornwall",,"73","202","2020-6-28","Cambridge","ENG","England",,
"1674","9","9","3","79"," ","Oliver Cornwall",,"73","202","2020-6-28","Cambridge","ENG","England",,
"1679","9","9","3","78"," ","Andrea Morandi",,"75","175","2021-6-28","Florence","TUS","Italy",,
"1679","9","9","3","79"," ","Andrea Morandi",,"75","175","2021-6-28","Florence","TUS","Italy",,
"1679","9","9","3","80"," ","Andrea Morandi",,"75","175","2021-6-28","Florence","TUS","Italy",,
"1685","9","9","3","77"," ","Louis Belanger",,"71","208","2020-6-28","Montreal","QC","Canada",,
"1685","9","9","3","78"," ","Louis Belanger",,"71","208","2020-6-28","Montreal","QC","Canada",,
"1685","9","9","3","79"," ","Louis Belanger",,"71","208","2020-6-28","Montreal","QC","Canada",,
"1708","9","9","3","78"," ","Jacppo Nummilavin",,"75","198","2020-6-28","Tampere","PIR","Finland",,
"1708","9","9","3","79"," ","Jacppo Nummilavin",,"75","198","2020-6-28","Tampere","PIR","Finland",,
"1727","9","9","3","76"," ","Walter Scheibli",,"74","195","2021-6-28","Zurich","ZH","Switzerland",,
"1727","9","9","3","77"," ","Walter Scheibli",,"75","195","2021-6-28","Zurich","ZH","Switzerland",,
"1727","9","9","3","78"," ","Walter Scheibli",,"76","195","2021-6-28","Zurich","ZH","Switzerland",,
"1728","9","9","3","76"," ","Jacob Maccabees",,"73","175","2020-6-28","Marseille","PRO","France",,
"1728","9","9","3","77"," ","Jacob Maccabees",,"73","175","2020-6-28","Marseille","PRO","France",,
"1729","9","9","3","76"," ","Hugo Spycher",,"76","205","2020-6-28","Bern","BE","Switzerland",,
"1729","9","9","3","77"," ","Hugo Spycher",,"76","205","2020-6-28","Bern","BE","Switzerland",,
"1729","9","9","3","78"," ","Hugo Spycher",,"76","205","2020-6-28","Bern","BE","Switzerland",,
"1730","9","9","3","76"," ","Gwendolyn Telenn",,"61","150","2020-6-28","Lannion","BRI","France",,
"1731","9","9","3","76"," ","Felix Carlsson",,"78","25","2021-6-28","Paris","ÎLE","France",,
"1731","9","9","3","77"," ","Felix Carlsson",,"78","25","2021-6-28","Paris","ÎLE","France",,
"1731","9","9","3","78"," ","Felix Carlsson",,"79","25","2021-6-28","Paris","ÎLE","France",,
"1731","9","9","3","79"," ","Felix Carlsson",,"79","25","2021-6-28","Paris","ÎLE","France",,
"1731","9","9","3","80"," ","Felix Carlsson",,"79","25","2021-6-28","Paris","ÎLE","France",,
"1732","9","9","3","76"," ","Emeric Gagner",,"70","180","2020-6-28","Marseille","PRO","France",,
"1732","9","9","3","77"," ","Emeric Gagner",,"71","180","2020-6-28","Marseille","PRO","France",,
"1732","9","9","3","78"," ","Emeric Gagner",,"71","180","2020-6-28","Marseille","PRO","France",,
"1732","9","9","3","79"," ","Emeric Gagner",,"71","180","2020-6-28","Marseille","PRO","France",,
"1733","9","9","3","76"," ","Crazy Tomato II",,"78","200","2020-6-28","Berlin","BER","Germany",,
"1733","9","9","3","77"," ","Crazy Tomato II",,"78","200","2020-6-28","Berlin","BER","Germany",,
"1733","9","9","3","78"," ","Crazy Tomato II",,"78","200","2020-6-28","Berlin","BER","Germany",,
"1733","9","9","3","79"," ","Crazy Tomato II",,"78","200","2020-6-28","Berlin","BER","Germany",,
"1739","9","9","3","78"," ","Earl Biggins",,"77","220","2021-1-6","Freiburg","BAD","Germany",,
"1739","9","9","3","79"," ","Earl Biggins",,"77","220","2021-1-6","Freiburg","BAD","Germany",,
"1741","9","9","3","79"," ","Dirk Dienhart",,"73","185","2021-4-6","Munich","BAV","Germany",,
"1741","9","9","3","80"," ","Dirk Dienhart",,"73","185","2021-4-6","Munich","BAV","Germany",,
"1741","9","9","3","81"," ","Dirk Dienhart",,"73","185","2021-4-6","Munich","BAV","Germany",,
"1747","9","9","3","66"," ","Dominik Froste",,"75","209","2009-9-22","Marsberg","NOR","Germany",,
"1747","9","9","3","67"," ","Dominik Froste",,"75","209","2007-10-8","Wolfsberg","KäR","Germany",,
"1747","9","9","3","68"," ","Dominik Froste",,"75","209","2007-10-8","Wolfsberg","KäR","Germany",,
"1748","9","9","3","78"," ","Levon Dojkic",,"75","220","2021-3-31","Bratislava","BRA","Slovakia",,
"1752","9","9","3","65"," ","Emil Egli",,"76","196","2009-5-13","Wünnewil-Flamatt","FR","Switzerland",,
"1752","9","9","3","66"," ","Emil Egli",,"76","196","2009-5-13","Nyon","VD","Switzerland",,
"1753","9","9","3","65"," ","Samuel Piccard",,"74","188","2009-12-25","Lausanne","VD","Switzerland",,
"1754","9","9","3","65"," ","Isaac Forty-One",,"73","200","2009-10-28","Geneva","GE","Switzerland",,
"1790","9","9","3","79"," ","Bernard Kochese",,"72","225","2021-1-1","Billings","MT","The United States",,
"1793","9","9","3","78"," ","Normand Marineau",,"72","195","2021-12-21","Paris","ÎLE","France",,
"1793","9","9","3","79"," ","Normand Marineau",,"72","195","2021-12-21","Paris","ÎLE","France",,
"1793","9","9","3","80"," ","Normand Marineau",,"72","195","2021-12-21","Paris","ÎLE","France",,
"1793","9","9","3","81"," ","Normand Marineau",,"72","195","2021-12-21","Paris","ÎLE","France",,
"1797","9","9","3","78"," ","Darby Reznor",,"72","200","2021-3-2","Seattle","WA","The United States",,
"1808","9","9","3","78"," ","Dieter Fruhstuck",,"82","275","2021-8-4","Rostock","MEC","Germany",,
"1808","9","9","3","79"," ","Dieter Fruhstuck",,"82","275","2021-8-4","Rostock","MEC","Germany",,
"1808","9","9","3","80"," ","Dieter Fruhstuck",,"82","275","2021-8-4","Rostock","MEC","Germany",,
"1808","9","9","3","81"," ","Dieter Fruhstuck",,"82","275","2021-8-4","Rostock","MEC","Germany",,
"1809","9","9","3","66"," ","Julian Eaglesong",,"73","220","2009-9-18","Lampertheim","HES","Germany",,
"1809","9","9","3","67"," ","Julian Eaglesong",,"73","220","2007-5-1","Cologne","NOR","Germany",,
"1809","9","9","3","68"," ","Julian Eaglesong",,"73","220","2007-5-1","Cologne","NOR","Germany",,
"1810","9","9","3","66"," ","Carl Ray Jetson",,"73","200","2009-7-8","Lau","GOT","Switzerland",,
"1814","9","9","3","79"," ","Dominic Enselmo",,"71","197","2021-10-27","Salerno","CAM","Italy",,
"1825","9","9","3","78"," ","Dejana Kaptina",,"71","185","2021-1-25","Lausanne","VD","Switzerland",,
"1825","9","9","3","79"," ","Dejana Kaptina",,"71","185","2021-1-25","Lausanne","VD","Switzerland",,
"1825","9","9","3","80"," ","Dejana Kaptina",,"71","185","2021-1-25","Lausanne","VD","Switzerland",,
"1825","9","9","3","81"," ","Dejana Kaptina",,"71","185","2021-1-25","Lausanne","VD","Switzerland",,
"1838","9","9","3","77"," ","Zsigmond Popovics",,"71","150","2022-6-28","Budapest","BUD","Hungary",,
"1839","9","9","3","77"," ","Chris McZehrl III",,"74","203","2021-6-28","Leipzig","SAX","Germany",,
"1839","9","9","3","78"," ","Chris McZehrl III",,"74","203","2021-6-28","Leipzig","SAX","Germany",,
"1839","9","9","3","79"," ","Chris McZehrl III",,"74","203","2021-6-28","Leipzig","SAX","Germany",,
"1839","9","9","3","80"," ","Chris McZehrl III",,"74","203","2021-6-28","Leipzig","SAX","Germany",,
"1840","9","9","3","77"," ","alex ander",,"70","150","2021-6-28","Paris","ÎLE","France",,
"1858","9","9","3","79"," ","Wolfgang Puck",,"69","200","2021-6-28","Sankt Veit","KäR","Austria",,
"1994","9","9","3","80"," ","Jon-Isaac Forty-One",,"76","210","2022-6-28","Rouen","UPP","France",,
"1994","9","9","3","81"," ","Jon-Isaac Forty-One",,"76","210","2022-6-28","Rouen","UPP","France",,
"1997","9","9","3","78"," ","Katharina Rosenthal",,"70","154","2022-6-28","Cologne","NOR","Germany",,
"1997","9","9","3","79"," ","Katharina Rosenthal",,"71","154","2022-6-28","Cologne","NOR","Germany",,
"1997","9","9","3","80"," ","Katharina Rosenthal",,"71","154","2022-6-28","Cologne","NOR","Germany",,
"1997","9","9","3","81"," ","Katharina Rosenthal",,"71","154","2022-6-28","Cologne","NOR","Germany",,
"2119","9","9","3","79"," ","Uwe Bindewald",,"75","220","2022-6-28","Frankfurt","BRA","Germany",,
"2119","9","9","3","80"," ","Uwe Bindewald",,"75","220","2022-6-28","Frankfurt","BRA","Germany",,
"2119","9","9","3","81"," ","Uwe Bindewald",,"75","220","2022-6-28","Frankfurt","BRA","Germany",,
"2119","9","9","3","82"," ","Uwe Bindewald",,"75","220","2022-6-28","Frankfurt","BRA","Germany",,
"2120","9","9","3","79"," ","Peyton McLazy",,"76","200","2022-6-28","Berlin","BER","Germany",,
"2120","9","9","3","80"," ","Peyton McLazy",,"76","200","2022-6-28","Berlin","BER","Germany",,
"2120","9","9","3","81"," ","Peyton McLazy",,"76","200","2022-6-28","Berlin","BER","Germany",,
"2120","9","9","3","82"," ","Peyton McLazy",,"76","200","2022-6-28","Berlin","BER","Germany",,
"2121","9","9","3","79"," ","Ivanoff",,"71","190","2022-6-28","Epiniac","BRI","France",,
"2131","9","9","3","80"," ","Lewis Holl",,"76","221","2022-6-28","Las Vegas","NV","The United States",,
"2131","9","9","3","81"," ","Lewis Holl",,"76","221","2022-6-28","Las Vegas","NV","The United States",,
"2131","9","9","3","82"," ","Lewis Holl",,"76","221","2022-6-28","Las Vegas","NV","The United States",,
"2134","9","9","3","80"," ","Pavel Mintyukov",,"73","200","2022-6-28","Moscow","MOS","Russia",,
"2134","9","9","3","81"," ","Pavel Mintyukov",,"73","200","2022-6-28","Moscow","MOS","Russia",,
"2134","9","9","3","82"," ","Pavel Mintyukov",,"73","200","2022-6-28","Moscow","MOS","Russia",,
"2289","9","9","3","81"," ","Mathieu Mathematique",,"76","220","2023-6-28","Grenoble","RHô","France",,
"2291","9","9","3","82"," ","Ryan Dino-Nugget Hopkins",,"75","230","2023-6-28","Toronto","ON","Canada",,
"2291","9","9","3","83"," ","Ryan Dino-Nugget Hopkins",,"75","230","2023-6-28","Toronto","ON","Canada",,
"2291","9","9","3","84"," ","Ryan Dino-Nugget Hopkins",,"75","230","2023-6-28","Toronto","ON","Canada",,
"2298","9","9","3","80"," ","Aartholomew Bittokallio Lorequavius",,"73","220","2023-6-28","Munich","BAV","Germany",,
"2298","9","9","3","81"," ","Aartholomew Bittokallio Lorequavius",,"73","220","2023-6-28","Munich","BAV","Germany",,
"2298","9","9","3","82"," ","Aartholomew Bittokallio Lorequavius",,"73","220","2023-6-28","Munich","BAV","Germany",,
"2299","9","9","3","80"," ","Bartholomew Aittokallio Lorequavius",,"74","195","2023-6-28","Cologne","NOR","Germany",,
"2299","9","9","3","81"," ","Bartholomew Aittokallio Lorequavius",,"74","195","2023-6-28","Cologne","NOR","Germany",,
"2299","9","9","3","82"," ","Bartholomew Aittokallio Lorequavius",,"74","195","2023-6-28","Cologne","NOR","Germany",,
"2300","9","9","3","80"," ","If you Ain't First",,"70","200","2023-6-28","Berlin","BER","Germany",,
"2300","9","9","3","81"," ","If you Ain't First",,"71","200","2023-6-28","Berlin","BER","Germany",,
"2300","9","9","3","82"," ","If you Ain't First",,"71","200","2023-6-28","Berlin","BER","Germany",,
"2300","9","9","3","83"," ","If you Ain't First",,"71","200","2023-6-28","Berlin","BER","Germany",,
"2301","9","9","3","80"," ","Lancer Frappe",,"71","200","2023-6-28","Nice","PRO","France",,
"2301","9","9","3","81"," ","Lancer Frappe",,"71","200","2023-6-28","Nice","PRO","France",,
"2301","9","9","3","82"," ","Lancer Frappe",,"71","200","2023-6-28","Nice","PRO","France",,
"2301","9","9","3","83"," ","Lancer Frappe",,"71","200","2023-6-28","Nice","PRO","France",,
"2302","9","9","3","80"," ","Pierre Quiroule",,"71","190","2023-6-28","Epiniac","BRI","France",,
"2302","9","9","3","81"," ","Pierre Quiroule",,"71","190","2023-6-28","Epiniac","BRI","France",,
"2303","9","9","3","80"," ","Treigh Bonser-Karhu",,"74","200","2023-6-28","Marseille","PRO","France",,
"2304","9","9","3","80"," ","Wilhelm Seider",,"74","195","2023-6-28","Munich","BAV","Germany",,
"2304","9","9","3","81"," ","Wilhelm Seider",,"74","195","2023-6-28","Munich","BAV","Germany",,
"2304","9","9","3","82"," ","Wilhelm Seider",,"74","195","2023-6-28","Munich","BAV","Germany",,
"2304","9","9","3","84"," ","Wilhelm Seider",,"74","195","2023-6-28","Munich","BAV","Germany",,
"2432","9","9","3","82"," ","Matt Smith",,"73","216","2024-6-28","Cardiff","WAL","Wales",,
"2432","9","9","3","84"," ","Matt Smith",,"73","216","2024-6-28","Cardiff","WAL","Wales",,
"2435","9","9","3","83"," ","Yuri Satoshi",,"77","228","2024-6-28","Osaka","OSA","Japan",,
"2440","9","9","3","83"," ","Dana Katherine Celly",,"72","195","2024-6-28","Nice","PRO","France",,
"2440","9","9","3","84"," ","Dana Katherine Celly",,"72","195","2024-6-28","Nice","PRO","France",,
"2440","9","9","3","85"," ","Dana Katherine Celly",,"72","195","2024-6-28","Nice","PRO","France",,
"2443","9","9","3","82"," ","Jose Brodeur",,"77","200","2024-6-28","Tokyo","TOK","Japan",,
"2450","9","9","3","82"," ","Oskar Svenguard",,"73","210","2024-6-28","Munich","BAV","Germany",,
"2450","9","9","3","83"," ","Oskar Svenguard",,"73","210","2024-6-28","Munich","BAV","Germany",,
"2450","9","9","3","84"," ","Oskar Svenguard",,"73","210","2024-6-28","Munich","BAV","Germany",,
"2463","9","9","3","82"," ","Thomas Passarelli",,"75","230","2024-6-28","Fresno","CA","The United States",,
"2463","9","9","3","83"," ","Thomas Passarelli",,"75","230","2024-6-28","Fresno","CA","The United States",,
"2463","9","9","3","84"," ","Thomas Passarelli",,"75","230","2024-6-28","Fresno","CA","The United States",,
"2489","9","9","3","81"," ","Benoit Jean-Luc Boucher",,"74","207","2024-6-28","Ploemeur","BRI","France",,
"2489","9","9","3","82"," ","Benoit Jean-Luc Boucher",,"74","207","2024-6-28","Ploemeur","BRI","France",,
"2489","9","9","3","83"," ","Benoit Jean-Luc Boucher",,"74","207","2024-6-28","Ploemeur","BRI","France",,
"2490","9","9","3","81"," ","Helmfried Kunkel",,"76","230","2024-6-28","Darmstadt","HES","Germany",,
"2490","9","9","3","84"," ","Helmfried Kunkel",,"76","230","2024-6-28","Darmstadt","HES","Germany",,
"2490","9","9","3","85"," ","Helmfried Kunkel",,"76","230","2024-6-28","Darmstadt","HES","Germany",,
"2491","9","9","3","81"," ","Holeh Guacamoleh",,"70","199","2024-6-28","Castelmoron-sur-Lot","AQU","France",,
"2623","9","9","3","83"," ","Lukas Eichelmann",,"76","215","2025-6-28","Mannheim","BAD","Germany",,
"2623","9","9","3","84"," ","Lukas Eichelmann",,"76","215","2025-6-28","Mannheim","BAD","Germany",,
"2633","9","9","3","83"," ","Luis Fenstermacher",,"74","195","2025-6-28","Frankfurt","HES","Germany",,
"2633","9","9","3","84"," ","Luis Fenstermacher",,"74","195","2025-6-28","Frankfurt","HES","Germany",,
"2633","9","9","3","85"," ","Luis Fenstermacher",,"74","195","2025-6-28","Frankfurt","HES","Germany",,
"2636","9","9","3","85"," ","Roi DuPain",,"73","222","2025-6-28","Montreal","QC","Canada",,
"2656","9","9","3","83"," ","Tito Loearner",,"81","260","2025-6-28","Bern","BE","Switzerland",,
"2658","9","9","3","82"," ","Becky Fromm",,"70","220","2025-6-28","Nice","PRO","France",,
"2658","9","9","3","83"," ","Becky Fromm",,"70","220","2025-6-28","Nice","PRO","France",,
"2658","9","9","3","84"," ","Becky Fromm",,"70","220","2025-6-28","Nice","PRO","France",,
"2658","9","9","3","85"," ","Becky Fromm",,"70","220","2025-6-28","Nice","PRO","France",,
"2659","9","9","3","82"," ","Belac Fromm",,"83","195","2025-6-28","Lyon","RHo","France",,
"2659","9","9","3","83"," ","Belac Fromm",,"83","195","2025-6-28","Lyon","RHo","France",,
"2660","9","9","3","82"," ","Erkki Kaila",,"72","201","2025-6-28","Helsinge","FRE","Denmark",,
"2660","9","9","3","83"," ","Erkki Kaila",,"72","201","2025-6-28","Helsinge","FRE","Denmark",,
"2660","9","9","3","84"," ","Erkki Kaila",,"72","201","2025-6-28","Helsinge","FRE","Denmark",,
"2661","9","9","3","82"," ","Joe McPadstack",,"73","165","2025-6-28","Liverpool","ENG","England",,
"2662","9","9","3","82"," ","Khalfani",,"74","230","2025-6-28","Nairobi","NAI","Kenya",,
"2683","9","9","3","83"," ","Lurtz Makoare",,"76","290","2025-6-28","Vatican City","VAC","The United States",,
"2683","9","9","3","84"," ","Lurtz Makoare",,"76","290","2025-6-28","Vatican City","VAC","The United States",,
"2683","9","9","3","85"," ","Lurtz Makoare",,"76","290","2025-6-28","Vatican City","VAC","The United States",,
"2801","9","9","3","83"," ","Aneeq Aneeqs",,"77","200","2026-6-28","Zurich","ZH","Switzerland",,
"2801","9","9","3","85"," ","Aneeq Aneeqs",,"77","200","2026-6-28","Zurich","ZH","Switzerland",,
"2808","9","9","3","84"," ","Johann Selich",,"71","200","2026-6-28","Plauen","SAX","Germany",,
"2808","9","9","3","85"," ","Johann Selich",,"71","200","2026-6-28","Plauen","SAX","Germany",,
"2823","9","9","3","83"," ","Paulie Wag",,"72","195","2026-6-28","Kaiserslautern","RHI","Germany",,
"2823","9","9","3","84"," ","Paulie Wag",,"72","195","2026-6-28","Kaiserslautern","RHI","Germany",,
"2823","9","9","3","85"," ","Paulie Wag",,"72","195","2026-6-28","Kaiserslautern","RHI","Germany",,
"2824","9","9","3","83"," ","Johanna Fensterhausen",,"71","185","2026-6-28","Frankfurt","BRA","Germany",,
"2824","9","9","3","84"," ","Johanna Fensterhausen",,"71","185","2026-6-28","Frankfurt","BRA","Germany",,
"2824","9","9","3","85"," ","Johanna Fensterhausen",,"71","185","2026-6-28","Frankfurt","BRA","Germany",,
"2825","9","9","3","83"," ","Hans Cristoph",,"79","250","2026-6-28","Munich","BAV","Germany",,
"2825","9","9","3","84"," ","Hans Cristoph",,"79","250","2026-6-28","Munich","BAV","Germany",,
"2826","9","9","3","83"," ","Florian Ziegler",,"72","190","2026-6-28","Baden-Baden","BAD","Germany",,
"2826","9","9","3","84"," ","Florian Ziegler",,"72","190","2026-6-28","Baden-Baden","BAD","Germany",,
"2826","9","9","3","85"," ","Florian Ziegler",,"72","190","2026-6-28","Baden-Baden","BAD","Germany",,
"2849","9","9","3","84"," ","Choopa Meltrozo",,"79","200","2026-6-28","Bonn","NOR","Germany",,
"2861","9","9","3","85"," ","Senna Palou",,"72","193","2026-6-28","Barcelona","BAR","Spain",,
"2971","9","9","3","85"," ","Spiky Sal O'Leary",,"80","287","2027-6-28","Kyoto","KYO","Japan",,
"2980","9","9","3","85"," ","Lava Lemur",,"83","300","2027-6-28","Louisville","IL","The United States",,
"2983","9","9","3","85"," ","Colton",,"75","230","2027-6-28","Denver","CO","The United States",,
"3014","9","9","3","84"," ","Slammy Davis Jr.",,"68","185","2027-6-28","Zurich","ZH","Switzerland",,
"3014","9","9","3","85"," ","Slammy Davis Jr.",,"68","185","2027-6-28","Zurich","ZH","Switzerland",,
"3015","9","9","3","84"," ","Antoine Fuhringer",,"77","220","2027-6-28","Hannoversch Munden","LOW","Germany",,
"3016","9","9","3","85"," ","Samie Parker",,"77","215","2027-6-28","Anchorage","AK","The United States",,
"3021","9","9","3","85"," ","Logan Wright",,"75","215","2027-6-28","Vatican City","VAC","Vatican City",,
"3180","9","9","3","85"," ","Thron Johnson",,"72","190","2028-6-28","Cologne","NOR","Germany",,
"3181","9","9","3","85"," ","Al O'Vera",,"75","199","2028-6-28","Oberhoffen-sur-Moder","ALS","France",,
"900002","9","9","3","67"," ","Antonio Flusso",,"75","200","1998-2-25","Elmhurst","IL","Switzerland",,
"900002","9","9","3","68"," ","Antonio Flusso",,"75","200","1998-2-25","Elmhurst","IL","Switzerland",,
"900003","9","9","3","66"," ","August Von Hecht",,"68","179","2010-1-8","Frankfurt","BRA","Germany",,
"900003","9","9","3","67"," ","August Von Hecht",,"68","179","2008-6-13","Frankfurt","HES","Germany",,
"900003","9","9","3","68"," ","August Von Hecht",,"68","179","2008-6-13","Frankfurt","HES","Germany",,
"900003","9","9","3","69"," ","August Von Hecht",,"68","179","2008-6-13","Frankfurt","HES","Germany",,
"900011","9","9","3","66"," ","Brennan Kennedy III",,"75","218","2010-8-3","Vienna","WIE","Germany",,
"900011","9","9","3","67"," ","Brennan Kennedy III",,"75","218","2008-9-18","Vienna","WIE","Austria",,
"900013","9","9","3","67"," ","Chuchichaschtli Zopf",,"73","200","2008-10-31","Locarno","TI","Switzerland",,
"900013","9","9","3","68"," ","Chuchichaschtli Zopf",,"73","200","2008-10-31","Locarno","TI","Switzerland",,
"900013","9","9","3","69"," ","Chuchichaschtli Zopf",,"73","200","2008-10-31","Locarno","TI","Switzerland",,
"900019","9","9","3","69"," ","Goony Toons",,"83","300","2002-5-10","Citrus Park","FL","Austria",,
"900023","9","9","3","61"," ","Jaeger Jones",,"75","210","2004-6-10","Carrollton","TX","Germany",,
"900023","9","9","3","62"," ","Jaeger Jones",,"75","210","2004-6-10","Carrollton","TX","Germany",,
"900023","9","9","3","63"," ","Jaeger Jones",,"75","210","2004-6-10","Carrollton","TX","Germany",,
"900023","9","9","3","64"," ","Jaeger Jones",,"75","210","2004-6-10","Carrollton","TX","Germany",,
"900029","9","9","3","53"," ","Lando Norris",,"69","185","2000-5-16","Berlin","BER","Germany",,
"900029","9","9","3","54"," ","Lando Norris",,"69","185","2000-12-26","Berlin","BER","Germany",,
"2","12","12","3","57"," ","Phillip Weaver",,"72","195","2000-12-4","Toronto","ON","Canada",,
"29","12","12","3","68"," ","Billy Herrington",,"74","240","2010-1-29","North Babylon","NY","The United States",,
"34","12","12","3","66"," ","Caleb Hayden",,"72","178","2010-3-15","Oktyabrskiy","KOS","The United States",,
"43","12","12","3","69"," ","Cole Dasice",,"78","225","2010-2-18","Honolulu","HI","The United States",,
"43","12","12","3","70"," ","Cole Dasice",,"78","225","2010-2-18","Honolulu","HI","The United States",,
"56","12","12","3","57"," ","Daedalus James",,"75","220","2000-11-24","Calgary","AB","Canada",,
"62","12","12","3","65"," ","Trap Zelenock",,"70","205","2009-1-4","Stamford","CT","The United States",,
"62","12","12","3","66"," ","Trap Zelenock",,"70","205","2009-1-4","Maunawili","HI","The United States",,
"73","12","12","3","68"," ","Pork Tenderloin",,"76","225","2010-8-10","Atlanta","GA","The United States",,
"78","12","12","3","58"," ","Marcel Beck",,"71","180","2000-1-16","Buchs","SG","Switzerland",,
"115","12","12","3","57"," ","Vincent Wolfe",,"74","227","1999-2-12","Quebec City","QC","Canada",,
"119","12","12","3","58"," ","Sven Gunnar",,"73","177","2000-10-18","Stockholm","STO","Sweden",,
"132","12","12","3","63"," ","Isabella Bouchard",,"68","150","2007-12-19","Carman","MB","Canada",,
"132","12","12","3","64"," ","Isabella Bouchard",,"67","150","2008-5-5","Edmonton","AB","Canada",,
"132","12","12","3","65"," ","Isabella Bouchard",,"67","150","2008-5-5","Edmonton","AB","Canada",,
"132","12","12","3","66"," ","Isabella Bouchard",,"67","150","2008-5-5","Anmore","BC","Canada",,
"142","12","12","3","68"," ","J- Roc",,"76","250","2009-4-15","Sunnyvale Trailer Park","NS","Canada",,
"144","12","12","3","57"," ","Nathan Thomas",,"74","215","2000-9-2","Swift Current","SK","Canada",,
"147","12","12","3","66"," ","Erick Vasilkevs",,"72","189","2010-5-24","Quebec City","QC","The United States",,
"152","12","12","3","68"," ","Tobias Wrexks",,"74","220","2010-2-13","Slaughterville","OK","The United States",,
"152","12","12","3","71"," ","Tobias Wrexks",,"74","220","2010-2-13","Slaughterville","OK","The United States",,
"160","12","12","3","68"," ","Mr. Gray T White",,"79","240","2010-10-8","Westminster","CO","The United States",,
"164","12","12","3","68"," ","4 Chainz",,"77","195","2011-3-1","Bakersfield","CA","The United States",,
"168","12","12","3","68"," ","Sea Jebus",,"74","220","2009-12-4","Edmonton","AB","Canada",,
"173","12","12","3","64"," ","Jonathan Mercer",,"72","195","2008-4-16","Beauharnois","QC","Canada",,
"178","12","12","3","57"," ","Lonnie O'Donoghue",,"72","200","2000-8-15","Flin Flon","MB","Canada",,
"178","12","12","3","58"," ","Lonnie O'Donoghue",,"72","200","2000-8-15","Flin Flon","MB","Canada",,
"180","12","12","3","64"," ","Kezia MacKenzie",,"77","200","2008-11-26","Surrey","BC","Canada",,
"182","12","12","3","58"," ","Freyja Hellstrom",,"70","165","2000-9-16","S?dert?lje","STO","Sweden",,
"206","12","12","3","66"," ","Neal Newland",,"74","235","2010-9-11","Boston","MA","The United States",,
"206","12","12","3","68"," ","Neal Newland",,"74","235","2008-8-31","Boston","MA","The United States",,
"211","12","12","3","59"," ","Eli Diaz",,"75","200","2003-5-16","Oakland","CA","The United States",,
"217","12","12","3","68"," ","Ray Alexander",,"76","183","2011-9-5","Calgary","AB","Canada",,
"221","12","12","3","69"," ","Happy Gilmore",,"75","225","2010-9-14","Bristol","NY","The United States",,
"221","12","12","3","70"," ","Happy Gilmore",,"75","225","2010-9-14","Bristol","NY","The United States",,
"229","12","12","3","68"," ","Gritty McGritterson",,"73","185","2011-10-14","Baltimore","MD","The United States",,
"253","12","12","3","68"," ","Matthew LeClaire",,"76","205","2010-12-12","Ottawa","ON","Canada",,
"254","12","12","3","57"," ","Wile Coyote",,"72","185","2000-3-8","Vancouver","BC","Canada",,
"254","12","12","3","58"," ","Wile Coyote",,"72","185","2000-3-8","Vancouver","BC","Canada",,
"255","12","12","3","57"," ","Rocko Strongo",,"75","220","1999-4-27","Hamilton","ON","Canada",,
"262","12","12","3","58"," ","Kev Kevens",,"75","179","2000-1-3","Calgary","AB","Canada",,
"295","12","12","3","57"," ","Chet Hillier",,"72","180","2000-7-15","Edmonton","AB","Canada",,
"295","12","12","3","68"," ","Walt ""Clyde"" Frazier",,"73","215","2011-5-26","New York","NY","The United States",,
"295","12","12","3","69"," ","Walt ""Clyde"" Frazier",,"73","215","2011-5-26","New York","NY","The United States",,
"296","12","12","3","58"," ","Cam Nosreh",,"72","225","1991-1-11","Halifax","NS","Canada",,
"325","12","12","3","57"," ","Devin Basher",,"71","180","1993-9-20","Newmarket","ON","Canada",,
"329","12","12","3","58"," ","Markus Jager","The Tater","71","175","2000-12-6","Munich","BAV","Germany",,
"337","12","12","3","57"," ","Wen Baters",,"71","185","2000-11-21","Montreal","QC","Canada",,
"389","12","12","3","68"," ","Marquise Hill",,"73","200","2011-11-22","Toronto","ON","Canada",,
"396","12","12","3","67"," ","Brent Turnerson",,"77","225","2005-3-11","Elk Grove","CA","The United States",,
"397","12","12","3","67"," ","Dr. Hugh Orson",,"74","185","2009-9-24","Drayton","ON","Canada",,
"400","12","12","3","67"," ","Lazos Otasrob",,"76","215","2009-8-31","Calgary","AB","Canada",,
"401","12","12","3","67"," ","Cal Kono",,"71","195","2009-4-11","Penticton","BC","Canada",,
"403","12","12","3","66"," ","Louis Perreault",,"73","189","2010-10-9","Terrebonne","QC","Canada",,
"403","12","12","3","67"," ","Louis Perreault",,"73","189","2008-6-27","Terrebonne","QC","Canada",,
"403","12","12","3","68"," ","Louis Perreault",,"73","189","2008-6-27","Terrebonne","QC","Canada",,
"404","12","12","3","67"," ","Lester Olduser",,"72","210","2009-8-25","Vancouver","BC","Canada",,
"405","12","12","3","67"," ","Phillip Fry",,"74","221","2009-11-27","New York","NY","The United States",,
"408","12","12","3","67"," ","James Lutz",,"74","210","2009-6-14","Pittsburgh","PA","The United States",,
"409","12","12","3","67"," ","Liam Logger",,"75","222","2009-2-3","Asbestos","QC","Canada",,
"410","12","12","3","67"," ","Barefoot Sugars",,"76","220","2009-3-3","Houston","TX","The United States",,
"411","12","12","3","67"," ","Marton Diehm",,"70","185","2009-8-23","Stutterheim","EAS","Germany",,
"412","12","12","3","67"," ","Anthony Simmons",,"68","168","2009-2-9","St. Louis","MI","The United States",,
"413","12","12","3","67"," ","Hingle McCringleberry",,"74","210","2009-9-17","Calgary","AB","Canada",,
"414","12","12","3","67"," ","Cale Salad",,"74","210","2009-7-19","Saskatoon","SK","Canada",,
"415","12","12","3","67"," ","Loosh O'Sullivan",,"74","240","2009-8-1","Boston","MA","The United States",,
"419","12","12","3","67"," ","Jojo Larkin",,"77","240","2006-3-2","Carrollton","GA","The United States",,
"422","12","12","3","64"," ","Don Juan",,"73","198","2008-10-8","Toronto","ON","Canada",,
"422","12","12","3","67"," ","Don Juan",,"74","205","2006-5-29","Calgary","AB","Canada",,
"424","12","12","3","67"," ","Bastien Primeau",,"73","200","2009-4-12","Montreal","QC","Canada",,
"442","12","12","3","68"," ","Jacob Fournier",,"75","210","2002-5-8","Vancouver","BC","Canada",,
"471","12","12","3","58"," ","Tanner McLeod",,"73","195","2001-11-6","Toronto","ON","Canada",,
"478","12","12","3","58"," ","Maxwell Carrigan",,"71","200","2001-11-5","Toronto","ON","Canada",,
"485","12","12","3","59"," ","Darrell Niskala",,"74","250","2001-7-2","Montreal","QC","Canada",,
"503","12","12","3","58"," ","Alexis Saint-Michael",,"74","200","2001-12-18","Quebec City","QC","Canada",,
"505","12","12","3","59"," ","Brent Ashe",,"71","210","2002-5-20","Gastonia","NC","The United States",,
"505","12","12","3","60"," ","Brent Ashe",,"71","210","2002-5-20","Gastonia","NC","The United States",,
"506","12","12","3","58"," ","Zak Wilson",,"72","175","2002-5-12","London","ON","Canada",,
"517","12","12","3","58"," ","Twelve Forty-Seven Fifteen",,"72","200","2002-2-20","Vancouver","BC","Canada",,
"520","12","12","3","59"," ","Benjamin Jansson",,"76","230","2001-9-8","Stockholm","STO","Sweden",,
"523","12","12","3","59"," ","Guy Fieri",,"71","300","2003-6-28","Wales","ME","The United States",,
"537","12","12","3","59"," ","Harald Malmquist",,"75","215","2001-10-23","Visby","GOT","Sweden",,
"540","12","12","3","59"," ","Olof Karsikko",,"77","250","2003-11-5","Turku","SOU","Finland",,
"565","12","12","3","59"," ","Isiah Lopez",,"73","200","2003-2-27","Oakland","CA","The United States",,
"567","12","12","3","59"," ","Brighton Grisby",,"79","200","2003-5-22","Spring Valley","NY","The United States",,
"568","12","12","3","57"," ","Evangelos Giannopoulos",,"74","195","2002-12-21","Laval","QC","Canada",,
"569","12","12","3","59"," ","Dobby Hintzskanen",,"71","200","2003-5-2","Dallas","TX","The United States",,
"569","12","12","3","62"," ","Dobby Hintzskanen",,"71","200","2003-5-2","Dallas","TX","The United States",,
"570","12","12","3","59"," ","Patrick Toes",,"71","240","2003-8-15","Chicago","IL","The United States",,
"570","12","12","3","60"," ","Patrick Toes",,"71","240","2003-8-15","Chicago","IL","The United States",,
"571","12","12","3","58"," ","Fredrik Stefansson",,"74","225","2003-4-25","Stockholm","STO","Sweden",,
"574","12","12","3","59"," ","Michael Robertson",,"75","206","2003-1-24","Houston","TX","The United States",,
"574","12","12","3","60"," ","Michael Robertson",,"75","196","2003-1-24","Houston","TX","The United States",,
"575","12","12","3","59"," ","Adam Wyatt",,"75","225","2003-10-29","Ann Arbor","MI","The United States",,
"576","12","12","3","59"," ","Clifford Wilson",,"72","200","2003-7-30","Oshkosh","WI","The United States",,
"576","12","12","3","60"," ","Clifford Wilson",,"72","200","2003-7-30","Oshkosh","WI","The United States",,
"586","12","12","3","59"," ","Killer Queen",,"72","200","2003-1-17","Winnipeg","MB","Canada",,
"590","12","12","3","59"," ","Nikolai Ayerzov",,"74","208","2003-10-1","Minsk","MIN","Czech Republic","Belarus",
"593","12","12","3","59"," ","Wing Wang",,"72","200","2003-11-4","Las Vegas","NV","The United States",,
"596","12","12","3","59"," ","Scooby Doo",,"78","176","2003-1-19","Riga","RIG","Latvia",,
"597","12","12","3","59"," ","Greyson Cooper",,"69","200","2003-12-16","Plzen","PLZ","Czech Republic",,
"608","12","12","3","69"," ","Ace Lightning",,"75","210","2009-10-16","Chicago","IL","The United States",,
"626","12","12","3","62"," ","Max Pane ",,"75","215","2003-4-13","Calgary","AB","Canada",,
"626","12","12","3","63"," ","Max Pane ",,"75","215","2003-4-13","Calgary","AB","Canada",,
"629","12","12","3","69"," ","Asher Gibbons",,"70","185","2012-1-29","Anchorage","AK","The United States",,
"631","12","12","3","68"," ","Noah Charlevoix",,"74","193","2011-8-22","Laval","QC","Canada",,
"631","12","12","3","69"," ","Noah Charlevoix",,"74","193","2011-8-22","Laval","QC","Canada",,
"631","12","12","3","70"," ","Noah Charlevoix",,"74","193","2011-8-22","Laval","QC","Canada",,
"633","12","12","3","68"," ","Jack McCarthy",,"74","212","2011-9-16","Chicago","IL","The United States",,
"634","12","12","3","73"," ","Jim Wen",,"74","200","2014-4-1","Albuquerque","NM","The United States",,
"636","12","12","3","71"," ","Trevor Lahey",,"74","193","2013-2-1","Dallas","TX","The United States",,
"638","12","12","3","71"," ","Ryland Murphy",,"72","200","2012-7-16","Peoria","IL","The United States",,
"638","12","12","3","72"," ","Ryland Murphy",,"72","200","2012-7-16","Peoria","IL","The United States",,
"639","12","12","3","69"," ","Trevor Warner",,"74","210","2011-2-17","Jesup","GA","Canada",,
"647","12","12","3","61"," ","Lenny Hawk",,"74","220","2003-8-25","Jacksonville","FL","The United States",,
"649","12","12","3","73"," ","Sim Wen",,"72","190","2013-1-25","Albuquerque","NM","The United States",,
"650","12","12","3","69"," ","Scott Sterling",,"67","160","2012-2-15","Brantford","ON","The United States",,
"652","12","12","3","69"," ","Don Aven",,"74","190","2012-10-2","Edmonton","AB","The United States",,
"653","12","12","3","69"," ","Jiggle E. Puff",,"72","200","2012-8-19","Atlanta","GA","The United States",,
"654","12","12","3","69"," ","Nathan Cornmier",,"74","200","2012-10-23","Gatineau","QC","Canada",,
"661","12","12","3","69"," ","Darnell Mohamed Johnson II",,"76","208","2012-11-21","New Orleans","LA","The United States",,
"662","12","12","3","61"," ","Finn McNast",,"74","205","2003-10-8","Las Vegas","NV","The United States",,
"663","12","12","3","69"," ","Mick Mayhem",,"74","287","2012-11-18","Bloomington","IN","The United States",,
"663","12","12","3","70"," ","Mick Mayhem",,"74","287","2012-11-18","Bloomington","IN","The United States",,
"665","12","12","3","61"," ","Merlin Metzler",,"77","238","2003-9-3","Fargo","ND","The United States",,
"669","12","12","3","69"," ","Lebron James",,"81","250","2012-10-7","Akron","OH","The United States",,
"671","12","12","3","69"," ","Anthony Simmons II",,"68","160","2012-8-10","St. Louis","MI","The United States",,
"676","12","12","3","59"," ","Jeff Nips",,"72","200","2003-8-27","Indianapolis","IN","The United States",,
"676","12","12","3","60"," ","Jeff Nips",,"72","200","2003-8-27","Indianapolis","IN","The United States",,
"676","12","12","3","61"," ","Jeff Nips",,"72","200","2003-8-27","Indianapolis","IN","The United States",,
"676","12","12","3","62"," ","Jeff Nips",,"72","200","2003-8-27","Indianapolis","IN","The United States",,
"676","12","12","3","63"," ","Jeff Nips",,"72","200","2003-8-27","Indianapolis","IN","The United States",,
"678","12","12","3","61"," ","Hugh Jass",,"83","300","2003-10-9","Concord","MI","Russia",,
"680","12","12","3","64"," ","Akashi SixNine Jr",,"76","213","2003-12-21","Calgary","AB","Canada",,
"684","12","12","3","69"," ","Jeff Lewis",,"67","200","2012-11-2","Toronto","ON","Canada",,
"688","12","12","3","61"," ","Jeremy Hall",,"73","200","2003-8-7","Boston","MA","The United States",,
"689","12","12","3","68"," ","Clint Clampton",,"73","190","2011-10-21","Toronto","ON","Canada",,
"690","12","12","3","61"," ","Ka Chow",,"76","226","2003-10-25","Phoenix","AZ","The United States",,
"691","12","12","3","61"," ","SD Core",,"74","225","2004-3-4","San Diego","CA","The United States",,
"696","12","12","3","69"," ","Hugh Manius",,"79","200","2011-2-8","South El Monte","CA","The United States",,
"699","12","12","3","71"," ","Sean Bird",,"78","225","2013-6-11","Dallas","TX","The United States",,
"703","12","12","3","71"," ","Rocky Orwell",,"72","192","2013-5-21","Bellevue","NE","The United States",,
"703","12","12","3","72"," ","Rocky Orwell",,"72","192","2013-5-21","Bellevue","NE","The United States",,
"706","12","12","3","68"," ","Patrice Bergeron",,"73","195","2011-6-25","Quebec City","QC","Canada",,
"706","12","12","3","69"," ","Patrice Bergeron",,"73","195","2011-6-25","Quebec City","QC","Canada",,
"714","12","12","3","71"," ","Merle Van Nistelrooy",,"74","182","2012-1-6","New York","NY","The United States",,
"715","12","12","3","69"," ","Peter Tingle",,"73","190","2011-3-6","Nuuk","NUU","Greenland",,
"725","12","12","3","72"," ","Entropy Sanchez",,"73","225","2014-9-4","Sacramento","CA","The United States",,
"725","12","12","3","73"," ","Entropy Sanchez",,"73","225","2014-9-4","Sacramento","CA","The United States",,
"727","12","12","3","71"," ","Leon Rizzton",,"74","210","2013-5-3","Pittsburgh","PA","The United States",,
"727","12","12","3","72"," ","Leon Rizzton",,"74","210","2013-5-3","Pittsburgh","PA","The United States",,
"730","12","12","3","69"," ","Kieran Kovalev",,"77","192","2012-12-31","Toronto","ON","Canada",,
"730","12","12","3","72"," ","Kieran Kovalev",,"77","192","2012-12-31","Toronto","ON","Canada",,
"731","12","12","3","68"," ","James Dion",,"74","200","2011-4-16","Indianapolis","IN","The United States",,
"732","12","12","3","70"," ","Lea Cranberry",,"70","175","2013-2-27","Cumming","GA","The United States",,
"749","12","12","3","74"," ","Wain Gretski",,"72","185","2014-3-19","Iqaluit","NU","Canada",,
"751","12","12","3","72"," ","Jordan Thompson",,"75","215","2013-10-22","New Orleans","LA","The United States",,
"759","12","12","3","74"," ","Jason Bolden",,"73","210","2013-11-4","Winnipeg","MB","Canada",,
"760","12","12","3","62"," ","Skating Dino",,"72","200","2002-4-25","Prichard","AL","The United States",,
"761","12","12","3","58"," ","Richard LaFleur",,"71","195","2002-7-24","Vancouver","BC","Canada",,
"764","12","12","3","74"," ","Guy Incognito",,"73","190","2014-1-12","Hamilton","ON","Canada",,
"764","12","12","3","75"," ","Guy Incognito",,"73","190","2014-1-12","Hamilton","ON","Canada",,
"766","12","12","3","58"," ","Jesse Trudeau",,"70","178","2002-8-22","Ottawa","ON","Canada",,
"769","12","12","3","72"," ","Wes Thunderbass",,"73","203","2013-11-27","Caddo Mills","TX","The United States",,
"770","12","12","3","58"," ","Marcel Laflamme",,"77","242","2002-5-22","Toronto","ON","Canada",,
"773","12","12","3","74"," ","Dan Johnston",,"75","220","2014-3-12","Guelph","ON","Canada",,
"774","12","12","3","72"," ","Dylan Jacob-Smith",,"78","215","2013-8-23","Detroit","MI","The United States",,
"781","12","12","3","71"," ","Wayne Holloway",,"76","214","2013-8-31","Jollyville","TX","The United States",,
"781","12","12","3","72"," ","Wayne Holloway",,"76","214","2013-8-31","Jollyville","TX","The United States",,
"783","12","12","3","71"," ","Joseph Reed",,"75","225","2013-8-17","Gahanna","OH","The United States",,
"786","12","12","3","72"," ","Xavier Beausoleil",,"77","236","2013-10-3","Saint-Gabriel","QC","Canada",,
"787","12","12","3","71"," ","Colt Fox",,"75","236","2013-8-1","Dallas","TX","The United States",,
"794","12","12","3","59"," ","Owen Bowden",,"74","200","2002-1-4","Milton (Ulster County)","NY","The United States",,
"798","12","12","3","72"," ","Jaden Tanner",,"74","220","2013-8-1","Tampa","FL","The United States",,
"809","12","12","3","71"," ","Maxwell King II",,"70","185","2013-8-31","Winnipeg","MB","Canada",,
"809","12","12","3","74"," ","Maxwell King II",,"70","185","2013-8-31","Winnipeg","MB","Canada",,
"816","12","12","3","57"," ","Travis Konecny",,"70","174","2002-8-2","Calgary","AB","Canada",,
"816","12","12","3","58"," ","Travis Konecny",,"70","174","2002-8-2","Calgary","AB","Canada",,
"818","12","12","3","57"," ","Andrew Ioannou",,"72","185","2002-3-11","Waterloo","ON","Canada",,
"819","12","12","3","57"," ","Nick Grant",,"72","190","2002-12-5","Lethbridge","AB","Canada",,
"819","12","12","3","58"," ","Nick Grant",,"72","190","2002-12-5","Lethbridge","AB","Canada",,
"820","12","12","3","57"," ","Dexter Vaughn",,"68","165","2002-10-1","Calgary","AB","Canada",,
"820","12","12","3","58"," ","Dexter Vaughn",,"68","165","2002-10-1","Calgary","AB","Canada",,
"821","12","12","3","57"," ","Tyrone Smith",,"72","200","2002-12-1","Calgary","AB","Canada",,
"821","12","12","3","58"," ","Tyrone Smith",,"72","200","2002-12-1","Calgary","AB","Canada",,
"821","12","12","3","59"," ","Tyrone Smith",,"72","200","2002-12-1","Calgary","AB","Canada",,
"821","12","12","3","60"," ","Tyrone Smith",,"72","200","2002-12-1","Calgary","AB","Canada",,
"821","12","12","3","61"," ","Tyrone Smith",,"72","200","2002-12-1","Calgary","AB","Canada",,
"821","12","12","3","62"," ","Tyrone Smith",,"72","200","2002-12-1","Calgary","AB","Canada",,
"821","12","12","3","63"," ","Tyrone Smith",,"72","200","2002-12-1","Calgary","AB","Canada",,
"822","12","12","3","57"," ","Connor Broussard",,"70","168","2002-5-27","Halifax","NS","Canada",,
"822","12","12","3","58"," ","Connor Broussard",,"70","168","2002-5-27","Halifax","NS","Canada",,
"823","12","12","3","57"," ","Noel Blanchet",,"75","215","2002-6-1","Lyon","RH?","France",,
"824","12","12","3","57"," ","Ruedi Huber",,"75","224","2002-6-30","Konstanz","BAD","Switzerland",,
"824","12","12","3","58"," ","Ruedi Huber",,"75","224","2002-6-30","Konstanz","BAD","Switzerland",,
"824","12","12","3","59"," ","Ruedi Huber",,"75","224","2002-6-30","Konstanz","BAD","Switzerland",,
"824","12","12","3","60"," ","Ruedi Huber",,"75","224","2002-6-30","Konstanz","BAD","Switzerland",,
"824","12","12","3","61"," ","Ruedi Huber",,"75","224","2002-6-30","Konstanz","BAD","Switzerland",,
"824","12","12","3","62"," ","Ruedi Huber",,"75","224","2002-6-30","Konstanz","BAD","Switzerland",,
"824","12","12","3","63"," ","Ruedi Huber",,"75","224","2002-6-30","Konstanz","BAD","Switzerland",,
"825","12","12","3","57"," ","Basil Sivart",,"76","215","2002-3-7","Toronto","ON","Canada",,
"825","12","12","3","58"," ","Basil Sivart",,"76","215","2002-3-7","Toronto","ON","Canada",,
"826","12","12","3","57"," ","Yanno Rosejac",,"71","211","2002-2-23","Toronto","ON","Canada",,
"826","12","12","3","58"," ","Yanno Rosejac",,"71","211","2002-2-23","Toronto","ON","Canada",,
"826","12","12","3","60"," ","Yanno Rosejac",,"71","211","2002-2-23","Toronto","ON","Canada",,
"827","12","12","3","70"," ","Larry Johnson The 3rd",,"77","215","2015-2-17","Toronto","ON","Canada",,
"831","12","12","3","70"," ","Crystal McLeod",,"72","205","2015-1-19","Columbus","OH","The United States",,
"831","12","12","3","71"," ","Crystal McLeod",,"73","205","2015-1-19","Columbus","OH","The United States",,
"835","12","12","3","70"," ","Johnny Shuffleboard",,"71","180","2014-12-19","New York","NY","The United States",,
"836","12","12","3","70"," ","Theodore Svatos",,"73","195","2015-3-7","Komarno","NIT","Slovakia",,
"839","12","12","3","70"," ","Paul Matz",,"71","195","2015-4-23","Surrey","BC","Canada",,
"850","12","12","3","70"," ","Jordan Tanner",,"75","200","2015-1-2","Miami","FL","The United States",,
"856","12","12","3","70"," ","Max Carnage",,"76","225","2014-11-9","Philadelphia","PA","The United States",,
"857","12","12","3","70"," ","Thomas Liebold",,"75","215","2015-5-18","Albany","NY","The United States",,
"861","12","12","3","70"," ","Nate Gray",,"72","190","2015-1-28","Toronto","ON","Canada",,
"863","12","12","3","67"," ","Davos Otasrob",,"70","212","2000-5-3","Calgary","AB","Canada","Russia",
"865","12","12","3","70"," ","Bear Trapp",,"74","200","2015-1-2","Chicago","IL","The United States",,
"869","12","12","3","70"," ","Scary Jerry",,"76","273","2015-2-5","Minneapolis","MN","The United States",,
"880","12","12","3","70"," ","Shnopple Lopple",,"71","195","2015-3-22","Pittsburgh","PA","The United States",,
"881","12","12","3","61"," ","Jay O'Neil",,"74","215","2004-8-24","Boston","MA","The United States",,
"882","12","12","3","70"," ","Heem Team",,"76","235","2015-1-29","Baton Rouge","LA","The United States",,
"882","12","12","3","71"," ","Heem Team",,"76","235","2015-1-29","Baton Rouge","LA","The United States",,
"887","12","12","3","70"," ","Mercedes Bayle",,"83","300","2015-1-29","Reading","PA","The United States",,
"897","12","12","3","71"," ","Kyle Baretto",,"75","235","2015-4-18","San Bernardino","CA","The United States",,
"897","12","12","3","72"," ","Kyle Baretto",,"75","235","2015-4-18","San Bernardino","CA","The United States",,
"899","12","12","3","70"," ","Ryan Quintana-Green",,"72","201","2014-12-23","Hialeah","FL","The United States",,
"907","12","12","3","59"," ","Latavuis Jackson",,"76","199","2003-7-12","New York","NY","The United States",,
"954","12","12","3","62"," ","Nor Dekes",,"74","190","2004-8-15","Toronto","ON","Canada",,
"1008","12","12","3","59"," ","Sebastian Weiss",,"74","212","2000-1-19","Vienna","WIE","Austria",,
"1010","12","12","3","61"," ","Ellis Lee",,"78","245","2002-2-13","Vancouver","BC","Canada",,
"1020","12","12","3","62"," ","Donald Jr Trump",,"78","235","2000-7-22","New York","NY","The United States",,
"1031","12","12","3","60"," ","Barry B. Benson",,"83","150","2000-8-22","Princeton","IL","The United States",,
"1031","12","12","3","62"," ","Barry B. Benson",,"83","150","2000-8-22","Princeton","IL","The United States",,
"1032","12","12","3","60"," ","Sam Siege",,"66","160","2000-2-11","Portland","OR","The United States",,
"1033","12","12","3","60"," ","Joe Burrow",,"72","200","2000-10-10","Baton Rouge","LA","The United States",,
"1033","12","12","3","62"," ","Joe Burrow",,"72","200","2000-10-10","Baton Rouge","LA","The United States",,
"1034","12","12","3","60"," ","Jeff Hopkins",,"76","280","2000-1-30","Loveland","CO","The United States",,
"1035","12","12","3","60"," ","Vincent Fox",,"76","225","2000-6-17","Louisville","KY","The United States",,
"1036","12","12","3","60"," ","Tanner Fox",,"78","229","2000-7-24","Raleigh","NC","The United States",,
"1037","12","12","3","60"," ","King Rhames",,"81","250","2004-11-8","Los Angeles","CA","The United States",,
"1039","12","12","3","60"," ","Magnus Galtisson",,"64","215","2000-3-3","Calgary","AB","Canada",,
"1040","12","12","3","60"," ","Scott Thorn",,"64","220","2000-10-24","Toronto","ON","Canada",,
"1041","12","12","3","60"," ","Duncan Mackenzie",,"64","225","2000-1-13","Vancouver","BC","Canada",,
"1042","12","12","3","60"," ","Kayden Pale",,"78","235","2004-6-5","Prince George","BC","Canada",,
"1043","12","12","3","60"," ","Sam Stone",,"73","210","2000-9-24","Toronto","ON","Canada",,
"1043","12","12","3","62"," ","Sam Stone",,"73","210","2000-9-24","Toronto","ON","Canada",,
"1044","12","12","3","60"," ","Corey McFarland",,"75","240","2000-5-16","Sarasota","FL","The United States",,
"1045","12","12","3","60"," ","Bernard Metivier",,"72","200","2000-6-16","Thetford Mines","QC","Canada",,
"1046","12","12","3","60"," ","Kanye South",,"68","170","2000-3-25","Atlanta","GA","The United States",,
"1047","12","12","3","60"," ","Kayden Sonefield",,"73","194","2000-4-10","Grand Rapids","MI","The United States",,
"1048","12","12","3","60"," ","Kiya Daz",,"69","180","2000-9-24","Prague","PRA","Czech Republic",,
"1057","12","12","3","61"," ","Osada Tamura",,"75","170","2000-12-19","Tokyo","TOK","Japan",,
"1061","12","12","3","71"," ","Daniel Durkburg",,"74","194","2016-6-28","Calgary","AB","Canada",,
"1061","12","12","3","75"," ","Daniel Durkburg",,"75","194","2016-6-28","Calgary","AB","Canada",,
"1064","12","12","3","71"," ","Roman Roy",,"73","195","2015-10-13","New York","NY","The United States",,
"1064","12","12","3","72"," ","Roman Roy",,"73","195","2015-10-13","New York","NY","The United States",,
"1066","12","12","3","71"," ","Jasper Wahls",,"70","165","2016-1-5","Lufkin","TX","The United States",,
"1067","12","12","3","71"," ","Sven Holmberg",,"76","218","2015-12-15","Manhattan","IL","The United States",,
"1068","12","12","3","71"," ","Daquavion Davis Jr",,"69","150","2016-2-20","Raleigh","NC","The United States",,
"1069","12","12","3","71"," ","Brooklyn Physt",,"71","208","2015-9-6","New Orleans","LA","The United States",,
"1069","12","12","3","72"," ","Brooklyn Physt",,"71","208","2015-9-6","New Orleans","LA","The United States",,
"1069","12","12","3","73"," ","Brooklyn Physt",,"71","208","2015-9-6","New Orleans","LA","The United States",,
"1073","12","12","3","74"," ","Jae-ik Barron",,"72","192","2016-4-1","Seongnam","GYE","South Korea",,
"1078","12","12","3","62"," ","Xman Damson",,"72","200","2000-1-10","New York","NY","The United States",,
"1078","12","12","3","64"," ","Xman Damson",,"72","200","2000-1-10","New York","NY","The United States",,
"1159","12","12","3","74"," ","Yves D'Odeur",,"77","182","2017-6-28","Montreal","QC","Canada",,
"1167","12","12","3","72"," ","Roger Murdock",,"83","225","2017-6-28","Harlem","GA","The United States",,
"1167","12","12","3","73"," ","Roger Murdock",,"83","225","2017-6-28","Harlem","GA","The United States",,
"1168","12","12","3","72"," ","Patrick Meyer",,"70","229","2017-6-28","Mobile","AL","The United States",,
"1169","12","12","3","72"," ","Nik Smith",,"74","226","2017-6-28","Gahanna","OH","The United States",,
"1169","12","12","3","73"," ","Nik Smith",,"74","226","2017-6-28","Gahanna","OH","The United States",,
"1170","12","12","3","72"," ","Mac Turner",,"77","219","2017-6-28","New York","NY","The United States",,
"1172","12","12","3","72"," ","Bobby Tkachuky",,"78","250","2017-6-28","Ottawa","ON","Canada",,
"1182","12","12","3","61"," ","Trevor Malone",,"72","194","2003-3-14","Boston","MA","The United States",,
"1183","12","12","3","61"," ","Jacques Lilcoque",,"74","195","2003-5-3","Vancouver","BC","Canada",,
"1184","12","12","3","61"," ","Pope Coswi",,"71","197","2002-2-26","Sacramento","CA","The United States",,
"1185","12","12","3","61"," ","Brady Bertrand",,"74","214","2004-1-14","Val d'Or","QC","Canada",,
"1186","12","12","3","61"," ","Dexter Bouchard",,"71","205","2004-10-18","Ottawa","ON","Canada",,
"1186","12","12","3","62"," ","Dexter Bouchard",,"71","205","2004-10-18","Ottawa","ON","Canada",,
"1189","12","12","3","75"," ","- bongo",,"72","175","2017-6-28","Sexsmith","AB","Canada",,
"1192","12","12","3","73"," ","Nick Kodiak",,"74","230","2017-6-28","Hershey","PA","The United States",,
"1193","12","12","3","73"," ","Peanut",,"72","200","2017-6-28","St. Louis","MI","The United States",,
"1194","12","12","3","73"," ","Gordon-William Gibbles",,"81","250","2017-6-2","Minneapolis","MN","The United States",,
"1195","12","12","3","73"," ","GM's Son",,"76","215","2017-6-28","Montreal","QC","The United States",,
"1198","12","12","3","73"," ","Walter Melon",,"70","175","2017-6-28","Newark","NY","The United States",,
"1205","12","12","3","73"," ","Shadow Fenix",,"73","190","2017-6-28","Chicago","IL","The United States",,
"1206","12","12","3","73"," ","Ben Harrison",,"76","205","2017-6-28","Roanoke","IL","The United States",,
"1207","12","12","3","72"," ","Pierre Mailloux",,"77","210","2017-6-28","Normandin","QC","Canada",,
"1207","12","12","3","75"," ","Pierre Mailloux",,"78","210","2017-6-28","Normandin","QC","Canada",,
"1232","12","12","3","74"," ","Lucki Blackwood",,"72","195","2017-6-28","Toronto","ON","Canada",,
"1240","12","12","3","73"," ","Celeste Desjardins","Celeste Esjardins","69","173","2017-6-28","Lewiston","ME","The United States",,
"1241","12","12","3","73"," ","Newton Campbell","Lizard","77","208","2017-6-28","Bemidji","MN","The United States",,
"1242","12","12","3","73"," ","Leonard Wood",,"73","190","2017-6-28","Madison","ME","The United States",,
"1243","12","12","3","73"," ","Langston Hardison-Laurent",,"75","202","2017-6-28","Gainesville","VA","The United States",,
"1244","12","12","3","73"," ","Jerry Moonshine",,"74","220","2017-6-28","Nashville","AR","The United States",,
"1245","12","12","3","73"," ","Dwayne Swanson",,"75","215","2017-6-28","New Smyrna Beach","FL","The United States",,
"1246","12","12","3","73"," ","Bog Damsel",,"77","230","2017-6-28","St. Louis","MI","The United States",,
"1249","12","12","3","74"," ","Bean Beanman Jr",,"75","205","2018-6-28","Charlottetown","PE","Canada",,
"1250","12","12","3","74"," ","Mia Lavoie",,"68","200","2018-6-28","Beauceville","QC","Canada",,
"1250","12","12","3","75"," ","Mia Lavoie",,"71","200","2018-6-28","Beauceville","QC","Canada",,
"1260","12","12","3","75"," ","Jean-Jacques Francois Jacques-Jean",,"77","245","2018-6-28","Saguenay","QC","Canada",,
"1260","12","12","3","76"," ","Jean-Jacques Francois Jacques-Jean",,"77","245","2018-6-28","Saguenay","QC","Canada",,
"1276","12","12","3","60"," ","Alexis Paquette",,"70","188","2000-9-20","Montreal","QC","Canada",,
"1276","12","12","3","61"," ","Alexis Paquette",,"70","188","2000-9-20","Montreal","QC","Canada",,
"1277","12","12","3","61"," ","Alexander Mackenzie",,"72","181","2004-4-30","St. John's","NL","Canada",,
"1278","12","12","3","61"," ","Connor O'Byrne",,"76","225","2004-5-30","Calgary","AB","Canada",,
"1279","12","12","3","61"," ","Ezra Wong",,"74","210","2003-11-5","Ottawa","ON","Canada",,
"1280","12","12","3","61"," ","Gordie Goodenough",,"72","185","2003-8-13","Calgary","AB","Canada",,
"1307","12","12","3","62"," ","LaCarpetron Duckmarriot II",,"76","220","2006-12-25","Nephi","UT","The United States",,
"1308","12","12","3","62"," ","Warrior Enskidou",,"77","230","2006-5-29","Midland","ON","Canada",,
"1309","12","12","3","62"," ","Brent Ashe II",,"81","245","2006-9-17","London","ON","Canada",,
"1309","12","12","3","63"," ","Brent Ashe II",,"81","245","2006-9-17","London","ON","Canada",,
"1310","12","12","3","62"," ","Chris Chelios JR",,"73","190","2006-2-28","Chicago","IL","The United States",,
"1311","12","12","3","62"," ","GREY Rosey",,"76","200","2006-5-8","St. Louis","MO","The United States",,
"1312","12","12","3","62"," ","Buck Keithley",,"82","185","2006-4-23","Moose Jaw","SK","Canada",,
"1313","12","12","3","62"," ","Jarvis Jenkins",,"74","202","2006-10-24","Chicago","IL","The United States",,
"1314","12","12","3","62"," ","Alix Nunez",,"78","235","2006-6-21","Edmonton","AB","Canada",,
"1314","12","12","3","63"," ","Alix Nunez",,"78","235","2006-6-21","Edmonton","AB","Canada",,
"1314","12","12","3","64"," ","Alix Nunez",,"78","235","2006-6-21","Edmonton","AB","Canada",,
"1315","12","12","3","62"," ","Jack Cuff",,"74","210","2006-1-23","London","ON","Canada",,
"1316","12","12","3","62"," ","Dan King",,"72","200","2006-11-12","Vancouver","BC","Canada",,
"1316","12","12","3","63"," ","Dan King",,"72","200","2006-11-12","Vancouver","BC","Canada",,
"1316","12","12","3","66"," ","Dan King",,"72","200","2006-11-12","Henryville","QC","Canada",,
"1349","12","12","3","74"," ","Wyatt King",,"73","195","2018-6-28","Toronto","ON","Canada",,
"1350","12","12","3","74"," ","Warwick Windsor",,"78","245","2018-6-28","Edmonton","AB","Canada",,
"1351","12","12","3","74"," ","Trevon",,"73","195","2018-6-28","Prince George","BC","Canada",,
"1352","12","12","3","74"," ","Pablo IceCreamBar",,"75","215","2017-6-28","Coaticook","QC","Canada",,
"1353","12","12","3","74"," ","Masked Stanger",,"75","205","2018-6-28","Toronto","ON","Canada",,
"1353","12","12","3","76"," ","Masked Stanger",,"75","205","2018-6-28","Toronto","ON","Canada",,
"1354","12","12","3","74"," ","Joshua Dandy",,"82","250","2018-6-28","Niagara Falls","ON","Canada",,
"1355","12","12","3","74"," ","James MacAvoy",,"71","177","2016-6-28","Edmonton","AB","Canada",,
"1356","12","12","3","74"," ","Groaty Bronson",,"77","235","2018-6-28","Cape Breton Regional Munici","NS","Canada",,
"1356","12","12","3","75"," ","Groaty Bronson",,"77","235","2018-6-28","Cape Breton Regional Munici","NS","Canada",,
"1356","12","12","3","76"," ","Groaty Bronson",,"78","235","2018-6-28","Cape Breton Regional Munici","NS","Canada",,
"1357","12","12","3","74"," ","Ethan Brown",,"66","150","2018-6-28","Toronto","ON","Canada",,
"1358","12","12","3","74"," ","Cedar Lawson",,"75","210","2018-6-28","Owen Sound","ON","Canada",,
"1365","12","12","3","75"," ","Conner Ray",,"70","175","2019-6-28","Halifax","NS","Canada",,
"1365","12","12","3","77"," ","Conner Ray",,"71","175","2019-6-28","Halifax","NS","Canada",,
"1366","12","12","3","66"," ","Sadie Koivu",,"70","175","2010-8-26","Trois Boutiques","GRA","Canada",,
"1389","12","12","3","66"," ","Pope Coswi Jr",,"73","195","2010-10-22","Sacramento","CA","The United States",,
"1400","12","12","3","66"," ","Koda Judacia",,"71","170","2010-9-30","Vancouver","BC","Canada",,
"1466","12","12","3","63"," ","Robert Helvetica",,"71","190","2007-1-21","Moutier","BE","Switzerland",,
"1467","12","12","3","63"," ","Valérian Sauveterre",,"76","215","2007-1-6","Burlington","ON","Canada",,
"1467","12","12","3","64"," ","Valérian Sauveterre",,"76","215","2007-1-6","Burlington","ON","Canada",,
"1468","12","12","3","63"," ","Ike Broflovski",,"72","220","2007-11-20","Toronto","ON","Canada",,
"1468","12","12","3","64"," ","Ike Broflovski",,"72","220","2007-11-20","Toronto","ON","Canada",,
"1469","12","12","3","63"," ","Hail Bingus",,"61","150","2007-5-12","Quebec City","QC","Canada",,
"1470","12","12","3","64"," ","Isabella Bouchard",,"70","150","2007-12-19","Carman","MB","Canada",,
"1472","12","12","3","63"," ","Shylo Moxii",,"75","200","2007-5-11","Toronto","ON","Canada",,
"1473","12","12","3","63"," ","AlexaDemie MiNads-SLATT",,"67","150","2007-1-31","Tucson","AZ","The United States",,
"1475","12","12","3","63"," ","Pil Sung",,"72","168","2007-2-25","Chicago","IL","The United States",,
"1476","12","12","3","63"," ","Michael Charles",,"74","225","2007-4-9","Columbus","OH","The United States",,
"1477","12","12","3","63"," ","petra sabor",,"70","200","2007-3-5","East Haddam","CT","The United States",,
"1477","12","12","3","79"," ","Sam Volta",,"72","165","2019-6-28","Montreal","QC","Canada",,
"1478","12","12","3","63"," ","James James",,"75","250","2007-10-4","Jacksonville","FL","The United States",,
"1479","12","12","3","63"," ","brendan york",,"71","194","2007-5-21","Charleston","SC","The United States",,
"1480","12","12","3","63"," ","Talan Bacalso",,"72","200","2007-3-1","St. Louis","MO","The United States",,
"1481","12","12","3","63"," ","Chad Nickelback",,"71","195","2007-1-12","Mississauga","ON","Canada",,
"1482","12","12","3","63"," ","AJ Williams",,"75","215","2007-5-20","St. Catharines","ON","Canada",,
"1483","12","12","3","63"," ","Jayden Cloutier",,"70","170","2007-6-13","Calgary","AB","Canada",,
"1508","12","12","3","75"," ","Turtle Bob",,"71","227","2019-6-28","Toronto","ON","Canada",,
"1508","12","12","3","77"," ","Turtle Bob",,"71","227","2019-6-28","Toronto","ON","Canada",,
"1509","12","12","3","75"," ","Trevor Lopez",,"74","230","2020-6-28","Tijuana","BAJ","Mexico",,
"1510","12","12","3","75"," ","TJ Longpre",,"74","182","2019-6-28","Mount Pearl","NL","Canada",,
"1511","12","12","3","75"," ","Roman Jalopski",,"76","233","2019-6-28","Toronto","ON","Canada",,
"1511","12","12","3","76"," ","Roman Jalopski",,"76","233","2019-6-28","Toronto","ON","Canada",,
"1511","12","12","3","77"," ","Roman Jalopski",,"76","233","2019-6-28","Toronto","ON","Canada",,
"1512","12","12","3","75"," ","Pique Boo",,"72","200","2019-6-28","Vancouver","BC","Canada",,
"1512","12","12","3","77"," ","Pique Boo",,"72","200","2019-6-28","Vancouver","BC","Canada",,
"1512","12","12","3","78"," ","Pique Boo",,"72","200","2019-6-28","Vancouver","BC","Canada",,
"1513","12","12","3","75"," ","Kris",,"73","180","2019-6-28","Calgary","AB","Canada",,
"1513","12","12","3","77"," ","Kris",,"73","180","2019-6-28","Calgary","AB","Canada",,
"1513","12","12","3","78"," ","Kris",,"73","180","2019-6-28","Calgary","AB","Canada",,
"1514","12","12","3","75"," ","Josh Fewer",,"67","150","2019-6-28","Marystown","NL","Canada",,
"1514","12","12","3","78"," ","Nostradamus",,"71","150","2019-6-28","Marystown","NL","Canada",,
"1515","12","12","3","75"," ","Jack Booth",,"71","169","2019-6-28","Hamilton","ON","Canada",,
"1515","12","12","3","76"," ","Jack Booth",,"71","169","2019-6-28","Hamilton","ON","Canada",,
"1516","12","12","3","75"," ","Connor Simard",,"71","188","2019-6-28","Montreal","QC","Canada",,
"1516","12","12","3","76"," ","Connor Simard",,"71","188","2019-6-28","Montreal","QC","Canada",,
"1517","12","12","3","75"," ","Brayden Point",,"70","178","2019-6-28","Calgary","AB","Canada",,
"1517","12","12","3","76"," ","Brayden Point",,"71","178","2019-6-28","Calgary","AB","Canada",,
"1517","12","12","3","78"," ","Brayden Point",,"71","178","2019-6-28","Calgary","AB","Canada",,
"1518","12","12","3","75"," ","Big papi",,"74","200","2019-6-28","Montreal","QC","Canada",,
"1518","12","12","3","76"," ","Big papi",,"74","200","2019-6-28","Montreal","QC","Canada",,
"1519","12","12","3","75"," ","Adam Joy",,"79","223","2020-6-28","Mississauga","ON","Canada",,
"1519","12","12","3","79"," ","Adam Joy",,"79","223","2020-6-28","Mississauga","ON","Canada",,
"1522","12","12","3","77"," ","Lyle Odelein IV",,"77","200","2019-6-28","Montreal","QC","Canada",,
"1525","12","12","3","76"," ","Dash Jackson",,"75","219","2019-6-28","London","ON","Canada",,
"1525","12","12","3","77"," ","Dash Jackson",,"75","219","2019-6-28","London","ON","Canada",,
"1526","12","12","3","76"," ","Chuff D'Lee",,"71","206","2019-6-28","Halifax","NS","Canada",,
"1527","12","12","3","76"," ","Caper Poirot",,"74","214","2019-6-28","Alert","NU","Canada",,
"1527","12","12","3","77"," ","Caper Poirot",,"74","214","2019-6-28","Alert","NU","Canada",,
"1552","12","12","3","76"," ","Skyler Stevens",,"73","200","2020-6-28","Toronto","ON","Canada",,
"1552","12","12","3","77"," ","Skyler Stevens",,"73","200","2020-6-28","Toronto","ON","Canada",,
"1592","12","12","3","64"," ","Marty Sanderson III",,"68","205","2008-12-15","Calgary","AB","Canada",,
"1593","12","12","3","64"," ","Fdam Aoote",,"74","220","2008-8-9","Cambridge","ON","Canada",,
"1594","12","12","3","64"," ","Matthew McGarry",,"71","189","2008-12-2","Jackson","MS","The United States",,
"1594","12","12","3","65"," ","Matthew McGarry",,"72","189","2008-12-2","Jackson","MS","The United States",,
"1596","12","12","3","64"," ","Jeff Santiago",,"69","145","2008-5-8","Philadelphia","PA","The United States",,
"1596","12","12","3","65"," ","Jeff Santiago",,"70","145","2008-5-8","Philadelphia","PA","The United States",,
"1597","12","12","3","64"," ","Ashton King",,"77","220","2008-12-28","Tampa","FL","The United States",,
"1598","12","12","3","64"," ","Jack John",,"75","200","2008-8-11","Vancouver","BC","Canada",,
"1599","12","12","3","64"," ","Joe Shiesty",,"81","225","2008-7-22","Hamilton","NJ","The United States",,
"1600","12","12","3","64"," ","Manon Graves",,"70","180","2008-5-28","Camp Swift","TX","The United States",,
"1601","12","12","3","64"," ","Dalibor Dvoraky",,"72","200","2008-8-10","Des Moines","IA","The United States",,
"1602","12","12","3","64"," ","Chase Yardley Jr.",,"73","202","2008-1-1","Indianapolis","IN","The United States",,
"1604","12","12","3","64"," ","Dusty Rose",,"76","218","2008-2-22","Coquille","OR","The United States",,
"1606","12","12","3","64"," ","Steven Connors",,"70","188","2008-12-25","Barrie","ON","Canada",,
"1615","12","12","3","65"," ","Ozzy Annaha",,"74","180","2008-3-14","Jericho","NY","The United States",,
"1665","12","12","3","66"," ","Gaston LeGume",,"77","235","2010-9-9","Quebec City","QC","Canada",,
"1666","12","12","3","66"," ","Tam Kove",,"72","194","2010-3-25","Quebec City","QC","Canada",,
"1681","12","12","3","66"," ","Connor Mckeil",,"73","185","2010-9-18","Tampa","FL","The United States",,
"1681","12","12","3","76"," ","TheGreatOne",,"73","191","2020-6-28","Brantford","ON","Canada",,
"1681","12","12","3","79"," ","TheGreatOne",,"74","191","2020-6-28","Brantford","ON","Canada",,
"1682","12","12","3","76"," ","Smudge Pan",,"57","187","2020-6-28","Lake Echo","NS","Canada",,
"1683","12","12","3","76"," ","Sam Quintilio",,"73","210","2020-6-28","Edmonton","AB","Canada",,
"1684","12","12","3","76"," ","Peyton Campeau",,"71","186","2020-6-28","Trois-Rivières","QC","Canada",,
"1685","12","12","3","76"," ","Louis Belanger",,"71","208","2020-6-28","Montreal","QC","Canada",,
"1686","12","12","3","76"," ","Emile Dionne",,"74","198","2020-6-28","Quebec City","QC","Canada",,
"1686","12","12","3","78"," ","Emile Dionne",,"75","198","2020-6-28","Quebec City","QC","Canada",,
"1687","12","12","3","76"," ","Cain Pooyak",,"71","187","2020-6-28","Calgary","AB","Canada",,
"1687","12","12","3","77"," ","Cain Pooyak",,"71","187","2020-6-28","Calgary","AB","Canada",,
"1688","12","12","3","76"," ","Bishop Van Apeldoorn",,"79","202","2020-6-28","Lloydminster","AB","Canada",,
"1688","12","12","3","77"," ","Bishop Van Apeldoorn",,"79","202","2020-6-28","Lloydminster","AB","Canada",,
"1689","12","12","3","77"," ","Theo Kane",,"63","192","2020-6-28","Victoria","BC","Canada",,
"1689","12","12","3","78"," ","Theo Kane",,"65","192","2020-6-28","Victoria","BC","Canada",,
"1693","12","12","3","80"," ","Easton Schaffer",,"74","193","2021-6-28","Charlottetown","PE","Canada",,
"1694","12","12","3","78"," ","Bouch Bomb",,"75","200","2020-6-28","Vancouver","BC","Canada",,
"1704","12","12","3","77"," ","Jeyeff Effo",,"81","215","2020-6-28","Reykjavík","HöF","Iceland",,
"1734","12","12","3","78"," ","Barcus Juneau",,"73","195","2021-5-9","Toronto","ON","Canada",,
"1734","12","12","3","79"," ","Barcus Juneau",,"73","195","2021-5-9","Toronto","ON","Canada",,
"1734","12","12","3","81"," ","Barcus Juneau",,"73","195","2021-5-9","Toronto","ON","Canada",,
"1744","12","12","3","79"," ","Micoolis Gonnawinthecup",,"76","240","2021-3-6","Hamilton","ON","Canada",,
"1744","12","12","3","80"," ","Micoolis Gonnawinthecup",,"76","240","2021-3-6","Hamilton","ON","Canada",,
"1746","12","12","3","66"," ","Jacques Hammer",,"72","220","2009-7-9","Beamsville","ON","Canada",,
"1749","12","12","3","78"," ","Josie Cass",,"72","150","2021-6-18","St. John's","NL","Canada",,
"1749","12","12","3","80"," ","Josie Cass",,"72","150","2021-6-18","St. John's","NL","Canada",,
"1751","12","12","3","80"," ","Arvinder Singh",,"70","205","2021-9-20","Brampton","ON","Canada",,
"1753","12","12","3","78"," ","Master Empoleon",,"75","220","2021-7-5","Calgary","AB","Canada",,
"1759","12","12","3","78"," ","Charles Louchard",,"74","190","2021-5-6","Montreal","QC","Canada",,
"1764","12","12","3","65"," ","Thomas Nitro",,"72","200","2009-12-6","Orillia","ON","Canada",,
"1765","12","12","3","65"," ","Lucas Percy",,"72","220","2009-12-5","St. Catharines","ON","Canada",,
"1766","12","12","3","65"," ","Flackoveli Lagerfeld",,"74","205","2009-10-11","Palo Alto","CA","The United States",,
"1767","12","12","3","65"," ","Tim Honks",,"75","215","2009-6-12","Parma","OH","The United States",,
"1768","12","12","3","65"," ","Matty Ice",,"74","220","2009-9-25","Reno","NV","The United States",,
"1769","12","12","3","65"," ","Diablo Rose",,"69","155","2009-7-9","Gatineau","QC","Canada",,
"1769","12","12","3","66"," ","Diablo Rose",,"70","155","2009-7-9","Saint-Alexandre","QC","Canada",,
"1770","12","12","3","65"," ","Xman Damson Jr",,"72","200","2009-11-28","Wood Dale","IL","The United States",,
"1771","12","12","3","65"," ","Manny Pizza",,"74","171","2009-10-17","Yeehaw Junction","FL","The United States",,
"1771","12","12","3","80"," ","Ivan Ivanovitch",,"73","197","2021-2-14","Moscow","MOS","Russia",,
"1772","12","12","3","65"," ","Parker Storr",,"74","195","2009-11-24","Malartic","QC","Canada",,
"1773","12","12","3","65"," ","Pepega Paquette",,"74","215","2009-11-12","Hamilton","ON","Canada",,
"1774","12","12","3","65"," ","Nathan Gohm",,"71","190","2009-5-28","Haldimand County","ON","Canada",,
"1775","12","12","3","65"," ","Beau Coconut",,"76","235","2009-9-17","Seattle","WA","The United States",,
"1776","12","12","3","65"," ","Awcrap Ihavethepuck",,"72","200","2009-12-8","Fayetteville","NC","The United States",,
"1777","12","12","3","65"," ","Andrew Willis",,"73","183","2009-2-8","Laguna Niguel","CA","The United States",,
"1782","12","12","3","78"," ","Jeremy Louchard",,"70","170","2021-6-6","Quebec City","QC","Canada",,
"1787","12","12","3","79"," ","Jacob Marsh",,"75","210","2021-4-9","Hamilton","ON","Canada",,
"1804","12","12","3","79"," ","Mick Geno",,"74","197","2021-12-26","Halifax","NS","Canada",,
"1806","12","12","3","80"," ","Geno Vajihollahi",,"78","215","2021-3-26","Kelowna","BC","Canada",,
"1807","12","12","3","79"," ","Chuck Stewart",,"76","210","2021-4-16","Calgary","AB","Canada",,
"1807","12","12","3","80"," ","Chuck Stewart",,"76","210","2021-4-16","Calgary","AB","Canada",,
"1807","12","12","3","81"," ","Chuck Stewart",,"76","210","2021-4-16","Calgary","AB","Canada",,
"1812","12","12","3","81"," ","Tip Toasty",,"73","200","2021-2-12","Crescent City","CA","The United States",,
"1813","12","12","3","81"," ","Roisin Armagh",,"75","220","2021-3-15","Dublin","DUB","Ireland",,
"1814","12","12","3","80"," ","Dominic Enselmo",,"71","197","2021-10-27","Salerno","CAM","Italy",,
"1814","12","12","3","81"," ","Dominic Enselmo",,"71","197","2021-10-27","Salerno","CAM","Italy",,
"1821","12","12","3","78"," ","Christina Fantobens",,"65","150","2021-5-26","Toronto","ON","Canada",,
"1821","12","12","3","80"," ","Christina Fantobens",,"66","150","2021-5-26","Toronto","ON","Canada",,
"1821","12","12","3","81"," ","Christina Fantobens",,"66","150","2021-5-26","Toronto","ON","Canada",,
"1822","12","12","3","80"," ","Badger Hennessy",,"70","195","2021-3-6","Moose Jaw","SK","Canada",,
"1824","12","12","3","79"," ","Mel Guolla",,"75","210","2021-4-7","Hamilton","ON","Canada",,
"1824","12","12","3","82"," ","Mel Guolla",,"75","210","2021-4-7","Hamilton","ON","Canada",,
"1826","12","12","3","78"," ","Anthony Louchard",,"70","170","2021-4-10","Shawinigan","QC","Canada",,
"1828","12","12","3","79"," ","TBFAW",,"69","200","2021-1-23","Edmonton","AB","Canada",,
"1828","12","12","3","80"," ","TBFAW",,"69","200","2021-1-23","Edmonton","AB","Canada",,
"1869","12","12","3","77"," ","Spaceman Spiff",,"71","205","2021-6-28","Winnipeg","MB","Canada",,
"1869","12","12","3","78"," ","Spaceman Spiff",,"71","205","2021-6-28","Winnipeg","MB","Canada",,
"1870","12","12","3","77"," ","PeanutButter Zamboni",,"79","250","2021-6-28","Ottawa","ON","Canada",,
"1870","12","12","3","78"," ","PeanutButter Zamboni",,"79","250","2021-6-28","Ottawa","ON","Canada",,
"1870","12","12","3","79"," ","PeanutButter Zamboni",,"79","250","2021-6-28","Ottawa","ON","Canada",,
"1870","12","12","3","80"," ","PeanutButter Zamboni",,"79","250","2021-6-28","Ottawa","ON","Canada",,
"1871","12","12","3","77"," ","Oleksandr D. Unikov",,"78","235","2021-6-28","Kolochava","ZAK","Ukraine",,
"1872","12","12","3","77"," ","Nicolas Corrigan",,"71","185","2021-6-28","Halifax","NS","Canada",,
"1872","12","12","3","78"," ","Nicolas Corrigan",,"71","185","2021-6-28","Halifax","NS","Canada",,
"1872","12","12","3","79"," ","Nicolas Corrigan",,"71","185","2021-6-28","Halifax","NS","Canada",,
"1872","12","12","3","80"," ","Nicolas Corrigan",,"71","185","2021-6-28","Halifax","NS","Canada",,
"1873","12","12","3","77"," ","Matthias",,"78","270","2021-6-28","Alert","NU","Canada",,
"1874","12","12","3","77"," ","Keith McSmith",,"71","300","2021-6-28","Red Deer","AB","Canada",,
"1875","12","12","3","77"," ","Jonny Fox",,"79","229","2021-6-28","Ottawa","ON","Canada",,
"1876","12","12","3","77"," ","Elliot Alderson",,"73","205","2021-6-28","Toronto","ON","Canada",,
"1876","12","12","3","78"," ","Elliot Alderson",,"73","205","2021-6-28","Toronto","ON","Canada",,
"1876","12","12","3","79"," ","Elliot Alderson",,"73","205","2021-6-28","Toronto","ON","Canada",,
"1877","12","12","3","79"," ","Ty Justice",,"74","200","2021-6-28","Edmonton","AB","Canada",,
"1877","12","12","3","80"," ","Ty Justice",,"74","200","2021-6-28","Edmonton","AB","Canada",,
"1878","12","12","3","78"," ","Nanashi Mumei",,"75","215","2021-6-28","Ottawa","ON","Canada",,
"1880","12","12","3","78"," ","Leighton Oligny",,"74","200","2021-6-28","Rouyn-Noranda","QC","Canada",,
"2101","12","12","3","79"," ","Colton Paraygeko",,"78","235","2022-6-28","Canmore","AB","Canada",,
"2101","12","12","3","82"," ","Colton Paraygeko",,"78","235","2022-6-28","Canmore","AB","Canada",,
"2103","12","12","3","79"," ","Ethan Cross",,"71","200","2022-6-28","Toronto","ON","Canada",,
"2103","12","12","3","80"," ","Ethan Cross",,"71","200","2022-6-28","Toronto","ON","Canada",,
"2103","12","12","3","81"," ","Ethan Cross",,"71","200","2022-6-28","Toronto","ON","Canada",,
"2103","12","12","3","82"," ","Ethan Cross",,"71","200","2022-6-28","Toronto","ON","Canada",,
"2104","12","12","3","79"," ","Hamilton Steelhawk",,"83","269","2022-6-28","Hamilton","ON","Canada",,
"2104","12","12","3","81"," ","Hamilton Steelhawk",,"83","269","2022-6-28","Hamilton","ON","Canada",,
"2105","12","12","3","80"," ","Scott Fortune",,"74","210","2022-6-28","Oshawa","ON","Canada",,
"2106","12","12","3","79"," ","Trey Lambert-Gill",,"74","185","2022-6-28","Estevan","SK","Canada",,
"2106","12","12","3","81"," ","Trey Lambert-Gill",,"74","185","2022-6-28","Estevan","SK","Canada",,
"2107","12","12","3","80"," ","Zac Peters",,"75","210","2022-6-28","Toronto","ON","Canada",,
"2107","12","12","3","82"," ","Zac Peters",,"75","210","2022-6-28","Toronto","ON","Canada",,
"2108","12","12","3","79"," ","Aaron Noxus",,"72","200","2022-6-28","Toronto","ON","Canada",,
"2108","12","12","3","80"," ","Aaron Noxus",,"72","200","2022-6-28","Toronto","ON","Canada",,
"2108","12","12","3","82"," ","Aaron Noxus",,"72","200","2022-6-28","Toronto","ON","Canada",,
"2111","12","12","3","81"," ","Jack Ellul",,"74","200","2022-6-28","Gibsons","BC","Canada",,
"2111","12","12","3","82"," ","Jack Ellul",,"74","200","2022-6-28","Gibsons","BC","Canada",,
"2112","12","12","3","79"," ","Jean Bon",,"74","225","2022-6-28","Montreal","QC","Canada",,
"2112","12","12","3","80"," ","Jean Bon",,"74","225","2022-6-28","Montreal","QC","Canada",,
"2141","12","12","3","82"," ","Chungledown Bim",,"77","220","2022-6-28","Vatican City","VAC","Vatican City",,
"2144","12","12","3","82"," ","Jayson Flemmings",,"71","175","2022-6-28","London","ON","Canada",,
"2158","12","12","3","81"," ","Apollo Seaborne",,"72","198","2022-6-28","Abbotsford","BC","Canada",,
"2269","12","12","3","80"," ","Claude L'Castor",,"76","250","2023-6-28","Laval","QC","Canada",,
"2269","12","12","3","81"," ","Claude L'Castor",,"76","250","2023-6-28","Laval","QC","Canada",,
"2269","12","12","3","83"," ","Claude L'Castor",,"76","250","2023-6-28","Laval","QC","Canada",,
"2271","12","12","3","81"," ","Joe Primeau",,"74","231","2023-6-28","Montreal","QC","Canada",,
"2271","12","12","3","82"," ","Joe Primeau",,"74","231","2023-6-28","Montreal","QC","Canada",,
"2271","12","12","3","83"," ","Joe Primeau",,"74","231","2023-6-28","Montreal","QC","Canada",,
"2276","12","12","3","81"," ","No Cheddar",,"74","205","2023-6-28","Mississauga","ON","Canada",,
"2279","12","12","3","81"," ","Brett McMann",,"74","210","2023-6-28","Toronto","ON","Canada",,
"2282","12","12","3","81"," ","Matteo Lorletta",,"71","175","2023-6-28","Vancouver","BC","Canada",,
"2284","12","12","3","81"," ","Tom O'Donnell",,"78","200","2023-6-28","Toronto","ON","Canada",,
"2284","12","12","3","82"," ","Tom O'Donnell",,"78","200","2023-6-28","Toronto","ON","Canada",,
"2286","12","12","3","83"," ","Dydney Frosby",,"71","201","2023-6-28","Cole Harbour","NS","Canada",,
"2291","12","12","3","81"," ","Ryan Dino-Nugget Hopkins",,"75","230","2023-6-28","Toronto","ON","Canada",,
"2436","12","12","3","81"," ","K.J Daniels",,"76","248","2024-6-28","Calgary","AB","Canada",,
"2436","12","12","3","82"," ","K.J Daniels",,"76","248","2024-6-28","Calgary","AB","Canada",,
"2437","12","12","3","81"," ","Leon Dusty",,"71","185","2024-6-28","Mississauga","ON","Canada",,
"2441","12","12","3","83"," ","Evil Jordan Humphrey",,"76","225","2024-6-28","Texas City","TX","Canada",,
"2457","12","12","3","82"," ","Gabriel Savoie",,"73","210","2024-6-28","Edmonton","AB","Canada",,
"2465","12","12","3","82"," ","Toivo Jokinen",,"74","208","2024-6-28","Forssa","KAN","Finland",,
"2469","12","12","3","82"," ","George Dankse",,"74","210","2024-6-28","Halifax","NS","Canada",,
"2473","12","12","3","82"," ","Lou Logsky",,"69","150","2024-6-28","Burlington","ON","Canada",,
"2473","12","12","3","84"," ","Lou Logsky",,"69","150","2024-6-28","Burlington","ON","Canada",,
"2481","12","12","3","82"," ","Krish Gainz",,"71","185","2024-6-28","Mississauga","ON","Canada",,
"2487","12","12","3","82"," ","Rawbie Gardner",,"71","187","2024-6-28","Halifax","NS","Canada",,
"2487","12","12","3","83"," ","Rawbie Gardner",,"71","187","2024-6-28","Halifax","NS","Canada",,
"2487","12","12","3","84"," ","Rawbie Gardner",,"71","187","2024-6-28","Halifax","NS","Canada",,
"2510","12","12","3","82"," ","Johan Lodewyk",,"73","200","2024-6-28","Mosselbay","WES","South Africa",,
"2510","12","12","3","83"," ","Johan Lodewyk",,"73","200","2024-6-28","Mosselbay","WES","South Africa",,
"2510","12","12","3","84"," ","Johan Lodewyk",,"73","200","2024-6-28","Mosselbay","WES","South Africa",,
"2613","12","12","3","82"," ","Beau Boudreaux",,"78","237","2025-6-28","Gatineau","QC","Canada",,
"2613","12","12","3","84"," ","Beau Boudreaux",,"78","237","2025-6-28","Gatineau","QC","Canada",,
"2614","12","12","3","82"," ","Iam Essellemm Jr.",,"78","240","2025-6-28","Montreal","QC","Canada",,
"2614","12","12","3","83"," ","Iam Essellemm Jr.",,"78","240","2025-6-28","Montreal","QC","Canada",,
"2614","12","12","3","85"," ","Iam Essellemm Jr.",,"78","240","2025-6-28","Montreal","QC","Canada",,
"2615","12","12","3","84"," ","Jonny Hockey",,"76","212","2025-6-28","Sudbury","ON","Canada",,
"2616","12","12","3","85"," ","Zara Wolf",,"75","203","2025-6-28","Invermere","BC","Canada",,
"2622","12","12","3","84"," ","Junior Chicken",,"77","205","2025-6-28","Flin Flon","MB","Canada",,
"2631","12","12","3","83"," ","Greed",,"75","205","2025-6-28","Toronto","ON","Canada",,
"2636","12","12","3","83"," ","Roi DuPain",,"73","222","2025-6-28","Montreal","QC","Canada",,
"2639","12","12","3","84"," ","Cj Foley",,"75","220","2025-6-28","Dartmouth","NS","Canada",,
"2647","12","12","3","83"," ","Caline DeBine",,"75","200","2025-6-28","Montreal","QC","Canada",,
"2647","12","12","3","84"," ","Caline DeBine",,"75","200","2025-6-28","Montreal","QC","Canada",,
"2647","12","12","3","85"," ","Caline DeBine",,"75","200","2025-6-28","Montreal","QC","Canada",,
"2650","12","12","3","83"," ","Cujo Pirelli",,"72","210","2025-6-28","St. John's","NL","Canada",,
"2680","12","12","3","85"," ","Darnell Mohamed Johnson Herrera",,"76","230","2025-6-28","Mexico City","DIS","Mexico",,
"2786","12","12","3","83"," ","Zachary Bolduc",,"72","170","2026-6-28","Trois-Rivieres","QC","Canada",,
"2787","12","12","3","83"," ","William McGirthy",,"72","200","2026-6-28","Calgary","AB","Canada",,
"2788","12","12","3","83"," ","Rekkit Ralf",,"75","230","2026-6-28","Mississauga","ON","Canada",,
"2789","12","12","3","83"," ","Newman Douglas",,"73","210","2026-6-28","Saskatoon","SK","Canada",,
"2789","12","12","3","85"," ","Newman Douglas",,"73","210","2026-6-28","Saskatoon","SK","Canada",,
"2790","12","12","3","83"," ","Mrkicksave41",,"74","200","2026-6-28","Fredericton","NB","Canada",,
"2791","12","12","3","83"," ","Matthew Thompson",,"77","210","2026-6-28","Climax","SK","Canada",,
"2791","12","12","3","84"," ","Matthew Thompson",,"77","210","2026-6-28","Climax","SK","Canada",,
"2792","12","12","3","83"," ","Henri Allard Morin",,"76","225","2026-6-28","Trois-Rivieres","QC","Canada",,
"2792","12","12","3","84"," ","Henri Allard Morin",,"76","225","2026-6-28","Trois-Rivieres","QC","Canada",,
"2792","12","12","3","85"," ","Henri Allard Morin",,"76","225","2026-6-28","Trois-Rivieres","QC","Canada",,
"2793","12","12","3","83"," ","Brett Montgomery",,"71","179","2026-6-28","Montreal","QC","Canada",,
"2793","12","12","3","84"," ","Brett Montgomery",,"71","179","2026-6-28","Montreal","QC","Canada",,
"2794","12","12","3","83"," ","Allie Lefebvre",,"71","178","2026-6-28","Baie-Comeau","QC","Canada",,
"2794","12","12","3","85"," ","Allie Lefebvre",,"71","178","2026-6-28","Baie-Comeau","QC","Canada",,
"2797","12","12","3","85"," ","Gabriel Oliver Koivu",,"76","215","2026-6-28","Hamilton","ON","Canada",,
"2798","12","12","3","84"," ","Carson Glover",,"71","210","2026-6-28","Laval","QC","Canada",,
"2798","12","12","3","85"," ","Carson Glover",,"71","210","2026-6-28","Laval","QC","Canada",,
"2799","12","12","3","84"," ","Bo Jangles",,"75","185","2026-6-28","Toronto","ON","Canada",,
"2813","12","12","3","84"," ","Brodie James",,"72","160","2026-6-28","Toronto","ON","Canada",,
"2963","12","12","3","84"," ","Alan Bay",,"72","210","2027-6-28","Ottawa","ON","Canada",,
"2964","12","12","3","84"," ","Annie Time",,"66","150","2027-6-28","Quebec City","QC","Canada",,
"2965","12","12","3","84"," ","Daniel Gatlinn",,"71","193","2027-6-28","Winnipeg","MB","Canada",,
"2965","12","12","3","85"," ","Daniel Gatlinn",,"71","193","2027-6-28","Winnipeg","MB","Canada",,
"2966","12","12","3","84"," ","Logan Groulx",,"75","195","2027-6-28","Ottawa","ON","Canada",,
"2967","12","12","3","84"," ","Shino Takita",,"77","250","2027-6-28","Vancouver","BC","Canada",,
"2968","12","12","3","84"," ","XBL",,"79","200","2027-6-28","Toronto","ON","Canada",,
"3122","12","12","3","85"," ","Theo Seber",,"75","205","2028-6-28","Red Deer","AB","Canada",,
"3123","12","12","3","85"," ","Ryder Halak the Second",,"72","200","2028-6-28","Montreal","QC","Canada",,
"3124","12","12","3","85"," ","Phil Nasty",,"79","235","2028-6-28","Toronto","ON","Canada",,
"3125","12","12","3","85"," ","Lily Frostpetal",,"63","150","2028-6-28","Trois-Rivieres","QC","Canada",,
"3126","12","12","3","85"," ","Jimmy Fournier",,"63","195","2028-6-28","Gatineau","QC","Canada",,
"3127","12","12","3","85"," ","Jeremy mackay",,"70","200","2028-6-28","Fredericton","NB","Canada",,
"3128","12","12","3","85"," ","Hondo Ohnaka",,"73","176","2028-6-28","Ottawa","ON","Canada",,
"3129","12","12","3","85"," ","Holton Ganwer",,"76","212","2028-6-28","Timmins","ON","Canada",,
"3130","12","12","3","85"," ","Axel Akerson",,"72","200","2028-6-28","Ottawa","ON","Canada",,
"3131","12","12","3","85"," ","Andrin Brunet",,"78","250","2028-6-28","Quebec City","QC","Canada",,
"900001","12","12","3","65"," ","Anthony Dionne",,"76","225","2008-9-19","Blainville","QC","Canada",,
"900014","12","12","3","57"," ","Cody Spinka",,"76","230","2002-10-9","Saskatoon","SK","Canada",,
"900014","12","5","3","58"," ","Cody Spinka",,"76","230","2002-10-9","Saskatoon","SK","Canada",,
"900015","12","12","3","66",NULL,"D Jobin",NULL,"76","230","2009-1-18","Conception Bay South","NL","Canada",NULL,NULL
"900025","12","12","3","66"," ","John Brown",,"75","204","2010-9-21","Connellsville","PA","The United States",,
"900027","12","12","3","66"," ","Jon Bell",,"72","170","2010-4-30","Baltimore","OH","The United States",,
"900042","12","12","3","66"," ","Rush Justice",,"72","200","2010-9-19","Edmonton","AB","Canada",,
"900042","12","12","3","67"," ","Rush Justice",,"72","200","2008-7-16","Edmonton","AB","Canada",,
"900050","12","12","3","66"," ","The Terrence",,"75","215","2010-7-8","Hazleton","PA","The United States",,
"3","13","13","3","57"," ","C.K. Supernaw",,"79","235","1998-7-31","Ft. Wayne","IN","The United States",,
"16","13","13","3","57"," ","Grape Fruit",,"70","190","1999-9-16","Raleigh","NC","The United States",,
"61","13","13","3","57"," ","Kyle Murray",,"77","215","1990-5-11","Anchorage","AK","The United States",,
"61","13","13","3","58"," ","Kyle Murray",,"77","215","1990-5-11","Anchorage","AK","The United States",,
"61","13","13","3","59"," ","Kyle Murray",,"77","215","1990-5-11","Anchorage","AK","The United States",,
"61","13","13","3","60"," ","Kyle Murray",,"77","215","1990-5-11","Anchorage","AK","The United States",,
"61","13","13","3","61"," ","Kyle Murray",,"77","215","1990-5-11","Anchorage","AK","The United States",,
"61","13","13","3","62"," ","Kyle Murray",,"77","215","1990-5-11","Anchorage","AK","The United States",,
"74","13","13","3","70"," ","Matt Ox",,"72","200","2010-5-4","Philadelphia","PA","The United States",,
"87","13","13","3","64"," ","Aleksandr Iskandrov",,"77","200","2008-8-5","York","PA","The United States",,
"104","13","13","3","61"," ","San-sam Emerson",,"74","200","2000-1-6","East Quincy","CA","South Korea",,
"104","13","13","3","62"," ","San-sam Emerson",,"74","200","2000-1-6","East Quincy","CA","South Korea",,
"111","13","13","3","68"," ","Don Juanary",,"74","213","2011-8-8","Calgary","AB","Canada",,
"137","13","13","3","69"," ","Edvin Kalberg",,"79","243","2009-12-24","Hamar","HED","Norway",,
"146","13","13","3","70"," ","Andrei Nikitin",,"75","220","2009-1-13","Kazanskaya","ROS","Russia",,
"200","13","13","3","58"," ","Tyler Ward",,"32","200","1991-8-17","Brooklyn","NY","The United States",,
"201","13","13","3","57"," ","David Danielson",,"73","200","1993-2-26","Ft. Worth","TX","The United States",,
"201","13","13","3","58"," ","David Danielson",,"73","200","1993-2-26","Ft. Worth","TX","The United States",,
"204","13","13","3","59"," ","Tomas Kalnoky",,"70","186","2000-5-19","Loveland","CO","Czech Republic",,
"245","13","13","3","57"," ","Noah Johns III",,"70","180","2000-1-31","Richland","WA","The United States","Sweden",
"245","13","13","3","58"," ","Noah Johns III",,"70","180","2000-1-31","Richland","WA","The United States","Sweden",
"287","13","13","3","57"," ","Sammy Blaze",,"74","215","1993-10-10","Jackson","MO","The United States",,
"305","13","13","3","65"," ","Hodor",,"84","300","2009-4-21","Sikeston","MO","The United States",,
"305","13","13","3","66"," ","Hodor",,"84","300","2009-4-21","Berthoud","CO","The United States",,
"308","13","13","3","59"," ","Randy Marsh",,"73","210","2000-12-1","Phoenix","AZ","Austria",,
"308","13","13","3","60"," ","Randy Marsh",,"73","210","2000-12-1","Phoenix","AZ","Austria",,
"313","13","13","3","57"," ","Dwayne Gretzky",,"74","215","2000-7-27","Trenton","NJ","The United States",,
"315","13","13","3","57"," ","James Hagan",,"73","200","2000-11-8","Dallas","TX","The United States",,
"315","13","13","3","58"," ","James Hagan",,"73","200","2000-11-8","Dallas","TX","The United States",,
"322","13","13","3","57"," ","Xavier Doom",,"74","220","2000-5-26","Rekhasim","HAI","Iceland",,
"331","13","13","3","58"," ","Edward Teach",,"75","220","2002-12-29","Merritt Island","FL","The United States",,
"337","13","13","3","70"," ","Daniel Grumathan",,"72","190","2012-8-26","Dortmund","NOR","Germany",,
"365","13","13","3","68"," ","Grzegorz Brzeczyszczykiewicz",,"74","222","2011-5-10","Chrzanzw","MAL","Poland",,
"367","13","13","3","57"," ","Colin Lambert",,"72","185","2000-4-30","Defiance","OH","The United States",,
"391","13","13","3","58"," ","Lebron Brady",,"70","170","2000-9-2","Kalamazoo","MI","The United States",,
"400","13","13","3","66"," ","Lazos Otasrob",,"76","215","2010-2-3","Calgary","AB","Canada",,
"415","13","13","3","70"," ","Loosh O'Sullivan",,"74","240","2009-8-1","Boston","MA","The United States",,
"417","13","13","3","68"," ","Mushu The Dragon",,"74","225","2011-11-3","Rouses Point","NY","China",,
"427","13","13","3","57"," ","Sean Gatez",,"76","220","2000-3-8","Denver","CO","The United States",,
"429","13","13","3","67"," ","Otter Von Bismarck",,"60","150","2008-12-27","Malibu","CA","Germany",,
"430","13","13","3","67"," ","Walter Sobchak",,"76","210","2009-9-8","Melville","SK","Canada",,
"432","13","13","3","70"," ","Sam Conroy",,"78","195","2011-10-14","Bochum","NOR","Germany",,
"433","13","13","3","67"," ","Brenden Laroux",,"76","224","2008-10-2","Sainte-Verge","POI","France",,
"433","13","13","3","68"," ","Brenden Laroux",,"76","224","2008-10-2","Sainte-Verge","POI","France",,
"434","13","13","3","67"," ","Jason Robinson",,"74","210","2009-6-25","New York","NY","The United States",,
"434","13","13","3","68"," ","Jason Robinson",,"74","210","2009-6-25","New York","NY","The United States",,
"438","13","13","3","67"," ","Issac Forty-One",,"73","200","2008-8-28","Schaffhausen","SH","Switzerland",,
"439","13","13","3","67"," ","Finn Brandt",,"73","200","2008-6-4","Munich","BAV","Germany",,
"442","13","13","3","67"," ","Jacob Fournier",,"75","210","2002-5-8","Vancouver","BC","Canada",,
"450","13","13","3","67"," ","Adam Prpich",,"73","208","2008-11-9","Zagreb","GRA","Croatia",,
"453","13","13","3","67"," ","Klaes Ashford",,"73","200","2010-10-31","Brisbane","QLD","Australia",,
"454","13","13","3","67"," ","e e",,"83","200","2009-11-25","Calgary","AB","Canada",,
"454","13","13","3","68"," ","e e",,"83","200","2009-11-25","Calgary","AB","Canada",,
"459","13","13","3","67"," ","Ignacio Garza",,"77","227","2009-10-15","Jurupa Valley","CA","Spain",,
"461","13","13","3","67"," ","Grimmjow Jaegerjaquez",,"73","176","2009-7-5","St. Louis","MI","The United States",,
"461","13","13","3","68"," ","Grimmjow Jaegerjaquez",,"73","176","2009-7-5","St. Louis","MI","The United States",,
"473","13","13","3","58"," ","Fedor Sotakov",,"72","197","2001-10-2","Novokuznetsk","KEM","Russia",,
"476","13","13","3","58"," ","Mats LaFleur",,"72","200","2001-7-5","Pittsburgh","PA","The United States",,
"488","13","13","3","58"," ","Alimony Tony",,"72","210","2001-11-18","Milwaukee","WI","The United States",,
"489","13","13","3","58"," ","LaTrell Mcdonald",,"74","220","2002-5-4","New York","NY","The United States",,
"490","13","13","3","58"," ","Daud Ramza",,"72","205","2001-10-24","London","ENG","England",,
"491","13","13","3","68"," ","Luca Pane",,"68","202","2011-2-26","Milan","LOM","Italy",,
"494","13","13","3","58"," ","Daniel Merica Jr.",,"73","190","2002-4-16","Nashville","TN","The United States",,
"501","13","13","3","58"," ","Aidan Quinn",,"75","220","2002-6-12","Pittsburgh","PA","The United States",,
"505","13","13","3","58"," ","Brent Ashe",,"71","210","2002-5-20","Gastonia","NC","The United States",,
"511","13","13","3","58"," ","Gino Lombardo",,"76","240","2001-11-28","New York Mills","NY","The United States",,
"522","13","13","3","58"," ","Ryan Gardner",,"76","251","2002-1-27","Arlington","VA","The United States",,
"525","13","13","3","58"," ","Miguel Hefeweizen",,"74","205","2001-8-20","Vienna","WIE","Austria",,
"545","13","13","3","68"," ","Mito Chondria",,"75","222","2011-10-26","Nicosia","REP","Russia",,
"549","13","13","3","57"," ","Sammy Koa",,"72","198","2000-4-23","Chicago","IL","The United States",,
"572","13","13","3","59"," ","Senji Setekl",,"74","250","2002-11-12","North Highlands","CA","Japan",,
"582","13","13","3","59"," ","Duncan The Walrus",,"83","300","2003-1-30","Cleveland","OH","Russia",,
"587","13","13","3","59"," ","Karl Detloff",,"72","189","2002-8-14","Grosse Pointe Woods","MI","Germany",,
"591","13","13","3","61"," ","Wayne Glensky",,"67","170","2003-1-21","Skowhegan","ME","Switzerland",,
"594","13","1","3","58"," ","Chad Danger",,"77","225","2002-12-13","Marlton","NJ","The United States",,
"598","13","13","3","59"," ","Ragnar Ragnarsson",,"74","215","2003-6-4","Baker City","OR","England",,
"600","13","13","3","59"," ","Mikhail Novikov",,"72","202","2003-6-7","Marana","AZ","Russia",,
"602","13","13","3","59"," ","Rob Ford",,"72","220","2003-5-8","Brooklyn","NY","Czech Republic",,
"605","13","13","3","59"," ","Lev Lebedev",,"72","200","2002-8-20","Budd Lake","NJ","Russia",,
"606","13","13","3","59"," ","Zhen Roza",,"77","200","2002-12-6","Crescent City","CA","Russia",,
"607","13","13","3","59"," ","Doug Glatt",,"74","220","2003-2-20","Knoxville","TN","Scotland",,
"608","13","13","3","68"," ","Ace Lightning",,"75","210","2009-10-16","Chicago","IL","The United States",,
"609","13","13","3","59"," ","Alf Magnusson",,"76","225","2003-5-19","Parkersburg","WV","Norway",,
"610","13","13","3","59"," ","Francois Gange",,"71","195","2003-1-3","Mt. Vernon","NY","France",,
"613","13","13","3","61"," ","Gus Ceroni",,"72","203","2002-11-9","Vancouver","BC","Canada",,
"614","13","13","3","59"," ","JJ James Jamerson Angler",,"76","200","2003-3-17","Lanham-Seabrook","MD","Germany",,
"619","13","13","3","59"," ","Philip Demitra",,"71","190","2003-5-29","New York","NY","Czech Republic",,
"620","13","13","3","61"," ","Alexej Komarek",,"76","230","2003-6-24","San Antonio","TX","Czech Republic",,
"622","13","13","3","59"," ","Alfred Yankovic",,"72","185","2002-12-20","Orlando","FL","Austria",,
"625","13","13","3","59"," ","Towelie",,"68","226","2003-5-15","Tampa","FL","Canada",,
"626","13","13","3","61"," ","Max Pane ",,"75","215","2003-4-13","Calgary","AB","Canada",,
"626","13","13","3","70"," ","Walter Ulrich",,"75","215","2011-10-20","Hamburg","HAM","Germany",,
"630","13","13","3","57"," ","Twenty Twenty",,"63","150","2004-3-10","Copenhagen","FRE","Denmark",,
"630","13","13","3","58"," ","Twenty Twenty",,"66","150","2004-3-10","Copenhagen","FRE","Denmark",,
"631","13","13","3","71"," ","Noah Charlevoix",,"74","193","2011-8-22","Laval","QC","Canada",,
"632","13","13","3","61"," ","Cody Sherman",,"73","188","2003-8-9","New York","NY","The United States",,
"633","13","13","3","61"," ","Deshawn Booker",,"71","190","2004-2-18","Los Angeles","CA","The United States",,
"636","13","13","3","61"," ","Anzelms Krastine",,"77","235","2003-11-24","La Marque","TX","Latvia",,
"637","13","13","3","61"," ","Aleksei Volkov",,"75","215","2003-11-21","Glendale","CA","Russia",,
"641","13","13","3","61"," ","Ivan Lacksamus",,"73","200","2003-8-24","Sun Valley","NV","Switzerland",,
"642","13","13","3","69"," ","Famous Chicken",,"83","200","2013-5-14","Heerlen","ZUI","The Netherlands",,
"643","13","13","3","57"," ","Danny C",,"74","200","2004-1-20","Washington","DC","The United States",,
"643","13","13","3","69"," ","Grisha Uskjal",,"77","220","2013-3-21","Ashland","MA","The United States",,
"644","13","13","3","61"," ","St?phane Bababoo?y",,"76","220","2004-1-15","Thompson","MB","Canada",,
"645","13","13","3","69"," ","Mu Wisconsin",,"71","195","2013-4-17","Sapporo","HOK","Japan",,
"646","13","13","3","57"," ","Hunter Sharpe",,"72","175","2004-5-12","Calgary","AB","Canada",,
"649","13","13","3","72"," ","Sim Wen",,"72","190","2013-1-25","Albuquerque","NM","The United States",,
"650","13","13","3","61"," ","Marek Sk?da",,"75","200","2004-5-11","Malta","MT","Czech Republic",,
"651","13","13","3","57"," ","Gregory Goode",,"75","225","2004-1-2","Tulsa","OK","The United States",,
"651","13","13","3","69"," ","Shorsey Wobet",,"71","215","2013-4-8","Jacksonville","NY","The United States",,
"655","13","13","3","61"," ","Rafael Boeck",,"69","169","2003-12-23","Hornell","NY","Germany",,
"659","13","13","3","61"," ","Chicago Bound",,"78","275","2003-10-10","New York","NY","Russia",,
"660","13","13","3","69"," ","George Walsh",,"78","215","2011-12-17","Wexford","WEX","Ireland",,
"663","13","13","3","61"," ","Viktor Anderson",,"72","185","2004-5-14","Philadelphia","PA","Latvia",,
"665","13","13","3","70"," ","Aurora Azjha",,"68","200","2011-5-4","Burtenbach","BAV","Latvia",,
"667","13","13","3","63"," ","Kentaro Kikuchi",,"74","202","2003-8-28","Whitewater","WI","Japan",,
"667","13","13","3","64"," ","Kentaro Kikuchi",,"74","202","2003-8-28","Whitewater","WI","Japan",,
"667","13","13","3","69"," ","Wednesday Addams",,"67","150","2011-7-27","New York","NY","The United States",,
"670","13","13","3","62"," ","Bilbo Baggins",,"61","151","2004-2-10","Valley Stream","NY","Ireland",,
"670","13","13","3","63"," ","Bilbo Baggins",,"61","151","2004-2-10","Valley Stream","NY","Ireland",,
"672","13","13","3","57"," ","AJ Tirrell",,"74","230","2004-1-4","Auburn","NY","The United States",,
"673","13","13","3","62"," ","Konstantin Strelka",,"75","200","2004-3-8","Smithtown","NY","Russia",,
"674","13","1","3","57"," ","Austin Smith",,"73","207","2004-1-23","Spokane","WA","The United States",,
"675","13","13","3","61"," ","Ulyana Mironova",,"65","180","2003-7-17","Paterson","NJ","Russia",,
"676","13","13","3","57"," ","Jeff Nips",,"72","200","2003-8-27","Indianapolis","IN","The United States",,
"676","13","13","3","58"," ","Jeff Nips",,"72","200","2003-8-27","Indianapolis","IN","The United States",,
"676","13","13","3","69"," ","Lance Googoo",,"72","210","2011-12-16","Cape Breton Regional Munici","NS","Canada",,
"678","13","13","3","68"," ","Edward Flanders",,"76","225","2011-2-19","Reykjavík","HöF","Iceland",,
"682","13","13","3","57"," ","Coco Colin",,"71","225","2004-2-25","Los Angeles","CA","The United States",,
"682","13","13","3","58"," ","Coco Colin",,"71","225","2004-2-25","Los Angeles","CA","The United States",,
"682","13","13","3","59"," ","Coco Colin",,"71","225","2004-2-25","Los Angeles","CA","The United States",,
"682","13","13","3","60"," ","Coco Colin",,"71","225","2004-2-25","Los Angeles","CA","The United States",,
"682","13","13","3","61"," ","Coco Colin",,"71","225","2004-2-25","Los Angeles","CA","The United States",,
"682","13","13","3","62"," ","Coco Colin",,"71","225","2004-2-25","Los Angeles","CA","The United States",,
"683","13","13","3","72"," ","Kellen Watkins",,"74","185","2012-12-27","Osaka","OSA","Japan",,
"683","13","13","3","73"," ","Kellen Watkins",,"74","185","2012-12-27","Osaka","OSA","Japan",,
"685","13","13","3","69"," ","Jae Hyuk Choi",,"73","157","2013-6-8","Seoul","SEO","South Korea",,
"687","13","13","3","61"," ","Steven Cox",,"74","210","2004-6-19","Oshawa","ON","Canada",,
"689","13","13","3","57"," ","Ryuuji Kawashima",,"76","213","2004-1-10","Kashima","IBA","Japan",,
"691","13","13","3","65"," ","SD Core",,"74","225","2004-3-4","San Diego","CA","The United States",,
"691","13","13","3","71"," ","Iliket Urtles",,"76","215","2011-6-29","Skarsterlân","FRI","Norway",,
"692","13","13","3","58"," ","Wet Jeans",,"71","190","2004-3-27","Philadelphia","PA","The United States",,
"692","13","13","3","69"," ","Skoomina Hulk a Votto III",,"74","200","2013-5-12","Berlin","BER","Germany",,
"697","13","13","3","73"," ","Activity Check",,"78","200","2012-12-29","Osaka","OSA","Japan",,
"698","13","13","3","69"," ","Koa Gonzalez",,"67","205","2013-6-3","Sigulda","RIG","Latvia",,
"702","13","13","3","69"," ","Tibuk Soonika",,"81","210","2012-5-13","Zurich","ZH","Switzerland",,
"712","13","13","3","69"," ","Mit Wobet",,"74","205","2013-6-1","Jacksonville","NY","The United States",,
"714","13","13","3","70"," ","Merle Van Nistrelrooy",,"74","182","2012-1-6","New York","NY","The United States",,
"715","13","13","3","68"," ","Peter Tingle",,"73","190","2011-3-6","Nuuk","NUU","Greenland",,
"722","13","13","3","68"," ","Antoine Beauregard",,"75","221","2011-6-29","Marseillan","LAN","France",,
"723","13","13","3","72"," ","Red Panda",,"73","189","2012-10-14","Tokyo","TOK","Japan",,
"729","13","13","3","73"," ","Kazuchika Okada",,"75","236","2012-12-3","Anjo","AIC","Japan",,
"732","13","13","3","69"," ","Lea Cranberry",,"70","175","2013-2-27","Cumming","GA","The United States",,
"734","13","13","3","70"," ","Oliver Castillon",,"73","200","2012-1-5","Montpellier","LAN","France",,
"740","13","13","3","72"," ","Sith Happens",,"72","205","2014-6-4","Dublin","DUB","Ireland",,
"741","13","13","3","69"," ","Austin Doumakis",,"72","190","2013-6-6","Viersen","NOR","Germany",,
"741","13","13","3","70"," ","Austin Doumakis",,"72","190","2013-6-6","Viersen","NOR","Germany",,
"747","13","13","3","69"," ","Levin Schattenax",,"70","171","2012-11-22","Pratteln","BL","Switzerland",,
"747","13","13","3","70"," ","Levin Schattenaxt",,"71","171","2012-11-22","Pratteln","BL","Switzerland",,
"749","13","13","3","72"," ","Wain Gretski",,"72","185","2014-3-19","Iqaluit","NU","Canada",,
"751","13","13","3","71"," ","Jordan Thompson",,"75","215","2013-10-22","New Orleans","LA","The United States",,
"752","13","13","3","71"," ","Billy Hill",,"73","234","2013-12-4","Riga","RIG","Latvia",,
"757","13","13","3","57"," ","Jimmy Dekens",,"73","198","2002-4-16","Grand Rapids","MI","The United States",,
"757","13","13","3","58"," ","Jimmy Dekens",,"73","198","2002-4-16","Grand Rapids","MI","The United States",,
"759","13","13","3","58"," ","Jimmy Jimmy",,"74","163","2002-3-7","Calgary","AB","Canada",,
"763","13","13","3","69"," ","Bryson Basham",,"74","220","2013-3-25","Cleveland","OH","The United States",,
"763","13","13","3","71"," ","Bryson Basham",,"74","220","2013-3-25","Cleveland","OH","The United States",,
"765","13","13","3","71"," ","Smurfunkel Dothe",,"74","200","2013-4-12","Bodø","NOR","Norway",,
"766","13","13","3","70"," ","Antoine Gauthier",,"73","190","2013-9-3","Gatineau","QC","Canada",,
"767","13","13","3","71"," ","Gnabe Dabson",,"79","225","2013-4-6","Tigard","OR","Norway",,
"774","13","13","3","71"," ","Dylan Jacob-Smith",,"78","215","2013-8-23","Detroit","MI","The United States",,
"786","13","13","3","71"," ","Xavier Beausoleil",,"77","236","2013-10-3","Saint-Gabriel","QC","Canada",,
"791","13","13","3","70"," ","Net Man",,"74","216","2013-5-27","Raleigh","NC","The United States",,
"791","13","13","3","72"," ","Net Man",,"74","216","2013-5-27","Raleigh","NC","The United States","Finland",
"792","13","13","3","71"," ","Scott Seitz",,"72","200","2013-12-29","Düsseldorf","NOR","Germany",,
"794","13","13","3","69"," ","Fox Peur de Feu",,"74","225","2012-8-20","Saskatoon","SK","Canada",,
"794","13","13","3","70"," ","Fox Peur de Feu",,"74","225","2012-8-20","Saskatoon","SK","Canada",,
"795","13","13","3","69"," ","Charles Hamund",,"75","190","2012-9-8","Edmonton","AB","Canada",,
"798","13","13","3","71"," ","Jaden Tanner",,"74","220","2013-8-1","Tampa","FL","The United States",,
"804","13","13","3","72"," ","Jean-Francois Bokassa",,"69","258","2013-9-2","Bangui","BAN","Central African R",,
"806","13","13","3","71"," ","Adrians Skalbergs",,"74","205","2013-12-13","Riga","RIG","Latvia",,
"810","13","13","3","69"," ","Finn Weils",,"74","208","2012-12-18","Leipzig","SAX","Germany",,
"810","13","13","3","70"," ","Finn Weiss",,"74","208","2012-12-18","Leipzig","SAX","Germany",,
"811","13","13","3","71"," ","Arnost Hlemyzd",,"72","214","2013-12-27","Ústí nad Labem","UST","Czech Republic",,
"826","13","13","3","71"," ","Ally Mathieson",,"74","181","2015-2-22","Ski","AKE","Norway",,
"826","13","13","3","73"," ","Ally Mathieson",,"74","181","2015-2-22","Ski","AKE","Norway",,
"839","13","13","3","59"," ","Anton Harrieer",,"73","172","2006-1-31","Norwalk","CT","Scotland",,
"840","13","13","3","70"," ","Dan Geer",,"77","200","2015-1-22","Calgary","AB","Canada",,
"842","13","13","3","59"," ","Rinky McDangle",,"75","215","2006-1-21","Durant","OK","Ireland",,
"844","13","13","3","70"," ","Drew Sureshot",,"74","210","2015-2-6","Flossmoor","IL","The United States",,
"848","13","13","3","71"," ","Boho Biscuit",,"74","230","2014-12-27","Jeju","JEJ","South Korea",,
"848","13","13","3","73"," ","Boho Biscuit",,"74","230","2014-12-27","Jeju","JEJ","South Korea",,
"854","13","13","3","72"," ","Brock Samson",,"77","218","2014-12-1","Madison","WI","The United States",,
"863","13","13","3","70"," ","Davos Otasrob",,"78","225","2015-2-4","Calgary","AB","Canada",,
"866","13","13","3","72"," ","Inactive Forever",,"69","165","2015-1-24","Osaka","OSA","Japan",,
"866","13","13","3","73"," ","Inactive Forever",,"69","165","2015-1-24","Osaka","OSA","Japan",,
"870","13","13","3","70"," ","Bryce Mitchell",,"76","195","2015-1-17","Atlanta","GA","The United States",,
"883","13","13","3","70"," ","Sillysauce Mctartersauce",,"81","290","2015-4-10","Oslo","AKE","Norway",,
"890","13","13","3","71"," ","Erik Erikson",,"73","202","2014-12-1","Tromsø","TRO","Norway",,
"894","13","13","3","61"," ","Rebecca Montagne",,"69","170","2004-3-5","Bossier City","LA","France",,
"899","13","13","3","61"," ","Klondike Klinkhammer",,"78","220","2004-2-11","Minneapolis","MN","The United States",,
"904","13","13","3","59"," ","Tomas Zadina",,"73","196","2006-6-8","New York","NY","Czech Republic",,
"904","13","13","3","60"," ","Tomas Zadina",,"73","196","2006-6-8","New York","NY","Czech Republic",,
"908","13","13","3","58"," ","Dara McQuick",,"72","175","2003-9-21","Castlebar","MAY","Ireland",,
"909","13","13","3","58"," ","Mars Stanton",,"71","185","2003-7-15","Columbus","OH","The United States",,
"996","13","13","3","61"," ","Igor Isyanov",,"72","200","2004-11-25","Islip Terrace","NY","Russia",,
"997","13","13","3","59"," ","Jeffrey MacCabe",,"83","265","2004-7-24","Flint","MI","Ireland",,
"998","13","13","3","59"," ","Vladlen Sidorov",,"70","185","2004-2-20","Lincoln","CA","Russia",,
"1000","13","13","3","61"," ","Conner Snooks",,"70","190","2000-5-8","Swansea","WAL","England",,
"1035","13","13","3","63"," ","Vincent Fox",,"76","225","2000-6-17","Louisville","KY","The United States",,
"1057","13","13","3","63"," ","Osada Tamura",,"75","170","2000-12-19","Tokyo","TOK","Japan",,
"1058","13","13","3","63"," ","Leons Briedis",,"75","225","2000-11-24","Riga","RIG","Latvia",,
"1062","13","13","3","74"," ","Nico Nurminen",,"71","187","2016-2-13","Iisalmi","NSA","Finland",,
"1062","13","13","3","75"," ","Nico Nurminen",,"71","187","2016-2-13","Iisalmi","NSA","Finland",,
"1067","13","13","3","63"," ","Conner Tanner",,"78","240","2000-6-23","Osaka","OSA","Japan",,
"1070","13","13","3","71"," ","Jeff Goldblum",,"77","225","2016-3-6","West Homestead","PA","The United States",,
"1070","13","13","3","72"," ","Jeff Goldblum",,"78","225","2016-3-6","West Homestead","PA","The United States",,
"1071","13","13","3","71"," ","Aksel VINSen",,"73","195","2017-12-9","Oslo","AKE","Norway",,
"1071","13","13","3","73"," ","Aksel VINSen",,"73","195","2017-8-9","Oslo","AKE","Norway",,
"1072","13","13","3","71"," ","Prince Marius",,"74","200","2017-10-23","Munich","BAV","Germany",,
"1073","13","13","3","71"," ","Jae-ik Barron",,"72","192","2016-4-1","Seongnam","GYE","South Korea",,
"1079","13","13","3","60"," ","Julius Parker",,"74","215","2000-1-21","Lake Worth","FL","Switzerland",,
"1080","13","13","3","60"," ","Grogu Mandosson",,"64","215","2000-6-14","San Jose","CA","Norway",,
"1081","13","13","3","60"," ","Pavlov Dogsyuk",,"73","200","2000-11-12","Bern","BE","Switzerland",,
"1082","13","13","3","60"," ","Archangelo Scaradog Jr.",,"68","185","2000-2-20","Maranello","EMI","Italy",,
"1083","13","13","3","60"," ","Emeril Lagasse",,"67","250","2000-12-19","Fall River","WI","Japan",,
"1084","13","13","3","60"," ","Giannis Kroustis",,"66","235","2000-3-24","Athens","ATT","Greece",,
"1084","13","13","3","63"," ","Giannis Kroustis",,"76","235","2000-3-24","Athens","ATT","Greece",,
"1085","13","13","3","60"," ","Patrice Bergeron Jr.",,"74","225","2000-1-28","Berlin","BER","Germany",,
"1086","13","13","3","60"," ","Porg Garros",,"81","240","2000-5-26","Berlin","BER","Germany",,
"1087","13","13","3","60"," ","Luka Kovacsova",,"75","190","2000-11-15","Salzburg","SAL","Austria",,
"1088","13","13","3","60"," ","Albert Luck",,"75","215","2000-1-8","Vienna","WIE","Austria","Belarus",
"1089","13","13","3","60"," ","Jaap de Gier",,"68","164","2000-7-4","Nordhorn","LOW","Germany",,
"1090","13","13","3","60"," ","Austin MacWard",,"66","220","2000-12-6","Belfast","NOR","Ireland",,
"1091","13","13","3","60"," ","Patya Perevalov",,"73","192","2000-9-1","Omsk","OMS","Russia",,
"1092","13","13","3","60"," ","Eddie Kastrba",,"73","213","2000-5-29","Annville Township","PA","Czech Republic",,
"1093","13","13","3","60"," ","Sean Stevenson III",,"70","226","2000-7-12","Indianapolis","IN","Czech Republic",,
"1094","13","13","3","60"," ","Petr Svoboda",,"74","210","2000-9-5","New York","NY","Czech Republic",,
"1095","13","13","3","60"," ","Steve Collins",,"70","180","2000-8-7","Riga","RIG","Latvia",,
"1096","13","13","3","60"," ","Peanut Butter",,"78","275","2000-8-7","Middletown Township","NJ","Russia",,
"1097","13","13","3","60"," ","Smailliw Edac",,"72","215","2000-5-10","Stockholm","STO","Sweden",,
"1098","13","13","3","60"," ","Meeka Keprosoft",,"66","222","2000-8-23","Orange Cove","CA","Finland",,
"1099","13","13","3","60"," ","Pope Coswi",,"71","197","2000-11-24","Sacramento","CA","The United States",,
"1161","13","13","3","74"," ","Mac Griddle",,"76","220","2017-6-28","Helsinki","UUS","Finland",,
"1162","13","13","3","74"," ","Kaarlo Koivunen",,"75","212","2017-6-28","Rauma","SAT","Finland",,
"1162","13","13","3","76"," ","Kaarlo Koivunen",,"75","212","2017-6-28","Rauma","SAT","Finland",,
"1171","13","13","3","72"," ","Cracker Pizza",,"72","200","2017-6-28","St. Louis","MI","The United States",,
"1176","13","13","3","74"," ","Rodrigo Banes",,"76","200","2017-6-28","Riga","RIG","Latvia",,
"1178","13","13","3","74"," ","Ivan Scochnikov JR",,"75","220","2017-6-28","Moscow","MOS","Russia",,
"1185","13","13","3","73"," ","Jussi Mutou",,"76","195","2017-6-28","Kyoto","KYO","Japan",,
"1186","13","13","3","73"," ","Ho Lee-Smokes",,"75","205","2017-6-28","Osaka","OSA","Japan",,
"1187","13","13","3","74"," ","Five-Hole Sieve",,"75","200","2017-6-28","Petaling Jaya","SEL","Malaysia",,
"1188","13","13","3","73"," ","Kenny Omega",,"72","218","2017-6-28","Winnipeg","MB","Canada",,
"1189","13","13","3","72"," ","- bongo",,"71","175","2017-6-28","Sexsmith","AB","Canada",,
"1190","13","13","3","72"," ","Shawn Pawn",,"72","200","2017-6-28","City of Industry","CA","The United States",,
"1191","13","13","3","72"," ","Ondrej von Stoodrick",,"74","200","2017-6-28","Cheb","KAR","Czech Republic",,
"1192","13","13","3","72"," ","Nick Kodiak",,"74","230","2017-6-28","Hershey","PA","The United States",,
"1193","13","13","3","72"," ","John Peanut",,"71","200","2017-6-28","St. Louis","MI","The United States",,
"1194","13","13","3","72"," ","Gordon-William Gibbles",,"81","250","2017-6-2","Minneapolis","MN","The United States",,
"1195","13","13","3","72"," ","GM's Son",,"76","215","2017-6-28","Montreal","QC","The United States",,
"1196","13","13","3","72"," ","Bartholomew Chungus Gingersnap III",,"73","205","2017-6-28","Chungju","CHU","The United States",,
"1196","13","13","3","74"," ","Bartholomew Chungus Gingersnap III",,"74","205","2017-6-28","Chungju","CHU","The United States",,
"1200","13","13","3","75"," ","Tanner Pitts",,"76","200","2017-6-28","Tampere","PIR","Finland",,
"1202","13","13","3","72"," ","Leo Roze",,"78","240","2017-6-28","Jelgava","JEL","Latvia",,
"1202","13","13","3","73"," ","Leo Roze",,"78","240","2017-6-28","Jelgava","JEL","Latvia",,
"1204","13","13","3","74"," ","Joulu Kuusi",,"73","189","2017-6-28","Tampere","PIR","Finland",,
"1211","13","13","3","74"," ","Mikkel Enevoldsen",,"76","230","2017-6-28","Aalborg","NOR","Denmark",,
"1212","13","13","3","74"," ","Sabage Cabage",,"71","200","2017-6-28","Moscow","MOS","Russia",,
"1216","13","13","3","74"," ","Average Dude",,"74","210","2017-6-28","Riga","RIG","Latvia",,
"1219","13","13","3","75"," ","Teal'c",,"74","190","2017-6-28","Lorgies","NOR","France",,
"1224","13","13","3","74"," ","Sergey Ivanov",,"73","195","2017-6-28","Yelizovo","KAM","Russia",,
"1228","13","13","3","74"," ","Fedot Fedorov",,"74","190","2017-6-28","Pskov","PSK","Russia",,
"1229","13","13","3","74"," ","Stormlord Imotekh",,"77","245","2017-6-28","Atlantis","WES","Russia",,
"1230","13","13","3","74"," ","Poiklm",,"83","300","2017-6-28","Raleigh","NC","The United States",,
"1236","13","13","3","73"," ","Sonja Solberg","The Better Twin","68","155","2017-6-28","Fredrikstad","ØST","Norway",,
"1237","13","13","3","73"," ","Froya Solberg","Froyo","67","154","2017-6-28","Fredrikstad","ØST","Norway",,
"1238","13","13","3","73"," ","Denebor Milasch",,"77","220","2017-6-28","Krakow","MAL","Poland",,
"1239","13","13","3","73"," ","Benny Hanna",,"72","200","2017-6-28","Tokyo","TOK","Japan",,
"1252","13","13","3","74"," ","Olivija Agate",,"68","160","2018-6-28","Dagda","KRA","Latvia",,
"1253","13","13","3","73"," ","Aeric Calland",,"71","190","2018-6-28","Bergen","HOR","Norway",,
"1253","13","13","3","75"," ","Aeric Calland",,"71","190","2018-6-28","Bergen","HOR","Norway",,
"1253","13","13","3","77"," ","Aeric Calland",,"71","190","2018-6-28","Bergen","HOR","Norway",,
"1254","13","13","3","73"," ","Elly Snow-Leopard",,"64","152","2018-6-28","Sapporo","HOK","Japan",,
"1255","13","13","3","73"," ","Fredrik Gronlund",,"83","234","2018-6-28","Tromsø","TRO","Norway",,
"1256","13","13","3","73"," ","Inge Baardsen",,"83","184","2018-6-28","Tromsø","TRO","Norway",,
"1256","13","13","3","74"," ","Inge Baardsen",,"83","184","2018-6-28","Tromsø","TRO","Norway",,
"1256","13","13","3","75"," ","Inge Baardsen",,"83","184","2018-6-28","Tromsø","TRO","Norway",,
"1256","13","13","3","76"," ","Inge Baardsen",,"83","184","2018-6-28","Tromsø","TRO","Norway",,
"1256","13","13","3","77"," ","Inge Baardsen",,"83","184","2018-6-28","Tromsø","TRO","Norway",,
"1257","13","13","3","73"," ","Journey Man",,"70","180","2018-6-28","New York","NY","The United States",,
"1259","13","13","3","74"," ","Teemu Salami",,"72","209","2018-6-28","Helsinki","UUS","Finland",,
"1259","13","13","3","75"," ","Teemu Salami",,"72","209","2018-6-28","Helsinki","UUS","Finland",,
"1259","13","13","3","76"," ","Teemu Salami",,"72","209","2018-6-28","Helsinki","UUS","Finland",,
"1269","13","13","3","61"," ","Edward Higginsby",,"72","200","2004-11-21","London","ENG","England",,
"1270","13","13","3","61"," ","Rodrigo Rivic",,"72","176","2003-7-18","Kansas City","MO","Ireland",,
"1304","13","13","3","63"," ","Tam Bunnings",,"73","205","2006-8-17","Wagga Wagga","NSW","Australia",,
"1304","13","13","3","64"," ","Tam Bunnings",,"73","205","2006-8-17","Wagga Wagga","NSW","Australia",,
"1304","13","13","3","66"," ","Tam Bunnings",,"73","205","2006-8-17","Benton","KY","Australia",,
"1305","13","13","3","63"," ","Tim Bunnings",,"76","220","2006-11-12","Wagga Wagga","NSW","Australia",,
"1305","13","13","3","64"," ","Tim Bunnings",,"76","220","2006-11-12","Wagga Wagga","NSW","Australia",,
"1308","13","13","3","63"," ","Warrior Enskidou",,"77","230","2006-5-29","Midland","ON","Canada",,
"1317","13","13","3","62"," ","Bodhi Utah",,"75","226","2006-4-17","Sydney","NSW","Australia",,
"1317","13","13","3","64"," ","Bodhi Utah",,"75","226","2006-4-17","Sydney","NSW","Australia",,
"1318","13","13","3","62"," ","Dave Heinrich",,"68","160","2006-12-9","Murrieta","CA","The United States",,
"1319","13","13","3","62"," ","Dexter Kirk",,"69","200","2006-8-22","May Pen","CLA","Jamaica",,
"1319","13","13","3","64"," ","Dexter Kirk",,"70","200","2006-8-22","May Pen","CLA","Jamaica",,
"1319","13","13","3","65"," ","Dexter Kirk",,"70","200","2006-8-22","May Pen","CLA","Jamaica",,
"1320","13","13","3","62"," ","Drakocarr Sunazzo",,"77","215","2006-1-31","Cheektowaga","NY","The United States",,
"1321","13","13","3","62"," ","Ergo Nomic",,"72","200","2006-7-26","Hammonton","NJ","The United States",,
"1321","13","13","3","63"," ","Ergo Nomic",,"72","200","2006-7-26","Hammonton","NJ","The United States",,
"1321","13","13","3","65"," ","Ergo Nomic",,"72","200","2006-7-26","Hammonton","NJ","The United States",,
"1322","13","13","3","62"," ","Hardcastle",,"73","200","2006-10-5","Philadelphia","PA","The United States",,
"1322","13","13","3","63"," ","Hardcastle",,"73","200","2006-10-5","Philadelphia","PA","The United States",,
"1323","13","13","3","62"," ","Linden Nuyens",,"73","200","2006-5-12","Lake Country","BC","Canada",,
"1324","13","13","3","62"," ","Nathan McMathews",,"72","200","2006-7-2","Verona","MS","The United States",,
"1325","13","13","3","62"," ","Dragomir Fedorov",,"76","250","2006-8-21","Novosibirsk","NOV","Russia",,
"1326","13","13","3","62"," ","Thunder Cena",,"71","200","2006-2-5","Duncan","BC","Canada",,
"1327","13","13","3","62"," ","Johnny Jackson",,"75","195","2006-6-5","Lapeer","MI","The United States",,
"1328","13","13","3","62"," ","Archer Hayden",,"79","260","2006-8-24","Strathmore","AB","Canada",,
"1329","13","13","3","62"," ","Inda Bagg",,"72","194","2006-11-27","Slan?","STR","Czech Republic",,
"1330","13","13","3","62"," ","KK Newman",,"72","200","2006-6-1","Bartlett","IL","The United States",,
"1331","13","13","3","62"," ","Devin Williams-II",,"75","220","2006-12-27","Daugavpils","DAU","Latvia",,
"1331","13","13","3","63"," ","Devin Williams-II",,"76","220","2006-12-27","Daugavpils","DAU","Latvia",,
"1332","13","13","3","62"," ","Valters Densiova",,"72","185","2006-7-6","Jelgava","JEL","Latvia",,
"1333","13","13","3","62"," ","Evert Jansson",,"78","205","2006-12-2","Uddevalla","V?S","Sweden",,
"1362","13","13","3","75"," ","James Howlett",,"68","195","2019-6-28","Cold Lake","AB","Canada",,
"1367","13","13","3","74"," ","Pinli Switchbang",,"62","150","2018-6-28","Utsjoki","LAP","Finland",,
"1368","13","13","3","74"," ","Julian Kuznatsov",,"72","176","2017-6-28","St. Petersburg","SAI","Russia",,
"1371","13","13","3","76"," ","Herman Stahl",,"74","185","2018-6-28","Uppsala","UPP","Sweden",,
"1371","13","13","3","77"," ","Herman Stahl",,"74","185","2018-6-28","Uppsala","UPP","Sweden",,
"1446","13","13","3","63"," ","Red Kirkby",,"72","225","2007-9-13","Auckland","AUC","New Zealand",,
"1446","13","13","3","65"," ","Red Kirkby",,"72","225","2007-9-13","Auckland","AUC","New Zealand",,
"1447","13","13","3","63"," ","Keith Kakapo",,"62","150","2007-8-1","North Shore","AUC","New Zealand",,
"1448","13","13","3","63"," ","Duke MacDonald-Gagné",,"77","200","2007-10-21","Mbandaka","ÉQU","Congo",,
"1450","13","13","3","63"," ","Kamille-Therese Magasin",,"70","230","2007-10-19","Ivry-sur-Seine","ÎLE","France",,
"1451","13","13","3","63"," ","Michael Myers",,"76","236","2007-6-7","Lörrach","BAD","Germany",,
"1452","13","13","3","63"," ","Louise St. Martin",,"70","190","2007-5-11","Kreuzlingen","TG","Switzerland",,
"1453","13","13","3","63"," ","Ashton Martin",,"72","171","2007-11-26","Daugavpils","DAU","Latvia",,
"1455","13","13","3","65"," ","Binko Koivu",,"79","300","2007-5-23","Windhoek","KHO","Namibia",,
"1455","13","13","3","66"," ","Binko Koivu",,"79","300","2007-5-23","Windhoek","KHO","Namibia",,
"1457","13","13","3","64"," ","Richard Dickbutt McFudderdudder II",,"74","210","2007-9-8","Geelong","VIC","Australia",,
"1458","13","13","3","64"," ","JR Frankenstero",,"71","192","2007-7-22","Reykjavík","HöF","Iceland",,
"1460","13","13","3","64"," ","Nina Tucker",,"63","150","2007-8-10","Yokosuka","KAN","Japan",,
"1473","13","13","3","64"," ","AlexaDemie MiNads-SLATT",,"67","150","2007-1-31","Tucson","AZ","The United States",,
"1473","13","13","3","65"," ","AlexaDemie MiNads-SLATT",,"67","150","2007-1-31","Tucson","AZ","The United States",,
"1473","13","13","3","66"," ","AlexaDemie MiNads-SLATT",,"67","150","2007-1-31","Prosper","TX","The United States",,
"1492","13","13","3","76"," ","Timo Leppanen",,"75","189","2019-6-28","Espoo","UUS","Finland",,
"1492","13","13","3","77"," ","Timo Leppanen",,"75","189","2019-6-28","Espoo","UUS","Finland",,
"1495","13","13","3","78"," ","Rock Solid",,"82","220","2020-6-28","Dallas","TX","The United States",,
"1509","13","13","3","76"," ","Trevor Lopez",,"74","230","2020-6-28","Tijuana","BAJ","Mexico",,
"1511","13","13","3","78"," ","Roman Jalopski",,"76","233","2019-6-28","Toronto","ON","Canada",,
"1536","13","13","3","75"," ","Violet Stoica",,"72","210","2018-6-28","Stockholm","STO","Sweden",,
"1536","13","13","3","76"," ","Violet Stoica",,"72","210","2018-6-28","Stockholm","STO","Sweden",,
"1536","13","13","3","77"," ","Violet Stoica",,"72","210","2018-6-28","Stockholm","STO","Sweden",,
"1537","13","13","3","75"," ","Niclas Wastlund",,"74","195","2018-6-28","Los Angeles","CA","The United States",,
"1537","13","13","3","76"," ","Niclas Wastlund",,"74","195","2018-6-28","Los Angeles","CA","The United States",,
"1537","13","13","3","77"," ","Niclas Wastlund",,"74","195","2018-6-28","Los Angeles","CA","The United States",,
"1538","13","13","3","75"," ","Niclas Sundqvist",,"72","209","2018-6-28","Grums","VäR","Sweden",,
"1538","13","13","3","76"," ","Niclas Sundqvist",,"72","209","2018-6-28","Grums","VäR","Sweden",,
"1539","13","13","3","75"," ","Lucas Raymond",,"74","195","2019-6-28","Stockholm","STO","Sweden",,
"1539","13","13","3","76"," ","Lucas Raymond",,"74","195","2019-6-28","Stockholm","STO","Sweden",,
"1539","13","13","3","77"," ","Lucas Raymond",,"74","195","2019-6-28","Stockholm","STO","Sweden",,
"1540","13","13","3","75"," ","Kristians Mikelis",,"74","225","2019-6-28","Riga","RIG","Latvia",,
"1541","13","13","3","75"," ","Jim Wieners",,"72","190","2019-6-28","Stockholm","STO","Sweden",,
"1542","13","13","3","75"," ","Cameron Kalashnikov",,"77","190","2018-6-28","Fort Worth","TX","The United States",,
"1542","13","13","3","77"," ","Cameron Kalashnikov",,"77","190","2018-6-28","Fort Worth","TX","The United States",,
"1543","13","13","3","75"," ","Cade de Vries",,"79","265","2019-6-28","Amsterdam","NOO","The Netherlands",,
"1544","13","13","3","75"," ","Bojan Miovski",,"74","200","2019-6-28","Stip","STI","North Macedonia",,
"1545","13","13","3","75"," ","Archibald Walker",,"69","200","2019-6-28","Helsinki","UUS","Finland",,
"1546","13","13","3","75"," ","Anna Skovgaard",,"75","180","2019-6-28","Oslo","AKE","Norway",,
"1546","13","13","3","76"," ","Anna Skovgaard",,"75","180","2019-6-28","Oslo","AKE","Norway",,
"1547","13","13","3","75"," ","Anastasia Soderstrom",,"71","165","2019-6-28","Sundsvall","VäS","Sweden",,
"1547","13","13","3","78"," ","Anastasia Soderstrom",,"71","165","2019-6-28","Sundsvall","VäS","Sweden",,
"1548","13","13","3","75"," ","Alexel Kamensky",,"73","196","2018-6-28","Moscow","MOS","Russia",,
"1550","13","13","3","78"," ","Swedish Chef",,"75","210","2020-6-28","Stockholm","STO","Sweden",,
"1550","13","13","3","79"," ","Swedish Chef",,"75","210","2020-6-28","Stockholm","STO","Sweden",,
"1559","13","13","3","76"," ","Sebastien Levesque",,"72","205","2018-6-28","Oslo","AKE","Norway",,
"1560","13","13","3","76"," ","Caspian Leevi",,"76","235","2018-6-28","Rovaniemi","LAP","Finland",,
"1560","13","13","3","77"," ","Caspian Leevi",,"76","235","2018-6-28","Rovaniemi","LAP","Finland",,
"1586","13","13","3","67"," ","Pyotr Gallen",,"74","210","2000-6-25","Ilava","TRE","Czech Republic",,
"1617","13","13","3","65"," ","Rikkert Biemans",,"73","200","2008-7-19","Detroit","MI","The United States",,
"1637","13","13","3","66"," ","Portgas D. Ace",,"73","180","2008-5-29","Iwaki","FUK","Japan",,
"1639","13","13","3","66"," ","M'Baku Olubori",,"76","230","2008-1-28","Lincoln Village","OH","The United States",,
"1640","13","13","3","65"," ","C Jobin",,"75","215","2008-7-31","Grand Prairie","TX","The United States",,
"1640","13","13","3","66"," ","C Jobin",,"75","215","2008-7-31","Pedley","CA","The United States",,
"1643","13","13","3","66"," ","Richard Frederick",,"72","200","2008-6-27","Gwinn","MI","The United States",,
"1644","13","13","3","65"," ","Olivia Kunai",,"81","200","2008-10-5","Chattanooga","TN","The United States","Ghana",
"1644","13","13","3","66"," ","Olivia Kunai",,"81","200","2008-10-5","Holmes Beach","FL","The United States","Ghana",
"1650","13","13","3","64"," ","Capy Bara",,"81","200","2008-1-20","Tokyo","TOK","Japan",,
"1650","13","13","3","66"," ","Capy Bara",,"81","200","2008-1-20","Joyo","KYO","Japan",,
"1651","13","13","3","64"," ","Pass Forfeit",,"76","215","2008-10-26","Mayville","WI","France",,
"1653","13","13","3","64"," ","Leon Lokitonov",,"74","205","2008-3-13","Nacogdoches","TX","The United States",,
"1653","13","13","3","65"," ","Leon Lokitonov",,"74","205","2008-3-13","Nacogdoches","TX","The United States",,
"1654","13","13","3","64"," ","Benjamin Surkhi-Ze'ev",,"72","191","2008-11-27","Hazel Crest","IL","The United States",,
"1655","13","13","3","64"," ","Sebastien Dubois",,"73","211","2008-12-16","Brockport","NY","The United States",,
"1656","13","13","3","64"," ","Billy Blazes",,"75","211","2008-12-26","Sunnyvale","CA","The United States",,
"1657","13","13","3","64"," ","Dimitris Chrysanthos",,"75","207","2008-7-22","Millis","MA","The United States",,
"1657","13","13","3","66"," ","Dimitris Chrysanthos",,"75","207","2008-7-22","Pleasant City","OH","The United States",,
"1657","13","13","3","67"," ","Dimitris Chrysanthos",,"75","207","2006-1-31","Athens","ATT","Greece",,
"1658","13","13","3","64"," ","Sir Devior",,"72","200","2008-12-30","Ibaraki","OSA","Japan",,
"1658","13","13","3","65"," ","Sir Devior",,"72","200","2008-12-30","Ibaraki","OSA","Japan",,
"1661","13","13","3","64"," ","Jeffery Johnson",,"68","180","2008-1-24","Plymouth Township","MI","The United States",,
"1662","13","13","3","64"," ","Mando Lorian",,"72","200","2008-7-5","Vienna","WIE","Austria",,
"1663","13","13","3","64"," ","brendan york II",,"77","221","2008-1-5","Beckum","NOR","Germany",,
"1664","13","13","3","64"," ","Alisters Vismanis",,"73","195","2008-4-10","Riga","RIG","Latvia",,
"1677","13","13","3","79"," ","Cristoforo Roccamontepiano",,"73","158","2021-6-28","Venice","VEN","Italy",,
"1677","13","13","3","80"," ","Cristoforo Roccamontepiano",,"73","158","2021-6-28","Venice","VEN","Italy",,
"1683","13","13","3","77"," ","Sam Quintilio",,"73","210","2020-6-28","Edmonton","AB","Canada",,
"1689","13","13","3","79"," ","Theo Kane",,"65","192","2020-6-28","Victoria","BC","Canada",,
"1690","13","13","3","78"," ","Pohler Beargeron",,"79","254","2020-6-28","Churchill","MB","Canada",,
"1690","13","13","3","79"," ","Pohler Beargeron",,"79","254","2020-6-28","Churchill","MB","Canada",,
"1699","13","13","3","76"," ","Yuri Boyka III",,"75","230","2020-6-28","Moscow","MOS","Russia",,
"1700","13","13","3","76"," ","Scape Goat",,"61","167","2019-6-28","Oslo","AKE","Norway",,
"1700","13","13","3","77"," ","Scape Goat",,"64","167","2019-6-28","Oslo","AKE","Norway",,
"1701","13","13","3","76"," ","Nor Ge",,"60","185","2020-6-28","Oslo","AKE","Norway",,
"1701","13","13","3","77"," ","Nor Ge",,"64","185","2020-6-28","Oslo","AKE","Norway",,
"1702","13","6","3","76"," ","McLovin",,"74","196","2020-6-28","Lviv","LVI","Ukraine",,
"1703","13","13","3","76"," ","Joe Biggs",,"76","205","2019-6-28","Moscow","MOS","Russia",,
"1704","13","13","3","76"," ","Jeyeff Effo",,"81","215","2020-6-28","Reykjavík","HöF","Iceland",,
"1705","13","13","3","76"," ","Gina Pinard",,"61","174","2020-6-28","Helsinki","UUS","Finland",,
"1705","13","13","3","77"," ","Gina Pinard",,"64","174","2020-6-28","Helsinki","UUS","Finland",,
"1707","13","13","3","77"," ","Marko Kivimaki",,"74","215","2020-6-28","Helsinki","UUS","Finland",,
"1709","13","13","3","77"," ","Chairy Styles",,"69","180","2020-6-28","Oslo","AKE","Norway",,
"1710","13","13","3","77"," ","AT-AT Wollker",,"78","238","2020-6-28","Reykjavík","HöF","Iceland",,
"1742","13","13","3","78"," ","Quazon Brosonchi",,"72","200","2021-11-27","Dublin","DUB","Ireland",,
"1743","13","13","3","78"," ","Carter Rumsy",,"76","210","2021-8-25","Fayetteville","NY","The United States",,
"1751","13","13","3","78"," ","Arvinder Singh",,"70","205","2021-9-20","Brampton","ON","Canada",,
"1760","13","13","3","78"," ","Abbe Wass",,"70","180","2021-11-28","Stockholm","STO","Sweden",,
"1760","13","13","3","79"," ","Abbe Wass",,"71","180","2021-11-28","Stockholm","STO","Sweden",,
"1760","13","13","3","80"," ","Abbe Wass",,"71","180","2021-11-28","Stockholm","STO","Sweden",,
"1760","13","13","3","81"," ","Abbe Wass",,"71","180","2021-11-28","Stockholm","STO","Sweden",,
"1786","13","13","3","79"," ","Kiwi Soderberg-Snooks",,"78","225","2021-2-26","Wellington","WEL","New Zealand",,
"1786","13","13","3","80"," ","Kiwi Soderberg-Snooks",,"78","225","2021-2-26","Wellington","WEL","New Zealand",,
"1786","13","13","3","81"," ","Kiwi Soderberg-Snooks",,"78","225","2021-2-26","Wellington","WEL","New Zealand",,
"1789","13","13","3","78"," ","Duke Howard",,"76","227","2021-9-9","Grand Rapids","MI","The United States",,
"1797","13","13","3","66"," ","Izumi Curtis",,"83","300","2009-11-16","Iiyama","NAG","Japan",,
"1799","13","13","3","66"," ","Adam Prpich",,"75","208","2009-5-25","Dupnica","KJU","Croatia",,
"1801","13","13","3","78"," ","Hotdog Lunch",,"71","190","2021-12-3","Wisconsin Rapids","WI","The United States",,
"1802","13","13","3","78"," ","Shiny Rainbow",,"73","180","2021-9-28","Vila do Conde","NOR","Portugal",,
"1803","13","13","3","65"," ","Casey Fantobens",,"66","150","2009-5-11","Shchastya","LUH","Ukraine",,
"1803","13","13","3","66"," ","Casey Fantobens",,"67","150","2009-5-11","Bilorichenskyy","LUH","Ukraine",,
"1804","13","13","3","78"," ","Mick Geno",,"74","197","2021-12-26","Halifax","NS","Canada",,
"1805","13","13","3","65"," ","Pablo Pombo",,"76","222","2009-8-2","Pelotas","RIO","Brazil",,
"1805","13","13","3","78"," ","Jimmy Twoshoes",,"64","150","2021-11-7","Owen Sound","ON","Canada",,
"1807","13","13","3","65"," ","Tang Tsujimoto",,"71","155","2009-6-21","Mitsuke","NII","Japan",,
"1808","13","13","3","65"," ","Tyler Helman",,"77","210","2009-11-23","Vienna","WIE","Austria",,
"1809","13","13","3","65"," ","Julian Eaglesong",,"73","220","2009-9-18","Rödermark","HES","Germany",,
"1810","13","13","3","65"," ","Carl Ray Jetson",,"73","200","2009-7-8","Bern","BE","Switzerland",,
"1810","13","13","3","78"," ","Vladimir Bar-down III",,"74","196","2021-12-12","Ottawa","ON","Canada",,
"1810","13","13","3","79"," ","Vladimir Bar-down III",,"74","196","2021-12-12","Ottawa","ON","Canada",,
"1811","13","13","3","65"," ","Rich Paul",,"72","158","2009-11-12","Munich","BAV","Germany",,
"1816","13","13","3","78"," ","Kris Sabev",,"76","215","2021-10-27","Chicago","IL","The United States",,
"1819","13","13","3","79"," ","Jason Bourne",,"70","210","2021-8-22","Baltimore","MD","The United States",,
"1819","13","13","3","80"," ","Jason Bourne",,"70","210","2021-8-22","Baltimore","MD","The United States",,
"1819","13","13","3","81"," ","Jason Bourne",,"70","210","2021-8-22","Baltimore","MD","The United States",,
"1826","13","13","3","79"," ","Anthony Louchard",,"70","170","2021-4-10","Shawinigan","QC","Canada",,
"1841","13","13","3","77"," ","Ville Sato-Maki",,"77","220","2021-6-28","Nokia","PIR","Finland",,
"1842","13","13","3","77"," ","Peter",,"76","210","2021-6-28","New Delhi","DEL","India",,
"1843","13","13","3","77"," ","Johanna Krakow",,"72","162","2021-6-28","Kokkola","CEN","Finland",,
"1844","13","13","3","77"," ","Hip Hurts",,"77","215","2022-6-28","Tampere","PIR","Finland",,
"1847","13","13","3","78"," ","Kenneth Lind",,"77","196","2022-6-28","Luleå","NOR","Sweden",,
"1847","13","13","3","79"," ","Kenneth Lind",,"77","196","2022-6-28","Luleå","NOR","Sweden",,
"1847","13","13","3","80"," ","Kenneth Lind",,"77","196","2022-6-28","Luleå","NOR","Sweden",,
"1847","13","13","3","81"," ","Kenneth Lind",,"77","196","2022-6-28","Luleå","NOR","Sweden",,
"1848","13","13","3","78"," ","Jeremy Snugglemuffin III",,"63","150","2021-6-28","Stockholm","STO","Sweden",,
"1848","13","13","3","79"," ","Jeremy Snugglemuffin III",,"65","150","2021-6-28","Stockholm","STO","Sweden",,
"1848","13","13","3","80"," ","Jeremy Snugglemuffin III",,"65","150","2021-6-28","Stockholm","STO","Sweden",,
"1848","13","13","3","81"," ","Jeremy Snugglemuffin III",,"65","150","2021-6-28","Stockholm","STO","Sweden",,
"1882","13","13","3","78"," ","Scott Justice",,"69","205","2021-6-28","Detroit","MI","The United States",,
"1998","13","13","3","78"," ","Gregory Eriksson",,"78","200","2022-6-28","Stockholm","STO","Sweden",,
"2122","13","13","3","79"," ","Rodwin Dionicio",,"77","240","2022-6-28","Kalmar","KAL","Sweden",,
"2122","13","13","3","80"," ","Rodwin Dionicio",,"77","240","2022-6-28","Kalmar","KAL","Sweden",,
"2123","13","13","3","79"," ","Phoenix-Orion Soderberg-Tremblay",,"74","205","2022-6-28","Luleå","NOR","Sweden",,
"2123","13","13","3","80"," ","Phoenix-Orion Soderberg-Tremblay",,"74","205","2022-6-28","Luleå","NOR","Sweden",,
"2123","13","13","3","81"," ","Phoenix-Orion Soderberg-Tremblay",,"74","205","2022-6-28","Luleå","NOR","Sweden",,
"2123","13","13","3","82"," ","Phoenix-Orion Soderberg-Tremblay",,"74","205","2022-6-28","Lulea","NOR","Sweden",,
"2123","13","13","3","83"," ","Phoenix-Orion Soderberg-Tremblay",,"74","205","2022-6-28","Lulea","NOR","Sweden",,
"2124","13","13","3","79"," ","Lucas Lindberg",,"73","206","2022-6-28","Göteborg","VäS","Sweden",,
"2124","13","13","3","80"," ","Lucas Lindberg",,"73","206","2022-6-28","Göteborg","VäS","Sweden",,
"2124","13","13","3","81"," ","Lucas Lindberg",,"73","206","2022-6-28","Göteborg","VäS","Sweden",,
"2124","13","13","3","82"," ","Lucas Lindberg",,"73","206","2022-6-28","Goteborg","VaS","Sweden",,
"2125","13","13","3","79"," ","Leo Carlsson",,"75","200","2022-6-28","Karlstad","VäR","Sweden",,
"2125","13","13","3","80"," ","Leo Carlsson",,"75","200","2022-6-28","Karlstad","VäR","Sweden",,
"2125","13","13","3","81"," ","Leo Carlsson",,"75","200","2022-6-28","Karlstad","VäR","Sweden",,
"2125","13","13","3","82"," ","Leo Carlsson",,"75","200","2022-6-28","Karlstad","VaR","Sweden",,
"2126","13","13","3","79"," ","Cheese N'Wine",,"75","230","2022-6-28","Göteborg","VäS","Sweden",,
"2126","13","13","3","80"," ","Cheese N'Wine",,"75","230","2022-6-28","Göteborg","VäS","Sweden",,
"2159","13","13","3","79"," ","Rocky Gislason",,"75","215","2022-6-28","Dover","NY","The United States",,
"2160","13","13","3","79"," ","Jakub Alexa",,"71","150","2022-6-28","Prague","PRA","Czech Republic",,
"2160","13","13","3","80"," ","Jakub Alexa",,"71","150","2022-6-28","Prague","PRA","Czech Republic",,
"2161","13","13","3","79"," ","Ethan Ashcroft",,"74","212","2022-6-28","Edmonton","AB","Canada",,
"2162","13","13","3","79"," ","DarthDaevin",,"77","275","2022-6-28","Yellowknife","NT","Canada",,
"2265","13","13","3","83"," ","Radley Yates",,"75","205","2023-6-28","London","ENG","England",,
"2292","13","13","3","81"," ","Boone Breakaway",,"74","220","2023-6-28","Columbus","OH","The United States",,
"2305","13","13","3","80"," ","Bam Morris",,"77","235","2023-6-28","Denton","TX","The United States",,
"2306","13","13","3","80"," ","Cutter Gauthier",,"74","189","2023-6-28","Malmö","SKå","Sweden",,
"2306","13","13","3","81"," ","Cutter Gauthier",,"75","189","2023-6-28","Malmö","SKå","Sweden",,
"2306","13","13","3","82"," ","Cutter Gauthier",,"75","189","2023-6-28","Malmo","SKa","Sweden",,
"2306","13","13","3","83"," ","Cutter Gauthier",,"75","189","2023-6-28","Malmo","SKa","Sweden",,
"2307","13","13","3","80"," ","Jacques Cartier",,"72","195","2023-6-28","Montreal","QC","Canada",,
"2308","13","13","3","80"," ","Jose Salcedo",,"72","200","2023-6-28","Newark","NY","The United States",,
"2309","13","13","3","80"," ","Linus Ully",,"76","215","2023-6-28","Malmö","SKå","Sweden",,
"2310","13","13","3","80"," ","Malte Hogberg",,"77","235","2023-6-28","Uppsala","UPP","Sweden",,
"2310","13","13","3","81"," ","Malte Hogberg",,"77","235","2023-6-28","Uppsala","UPP","Sweden",,
"2310","13","13","3","82"," ","Malte Hogberg",,"77","235","2023-6-28","Uppsala","UPP","Sweden",,
"2311","13","13","3","80"," ","Oceane Soderberg-Tremblay",,"79","150","2023-6-28","Luleå","NOR","Sweden",,
"2311","13","13","3","81"," ","Oceane Soderberg-Tremblay",,"79","150","2023-6-28","Luleå","NOR","Sweden",,
"2311","13","13","3","82"," ","Oceane Soderberg-Tremblay",,"79","150","2023-6-28","Lulea","NOR","Sweden",,
"2312","13","13","3","80"," ","Paul Krugman",,"73","300","2023-6-28","Malmö","SKå","Sweden",,
"2312","13","13","3","81"," ","Paul Krugman",,"73","300","2023-6-28","Malmö","SKå","Sweden",,
"2312","13","13","3","82"," ","Paul Krugman",,"73","300","2023-6-28","Malmo","SKa","Sweden",,
"2312","13","13","3","83"," ","Paul Krugman",,"73","300","2023-6-28","Malmo","SKa","Sweden",,
"2319","13","13","3","82"," ","John Gibson",,"75","215","2023-6-28","Pittsburgh","PA","The United States",,
"2319","13","13","3","83"," ","John Gibson",,"75","215","2023-6-28","Pittsburgh","PA","The United States",,
"2492","13","13","3","81"," ","Cowboy Casanova",,"72","200","2024-6-28","California City","CA","The United States",,
"2493","13","13","3","81"," ","Ebbe Bjorner",,"73","170","2024-6-28","Uppsala","UPP","Sweden",,
"2494","13","13","3","81"," ","Eddie Thelander",,"74","210","2024-6-28","Stockholm","STO","Sweden",,
"2495","13","13","3","81"," ","Lord Marshall Lorenzo Alstott",,"73","240","2024-6-28","Göteborg","VäS","Sweden",,
"2495","13","13","3","82"," ","Lord Marshall Lorenzo Alstott",,"73","240","2024-6-28","Goteborg","VaS","Sweden",,
"2495","13","13","3","83"," ","Lord Marshall Lorenzo Alstott",,"73","240","2024-6-28","Goteborg","VaS","Sweden",,
"2495","13","13","3","84"," ","Lord Marshall Lorenzo Alstott",,"73","240","2024-6-28","Goteborg","VaS","Sweden",,
"2495","13","13","3","85"," ","Lord Marshall Lorenzo Alstott",,"73","240","2024-6-28","Goteborg","VaS","Sweden",,
"2496","13","13","3","81"," ","Maximus Decimus Meridius",,"73","200","2024-6-28","Eugene","OR","The United States",,
"2497","13","13","3","81"," ","Victor Bjork-Pejlikka",,"75","203","2024-6-28","Stockholm","STO","Sweden",,
"2497","13","13","3","82"," ","Victor Bjork-Pejlikka",,"75","203","2024-6-28","Stockholm","STO","Sweden",,
"2497","13","13","3","83"," ","Victor Bjork-Pejlikka",,"75","203","2024-6-28","Stockholm","STO","Sweden",,
"2497","13","13","3","84"," ","Victor Bjork-Pejlikka",,"75","203","2024-6-28","Stockholm","STO","Sweden",,
"2498","13","13","3","81"," ","Vikinthan Lackerimaki",,"71","172","2024-6-28","Söderhamn","GäV","Sweden",,
"2498","13","13","3","82"," ","Vikinthan Lackerimaki",,"71","172","2024-6-28","Soderhamn","GaV","Sweden",,
"2663","13","13","3","82"," ","Axiom Panda",,"73","200","2025-6-28","Stockholm","STO","Sweden",,
"2663","13","13","3","83"," ","Axiom Panda",,"73","200","2025-6-28","Stockholm","STO","Sweden",,
"2663","13","13","3","84"," ","Axiom Panda",,"73","200","2025-6-28","Stockholm","STO","Sweden",,
"2663","13","13","3","85"," ","Axiom Panda",,"73","200","2025-6-28","Stockholm","STO","Sweden",,
"2664","13","13","3","82"," ","Envy",,"75","215","2025-6-28","Stockholm","STO","Sweden",,
"2664","13","13","3","83"," ","Envy",,"75","215","2025-6-28","Stockholm","STO","Sweden",,
"2664","13","13","3","84"," ","Envy",,"75","215","2025-6-28","Stockholm","STO","Sweden",,
"2664","13","13","3","85"," ","Envy",,"75","215","2025-6-28","Stockholm","STO","Sweden",,
"2665","13","13","3","82"," ","Henrik Marsholl",,"74","189","2025-6-28","Malmo","SKa","Sweden",,
"2665","13","13","3","83"," ","Henrik Marsholl",,"74","189","2025-6-28","Malmo","SKa","Sweden",,
"2666","13","13","3","82"," ","Kaun Chain",,"75","200","2025-6-28","Stockholm","STO","Sweden",,
"2666","13","13","3","83"," ","Kaun Chain",,"75","200","2025-6-28","Stockholm","STO","Sweden",,
"2666","13","13","3","84"," ","Kaun Chain",,"75","200","2025-6-28","Stockholm","STO","Sweden",,
"2666","13","13","3","85"," ","Kaun Chain",,"75","200","2025-6-28","Stockholm","STO","Sweden",,
"2667","13","13","3","82"," ","Matteo St. Ark",,"74","190","2025-6-28","Goteborg","VaS","Sweden",,
"2667","13","13","3","83"," ","Matteo St. Ark",,"74","190","2025-6-28","Goteborg","VaS","Sweden",,
"2667","13","13","3","84"," ","Matteo St. Ark",,"74","190","2025-6-28","Goteborg","VaS","Sweden",,
"2668","13","13","3","82"," ","Melvin de Pengu Soderberg-Snooks",,"78","200","2025-6-28","Skelleftea","VaS","Sweden",,
"2668","13","13","3","83"," ","Melvin de Pengu Soderberg-Snooks",,"78","200","2025-6-28","Skelleftea","VaS","Sweden",,
"2668","13","13","3","84"," ","Melvin de Pengu Soderberg-Snooks",,"78","200","2025-6-28","Skelleftea","VaS","Sweden",,
"2668","13","13","3","85"," ","Melvin de Pengu Soderberg-Snooks",,"78","200","2025-6-28","Skelleftea","VaS","Sweden",,
"2669","13","13","3","82"," ","Stefan Nomadson",,"74","210","2025-6-28","Stockholm","STO","Sweden",,
"2670","13","13","3","82"," ","Valter Forsberg",,"74","205","2025-6-28","Visby","GOT","Sweden",,
"2670","13","13","3","83"," ","Valter Forsberg",,"74","205","2025-6-28","Visby","GOT","Sweden",,
"2670","13","13","3","84"," ","Valter Forsberg",,"74","205","2025-6-28","Visby","GOT","Sweden",,
"2670","13","13","3","85"," ","Valter Forsberg",,"74","205","2025-6-28","Visby","GOT","Sweden",,
"2671","13","13","3","82"," ","Wrath",,"79","230","2025-6-28","Stockholm","STO","Sweden",,
"2671","13","13","3","83"," ","Wrath",,"79","230","2025-6-28","Stockholm","STO","Sweden",,
"2671","13","13","3","84"," ","Wrath",,"79","230","2025-6-28","Stockholm","STO","Sweden",,
"2671","13","13","3","85"," ","Wrath",,"79","230","2025-6-28","Stockholm","STO","Sweden",,
"2827","13","13","3","83"," ","Ryan Weber",,"75","225","2026-6-28","Nashville","TN","The United States",,
"2828","13","13","3","83"," ","Rurik Markov",,"73","210","2026-6-28","Visby","GOT","Sweden",,
"2828","13","13","3","84"," ","Rurik Markov",,"73","210","2026-6-28","Visby","GOT","Sweden",,
"2828","13","13","3","85"," ","Rurik Markov",,"73","210","2026-6-28","Visby","GOT","Sweden",,
"2829","13","13","3","83"," ","Lars Oaktree",,"73","196","2026-6-28","Stockholm","STO","Sweden",,
"2830","13","13","3","83"," ","Kermfroskr Rasskljufurinn",,"72","200","2026-6-28","Tranas","JoN","Sweden",,
"2830","13","13","3","84"," ","Kermfroskr Rasskljufurinn",,"72","200","2026-6-28","Tranas","JoN","Sweden",,
"2830","13","13","3","85"," ","Kermfroskr Rasskljufurinn",,"72","200","2026-6-28","Tranas","JoN","Sweden",,
"2831","13","13","3","83"," ","Caitlin Hughes-Galloway",,"72","170","2026-6-28","Dublin","DUB","Ireland",,
"2844","13","13","3","84"," ","O.B. O'Connell",,"75","227","2026-6-28","Detroit","MI","The United States",,
"2853","13","13","3","84"," ","Charlie Matthews",,"72","205","2026-6-28","Red Bank","NJ","The United States",,
"2990","13","13","3","85"," ","Kasey Karlsson",,"70","165","2027-6-28","Copenhagen","FRE","Denmark",,
"2999","13","13","3","84"," ","Rezai Bonnarsson",,"77","255","2027-6-28","Vasteras","VaS","Sweden",,
"2999","13","13","3","85"," ","Rezai Bonnarsson",,"77","255","2027-6-28","Vasteras","VaS","Sweden",,
"3000","13","13","3","84"," ","Rat King",,"70","180","2027-6-28","Omaha","TX","The United States",,
"3001","13","13","3","84"," ","Lord Humongous",,"83","275","2027-6-28","Australind","WA","Australia",,
"3002","13","13","3","84"," ","franklin scamps",,"71","187","2027-6-28","Detroit","MI","The United States",,
"3003","13","13","3","84"," ","Earl Hughes",,"70","165","2027-6-28","Stockholm","STO","Sweden",,
"3003","13","13","3","85"," ","Earl Hughes",,"70","165","2027-6-28","Stockholm","STO","Sweden",,
"3004","13","13","3","84"," ","Artur Skoglund",,"74","193","2027-6-28","Malmo","SKa","Sweden",,
"3004","13","13","3","85"," ","Artur Skoglund",,"74","193","2027-6-28","Malmo","SKa","Sweden",,
"3005","13","13","3","84"," ","Akira Morgana",,"72","221","2027-6-28","Shibushi","KAG","Japan",,
"3015","13","13","3","85"," ","Antoine Fuhringer",,"77","220","2027-6-28","Hannoversch Munden","LOW","Germany",,
"3182","13","13","3","85"," ","Spyro Kouris",,"73","185","2028-6-28","Athens","ATT","Greece",,
"3183","13","13","3","85"," ","Similliar Yet Legally Distinct Eastwood-Cuddles",,"71","188","2028-6-28","Vatican City","VAC","Vatican City",,
"3184","13","13","3","85"," ","Niklas Lundberg",,"75","195","2028-6-28","Kungsbacka","VaS","Sweden",,
"3185","13","13","3","85"," ","Fergel Howard",,"79","221","2028-6-28","Dublin","DUB","Ireland",,
"3186","13","13","3","85"," ","De'Brickishaw Meningitis",,"81","300","2028-6-28","Tuscaloosa","AL","The United States",,
"3187","13","13","3","85"," ","Bucket Sennecke",,"74","180","2028-6-28","Stockholm","STO","Sweden",,
"900000","13","13","3","66"," ","Alexi Piastri",,"70","184","2010-3-12","Melbourne","ENG","Australia",,
"900002","13","13","3","66"," ","Antonio Flusso",,"76","200","2009-12-30","Grabs","SG","Switzerland",,
"900017","13","13","3","68"," ","Deemed Inappropriate",,"78","230","2011-2-25","Petaluma","CA","The United States",,
"900020","13","13","3","66"," ","Hai Nam Hoang",,"68","151","2010-3-26","Buon Me Thuot","THA","Vietnam",,
"900020","13","13","3","67"," ","Hai Nam Hoang",,"67","151","2009-4-2","Buon Me Thuot","THA","Vietnam",,
"900020","13","13","3","68"," ","Hai Nam Hoang",,"67","151","2009-4-2","Buon Me Thuot","THA","Vietnam",,
"900021","13","13","3","66"," ","Heath Nicol",,"76","215","2010-6-5","Adelaide","EAS","Australia",,
"900021","13","13","3","67"," ","Heath Nicol",,"76","215","2009-7-13","Adelaide","EAS","Australia",,
"900021","13","13","3","68"," ","Heath Nicol",,"76","215","2009-7-13","Adelaide","EAS","Australia",,
"900025","13","13","3","67"," ","John Brown",,"75","204","2009-7-10","Las Vegas","NV","The United States",,
"900025","13","13","3","68"," ","John Brown",,"75","204","2009-7-10","Las Vegas","NV","The United States",,
"900026","13","13","3","57"," ","Johnny Shuffleboard",,"71","180","2000-12-5","New York","NY","The United States",,
"900027","13","13","3","67"," ","Jon Bell",,"72","170","2008-12-23","Baltimore","MD","The United States",,
"900028","13","13","3","68"," ","Lachlan Moon",,"75","212","2011-10-12","New York","NY","Australia",,
"900032","13","13","3","67"," ","Nevek Kove",,"73","195","2008-5-4","Quebec City","QC","Canada",,
"900032","13","13","3","68"," ","Nevek Kove",,"73","195","2008-5-4","Quebec City","QC","Canada",,
"900033","13","13","3","65"," ","Nikolai Skovgaard",,"78","215","2009-6-11","Copenhagen","FRE","Denmark",,
"900034","13","13","3","66"," ","Paul Peterson",,"76","235","2010-6-28","Notnac","LA","The United States",,
"900034","13","13","3","67"," ","Paul Peterson",,"76","235","2008-4-22","Jacksonville","FL","The United States",,
"900034","13","13","3","68"," ","Paul Peterson",,"76","235","2008-4-22","Jacksonville","FL","The United States",,
"551","14","14","3","80"," ","Connor Bedard",,"72","200","2011-12-5","Regina","SK","Canada",,
"1204","14","14","3","75"," ","Joulu Kuusi",,"73","189","2017-6-28","Tampere","PIR","Finland",,
"1251","14","14","3","76"," ","Launchpad McQuack",,"83","300","2018-6-28","Daugavpils","DAU","Latvia",,
"1349","14","14","3","77"," ","Wyatt King",,"73","195","2018-6-28","Toronto","ON","Canada",,
"1471","14","14","3","75"," ","Zhen Serkr",,"71","190","2020-6-28","Dallas","TX","The United States",,
"1472","14","14","3","75"," ","WonderBread",,"68","180","2018-6-28","St. Cloud","MN","The United States",,
"1473","14","14","3","75"," ","Weldon Mcconnell",,"71","196","2019-6-28","East Amherst","NY","The United States",,
"1473","14","14","3","76"," ","Weldon Mcconnell",,"71","196","2019-6-28","East Amherst","NY","The United States",,
"1474","14","14","3","75"," ","Trent Rivera",,"74","210","2019-6-28","New York","NY","The United States",,
"1474","14","14","3","76"," ","Trent Rivera",,"74","210","2019-6-28","New York","NY","The United States",,
"1475","14","14","3","75"," ","Thomas Hudson",,"71","200","2019-6-28","Dallas","TX","The United States",,
"1475","14","14","3","76"," ","Thomas Hudson",,"71","200","2019-6-28","Dallas","TX","The United States",,
"1476","14","14","3","75"," ","Tank Sharksy",,"74","212","2019-6-28","Amarillo","TX","The United States",,
"1476","14","14","3","76"," ","Tank Sharksy",,"74","212","2019-6-28","Amarillo","TX","The United States",,
"1476","14","14","3","77"," ","Tank Sharksy",,"74","212","2019-6-28","Amarillo","TX","The United States",,
"1477","14","14","3","75"," ","Sam Volta",,"70","165","2019-6-28","Montreal","QC","Canada",,
"1478","14","14","3","75"," ","NoNo Jo",,"78","260","2019-6-28","Denver","CO","The United States",,
"1479","14","14","3","75"," ","Nathan Abel",,"70","210","2019-6-28","Houston","TX","The United States",,
"1480","14","14","3","75"," ","Lukas Konecny",,"75","196","2019-6-28","Olomouc","OLO","Czech Republic",,
"1481","14","14","3","75"," ","Lamelo Ball",,"74","203","2019-6-28","Timmins","ON","Canada",,
"1482","14","14","3","75"," ","Joe Degen",,"71","185","2019-6-28","New York","NY","The United States",,
"1482","14","14","3","78"," ","Joe Degen",,"71","185","2019-6-28","New York","NY","The United States",,
"1483","14","14","3","75"," ","Dave Bardizz",,"73","193","2018-6-28","Michigan City","IN","The United States",,
"1483","14","14","3","76"," ","Dave Bardizz",,"73","193","2018-6-28","Michigan City","IN","The United States",,
"1484","14","14","3","75"," ","Daquavion Davis II",,"71","190","2019-6-28","Greensboro","NC","The United States",,
"1484","14","14","3","76"," ","Daquavion Davis II",,"71","190","2019-6-28","Greensboro","NC","The United States",,
"1485","14","14","3","75"," ","Chuck Chunky",,"71","190","2019-6-28","New York","NY","The United States",,
"1486","14","14","3","75"," ","Chopper Donquixote",,"68","210","2019-6-28","Enumclaw","WA","The United States",,
"1487","14","14","3","75"," ","Carter Stankoven",,"71","199","2019-6-28","Barre","VT","The United States",,
"1488","14","14","3","75"," ","Argenti Gorilla",,"69","300","2020-6-28","Kampala","CEU","Uganda",,
"1488","14","14","3","79"," ","Argenti Gorilla",,"71","300","2020-6-28","Kampala","CEU","Uganda",,
"1489","14","14","3","75"," ","Andy Lammers",,"73","205","2019-6-28","Mukwonago","WI","The United States",,
"1489","14","14","3","77"," ","Andy Lammers",,"73","205","2019-6-28","Mukwonago","WI","The United States",,
"1499","14","14","3","76"," ","Doug Weight",,"72","200","2020-6-28","Detroit","MI","The United States",,
"1505","14","14","3","76"," ","Jordan Bamford",,"71","205","2018-6-28","Sacramento","CA","The United States",,
"1506","14","14","3","76"," ","Charlie Slurpe",,"72","185","2018-6-28","Chicago","IL","The United States",,
"1509","14","14","3","77"," ","Trevor Lopez",,"74","230","2020-6-28","Tijuana","BAJ","Mexico",,
"1516","14","14","3","77"," ","Connor Simard",,"71","188","2019-6-28","Montreal","QC","Canada",,
"1517","14","14","3","77"," ","Brayden Point",,"71","178","2019-6-28","Calgary","AB","Canada",,
"1518","14","14","3","77"," ","Big papi",,"74","200","2019-6-28","Montreal","QC","Canada",,
"1530","14","14","3","76"," ","Smirnov Light III",,"75","214","2020-6-28","Philadelphia","NY","The United States",,
"1530","14","14","3","77"," ","Smirnov Light III",,"76","214","2020-6-28","Philadelphia","NY","The United States",,
"1546","14","14","3","78"," ","Anna Skovgaard",,"75","180","2019-6-28","Oslo","AKE","Norway",,
"1547","14","14","3","76"," ","Anastasia Soderstrom",,"71","165","2019-6-28","Sundsvall","VäS","Sweden",,
"1591","14","14","3","79"," ","Clark Kent",,"75","225","2021-12-10","London","ENG","England",,
"1671","14","14","3","77"," ","Romeo McCatster",,"83","300","2021-6-28","Dubai","DU","India",,
"1676","14","14","3","79"," ","Hashbrown O'Fink",,"65","250","2020-6-28","Dublin","DUB","Ireland",,
"1682","14","14","3","79"," ","Smudge Pan",,"66","187","2020-6-28","Lake Echo","NS","Canada",,
"1684","14","14","3","79"," ","Peyton Campeau",,"71","186","2020-6-28","Trois-Rivières","QC","Canada",,
"1700","14","14","3","78"," ","Scape Goat",,"64","167","2019-6-28","Oslo","AKE","Norway",,
"1701","14","14","3","78"," ","Nor Ge",,"64","185","2020-6-28","Oslo","AKE","Norway",,
"1701","14","14","3","79"," ","Nor Ge",,"64","185","2020-6-28","Oslo","AKE","Norway",,
"1709","14","14","3","78"," ","Chairy Styles",,"71","180","2020-6-28","Oslo","AKE","Norway",,
"1710","14","14","3","78"," ","AT-AT Wollker",,"78","238","2020-6-28","Reykjavík","HöF","Iceland",,
"1712","14","14","3","78"," ","Elvar Gil-Galad",,"81","220","2020-6-28","Reykjavík","HöF","Iceland",,
"1712","14","14","3","79"," ","Elvar Gil-Galad",,"81","220","2020-6-28","Reykjavík","HöF","Iceland",,
"1719","14","14","3","76"," ","Thomas Harley",,"75","193","2020-6-28","Dallas","TX","The United States",,
"1720","14","14","3","76"," ","Sawyer Keenin",,"71","180","2020-6-28","Saco","ME","The United States",,
"1721","14","14","3","76"," ","May O'Nayse",,"66","150","2020-6-28","Orem","UT","The United States",,
"1722","14","14","3","76"," ","Kobe Frobe",,"75","204","2020-6-28","Portland","OR","The United States",,
"1723","14","14","3","76"," ","Julian Darkshanks",,"73","200","2020-6-28","Toledo","OH","The United States",,
"1724","14","14","3","76"," ","Hummus God",,"74","200","2020-6-28","Orange City","FL","The United States",,
"1725","14","14","3","76"," ","Gunny Vaudeville",,"72","185","2020-6-28","New Orleans","LA","The United States",,
"1726","14","14","3","76"," ","Cyrus The Virus",,"74","211","2020-6-28","Boston","MA","The United States",,
"1729","14","14","3","79"," ","Hugo Spycher",,"76","205","2020-6-28","Bern","BE","Switzerland",,
"1730","14","14","3","78"," ","Gwendolyn Telenn",,"67","150","2020-6-28","Lannion","BRI","France",,
"1739","14","14","3","80"," ","Earl Biggins",,"77","220","2021-1-6","Freiburg","BAD","Germany",,
"1740","14","14","3","78"," ","Rockey Gislason",,"75","215","2021-4-17","Dover","PA","The United States",,
"1745","14","14","3","78"," ","Karel Alexandersson",,"70","200","2021-4-11","Orkanger-Fannrem","SøR","Norway",,
"1763","14","14","3","78"," ","Twinkle Toes",,"71","195","2021-9-15","Holyhead","WAL","Wales",,
"1780","14","14","3","78"," ","Aslak Hestnes",,"76","220","2021-1-18","Tromsø","TRO","Norway",,
"1780","14","14","3","79"," ","Aslak Hestnes",,"76","220","2021-1-18","Tromsø","TRO","Norway",,
"1780","14","14","3","80"," ","Aslak Hestnes",,"76","220","2021-1-18","Tromsø","TRO","Norway",,
"1780","14","14","3","81"," ","Aslak Hestnes",,"76","220","2021-1-18","Tromsø","TRO","Norway",,
"1781","14","14","3","78"," ","Hal MacGuiness",,"74","235","2021-12-11","Ottawa","ON","Canada",,
"1781","14","14","3","79"," ","Hal MacGuiness",,"74","235","2021-12-11","Ottawa","ON","Canada",,
"1790","14","14","3","78"," ","Bernard Kochese",,"72","225","2021-1-1","Billings","MT","The United States",,
"1792","14","14","3","78"," ","Jervis Arbwranger",,"72","215","2021-3-2","Warren","MI","The United States",,
"1795","14","14","3","78"," ","Kermit Zhaba",,"71","260","2021-9-11","Whitecourt","AB","Canada",,
"1813","14","14","3","79"," ","Roisin Armagh",,"75","220","2021-3-15","Dublin","DUB","Ireland",,
"1818","14","14","3","78"," ","Rolly Duckfield",,"73","200","2021-4-16","Calgary","AB","Canada",,
"1828","14","14","3","78"," ","TBFAW",,"69","200","2021-1-23","Edmonton","AB","Canada",,
"1832","14","14","3","79"," ","Hvaik",,"76","196","2021-6-28","Tórshavn","TóR","Faroe Islands",,
"1832","14","14","3","80"," ","Hvaik",,"76","196","2021-6-28","Tórshavn","TóR","Faroe Islands",,
"1855","14","14","3","78"," ","Anatolyi Tarasov",,"81","270","2021-6-28","Kazan","TAT","Russia",,
"1855","14","14","3","79"," ","Anatolyi Tarasov",,"81","270","2021-6-28","Kazan","TAT","Russia",,
"1860","14","14","3","80"," ","Maverick Reynolds",,"76","220","2021-6-28","Dublin","DUB","Ireland",,
"1861","14","14","3","80"," ","Leo Finnegan",,"74","200","2021-6-28","Cork","COR","Ireland",,
"1861","14","14","3","81"," ","Leo Finnegan",,"74","200","2021-6-28","Cork","COR","Ireland",,
"1862","14","14","3","80"," ","Jon Garfield",,"76","220","2021-6-28","Tokyo","TOK","Japan",,
"1867","14","14","3","80"," ","Christov Kovalev",,"77","225","2021-6-28","Moscow","MOS","Russia",,
"1879","14","14","3","79"," ","Luigi Mario",,"71","170","2021-6-28","Halifax","NS","Canada",,
"1881","14","14","3","77"," ","Walbilly Koala",,"62","150","2022-6-28","Wichita","KS","The United States",,
"1882","14","14","3","77"," ","Scott Justice",,"69","205","2021-6-28","Detroit","MI","The United States",,
"1883","14","14","3","77"," ","Phemeia McLaughlin",,"68","155","2021-6-28","Calgary","AB","Canada",,
"1884","14","14","3","77"," ","Nick Sansone",,"74","180","2021-6-28","Newark","NJ","The United States",,
"1885","14","14","3","77"," ","Hannah Crowder",,"70","184","2021-6-28","Oklahoma City","OK","The United States",,
"1886","14","14","3","77"," ","Hades",,"83","200","2021-6-28","Colorado City","CO","The United States",,
"1886","14","14","3","79"," ","Hades",,"83","200","2021-6-28","Colorado City","CO","The United States",,
"1886","14","14","3","80"," ","Hades",,"83","200","2021-6-28","Colorado City","CO","The United States",,
"1887","14","14","3","77"," ","Galton Woggins",,"70","158","2021-6-28","Birmingham","MI","The United States",,
"1888","14","14","3","77"," ","G. Zip III",,"71","201","2021-6-28","Columbus","OH","The United States",,
"1889","14","14","3","77"," ","Elaina Beneski",,"63","150","2021-6-28","Towson","MD","The United States",,
"1890","14","14","3","77"," ","David VanHousen",,"62","160","2021-6-28","Aberdeen","OH","The United States",,
"1891","14","14","3","77"," ","Bodhi Echo",,"75","204","2021-6-28","Portland","NY","The United States",,
"1891","14","14","3","80"," ","Bodhi Echo",,"76","204","2021-6-28","Portland","NY","The United States",,
"1995","14","14","3","78"," ","QCCBOT4",,"70","175","2022-6-28","Helgeroa-Nevlunghamn","VES","Norway",,
"1996","14","14","3","80"," ","Ela Solberg",,"69","150","2022-6-28","Fredrikstad","ØST","Norway",,
"1996","14","14","3","81"," ","Ela Solberg",,"69","150","2022-6-28","Fredrikstad","ØST","Norway",,
"2108","14","14","3","81"," ","Aaron Noxus",,"72","200","2022-6-28","Toronto","ON","Canada",,
"2115","14","14","3","79"," ","Meowlnir Kittenson",,"74","225","2022-6-28","Tønsberg","VES","Norway",,
"2115","14","14","3","80"," ","Meowlnir Kittenson",,"74","225","2022-6-28","Tønsberg","VES","Norway",,
"2115","14","14","3","81"," ","Meowlnir Kittenson",,"74","225","2022-6-28","Tønsberg","VES","Norway",,
"2115","14","14","3","82"," ","Meowlnir Kittenson",,"74","225","2022-6-28","Tonsberg","VES","Norway",,
"2116","14","14","3","79"," ","Hans Gronlund",,"77","227","2022-6-28","Tromsø","TRO","Norway",,
"2116","14","14","3","80"," ","Hans Gronlund",,"77","227","2022-6-28","Tromsø","TRO","Norway",,
"2116","14","14","3","81"," ","Hans Gronlund",,"77","227","2022-6-28","Tromsø","TRO","Norway",,
"2116","14","14","3","82"," ","Hans Gronlund",,"77","227","2022-6-28","Tromso","TRO","Norway",,
"2143","14","14","3","79"," ","Zach Mulder",,"76","215","2022-6-28","Waterloo","ON","Canada",,
"2150","14","14","3","80"," ","Brock Jameson",,"77","150","2022-6-28","Milwaukee","WI","The United States",,
"2153","14","14","3","79"," ","Matthew Leroux",,"74","225","2022-6-28","Rimouski","QC","Canada",,
"2154","14","14","3","79"," ","Aloysius Hoglord III",,"75","203","2022-6-28","London","ENG","England",,
"2270","14","14","3","82"," ","Hetaksh",,"70","198","2023-6-28","Vancouver","BC","Canada",,
"2270","14","14","3","83"," ","Hetaksh",,"70","198","2023-6-28","Vancouver","BC","Canada",,
"2286","14","14","3","81"," ","Dydney Frosby",,"71","201","2023-6-28","Cole Harbour","NS","Canada",,
"2292","14","14","3","80"," ","Boone Breakaway",,"74","220","2023-6-28","Columbus","OH","The United States",,
"2293","14","14","3","80"," ","Gappy Hilmore",,"70","225","2023-6-28","Waterbury","CT","The United States",,
"2294","14","14","3","80"," ","Jordan Lafreniere",,"74","192","2023-6-28","Montreal","QC","Canada",,
"2294","14","14","3","82"," ","Jordan Lafreniere",,"74","192","2023-6-28","Montreal","QC","Canada",,
"2294","14","14","3","83"," ","Jordan Lafreniere",,"74","192","2023-6-28","Montreal","QC","Canada",,
"2296","14","14","3","80"," ","Kelly Sutherland",,"71","196","2023-6-28","Toronto","ON","Canada",,
"2297","14","14","3","80"," ","Theo Caufield",,"76","200","2023-6-28","Ottawa","ON","Canada",,
"2313","14","14","3","81"," ","Adam daniels",,"76","250","2023-6-28","Seattle","WA","The United States",,
"2318","14","14","3","83"," ","Erik Johnson",,"76","225","2023-6-28","Bloomington","MN","The United States",,
"2431","14","14","3","80"," ","Kelly McMahon",,"73","215","2023-6-28","Huddersfield","ENG","England",,
"2432","14","14","3","83"," ","Matt Smith",,"73","216","2024-6-28","Cardiff","WAL","Wales",,
"2442","14","14","3","85"," ","Five Hole Goes West",,"76","225","2024-6-28","Pittsburgh","PA","The United States",,
"2476","14","14","3","81"," ","Aaren Fjord",,"75","215","2024-6-28","Oslo","AKE","Norway",,
"2476","14","14","3","82"," ","Aaren Fjord",,"75","215","2024-6-28","Oslo","AKE","Norway",,
"2476","14","14","3","84"," ","Aaren Fjord",,"75","215","2024-6-28","Oslo","AKE","Norway",,
"2477","14","14","3","81"," ","Artyom Kuznetsov",,"75","240","2024-6-28","Tolbazy","BAS","Russia",,
"2478","14","14","3","81"," ","Bingankus Glunksplosion",,"83","300","2024-6-28","Svolvær","NOR","Norway",,
"2478","14","14","3","82"," ","Bingankus Glunksplosion",,"83","300","2024-6-28","Svolvaer","NOR","Norway",,
"2478","14","14","3","83"," ","Bingankus Glunksplosion",,"83","300","2024-6-28","Svolvaer","NOR","Norway",,
"2478","14","14","3","84"," ","Bingankus Glunksplosion",,"83","300","2024-6-28","Svolvaer","NOR","Norway",,
"2479","14","14","3","81"," ","Godfrey Williams",,"70","179","2024-6-28","Arkansas City","KS","The United States",,
"2480","14","14","3","81"," ","Harland Sanders",,"72","200","2024-6-28","Columbus","OH","The United States",,
"2481","14","14","3","81"," ","Krish Gainz",,"71","185","2024-6-28","Mississauga","ON","Canada",,
"2482","14","14","3","81"," ","Melon Lord",,"83","300","2024-6-28","Homewood","IL","The United States",,
"2483","14","14","3","81"," ","Mike Rich Colt",,"83","275","2024-6-28","Dallas","TX","The United States",,
"2483","14","14","3","82"," ","Mike Rich Colt",,"83","275","2024-6-28","Dallas","TX","The United States",,
"2484","14","14","3","81"," ","Mikkel Yordan",,"78","198","2024-6-28","Hamar","HED","Norway",,
"2484","14","14","3","82"," ","Mikkel Yordan",,"78","198","2024-6-28","Hamar","HED","Norway",,
"2484","14","14","3","83"," ","Mikkel Yordan",,"78","198","2024-6-28","Hamar","HED","Norway",,
"2484","14","14","3","84"," ","Mikkel Yordan",,"78","198","2024-6-28","Hamar","HED","Norway",,
"2485","14","14","3","81"," ","Peter Cross",,"78","260","2024-6-28","Port Hope","ON","Canada",,
"2486","14","14","3","81"," ","Pierre LeBlanc",,"75","220","2024-6-28","Gatineau","QC","Canada",,
"2487","14","14","3","81"," ","Rawbie Gardner",,"71","187","2024-6-28","Halifax","NS","Canada",,
"2488","14","14","3","81"," ","YmisScarab",,"75","220","2024-6-28","Atlanta","GA","The United States",,
"2490","14","14","3","82"," ","Helmfried Kunkel",,"76","230","2024-6-28","Darmstadt","HES","Germany",,
"2612","14","14","3","83"," ","Shio Corin",,"76","225","2025-6-28","Dublin","DUB","Ireland",,
"2612","14","14","3","84"," ","Shio Corin",,"76","225","2025-6-28","Dublin","DUB","Ireland",,
"2618","14","14","3","83"," ","Dan Bacle",,"69","210","2025-6-28","Dublin","DUB","Ireland",,
"2647","14","14","3","82"," ","Caline DeBine",,"75","200","2025-6-28","Montreal","QC","Canada",,
"2648","14","14","3","82"," ","Cap Crunch",,"76","220","2025-6-28","Russia","NY","The United States",,
"2649","14","14","3","82"," ","Chef Gagne",,"74","180","2025-6-28","Nice","PRO","France",,
"2650","14","14","3","82"," ","Cujo Pirelli",,"72","210","2025-6-28","St. John's","NL","Canada",,
"2651","14","14","3","82"," ","Jack Aubrey",,"69","170","2025-6-28","Brighton","NY","The United States",,
"2652","14","14","3","82"," ","Kameron Urchin-Mullen",,"80","250","2025-6-28","Oslo","AKE","Norway",,
"2652","14","14","3","83"," ","Kameron Urchin-Mullen",,"81","250","2025-6-28","Oslo","AKE","Norway",,
"2652","14","14","3","84"," ","Kameron Urchin-Mullen",,"81","250","2025-6-28","Oslo","AKE","Norway",,
"2652","14","14","3","85"," ","Kameron Urchin-Mullen",,"81","250","2025-6-28","Oslo","AKE","Norway",,
"2653","14","14","3","82"," ","Perry Fields",,"73","200","2025-6-28","London","ENG","England",,
"2654","14","14","3","82"," ","Pride Tape",,"77","227","2025-6-28","Bergen","HOR","Norway",,
"2654","14","14","3","83"," ","Pride Tape",,"77","227","2025-6-28","Bergen","HOR","Norway",,
"2654","14","14","3","84"," ","Pride Tape",,"77","227","2025-6-28","Bergen","HOR","Norway",,
"2654","14","14","3","85"," ","Pride Tape",,"77","227","2025-6-28","Bergen","HOR","Norway",,
"2655","14","14","3","82"," ","Theo Dahl",,"73","185","2025-6-28","Bergen","HOR","Norway",,
"2655","14","14","3","83"," ","Theo Dahl",,"73","185","2025-6-28","Bergen","HOR","Norway",,
"2655","14","14","3","84"," ","Theo Dahl",,"73","185","2025-6-28","Bergen","HOR","Norway",,
"2655","14","14","3","85"," ","Theo Dahl",,"73","185","2025-6-28","Bergen","HOR","Norway",,
"2656","14","14","3","82"," ","Tito Loearner",,"81","260","2025-6-28","Bern","BE","Switzerland",,
"2657","14","14","3","82"," ","Vinny Messina",,"70","185","2025-6-28","Winchester","VA","The United States",,
"2686","14","14","3","85"," ","Rocko Kirkby",,"80","290","2025-6-28","Queenstown","OTA","New Zealand",,
"2788","14","14","3","85"," ","Rekkit Ralf",,"75","230","2026-6-28","Mississauga","ON","Canada",,
"2796","14","14","3","84"," ","Gord Burns",,"75","245","2026-6-28","Moose Jaw","SK","Canada",,
"2814","14","14","3","84"," ","Ashton Calloway",,"70","190","2026-6-28","Galway","GAL","Ireland",,
"2814","14","14","3","85"," ","Ashton Calloway",,"70","190","2026-6-28","Galway","GAL","Ireland",,
"2836","14","14","3","84"," ","Jeffrey Hattrick",,"76","225","2026-6-28","Hockessin","DE","The United States",,
"2840","14","14","3","84"," ","Dylan Evans",,"73","205","2026-6-28","Cardiff","WAL","Wales",,
"2843","14","14","3","83"," ","Reverick Toddington",,"68","179","2026-6-28","Trondheim","SoR","Norway",,
"2843","14","14","3","84"," ","Reverick Toddington",,"69","179","2026-6-28","Trondheim","SoR","Norway",,
"2844","14","14","3","83"," ","O.B. O'Connell",,"75","227","2026-6-28","Detroit","MI","The United States",,
"2845","14","14","3","83"," ","Nolan Garage",,"76","227","2026-6-28","New York","NY","The United States",,
"2846","14","14","3","83"," ","Mike P",,"75","220","2026-6-28","Boston","MA","The United States",,
"2847","14","14","3","83"," ","Hans Majestet Pinnsvinet",,"75","200","2026-6-28","Tokyo","TOK","Japan",,
"2848","14","14","3","83"," ","Frank Drebin",,"76","225","2026-6-28","Chicago","IL","The United States",,
"2849","14","14","3","83"," ","Choopa Meltrozo",,"79","200","2026-6-28","Bonn","NOR","Germany",,
"2850","14","14","3","83"," ","Campanella and Giovanni",,"74","242","2026-6-28","Hanamaki","IWA","Japan",,
"2851","14","14","3","83"," ","Bodhi Grizz",,"74","265","2026-6-28","Myrtle Beach","SC","The United States",,
"3006","14","14","3","84"," ","Yves Saint Laurent",,"72","185","2027-6-28","Alesund","MoR","Norway",,
"3006","14","14","3","85"," ","Yves Saint Laurent",,"72","185","2027-6-28","Alesund","MoR","Norway",,
"3007","14","14","3","84"," ","Vumion Stitcherson",,"69","195","2027-6-28","Yokohama","KAN","Japan",,
"3007","14","14","3","85"," ","Vumion Stitcherson",,"69","195","2027-6-28","Yokohama","KAN","Japan",,
"3008","14","14","3","84"," ","Rocky Rainier",,"73","205","2027-6-28","Olympia","WA","The United States",,
"3009","14","14","3","84"," ","Midlife Crisis",,"68","178","2027-6-28","London","ENG","England",,
"3010","14","14","3","84"," ","Joonas Hodorson",,"75","205","2027-6-28","Bergen","HOR","Norway",,
"3010","14","14","3","85"," ","Joonas Hodorson",,"75","205","2027-6-28","Bergen","HOR","Norway",,
"3011","14","14","3","84"," ","John Pursuer",,"71","196","2027-6-28","Philadelphia","PA","The United States",,
"3012","14","14","3","84"," ","Emilia Skovgaard",,"74","170","2027-6-28","Oslo","AKE","Norway",,
"3012","14","14","3","85"," ","Emilia Skovgaard",,"74","170","2027-6-28","Oslo","AKE","Norway",,
"3013","14","14","3","84"," ","Buggy D. Backup",,"83","230","2027-6-28","Kyoto","KYO","Japan",,
"3171","14","14","3","85"," ","Mxxshy",,"73","192","2028-6-28","Copenhagen","FRE","Denmark",,
"3172","14","14","3","85"," ","Lane Gretzky",,"81","212","2028-6-28","Norman","OK","The United States",,
"3173","14","14","3","85"," ","Hi-My-Name-Is-Cliff-Drop-Over-Sometime Eastwood-Cuddles",,"77","220","2028-6-28","Victoria","THE","Seychelles",,
"3174","14","14","3","85"," ","Galumphous Seal",,"72","200","2028-6-28","Reykjavik","HoF","Iceland",,
"3175","14","14","3","85"," ","Crazy Tomato III",,"74","210","2028-6-28","Berlin","BER","Germany",,
"3176","14","14","3","85"," ","Carroll Niedfeldt Jr",,"75","225","2028-6-28","Sparta","NY","The United States",,
"3177","14","14","3","85"," ","Balogna Man",,"76","235","2028-6-28","Oslo","AKE","Norway",,
"3178","14","14","3","85"," ","Arthus Emrys",,"60","150","2028-6-28","Avignon","PRO","France",,
"3179","14","14","3","85"," ","Anna-Marie Scochnikov",,"69","185","2028-6-28","Montreal","QC","Canada",,
"707","15","15","3","75"," ","Valerija Serapin",,"73","180","2012-10-13","Vilnius","VIL","Lithuania",,
"1179","15","15","3","75"," ","Cal Juice",,"75","196","2017-6-28","Prague","PRA","Czech Republic",,
"1187","15","15","3","75"," ","Five-Hole Sieve",,"75","200","2017-6-28","Petaling Jaya","SEL","Malaysia",,
"1208","15","15","3","75"," ","Brandon Gilleyes",,"66","300","2017-6-28","Nuuk","NUU","Greenland",,
"1208","15","15","3","76"," ","Brandon Gilleyes",,"66","300","2017-6-28","Nuuk","NUU","Greenland",,
"1211","15","15","3","75"," ","Mikkel Enevoldsen",,"76","230","2017-6-28","Aalborg","NOR","Denmark",,
"1224","15","15","3","75"," ","Sergey Ivanov",,"74","195","2017-6-28","Yelizovo","KAM","Russia",,
"1224","15","15","3","76"," ","Sergey Ivanov",,"74","195","2017-6-28","Yelizovo","KAM","Russia",,
"1225","15","15","3","75"," ","Oranj Konhe",,"69","150","2017-6-28","Ostrava","MOR","Czech Republic",,
"1225","15","15","3","76"," ","Oranj Konhe",,"69","150","2017-6-28","Ostrava","MOR","Czech Republic",,
"1226","15","15","3","75"," ","Marek Carda",,"73","205","2017-6-28","Plzen","PLZ","Czech Republic",,
"1248","15","15","3","75"," ","Andrade La Sombra",,"71","210","2018-6-28","Durango","DUR","Mexico",,
"1248","15","15","3","76"," ","Andrade La Sombra",,"71","210","2018-6-28","Durango","DUR","Mexico",,
"1248","15","15","3","77"," ","Andrade La Sombra",,"71","210","2018-6-28","Durango","DUR","Mexico",,
"1360","15","15","3","75"," ","Muon Collider",,"76","200","2018-6-28","Whitehorse","YT","Canada",,
"1360","15","15","3","76"," ","Muon Collider",,"76","200","2018-6-28","Whitehorse","YT","Canada",,
"1360","15","15","3","77"," ","Muon Collider",,"76","200","2018-6-28","Whitehorse","YT","Canada",,
"1362","15","15","3","76"," ","James Howlett",,"69","195","2019-6-28","Cold Lake","AB","Canada",,
"1362","15","15","3","77"," ","James Howlett",,"69","195","2019-6-28","Cold Lake","AB","Canada",,
"1362","15","15","3","78"," ","James Howlett",,"69","195","2019-6-28","Cold Lake","AB","Canada",,
"1373","15","15","3","75"," ","Troy McClure IIII",,"79","265","2017-6-28","Prague","PRA","Czech Republic",,
"1373","15","15","3","76"," ","Troy McClure IIII",,"79","265","2017-6-28","Prague","PRA","Czech Republic",,
"1378","15","15","3","75"," ","Jesus Murphy",,"78","228","2018-6-28","Seattle","WA","The United States",,
"1378","15","15","3","76"," ","Jesus Murphy",,"78","228","2018-6-28","Seattle","WA","The United States",,
"1378","15","15","3","77"," ","Jesus Murphy",,"78","228","2018-6-28","Seattle","WA","The United States",,
"1386","15","15","3","76"," ","Jennifer Huh",,"71","150","2019-6-28","Seoul","SEO","South Korea",,
"1386","15","15","3","77"," ","Jennifer Huh",,"71","150","2019-6-28","Seoul","SEO","South Korea",,
"1386","15","15","3","78"," ","Jennifer Huh",,"71","150","2019-6-28","Seoul","SEO","South Korea",,
"1490","15","15","3","78"," ","Blade Hunter",,"75","212","2019-6-28","Suzdal","VLA","Russia",,
"1528","15","15","3","75"," ","Wellerman",,"72","200","2019-6-28","New York","NY","The United States",,
"1528","15","15","3","76"," ","Wellerman",,"72","200","2019-6-28","New York","NY","The United States",,
"1529","15","15","3","75"," ","Smitty Werbenjaegermanjensen",,"79","265","2020-6-28","Rita","MAJ","Marshall Islands",,
"1530","15","15","3","75"," ","Smirnov Light III",,"75","214","2020-6-28","Philadelphia","NY","The United States",,
"1531","15","15","3","75"," ","Samuel Cadieux",,"70","165","2020-6-28","Montreal","QC","Canada",,
"1532","15","15","3","75"," ","Roman Cechmanek II",,"75","200","2018-6-28","Zlín","ZLN","Czech Republic",,
"1532","15","15","3","76"," ","Roman Cechmanek II",,"75","200","2018-6-28","Zlín","ZLN","Czech Republic",,
"1533","15","15","3","75"," ","Nathangus McExplosion",,"75","220","2019-6-28","Kladno","STR","Czech Republic",,
"1533","15","15","3","76"," ","Nathangus McExplosion",,"77","220","2019-6-28","Kladno","STR","Czech Republic",,
"1533","15","15","3","77"," ","Nathangus McExplosion",,"77","220","2019-6-28","Kladno","STR","Czech Republic",,
"1533","15","15","3","78"," ","Nathangus McExplosion",,"77","220","2019-6-28","Kladno","STR","Czech Republic",,
"1534","15","15","3","75"," ","Florian Hascek",,"74","200","2018-6-28","Kladno","STR","Czech Republic",,
"1534","15","15","3","76"," ","Florian Hascek",,"74","200","2018-6-28","Kladno","STR","Czech Republic",,
"1534","15","15","3","77"," ","Florian Hascek",,"74","200","2018-6-28","Kladno","STR","Czech Republic",,
"1535","15","15","3","75"," ","Drake Smith",,"74","225","2020-6-28","Detroit","MI","The United States",,
"1566","15","15","3","76"," ","Ylib Kove",,"74","198","2019-6-28","Quebec City","QC","Canada",,
"1566","15","15","3","77"," ","Ylib Kove",,"75","198","2019-6-28","Quebec City","QC","Canada",,
"1566","15","15","3","78"," ","Ylib Kove",,"74","198","2019-6-28","Quebec City","QC","Canada",,
"1569","15","15","3","76"," ","Noah Smith",,"73","224","2018-6-28","Sydney","NSW","Australia",,
"1570","15","15","3","76"," ","Matviy Cajabi",,"73","200","2019-6-28","Kramatorsk","DON","Ukraine",,
"1570","15","15","3","77"," ","Matviy Cajabi",,"73","200","2019-6-28","Kramatorsk","DON","Ukraine",,
"1570","15","15","3","78"," ","Matviy Cajabi",,"73","200","2019-6-28","Kramatorsk","DON","Ukraine",,
"1678","15","15","3","77"," ","Cadmael Ixazaluoh",,"75","240","2020-6-28","Zacapa","ZAC","Guatemala",,
"1678","15","15","3","78"," ","Cadmael Ixazaluoh",,"75","240","2020-6-28","Zacapa","ZAC","Guatemala",,
"1678","15","15","3","79"," ","Cadmael Ixazaluoh",,"75","240","2020-6-28","Zacapa","ZAC","Guatemala",,
"1683","15","15","3","79"," ","Sam Quintilio",,"73","210","2020-6-28","Edmonton","AB","Canada",,
"1686","15","15","3","79"," ","Emile Dionne",,"75","198","2020-6-28","Quebec City","QC","Canada",,
"1695","15","15","3","76"," ","Tomas Suchanek",,"77","190","2020-6-28","Prague","PRA","Czech Republic",,
"1695","15","15","3","77"," ","Tomas Suchanek",,"77","190","2020-6-28","Prague","PRA","Czech Republic",,
"1695","15","15","3","78"," ","Tomas Suchanek",,"77","190","2020-6-28","Prague","PRA","Czech Republic",,
"1695","15","15","3","79"," ","Tomas Suchanek",,"77","190","2020-6-28","Prague","PRA","Czech Republic",,
"1695","15","15","3","80"," ","Tomas Suchanek",,"77","190","2020-6-28","Prague","PRA","Czech Republic",,
"1695","15","15","3","81"," ","Tomas Suchanek",,"77","190","2020-6-28","Prague","PRA","Czech Republic",,
"1695","15","15","3","82"," ","Tomas Suchanek",,"77","190","2020-6-28","Prague","PRA","Czech Republic",,
"1695","15","15","3","83"," ","Tomas Suchanek",,"77","190","2020-6-28","Prague","PRA","Czech Republic",,
"1695","15","15","3","84"," ","Tomas Suchanek",,"77","190","2020-6-28","Prague","PRA","Czech Republic",,
"1695","15","15","3","85"," ","Tomas Suchanek",,"77","190","2020-6-28","Prague","PRA","Czech Republic",,
"1696","15","15","3","76"," ","Marian Hanak",,"75","215","2020-6-28","Kladno","STR","Czech Republic",,
"1696","15","15","3","77"," ","Marian Hanak",,"75","215","2020-6-28","Kladno","STR","Czech Republic",,
"1696","15","15","3","78"," ","Marian Hanak",,"75","215","2020-6-28","Kladno","STR","Czech Republic",,
"1696","15","15","3","79"," ","Marian Hanak",,"75","215","2020-6-28","Kladno","STR","Czech Republic",,
"1697","15","15","3","76"," ","LiMu Emu",,"70","173","2020-6-28","Prague","PRA","Czech Republic",,
"1697","15","15","3","77"," ","LiMu Emu",,"70","173","2020-6-28","Prague","PRA","Czech Republic",,
"1698","15","15","3","76"," ","David Vent",,"77","220","2020-6-28","Prague","PRA","Czech Republic",,
"1698","15","15","3","77"," ","David Vent",,"77","220","2020-6-28","Prague","PRA","Czech Republic",,
"1698","15","15","3","78"," ","David Vent",,"77","220","2020-6-28","Prague","PRA","Czech Republic",,
"1698","15","15","3","79"," ","David Vent",,"77","220","2020-6-28","Prague","PRA","Czech Republic",,
"1713","15","15","3","77"," ","Hockey Player",,"73","200","2020-6-28","Colorado City","CO","The United States",,
"1713","15","15","3","78"," ","Hockey Player",,"73","200","2020-6-28","Colorado City","CO","The United States",,
"1713","15","15","3","79"," ","Hockey Player",,"73","200","2020-6-28","Colorado City","CO","The United States",,
"1718","15","15","3","78"," ","Grant Berd",,"74","197","2021-6-28","Boston","MA","The United States",,
"1718","15","15","3","79"," ","Grant Berd",,"74","197","2021-6-28","Boston","MA","The United States",,
"1718","15","15","3","80"," ","Grant Berd",,"74","197","2021-6-28","Boston","MA","The United States",,
"1726","15","15","3","79"," ","Cyrus The Virus",,"74","211","2020-6-28","Boston","MA","The United States",,
"1767","15","15","3","80"," ","Big Sweg",,"83","300","2021-4-21","Helsinki","UUS","Finland",,
"1767","15","15","3","81"," ","Big Sweg",,"83","300","2021-4-21","Helsinki","UUS","Finland",,
"1771","15","15","3","79"," ","Ivan Ivanovitch",,"73","197","2021-2-14","Moscow","MOS","Russia",,
"1779","15","15","3","78"," ","Ian Avery",,"69","190","2021-6-10","Portland","OR","The United States",,
"1779","15","15","3","79"," ","Ian Avery",,"69","190","2021-6-10","Portland","OR","The United States",,
"1781","15","15","3","80"," ","Hal MacGuiness",,"74","235","2021-12-11","Ottawa","ON","Canada",,
"1785","15","15","3","80"," ","Chaos Giraffe",,"80","230","2021-3-5","Seattle","WA","The United States",,
"1786","15","15","3","78"," ","Kiwi Soderberg-Snooks",,"78","225","2021-2-26","Wellington","WEL","New Zealand",,
"1791","15","15","3","78"," ","AJ Diaz",,"66","200","2021-2-19","Suitland-Silver Hill","MD","The United States",,
"1812","15","15","3","78"," ","Tip Toasty",,"73","200","2021-2-12","Crescent City","CA","The United States",,
"1813","15","15","3","78"," ","Roisin Armagh",,"75","220","2021-3-15","Dublin","DUB","Ireland",,
"1829","15","15","3","80"," ","Oatmeal Josephsdottir",,"72","238","2021-10-25","Reykjavík","HöF","Iceland",,
"1830","15","15","3","79"," ","Boofa Benson",,"83","275","2020-6-28","Perth","WA","Australia",,
"1852","15","15","3","77"," ","Kral King",,"75","226","2021-6-28","Kladno","STR","Czech Republic",,
"1852","15","15","3","78"," ","Kral King",,"75","226","2021-6-28","Kladno","STR","Czech Republic",,
"1852","15","15","3","79"," ","Kral King",,"75","226","2021-6-28","Kladno","STR","Czech Republic",,
"1852","15","15","3","80"," ","Kral King",,"75","226","2021-6-28","Kladno","STR","Czech Republic",,
"1853","15","15","3","77"," ","Jackass Pants",,"77","200","2021-6-28","Brno","JHM","Czech Republic",,
"1853","15","15","3","78"," ","Jackass Pants",,"77","200","2021-6-28","Brno","JHM","Czech Republic",,
"1853","15","15","3","79"," ","Jackass Pants",,"77","200","2021-6-28","Brno","JHM","Czech Republic",,
"1853","15","15","3","80"," ","Jackass Pants",,"77","200","2021-6-28","Brno","JHM","Czech Republic",,
"1854","15","15","3","77"," ","Dog Jagr",,"73","300","2021-6-28","Kladno","STR","Czech Republic",,
"1854","15","15","3","78"," ","Dog Jagr",,"73","300","2021-6-28","Kladno","STR","Czech Republic",,
"1854","15","15","3","79"," ","Dog Jagr",,"73","300","2021-6-28","Kladno","STR","Czech Republic",,
"1854","15","15","3","80"," ","Dog Jagr",,"73","300","2021-6-28","Kladno","STR","Czech Republic",,
"1855","15","15","3","77"," ","Anatolyi Tarasov",,"81","270","2021-6-28","Kazan","TAT","Russia",,
"1856","15","15","3","77"," ","Akira Suzuki",,"74","200","2021-6-28","Liberec","LIB","Czech Republic",,
"1856","15","15","3","79"," ","Akira Suzuki",,"74","200","2021-6-28","Liberec","LIB","Czech Republic",,
"1859","15","15","3","80"," ","Ozzy Bradford",,"80","260","2021-6-28","Bath","ENG","England",,
"1868","15","15","3","79"," ","Bas O'Bigbers Jr",,"72","200","2021-6-28","Swords","DUB","Ireland",,
"2100","15","15","3","80"," ","Marty Charlie",,"73","195","2022-6-28","Belfast","NOR","Northern Ireland",,
"2111","15","15","3","80"," ","Jack Ellul",,"74","200","2022-6-28","Gibsons","BC","Canada",,
"2136","15","15","3","80"," ","Kim Chaewon",,"74","200","2022-6-28","Seoul","SEO","South Korea",,
"2136","15","15","3","81"," ","Kim Chaewon",,"74","200","2022-6-28","Seoul","SEO","South Korea",,
"2136","15","15","3","82"," ","Kim Chaewon",,"74","200","2022-6-28","Seoul","SEO","South Korea",,
"2144","15","15","3","79"," ","Jayson Flemmings",,"70","175","2022-6-28","London","ON","Canada",,
"2146","15","15","3","79"," ","Tylah Fortune",,"74","211","2022-6-28","Oshawa","ON","Canada",,
"2147","15","15","3","79"," ","Jeff Santiago",,"69","161","2022-6-28","New York","NY","The United States",,
"2148","15","15","3","79"," ","Austin Gauthier",,"76","220","2022-6-28","Toronto","ON","Canada",,
"2153","15","15","3","80"," ","Matthew Leroux",,"74","225","2022-6-28","Rimouski","QC","Canada",,
"2157","15","15","3","80"," ","Goosetavo",,"72","205","2022-6-28","Bayfield","NS","Canada",,
"2272","15","15","3","80"," ","Captain Obvious",,"74","197","2023-6-28","Prerov","OLO","Czech Republic",,
"2272","15","15","3","81"," ","Captain Obvious",,"74","197","2023-6-28","Prerov","OLO","Czech Republic",,
"2272","15","15","3","82"," ","Captain Obvious",,"74","197","2023-6-28","Prerov","OLO","Czech Republic",,
"2273","15","15","3","80"," ","Honza Havran",,"77","215","2023-6-28","Kladno","STR","Czech Republic",,
"2273","15","15","3","81"," ","Honza Havran",,"78","215","2023-6-28","Kladno","STR","Czech Republic",,
"2274","15","15","3","80"," ","Jay Price",,"74","190","2023-6-28","Banff","AB","Canada",,
"2275","15","15","3","80"," ","Jean-Luc Gagnon",,"73","189","2023-6-28","Terrebonne","QC","Canada",,
"2276","15","15","3","80"," ","No Cheddar",,"74","205","2023-6-28","Mississauga","ON","Canada",,
"2277","15","15","3","80"," ","Ty Sinclair",,"76","240","2023-6-28","Winnipeg","MB","Canada",,
"2281","15","15","3","82"," ","David O'Connor",,"80","229","2024-6-28","Dundee","SCO","England",,
"2287","15","15","3","81"," ","Jadon Fisk",,"70","200","2023-6-28","Colorado City","CO","The United States",,
"2304","15","15","3","83"," ","Wilhelm Seider",,"74","195","2023-6-28","Munich","BAV","Germany",,
"2309","15","15","3","83"," ","Linus Ully",,"76","215","2023-6-28","Malmo","SKa","Sweden",,
"2314","15","15","3","82"," ","Jack Ryan",,"73","188","2023-6-28","Baltimore","MD","The United States",,
"2439","15","15","3","81"," ","Chappell Roan",,"70","200","2024-6-28","St. Louis","MI","The United States",,
"2440","15","15","3","81"," ","Dana Katherine Celly",,"72","195","2024-6-28","Nice","PRO","France",,
"2440","15","15","3","82"," ","Dana Katherine Celly",,"72","195","2024-6-28","Nice","PRO","France",,
"2441","15","15","3","81"," ","Evil Jordan Humphrey",,"76","225","2024-6-28","Texas City","TX","Canada",,
"2442","15","15","3","81"," ","Five Hole Goes West",,"76","225","2024-6-28","Pittsburgh","PA","The United States",,
"2443","15","15","3","81"," ","Jose Brodeur",,"77","200","2024-6-28","Tokyo","TOK","Japan",,
"2444","15","15","3","81"," ","Luke Toussaint",,"79","200","2024-6-28","Glenview","IL","The United States",,
"2445","15","15","3","81"," ","Mantis Shrimp",,"73","160","2024-6-28","Tsushima","AIC","Japan",,
"2446","15","15","3","81"," ","Mikko Rashford II",,"70","180","2024-6-28","Beira","SOF","Mozambique",,
"2447","15","15","3","81"," ","Mitch Matthews",,"67","200","2024-6-28","Prince Albert","SK","Canada",,
"2448","15","15","3","81"," ","Nathan Bodie",,"78","220","2024-6-28","Victoria","BC","Canada",,
"2449","15","15","3","81"," ","Noah Martzler",,"74","190","2024-6-28","Prague","PRA","Czech Republic",,
"2450","15","15","3","81"," ","Oskar Svenguard",,"73","210","2024-6-28","Munich","BAV","Germany",,
"2451","15","15","3","81"," ","Silver Tarandus",,"71","194","2024-6-28","Philadelphia","PA","The United States",,
"2452","15","15","3","81"," ","Stanislaw Uljevic",,"81","240","2024-6-28","Prague","PRA","Czech Republic",,
"2452","15","15","3","82"," ","Stanislaw Uljevic",,"81","240","2024-6-28","Prague","PRA","Czech Republic",,
"2452","15","15","3","83"," ","Stanislaw Uljevic",,"81","240","2024-6-28","Prague","PRA","Czech Republic",,
"2452","15","15","3","84"," ","Stanislaw Uljevic",,"81","240","2024-6-28","Prague","PRA","Czech Republic",,
"2452","15","15","3","85"," ","Stanislaw Uljevic",,"81","240","2024-6-28","Prague","PRA","Czech Republic",,
"2453","15","15","3","81"," ","Thurston Bull",,"74","210","2024-6-28","New York","NY","The United States",,
"2466","15","15","3","82"," ","Armani Dove",,"76","205","2024-6-28","Nipigon","ON","Canada",,
"2468","15","15","3","82"," ","Chubby Barista",,"83","300","2024-6-28","Vancouver","BC","Canada",,
"2514","15","15","3","82"," ","Patryk Dziadek",,"75","187","2024-6-28","Zabrze","SLA","Poland",,
"2514","15","15","3","83"," ","Patryk Dziadek",,"75","187","2024-6-28","Zabrze","SLA","Poland",,
"2514","15","15","3","84"," ","Patryk Dziadek",,"75","187","2024-6-28","Zabrze","SLA","Poland",,
"2617","15","15","3","82"," ","Bobbi Jarosz",,"74","225","2025-6-28","Glasgow","SCO","Scotland",,
"2618","15","15","3","82"," ","Dan Bacle",,"69","210","2025-6-28","Dublin","DUB","Ireland",,
"2619","15","15","3","82"," ","Gary",,"70","187","2025-6-28","Austin","TX","The United States",,
"2620","15","15","3","82"," ","Ignac Kanistr",,"74","194","2025-6-28","Brno","JHM","Czech Republic",,
"2620","15","15","3","83"," ","Ignac Kanistr",,"74","194","2025-6-28","Brno","JHM","Czech Republic",,
"2620","15","15","3","85"," ","Ignac Kanistr",,"74","194","2025-6-28","Brno","JHM","Czech Republic",,
"2621","15","15","3","82"," ","Jamie Peterson",,"67","190","2025-6-28","Birmingham","ENG","England",,
"2622","15","15","3","82"," ","Junior Chicken",,"77","205","2025-6-28","Flin Flon","MB","Canada",,
"2623","15","15","3","82"," ","Lukas Eichelmann",,"75","215","2025-6-28","Mannheim","BAD","Germany",,
"2624","15","15","3","82"," ","nelly celly jr",,"74","210","2025-6-28","Richmond","BC","Canada",,
"2625","15","15","3","82"," ","Olivia Osgood",,"76","201","2025-6-28","Red Deer","AB","Canada",,
"2625","15","15","3","83"," ","Olivia Osgood",,"76","201","2025-6-28","Red Deer","AB","Canada",,
"2626","15","15","3","82"," ","Send Noodlez",,"78","275","2025-6-28","Brooklyn","NY","The United States",,
"2627","15","15","3","82"," ","Yu Nishinoya",,"64","165","2025-6-28","Sendai","MIY","Japan",,
"2640","15","15","3","85"," ","criticalcheeze",,"79","225","2025-6-28","Bangor","ME","The United States",,
"2802","15","15","3","83"," ","Wes’s Doug",,"74","200","2026-6-28","Miami","FL","The United States",,
"2803","15","15","3","83"," ","Tobias Krunk",,"76","230","2026-6-28","Sherbrooke","QC","Canada",,
"2804","15","15","3","83"," ","Takemichi Hanagaki",,"65","150","2026-6-28","Tokyo","TOK","Japan",,
"2805","15","15","3","83"," ","Ren Lee",,"75","200","2026-6-28","Hong Kong Island","HON","Hong Kong",,
"2805","15","15","3","84"," ","Ren Lee",,"75","200","2026-6-28","Hong Kong Island","HON","Hong Kong",,
"2806","15","15","3","83"," ","Penelope",,"73","167","2026-6-28","As","KAR","Czech Republic",,
"2806","15","15","3","84"," ","Penelope",,"73","167","2026-6-28","As","KAR","Czech Republic",,
"2806","15","15","3","85"," ","Penelope",,"73","167","2026-6-28","As","KAR","Czech Republic",,
"2807","15","15","3","83"," ","Mark ""Bear"" Elstob",,"77","215","2026-6-28","Harrogate","ENG","England",,
"2808","15","15","3","83"," ","Johann Selich",,"71","200","2026-6-28","Plauen","SAX","Germany",,
"2809","15","15","3","83"," ","Jerry Durden",,"76","223","2026-6-28","Spokane","WA","The United States",,
"2810","15","15","3","83"," ","Cole Allen",,"76","210","2026-6-28","Kalamazoo","MI","The United States",,
"2811","15","15","3","83"," ","Carroll Niedfeldt",,"75","225","2026-6-28","Sparta","NY","The United States",,
"2812","15","15","3","83"," ","Cam Claflin",,"72","210","2026-6-28","Norfolk","VA","The United States",,
"2813","15","15","3","83"," ","Brodie James",,"72","160","2026-6-28","Toronto","ON","Canada",,
"2814","15","15","3","83"," ","Ashton Calloway",,"70","190","2026-6-28","Galway","GAL","Ireland",,
"2815","15","15","3","83"," ","Absol Ute Unit",,"62","300","2026-6-28","Blackburn","ENG","England",,
"2849","15","15","3","85"," ","Choopa Meltrozo",,"79","200","2026-6-28","Bonn","NOR","Germany",,
"2970","15","15","3","84"," ","Trevor Zegras",,"72","200","2027-6-28","Bedford","NY","The United States",,
"2971","15","15","3","84"," ","Spiky Sal O'Leary",,"80","287","2027-6-28","Kyoto","KYO","Japan",,
"2972","15","15","3","84"," ","ronnakritt",,"74","200","2027-6-28","Nashville","TN","The United States",,
"2973","15","15","3","84"," ","Petrov Semenov",,"77","215","2027-6-28","Prague","PRA","Czech Republic",,
"2973","15","15","3","85"," ","Petrov Semenov",,"77","215","2027-6-28","Prague","PRA","Czech Republic",,
"2974","15","15","3","84"," ","Neko Suki",,"61","300","2027-6-28","Nagasaki","NAG","Japan",,
"2975","15","15","3","84"," ","Mustrum Ridcully",,"80","300","2027-6-28","Vatican City","VAC","Vatican City",,
"2976","15","15","3","84"," ","Mikko Rashford III",,"69","180","2027-6-28","Reykjavik","HoF","Iceland",,
"2977","15","15","3","84"," ","Mike Eschrich",,"72","225","2027-6-28","Galway","GAL","Ireland",,
"2978","15","15","3","84"," ","Louis LeRoux",,"71","200","2027-6-28","Pittsburgh","PA","The United States",,
"2979","15","15","3","84"," ","Llanfairpwllgwyng....gogogoch Resident",,"83","300","2027-6-28","Nottingham","ENG","England",,
"2980","15","15","3","84"," ","Lava Lemur",,"83","300","2027-6-28","Louisville","IL","The United States",,
"2981","15","15","3","84"," ","Jackson De La Cruz",,"74","202","2027-6-28","Edina","MN","The United States",,
"2982","15","15","3","84"," ","Dale Cooper",,"73","206","2027-6-28","Fall City","WA","The United States",,
"2983","15","15","3","84"," ","Colton",,"75","230","2027-6-28","Denver","CO","The United States",,
"2984","15","15","3","84"," ","Alex Wyke",,"70","177","2027-6-28","Luton","ENG","England",,
"2985","15","15","3","84"," ","Alex Buffenbarger III",,"72","190","2027-6-28","Cumberland","MD","The United States",,
"3141","15","15","3","85"," ","Wladek Brzeczyszczykiewicz",,"72","240","2028-6-28","Luby","KAR","Czech Republic",,
"3142","15","15","3","85"," ","Tim Riggins Jr",,"80","240","2028-6-28","Edmonton","AB","Canada",,
"3143","15","15","3","85"," ","Thomas Buffel",,"77","200","2028-6-28","Zug","ZG","Switzerland",,
"3144","15","15","3","85"," ","Scrant Blonkis",,"60","150","2028-6-28","Vatican City","VAC","Vatican City",,
"3145","15","15","3","85"," ","Sconnie McHits Jr.",,"74","220","2028-6-28","Vatican City","VAC","Canada",,
"3146","15","15","3","85"," ","No Face",,"76","200","2028-6-28","London","ENG","England",,
"3147","15","15","3","85"," ","Mikhail Marchenko",,"74","190","2028-6-28","Prague","PRA","Czech Republic",,
"3148","15","15","3","85"," ","Lawrence Crentist",,"75","210","2028-6-28","Boston","MA","The United States",,
"3149","15","15","3","85"," ","Juan Lasrun",,"76","180","2028-6-28","Raleigh","NC","The United States",,
"3150","15","15","3","85"," ","Dylan Mckneely",,"72","225","2028-6-28","Baton Rouge","LA","The United States",,
"3151","15","15","3","85"," ","Dominik Turek",,"78","225","2028-6-28","Olomouc","OLO","Czech Republic",,
"3152","15","15","3","85"," ","David Volek",,"74","200","2028-6-28","Ostrava","MOR","Czech Republic",,
"3153","15","15","3","85"," ","Bryan  Hart",,"74","198","2028-6-28","Detroit","MI","The United States",,
"3154","15","15","3","85"," ","Alain Rousseau",,"75","205","2028-6-28","Lyon","RHo","France",,
