id,league,season,name,team,position,blocker,glove,passing,pokeCheck,positioning,rebound,recovery,puckhandling,lowShots,reflexes,skating,aggression,mentalToughness,determination,teamPlayer,leadership,goalieStamina,professionalism,appliedTPE,pos
697,1,66,Brady Trussler,ANC,G,11,12,5,5,17,7,5,5,5,6,5,8,5,15,15,15,5,15,155,Goalie
876,1,66,ANC EBUG,ANC,G,15,12,7,7,12,12,12,7,12,12,7,8,11,15,15,15,11,15,246,Goalie
1156,1,66,August Von Hecht,ANC,G,12,13,5,10,15,11,13,5,11,13,9,8,11,15,15,15,12,15,271,Goalie
1221,1,66,Ted Lindsay,ANC,G,10,11,10,5,11,10,10,10,10,10,10,8,12,15,15,15,10,15,155,Goalie
772,1,66,Loic Therien,KEL,G,8,8,8,8,5,8,10,5,5,15,5,8,5,15,15,15,15,15,155,Goalie
1235,1,66,Casey Fantobens,KEL,G,13,13,7,7,15,13,13,9,13,14,9,8,13,15,15,15,13,15,349,Goalie
1616,1,66,Keith Kakapo,KEL,G,11,11,8,7,12,11,12,8,11,12,11,8,11,15,15,15,12,15,202,Goalie
660,1,66,Liam Bell,MET,G,11,11,11,11,11,11,11,11,11,5,5,8,5,15,15,15,10,15,155,Goalie
958,1,66,Walrus Walrus,MET,G,11,11,5,5,12,11,11,11,11,11,6,8,7,15,15,15,11,15,155,Goalie
1163,1,66,Adam Rage,MET,G,13,14,10,11,15,13,13,10,14,14,12,8,12,15,15,15,12,15,409,Goalie
1186,1,66,Scottey Crawfling,MET,G,12,12,7,7,12,11,12,7,12,12,7,8,11,15,15,15,11,15,200,Goalie
1399,1,66,Lachlan Moon,MET,G,10,11,5,5,14,13,14,5,10,14,5,8,10,15,15,15,10,15,233,Goalie
1667,1,66,Sir Devoir,MET,G,13,11,13,13,12,12,13,12,12,13,12,8,12,15,15,15,12,15,344,Goalie
509,1,66,Keisuke Suzuki,VAN,G,12,13,9,9,11,10,11,11,10,15,12,8,11,15,15,15,11,15,256,Goalie
956,1,66,Mertin Broduer,VAN,G,12,12,8,8,12,10,10,10,12,12,8,8,9,15,15,15,9,15,177,Goalie
1142,1,66,Cal St. Karsikz,VAN,G,12,12,7,7,12,11,12,7,12,12,7,8,11,15,15,15,11,15,200,Goalie
1464,1,66,Gray Rosey,VAN,G,10,10,5,10,11,10,10,10,10,12,11,8,10,15,15,15,10,15,155,Goalie
1730,1,66,B Jobin,VAN,G,9,11,7,12,17,15,15,9,10,15,9,8,12,15,15,15,13,15,425,Goalie
627,1,66,Tim Allen Jr.,NL,G,9,9,8,8,13,12,13,8,10,13,9,8,12,15,15,15,8,15,189,Goalie
1095,1,66,Nina Tucker,NL,G,13,13,5,10,14,14,14,8,13,14,9,8,9,15,15,15,11,15,327,Goalie
1313,1,66,MUNK LUCK,NL,G,12,12,7,7,12,11,12,7,12,12,7,8,11,15,15,15,11,15,200,Goalie
1862,1,66,Samuel Piccard,NL,G,11,11,5,7,12,11,12,7,11,11,9,8,10,15,15,15,9,15,155,Goalie
523,1,66,Nashy Goodboi,YUM,G,12,12,7,7,12,11,12,7,12,12,7,8,11,15,15,15,11,15,200,Goalie
1345,1,66,Isabella Bouchard,YUM,G,13,13,5,6,15,14,14,5,14,15,10,8,10,15,15,15,11,15,368,Goalie
1379,1,66,Anzelms Krastins,YUM,G,11,11,10,9,15,12,13,11,12,15,8,8,12,15,15,15,11,15,313,Goalie
1991,1,66,Mr Lightning,YUM,G,9,9,9,9,12,11,11,8,10,9,9,8,12,15,15,15,12,15,155,Goalie
1050,1,66,Monster The Doctor,COL,G,11,12,10,11,11,11,11,11,13,12,7,8,10,15,15,15,11,15,216,Goalie
1731,1,66,Shiny Shuckle,COL,G,14,14,9,9,15,14,13,8,14,15,9,8,10,15,15,15,14,15,424,Goalie
1780,1,66,Swiss Cheese,COL,G,10,10,10,6,10,13,10,7,10,13,5,8,10,15,15,15,10,15,155,Goalie
467,1,66,Tyler Avery,DET,G,10,10,7,10,12,10,10,10,10,10,10,8,10,15,15,15,12,15,160,Goalie
1061,1,66,Skree McSkreeface,DET,G,12,12,7,7,12,11,12,7,12,12,7,8,11,15,15,15,11,15,200,Goalie
1474,1,66,Toms Zile,DET,G,14,14,12,12,13,14,13,11,12,13,11,8,13,15,15,15,14,15,420,Goalie
1475,1,66,Joel Farfalle,DET,G,11,11,9,7,11,11,11,7,11,11,9,8,10,15,15,15,11,15,155,Goalie
731,1,66,Jack Lewis,STL,G,11,11,10,9,12,11,12,11,12,12,7,8,8,15,15,15,11,15,199,Goalie
756,1,66,Jesse Hellanude,STL,G,5,5,5,5,18,5,5,5,5,5,5,8,6,15,15,16,7,15,155,Goalie
786,1,66,Roddy Ross,STL,G,10,15,5,5,10,10,10,6,8,10,10,8,10,15,15,15,10,15,155,Goalie
1615,1,66,Joshua CorcoranTwitch,STL,G,12,12,11,11,15,14,14,12,13,15,11,8,12,15,15,15,13,15,426,Goalie
1625,1,66,Anthony Dionne,STL,G,14,13,7,11,14,13,13,10,13,14,8,8,12,15,15,15,12,15,350,Goalie
332,1,66,Shawn Lonkert,CAR,G,10,10,11,5,10,10,11,11,10,10,10,8,9,15,15,15,12,15,155,Goalie
955,1,66,CAR EBUG,CAR,G,12,12,7,7,12,11,12,7,12,12,7,8,11,15,15,15,11,15,200,Goalie
1081,1,66,Roddy Ross,CAR,G,10,15,5,5,10,10,10,6,8,10,10,8,10,15,15,15,10,15,155,Goalie
1386,1,66,Otter Von Bismarck,CAR,G,11,11,5,9,15,11,11,5,11,15,8,8,9,15,15,15,10,15,231,Goalie
1468,1,66,BASE PACK,CAR,G,12,12,5,9,17,14,13,6,12,16,8,8,13,15,15,15,13,15,425,Goalie
1868,1,66,Mr Lightning,CAR,G,9,9,9,9,12,11,11,8,10,9,9,8,12,15,15,15,12,15,155,Goalie
1873,1,66,Adam Prpich,CAR,G,12,12,6,8,15,13,13,6,13,13,6,8,11,15,15,15,11,15,277,Goalie
1439,1,66,Valérian Sauveterre,NBB,G,11,11,11,11,14,11,11,11,11,12,11,7,11,15,15,15,11,15,247,Goalie
1867,1,66,Dexter Harrison,NBB,G,10,13,5,12,15,10,10,10,10,10,6,8,9,15,15,15,10,15,202,Goalie
68,1,66,Tyler Cannon,QCC,G,10,10,8,10,10,10,10,8,9,9,14,8,10,15,15,15,10,15,155,Goalie
625,1,66,Kevin Newman,QCC,G,11,11,9,10,11,11,11,5,11,11,8,8,9,15,15,15,11,15,155,Goalie
1121,1,66,Justin Time,QCC,G,14,14,7,11,15,13,14,10,14,14,10,8,12,15,15,15,13,15,425,Goalie
1246,1,66,Unstopab Owl,QCC,G,12,12,7,7,12,11,12,7,12,12,7,8,11,15,15,15,11,15,200,Goalie
1384,1,66,Skating Dino,QCC,G,13,13,6,10,13,13,13,7,13,13,10,8,10,15,15,15,10,15,271,Goalie
1866,1,66,Caleb Hayden,QCC,G,13,13,5,5,14,13,13,8,13,14,8,8,11,15,15,15,10,15,289,Goalie
1300,1,66,Gumba Overdoo,REG,G,12,12,7,7,12,11,12,7,12,12,7,8,11,15,15,15,11,15,200,Goalie
1610,1,66,Inda Bagg,REG,G,13,13,5,5,15,14,13,5,13,14,5,8,13,15,15,15,14,15,363,Goalie
1872,1,66,Jackson Cannon,REG,G,11,11,8,8,15,11,11,5,12,15,5,8,10,15,15,15,11,15,247,Goalie
1069,1,66,Smoky TheBear,GFG,G,12,12,7,7,12,11,12,7,12,12,7,8,11,15,15,15,11,15,200,Goalie
1254,1,66,Andrew Kiehl,GFG,G,10,15,8,10,9,6,7,7,10,8,6,8,12,15,15,15,11,15,155,Goalie
1861,1,66,Alvin Towne,GFG,G,13,13,5,5,16,10,8,5,13,16,6,8,13,15,15,15,13,15,350,Goalie
697,1,67,Brady Trussler,ANC,G,11,12,5,5,17,7,5,5,5,6,5,8,5,15,15,15,5,15,155,Goalie
876,1,67,ANC EBUG,ANC,G,15,12,7,7,12,12,12,7,12,12,7,8,11,15,15,15,11,15,246,Goalie
1156,1,67,August Von Hecht,ANC,G,13,14,5,10,15,12,13,5,12,13,12,8,13,15,15,15,12,15,344,Goalie
1221,1,67,Ted Lindsay,ANC,G,10,11,10,5,11,10,10,10,10,10,10,8,12,15,15,15,10,15,155,Goalie
772,1,67,Loic Therien,KEL,G,8,8,8,8,5,8,10,5,5,15,5,8,5,15,15,15,15,15,155,Goalie
2112,1,67,Sjoforsvaret,KEL,G,11,11,10,8,12,11,11,9,11,13,10,8,10,15,15,15,12,15,203,Goalie
2113,1,67,Sea Jebus,KEL,G,12,12,10,8,10,11,11,10,10,12,10,8,11,15,15,15,12,15,203,Goalie
660,1,67,Liam Bell,MET,G,11,11,11,11,11,11,11,11,11,5,5,8,5,15,15,15,10,15,155,Goalie
958,1,67,Walrus Walrus,MET,G,11,11,5,5,12,11,11,11,11,11,6,8,7,15,15,15,11,15,155,Goalie
1186,1,67,Scottey Crawfling,MET,G,12,12,7,7,12,11,12,7,12,12,7,8,11,15,15,15,11,15,200,Goalie
1345,1,67,Isabella Bouchard,MET,G,15,14,6,8,15,14,14,5,14,15,10,8,10,15,15,15,12,15,425,Goalie
1399,1,67,Lachlan Moon,MET,G,10,11,5,5,14,13,14,5,10,14,5,8,10,15,15,15,10,15,233,Goalie
1560,1,67,Brent Turnerson,MET,G,12,12,10,11,12,11,11,11,11,12,8,8,10,15,15,15,12,15,226,Goalie
509,1,67,Keisuke Suzuki,VAN,G,12,13,9,9,11,10,11,11,10,15,12,8,11,15,15,15,11,15,256,Goalie
956,1,67,Mertin Broduer,VAN,G,12,12,8,8,12,10,10,10,12,12,8,8,9,15,15,15,9,15,177,Goalie
1142,1,67,Cal St. Karsikz,VAN,G,12,12,7,7,12,11,12,7,12,12,7,8,11,15,15,15,11,15,200,Goalie
1464,1,67,Gray Rosey,VAN,G,10,10,5,10,11,10,10,10,10,12,11,8,10,15,15,15,10,15,155,Goalie
1526,1,67,Henrik Svensson,VAN,G,9,9,8,8,13,13,9,10,9,13,8,8,9,15,15,15,9,15,155,Goalie
1730,1,67,B Jobin,VAN,G,9,11,7,12,17,15,15,9,10,15,9,8,12,15,15,15,13,15,425,Goalie
627,1,67,Tim Allen Jr.,NL,G,9,9,8,8,13,12,13,8,10,13,9,8,12,15,15,15,8,15,189,Goalie
1313,1,67,MUNK LUCK,NL,G,12,12,7,7,12,11,12,7,12,12,7,8,11,15,15,15,11,15,200,Goalie
1862,1,67,Samuel Piccard,NL,G,11,12,8,9,13,14,13,8,12,11,10,8,10,15,15,15,9,15,233,Goalie
523,1,67,Nashy Goodboi,YUM,G,12,12,7,7,12,11,12,7,12,12,7,8,11,15,15,15,11,15,200,Goalie
1379,1,67,Anzelms Krastins,YUM,G,11,11,10,9,15,12,13,11,12,15,8,8,12,15,15,15,11,15,313,Goalie
1822,1,67,Bandit Heeler,YUM,G,11,11,10,10,13,11,11,10,12,12,10,8,13,15,15,15,11,15,236,Goalie
1991,1,67,Mr Lightning,YUM,G,9,9,9,9,12,11,11,8,10,9,9,8,12,15,15,15,12,15,155,Goalie
1731,1,67,Shiny Shuckle,COL,G,14,14,9,9,15,14,13,8,14,15,9,8,10,15,15,15,14,15,424,Goalie
2114,1,67,Viktor Navolsky,COL,G,12,11,10,8,14,9,7,10,9,9,5,8,11,15,15,15,9,15,155,Goalie
467,1,67,Tyler Avery,DET,G,10,10,7,10,12,10,10,10,10,10,10,8,10,15,15,15,12,15,160,Goalie
1780,1,67,Swiss Cheese,DET,G,10,10,10,6,10,13,10,7,10,13,5,8,10,15,15,15,10,15,155,Goalie
1827,1,67,Jeff Newman,DET,G,12,12,11,11,12,11,11,11,11,11,11,7,12,15,15,15,12,15,248,Goalie
731,1,67,Jack Lewis,STL,G,11,11,10,9,12,11,12,11,12,12,7,8,8,15,15,15,11,15,199,Goalie
756,1,67,Jesse Hellanude,STL,G,5,5,5,5,18,5,5,5,5,5,5,8,6,15,15,16,7,15,155,Goalie
786,1,67,Roddy Ross,STL,G,10,15,5,5,10,10,10,6,8,10,10,8,10,15,15,15,10,15,155,Goalie
1410,1,67,Bobby Beans,STL,G,12,12,7,7,12,11,12,7,12,12,7,8,11,15,15,15,11,15,200,Goalie
1625,1,67,Anthony Dionne,STL,G,14,14,7,11,14,14,14,10,14,15,8,8,12,15,15,15,12,15,425,Goalie
1757,1,67,Malachi Booth,STL,G,11,10,10,10,9,10,5,10,10,13,10,8,12,15,15,15,5,15,155,Goalie
332,1,67,Shawn Lonkert,CAR,G,10,10,11,5,10,10,11,11,10,10,10,8,9,15,15,15,12,15,155,Goalie
955,1,67,CAR EBUG,CAR,G,12,12,7,7,12,11,12,7,12,12,7,8,11,15,15,15,11,15,200,Goalie
1081,1,67,Roddy Ross,CAR,G,10,15,5,5,10,10,10,6,8,10,10,8,10,15,15,15,10,15,155,Goalie
1386,1,67,Otter Von Bismarck,CAR,G,11,11,5,9,15,12,11,7,14,15,9,8,9,15,15,15,10,15,274,Goalie
1868,1,67,Mr Lightning,CAR,G,9,9,9,9,12,11,11,8,10,9,9,8,12,15,15,15,12,15,155,Goalie
1896,1,67,Copernicus Doomslatter,CAR,G,11,11,5,5,11,12,12,5,11,13,5,8,5,15,15,15,15,15,206,Goalie
1776,1,67,Dr. Hugh Orson,NBB,G,13,13,6,9,12,11,12,7,10,11,8,8,8,15,15,15,12,15,196,Goalie
1867,1,67,Dexter Harrison,NBB,G,10,13,5,12,15,11,10,10,10,10,6,8,9,15,15,15,10,15,207,Goalie
68,1,67,Tyler Cannon,QCC,G,10,10,8,10,10,10,10,8,9,9,14,8,10,15,15,15,10,15,155,Goalie
625,1,67,Kevin Newman,QCC,G,11,11,9,10,11,11,11,5,11,11,8,8,9,15,15,15,11,15,155,Goalie
1246,1,67,Unstopab Owl,QCC,G,12,12,7,7,12,11,12,7,12,12,7,8,11,15,15,15,11,15,200,Goalie
1384,1,67,Skating Dino,QCC,G,13,13,6,10,13,13,13,7,13,13,10,8,10,15,15,15,10,15,271,Goalie
1866,1,67,Caleb Hayden,QCC,G,14,14,5,7,15,14,14,8,14,14,10,8,13,15,15,15,13,15,425,Goalie
2117,1,67,Walter Sobchak,QCC,G,12,13,9,5,13,13,11,7,5,13,11,8,10,15,15,15,12,15,227,Goalie
1300,1,67,Gumba Overdoo,REG,G,12,12,7,7,12,11,12,7,12,12,7,8,11,15,15,15,11,15,200,Goalie
1872,1,67,Jackson Cannon,REG,G,11,11,8,8,15,11,11,5,12,15,5,8,10,15,15,15,11,15,247,Goalie
2118,1,67,Alexis Texas,REG,G,11,11,9,10,13,13,13,7,13,13,7,8,13,15,15,15,13,15,277,Goalie
1069,1,67,Smoky TheBear,GFG,G,12,12,7,7,12,11,12,7,12,12,7,8,11,15,15,15,11,15,200,Goalie
1254,1,67,Andrew Kiehl,GFG,G,10,15,8,10,9,6,7,7,10,8,6,8,12,15,15,15,11,15,155,Goalie
1861,1,67,Alvin Towne,GFG,G,13,13,7,5,16,13,11,5,13,16,10,8,14,15,15,15,14,15,425,Goalie
876,1,68,ANC EBUG,ANC,G,15,12,7,7,12,12,12,7,12,12,7,8,11,15,15,15,11,15,246,Goalie
1156,1,68,August Von Hecht,ANC,G,14,15,5,11,15,12,13,5,13,15,12,8,13,15,15,15,13,15,425,Goalie
1221,1,68,Ted Lindsay,ANC,G,10,11,10,5,11,10,10,10,10,10,10,8,12,15,15,15,10,15,155,Goalie
1635,1,68,George Walsh,ANC,G,13,11,10,10,10,12,10,10,12,12,12,8,11,15,15,15,11,15,231,Goalie
772,1,68,Loic Therien,KEL,G,8,8,8,8,5,8,10,5,5,15,5,8,5,15,15,15,15,15,155,Goalie
2112,1,68,Sjoforsvaret,KEL,G,11,11,10,8,12,11,11,9,11,13,10,8,10,15,15,15,12,15,203,Goalie
2113,1,68,Sea Jebus,KEL,G,13,13,11,12,12,11,11,11,11,12,11,8,13,15,15,15,13,15,296,Goalie
660,1,68,Liam Bell,MET,G,11,11,11,11,11,11,11,11,11,5,5,8,5,15,15,15,10,15,155,Goalie
958,1,68,Walrus Walrus,MET,G,11,11,5,5,12,11,11,11,11,11,6,8,7,15,15,15,11,15,155,Goalie
1186,1,68,Scottey Crawfling,MET,G,12,12,7,7,12,11,12,7,12,12,7,8,11,15,15,15,11,15,200,Goalie
1399,1,68,Lachlan Moon,MET,G,10,11,5,5,14,13,14,5,10,14,5,8,10,15,15,15,10,15,233,Goalie
1560,1,68,Brent Turnerson,MET,G,12,14,10,12,14,13,13,11,11,13,10,8,10,15,15,15,12,15,327,Goalie
509,1,68,Keisuke Suzuki,VAN,G,12,13,9,9,11,10,11,11,10,15,12,8,11,15,15,15,11,15,256,Goalie
956,1,68,Mertin Broduer,VAN,G,12,12,8,8,12,10,10,10,12,12,8,8,9,15,15,15,9,15,177,Goalie
1142,1,68,Cal St. Karsikz,VAN,G,12,12,7,7,12,11,12,7,12,12,7,8,11,15,15,15,11,15,200,Goalie
1464,1,68,Gray Rosey,VAN,G,10,10,5,10,11,10,10,10,10,12,11,8,10,15,15,15,10,15,155,Goalie
1499,1,68,Noah Charlevoix,VAN,G,10,10,6,6,14,10,10,6,13,14,6,7,10,15,15,15,10,15,196,Goalie
1526,1,68,Henrik Svensson,VAN,G,9,9,8,8,13,13,9,10,9,13,8,8,9,15,15,15,9,15,155,Goalie
1775,1,68,Sam Conroy,VAN,G,10,10,9,10,12,13,13,10,12,14,12,8,12,15,15,15,10,15,268,Goalie
627,1,68,Tim Allen Jr.,NL,G,9,9,8,8,13,12,13,8,10,13,9,8,12,15,15,15,8,15,189,Goalie
1313,1,68,MUNK LUCK,NL,G,12,12,7,7,12,11,12,7,12,12,7,8,11,15,15,15,11,15,200,Goalie
1862,1,68,Samuel Piccard,NL,G,11,12,8,9,13,14,13,8,12,11,10,8,10,15,15,15,9,15,233,Goalie
2116,1,68,Tummy Hurts,NL,G,13,13,9,9,15,14,14,8,13,14,10,8,9,15,15,15,11,15,348,Goalie
523,1,68,Nashy Goodboi,YUM,G,12,12,7,7,12,11,12,7,12,12,7,8,11,15,15,15,11,15,200,Goalie
1379,1,68,Anzelms Krastins,YUM,G,11,11,10,9,15,12,13,11,12,15,8,8,12,15,15,15,11,15,313,Goalie
1822,1,68,Bandit Heeler,YUM,G,11,11,10,11,14,13,13,10,13,14,10,8,13,15,15,15,12,15,327,Goalie
1991,1,68,Mr Lightning,YUM,G,9,9,9,9,12,11,11,8,10,9,9,8,12,15,15,15,12,15,155,Goalie
2046,1,68,Grzegorz Brzeczyszczykiewicz,COL,G,12,12,7,9,11,12,12,7,12,12,7,8,12,15,15,15,10,15,207,Goalie
2114,1,68,Viktor Navolsky,COL,G,12,11,10,8,14,10,7,10,9,9,5,8,11,15,15,15,9,15,160,Goalie
467,1,68,Tyler Avery,DET,G,10,10,7,10,12,10,10,10,10,10,10,8,10,15,15,15,12,15,160,Goalie
1780,1,68,Swiss Cheese,DET,G,10,10,10,6,10,13,10,7,10,13,5,8,10,15,15,15,10,15,155,Goalie
1827,1,68,Jeff Newman,DET,G,13,13,11,11,14,11,13,11,13,13,11,7,12,15,15,15,12,15,335,Goalie
731,1,68,Jack Lewis,STL,G,11,11,10,9,12,11,12,11,12,12,7,8,8,15,15,15,11,15,199,Goalie
756,1,68,Jesse Hellanude,STL,G,5,5,5,5,18,5,5,5,5,5,5,8,6,15,15,16,7,15,155,Goalie
786,1,68,Roddy Ross,STL,G,10,15,5,5,10,10,10,6,8,10,10,8,10,15,15,15,10,15,155,Goalie
1410,1,68,Bobby Beans,STL,G,12,12,7,7,12,11,12,7,12,12,7,8,11,15,15,15,11,15,200,Goalie
1625,1,68,Anthony Dionne,STL,G,14,14,7,11,14,14,14,10,14,15,8,8,12,15,15,15,12,15,425,Goalie
1643,1,68,Luka Nogoalov,STL,G,11,10,7,12,12,12,10,5,8,8,5,8,12,15,15,15,10,15,155,Goalie
955,1,68,CAR EBUG,CAR,G,12,12,7,7,12,11,12,7,12,12,7,8,11,15,15,15,11,15,200,Goalie
1386,1,68,Otter Von Bismarck,CAR,G,11,11,5,9,15,12,11,7,14,15,9,8,9,15,15,15,10,15,274,Goalie
1866,1,68,Caleb Hayden,CAR,G,14,14,5,7,15,14,14,8,14,14,10,8,13,15,15,15,13,15,425,Goalie
2103,1,68,Elias Adelberg,CAR,G,11,12,10,4,11,11,12,5,10,13,5,7,5,15,15,15,5,15,150,Goalie
1776,1,68,Dr. Hugh Orson,NBB,G,13,13,6,9,12,11,12,7,10,11,8,8,8,15,15,15,12,15,196,Goalie
1867,1,68,Dexter Harrison,NBB,G,10,13,5,12,15,11,10,10,10,10,6,8,9,15,15,15,10,15,207,Goalie
68,1,68,Tyler Cannon,QCC,G,10,10,8,10,10,10,10,8,9,9,14,8,10,15,15,15,10,15,155,Goalie
625,1,68,Kevin Newman,QCC,G,11,11,9,10,11,11,11,5,11,11,8,8,9,15,15,15,11,15,155,Goalie
1246,1,68,Unstopab Owl,QCC,G,12,12,7,7,12,11,12,7,12,12,7,8,11,15,15,15,11,15,200,Goalie
1384,1,68,Skating Dino,QCC,G,13,13,6,10,13,13,13,7,13,13,10,8,10,15,15,15,10,15,271,Goalie
1672,1,68,William Boucher,QCC,G,12,12,10,9,12,9,11,10,12,11,9,8,11,15,15,15,5,15,184,Goalie
2117,1,68,Walter Sobchak,QCC,G,12,13,9,5,14,13,11,7,13,14,11,8,10,15,15,15,12,15,289,Goalie
1300,1,68,Gumba Overdoo,REG,G,12,12,7,7,12,11,12,7,12,12,7,8,11,15,15,15,11,15,200,Goalie
1872,1,68,Jackson Cannon,REG,G,11,11,8,8,15,11,11,5,12,15,5,8,10,15,15,15,11,15,247,Goalie
2118,1,68,Alexis Texas,REG,G,13,13,5,5,15,13,13,5,13,15,7,8,13,15,15,15,13,15,350,Goalie
1069,1,68,Smoky TheBear,GFG,G,12,12,7,7,12,11,12,7,12,12,7,8,11,15,15,15,11,15,200,Goalie
1254,1,68,Andrew Kiehl,GFG,G,10,15,8,10,9,6,7,7,10,8,6,8,12,15,15,15,11,15,155,Goalie
1861,1,68,Alvin Towne,GFG,G,13,13,7,5,16,13,11,5,13,16,10,8,14,15,15,15,14,15,425,Goalie
1896,1,68,Copernicus Doomslatter,GFG,G,11,11,5,5,13,12,13,5,11,13,5,8,13,15,15,15,11,15,216,Goalie
876,1,69,ANC EBUG,ANC,G,15,12,7,7,12,12,12,7,12,12,7,8,11,15,15,15,11,15,246,Goalie
1156,1,69,August Von Hecht,ANC,G,14,15,5,11,15,12,13,5,13,15,12,8,13,15,15,15,13,15,425,Goalie
1221,1,69,Ted Lindsay,ANC,G,10,11,10,5,11,10,10,10,10,10,10,8,12,15,15,15,10,15,155,Goalie
1635,1,69,George Walsh,ANC,G,15,12,10,10,15,12,13,10,12,12,12,8,14,15,15,15,12,15,380,Goalie
772,1,69,Loic Therien,KEL,G,8,8,8,8,5,8,10,5,5,15,5,8,5,15,15,15,15,15,155,Goalie
1790,1,69,Tibuk Soonika,KEL,G,12,12,5,7,15,13,13,6,12,13,9,8,12,15,15,15,11,15,279,Goalie
2113,1,69,Sea Jebus,KEL,G,13,13,12,12,12,12,13,12,13,13,12,8,14,15,15,15,14,15,398,Goalie
660,1,69,Liam Bell,MET,G,11,11,11,11,11,11,11,11,11,5,5,8,5,15,15,15,10,15,155,Goalie
958,1,69,Walrus Walrus,MET,G,11,11,5,5,12,11,11,11,11,11,6,8,7,15,15,15,11,15,155,Goalie
1186,1,69,Scottey Crawfling,MET,G,12,12,7,7,12,11,12,7,12,12,7,8,11,15,15,15,11,15,200,Goalie
1560,1,69,Brent Turnerson,MET,G,14,14,10,12,16,13,13,11,13,14,10,8,10,15,15,15,12,15,421,Goalie
1723,1,69,Jaxon Markstrom,MET,G,7,7,5,10,9,9,10,9,9,9,10,7,12,15,15,15,9,15,97,Goalie
956,1,69,Mertin Broduer,VAN,G,12,12,8,8,12,10,10,10,12,12,8,8,9,15,15,15,9,15,177,Goalie
1142,1,69,Cal St. Karsikz,VAN,G,12,12,7,7,12,11,12,7,12,12,7,8,11,15,15,15,11,15,200,Goalie
1499,1,69,Noah Charlevoix,VAN,G,11,12,6,6,15,13,13,6,12,15,6,7,10,15,15,15,10,15,278,Goalie
1526,1,69,Henrik Svensson,VAN,G,9,9,8,8,13,13,9,10,9,13,8,8,9,15,15,15,9,15,155,Goalie
1775,1,69,Sam Conroy,VAN,G,12,12,6,9,12,13,12,9,11,12,9,8,12,15,15,15,11,15,227,Goalie
627,1,69,Tim Allen Jr.,NL,G,9,9,8,8,13,12,13,8,10,13,9,8,12,15,15,15,8,15,189,Goalie
1313,1,69,MUNK LUCK,NL,G,12,12,7,7,12,11,12,7,12,12,7,8,11,15,15,15,11,15,200,Goalie
1819,1,69,Rhett Carpet,NL,G,12,12,8,8,14,13,14,8,12,13,7,8,9,15,15,15,10,15,261,Goalie
2116,1,69,Tummy Hurts,NL,G,14,14,7,6,15,15,15,8,14,15,7,8,10,15,15,15,11,15,425,Goalie
1379,1,69,Anzelms Krastins,YUM,G,11,11,10,9,15,12,13,11,12,15,8,8,12,15,15,15,11,15,313,Goalie
1475,1,69,Joel Farfalle,YUM,G,11,11,9,7,11,11,11,7,11,11,9,8,10,15,15,15,11,15,155,Goalie
1659,1,69,Asher Gibbons,YUM,G,10,12,7,10,10,11,10,10,11,12,7,8,13,15,15,15,10,15,182,Goalie
1899,1,69,Ryan Burton,YUM,G,13,14,7,8,9,8,8,6,8,13,6,7,5,15,15,15,4,15,137,Goalie
1991,1,69,Mr Lightning,YUM,G,9,9,9,9,12,11,11,8,10,9,9,8,12,15,15,15,12,15,155,Goalie
1984,1,69,Jason Fourium,COL,G,16,10,5,5,5,5,10,5,10,10,10,8,10,15,15,15,7,15,155,Goalie
2046,1,69,Grzegorz Brzeczyszczykiewicz,COL,G,14,15,5,9,11,12,13,5,15,13,8,8,13,15,15,15,13,15,349,Goalie
2114,1,69,Viktor Navolsky,COL,G,12,11,10,8,14,9,7,10,9,9,5,8,11,15,15,15,9,15,155,Goalie
467,1,69,Tyler Avery,DET,G,10,10,7,10,12,10,10,10,10,10,10,8,10,15,15,15,12,15,160,Goalie
1780,1,69,Swiss Cheese,DET,G,10,10,10,6,10,13,10,7,10,13,5,8,10,15,15,15,10,15,155,Goalie
1827,1,69,Jeff Newman,DET,G,13,13,10,10,15,10,13,10,13,13,10,7,11,15,15,15,11,15,309,Goalie
731,1,69,Jack Lewis,STL,G,11,11,10,9,12,11,12,11,12,12,7,8,8,15,15,15,11,15,199,Goalie
756,1,69,Jesse Hellanude,STL,G,5,5,5,5,18,5,5,5,5,5,5,8,6,15,15,16,7,15,155,Goalie
786,1,69,Roddy Ross,STL,G,10,15,5,5,10,10,10,6,8,10,10,8,10,15,15,15,10,15,155,Goalie
1521,1,69,Kay Lee,STL,G,11,11,10,4,11,11,13,5,11,13,5,7,5,15,15,15,6,15,156,Goalie
1757,1,69,Malachi Booth,STL,G,11,10,10,10,9,10,5,10,10,13,10,8,12,15,15,15,5,15,155,Goalie
955,1,69,CAR EBUG,CAR,G,12,12,7,7,12,11,12,7,12,12,7,8,11,15,15,15,11,15,200,Goalie
1386,1,69,Otter Von Bismarck,CAR,G,11,11,5,9,15,12,11,7,14,15,9,8,9,15,15,15,10,15,274,Goalie
1885,1,69,Peyton Kerns,CAR,G,10,12,5,9,11,5,5,8,5,5,5,8,13,15,15,15,15,15,155,Goalie
2103,1,69,Elias Adelberg,CAR,G,12,13,11,5,12,12,13,6,11,14,6,8,6,15,15,15,6,15,219,Goalie
1643,1,69,Luka Nogoalov,NBB,G,12,12,6,12,15,12,13,4,12,13,4,7,12,15,15,15,9,15,277,Goalie
1776,1,69,Dr. Hugh Orson,NBB,G,13,13,6,9,12,11,12,7,10,11,8,8,8,15,15,15,12,15,196,Goalie
68,1,69,Tyler Cannon,QCC,G,10,10,8,10,10,10,10,8,9,9,14,8,10,15,15,15,10,15,155,Goalie
625,1,69,Kevin Newman,QCC,G,11,11,9,10,11,11,11,5,11,11,8,8,9,15,15,15,11,15,155,Goalie
1246,1,69,Unstopab Owl,QCC,G,12,12,7,7,12,11,12,7,12,12,7,8,11,15,15,15,11,15,200,Goalie
1384,1,69,Skating Dino,QCC,G,13,13,6,10,13,13,13,7,13,13,10,8,10,15,15,15,10,15,271,Goalie
1672,1,69,William Boucher,QCC,G,12,12,10,9,12,9,11,10,12,11,9,8,11,15,15,15,5,15,184,Goalie
2117,1,69,Walter Sobchak,QCC,G,14,14,9,6,14,13,12,7,13,14,11,8,15,15,15,15,15,15,425,Goalie
1300,1,69,Gumba Overdoo,REG,G,12,12,7,7,12,11,12,7,12,12,7,8,11,15,15,15,11,15,200,Goalie
1535,1,69,André Santiago,REG,G,10,10,6,8,13,8,8,5,10,13,4,7,10,15,15,15,8,15,125,Goalie
2118,1,69,Alexis Texas,REG,G,13,13,5,5,15,15,15,5,13,15,7,8,13,15,15,15,14,15,425,Goalie
1254,1,69,Andrew Kiehl,GFG,G,10,15,8,10,9,6,7,7,10,8,6,8,12,15,15,15,11,15,155,Goalie
1553,1,69,C.J. Sparks,GFG,G,12,12,7,7,13,11,11,5,9,10,5,8,10,15,15,15,10,15,155,Goalie
1822,1,69,Bandit Heeler,GFG,G,12,12,10,11,14,13,13,10,13,14,10,8,13,15,15,15,12,15,343,Goalie
1896,1,69,Copernicus Doomslatter,GFG,G,11,11,5,5,13,12,13,5,11,13,5,8,13,15,15,15,11,15,216,Goalie
876,1,70,ANC EBUG,ANC,G,15,12,7,7,12,12,12,7,12,12,7,8,11,15,15,15,11,15,246,Goalie
1221,1,70,Ted Lindsay,ANC,G,10,11,10,5,11,10,10,10,10,10,10,8,12,15,15,15,10,15,155,Goalie
1635,1,70,George Walsh,ANC,G,15,12,10,10,15,12,13,12,12,14,13,8,14,15,15,15,12,15,424,Goalie
2000,1,70,Peter Lasma,ANC,G,12,11,10,10,10,10,10,10,10,11,11,8,8,15,15,15,7,15,155,Goalie
772,1,70,Loic Therien,KEL,G,8,8,8,8,5,8,10,5,5,15,5,8,5,15,15,15,15,15,155,Goalie
1790,1,70,Tibuk Soonika,KEL,G,13,13,5,8,15,14,15,6,13,14,9,8,12,15,15,15,11,15,365,Goalie
2113,1,70,Sea Jebus,KEL,G,13,13,12,12,13,13,13,12,13,13,12,8,14,15,15,15,14,15,414,Goalie
660,1,70,Liam Bell,MET,G,11,11,11,11,11,11,11,11,11,5,5,8,5,15,15,15,10,15,155,Goalie
958,1,70,Walrus Walrus,MET,G,11,11,5,5,12,11,11,11,11,11,6,8,7,15,15,15,11,15,155,Goalie
1186,1,70,Scottey Crawfling,MET,G,12,12,7,7,12,11,12,7,12,12,7,8,11,15,15,15,11,15,200,Goalie
1560,1,70,Brent Turnerson,MET,G,14,14,10,12,16,13,13,11,13,14,10,8,10,15,15,15,12,15,421,Goalie
2171,1,70,Bernard Lodge,MET,G,11,11,6,10,11,11,11,8,10,11,6,7,11,15,15,15,10,15,151,Goalie
956,1,70,Mertin Broduer,VAN,G,12,12,8,8,12,10,10,10,12,12,8,8,9,15,15,15,9,15,177,Goalie
1142,1,70,Cal St. Karsikz,VAN,G,12,12,7,7,12,11,12,7,12,12,7,8,11,15,15,15,11,15,200,Goalie
1499,1,70,Noah Charlevoix,VAN,G,13,14,7,7,16,14,14,7,14,15,7,8,11,15,15,15,11,15,409,Goalie
1526,1,70,Henrik Svensson,VAN,G,9,9,8,8,13,13,9,10,9,13,8,8,9,15,15,15,9,15,155,Goalie
1775,1,70,Sam Conroy,VAN,G,12,12,6,9,12,13,12,9,11,12,9,8,12,15,15,15,11,15,227,Goalie
627,1,70,Tim Allen Jr.,NL,G,9,9,8,8,13,12,13,8,10,13,9,8,12,15,15,15,8,15,189,Goalie
1313,1,70,MUNK LUCK,NL,G,12,12,7,7,12,11,12,7,12,12,7,8,11,15,15,15,11,15,200,Goalie
1819,1,70,Rhett Carpet,NL,G,13,13,8,8,15,14,14,8,13,15,7,8,10,15,15,15,10,15,350,Goalie
2116,1,70,Tummy Hurts,NL,G,14,14,7,6,15,15,15,8,14,15,7,8,10,15,15,15,11,15,425,Goalie
1379,1,70,Anzelms Krastins,YUM,G,11,11,10,9,15,12,13,11,12,15,8,8,12,15,15,15,11,15,313,Goalie
1659,1,70,Asher Gibbons,YUM,G,12,12,7,10,13,12,12,10,13,12,7,8,13,15,15,15,11,15,258,Goalie
1899,1,70,Ryan Burton,YUM,G,13,14,8,9,10,9,9,7,9,13,7,8,6,15,15,15,5,15,155,Goalie
1991,1,70,Mr Lightning,YUM,G,9,9,9,9,12,11,11,8,10,9,9,8,12,15,15,15,12,15,155,Goalie
1984,1,70,Jason Fourium,COL,G,16,10,5,5,5,5,10,5,10,10,10,8,10,15,15,15,7,15,155,Goalie
2046,1,70,Grzegorz Brzeczyszczykiewicz,COL,G,15,15,5,9,15,12,14,5,15,13,8,8,13,15,15,15,13,15,425,Goalie
2083,1,70,Scary Jerry,COL,G,13,12,7,7,13,13,13,7,13,13,7,8,8,15,15,15,9,15,234,Goalie
467,1,70,Tyler Avery,DET,G,10,10,7,10,12,10,10,10,10,10,10,8,10,15,15,15,12,15,160,Goalie
1780,1,70,Swiss Cheese,DET,G,10,10,10,6,10,13,10,7,10,13,5,8,10,15,15,15,10,15,155,Goalie
1827,1,70,Jeff Newman,DET,G,14,14,11,11,15,11,14,11,14,14,11,8,12,15,15,15,12,15,425,Goalie
731,1,70,Jack Lewis,STL,G,11,11,10,9,12,11,12,11,12,12,7,8,8,15,15,15,11,15,199,Goalie
756,1,70,Jesse Hellanude,STL,G,5,5,5,5,18,5,5,5,5,5,5,8,6,15,15,16,7,15,155,Goalie
786,1,70,Roddy Ross,STL,G,10,15,5,5,10,10,10,6,8,10,10,8,10,15,15,15,10,15,155,Goalie
1521,1,70,Kay Lee,STL,G,13,13,11,11,12,12,13,11,13,13,10,8,11,15,15,15,11,15,299,Goalie
1881,1,70,Kyle Baretto,STL,G,11,11,10,10,12,10,10,9,11,12,9,8,12,15,15,15,10,15,187,Goalie
955,1,70,CAR EBUG,CAR,G,12,12,7,7,12,11,12,7,12,12,7,8,11,15,15,15,11,15,200,Goalie
1885,1,70,Peyton Kerns,CAR,G,10,12,5,9,11,5,5,8,5,5,5,8,13,15,15,15,15,15,155,Goalie
2009,1,70,Apollo Peed,CAR,G,10,10,5,5,15,6,10,5,9,13,9,8,10,15,15,15,8,15,155,Goalie
2103,1,70,Elias Adelberg,CAR,G,12,13,11,5,12,12,13,6,11,14,6,8,6,15,15,15,6,15,219,Goalie
1643,1,70,Luka Nogoalov,NBB,G,13,13,7,9,15,15,13,8,13,13,9,8,12,15,15,15,12,15,350,Goalie
1776,1,70,Dr. Hugh Orson,NBB,G,13,13,6,9,12,11,12,7,10,11,8,8,8,15,15,15,12,15,196,Goalie
68,1,70,Tyler Cannon,QCC,G,10,10,8,10,10,10,10,8,9,9,14,8,10,15,15,15,10,15,155,Goalie
625,1,70,Kevin Newman,QCC,G,11,11,9,10,11,11,11,5,11,11,8,8,9,15,15,15,11,15,155,Goalie
1246,1,70,Unstopab Owl,QCC,G,12,12,7,7,12,11,12,7,12,12,7,8,11,15,15,15,11,15,200,Goalie
1384,1,70,Skating Dino,QCC,G,13,13,6,10,13,13,13,7,13,13,10,8,10,15,15,15,10,15,271,Goalie
1672,1,70,William Boucher,QCC,G,12,12,10,9,12,9,11,10,12,11,9,8,11,15,15,15,5,15,184,Goalie
2058,1,70,Net Man,QCC,G,11,11,10,10,12,12,12,10,10,12,10,8,12,15,15,15,12,15,231,Goalie
2117,1,70,Walter Sobchak,QCC,G,14,14,9,6,14,13,12,7,13,14,11,8,15,15,15,15,15,15,425,Goalie
1300,1,70,Gumba Overdoo,REG,G,12,12,7,7,12,11,12,7,12,12,7,8,11,15,15,15,11,15,200,Goalie
1535,1,70,André Santiago,REG,G,11,11,7,9,13,9,9,6,11,13,5,8,11,15,15,15,9,15,155,Goalie
1806,1,70,Ally Mathieson,REG,G,11,11,5,5,14,14,13,5,11,14,5,8,5,15,15,15,5,15,221,Goalie
1254,1,70,Andrew Kiehl,GFG,G,10,15,8,10,9,6,7,7,10,8,6,8,12,15,15,15,11,15,155,Goalie
1553,1,70,C.J. Sparks,GFG,G,12,12,7,7,13,11,11,5,9,10,5,8,10,15,15,15,10,15,155,Goalie
1822,1,70,Bandit Heeler,GFG,G,12,12,10,11,14,13,13,10,13,14,10,8,13,15,15,15,12,15,343,Goalie
876,1,71,ANC EBUG,ANC,G,15,12,7,7,12,12,12,7,12,12,7,8,11,15,15,15,11,15,246,Goalie
1221,1,71,Ted Lindsay,ANC,G,10,11,10,5,11,10,10,10,10,10,10,8,12,15,15,15,10,15,155,Goalie
1635,1,71,George Walsh,ANC,G,15,12,10,10,15,12,13,12,12,14,13,8,14,15,15,15,12,15,424,Goalie
2000,1,71,Peter Lasma,ANC,G,12,11,10,10,10,10,10,10,10,11,11,8,8,15,15,15,7,15,155,Goalie
772,1,71,Loic Therien,KEL,G,8,8,8,8,5,8,10,5,5,15,5,8,5,15,15,15,15,15,155,Goalie
1790,1,71,Tibuk Soonika,KEL,G,14,14,5,8,16,14,14,6,14,14,10,8,12,15,15,15,11,15,425,Goalie
2113,1,71,Sea Jebus,KEL,G,13,13,12,12,13,13,13,12,13,13,12,8,14,15,15,15,14,15,414,Goalie
2190,1,71,Activity Check,KEL,G,11,13,5,10,13,13,13,7,11,13,7,8,11,15,15,15,10,15,234,Goalie
660,1,71,Liam Bell,MET,G,11,11,11,11,11,11,11,11,11,5,5,8,5,15,15,15,10,15,155,Goalie
958,1,71,Walrus Walrus,MET,G,11,11,5,5,12,11,11,11,11,11,6,8,7,15,15,15,11,15,155,Goalie
1186,1,71,Scottey Crawfling,MET,G,12,12,7,7,12,11,12,7,12,12,7,8,11,15,15,15,11,15,200,Goalie
1560,1,71,Brent Turnerson,MET,G,14,14,10,12,16,13,13,11,13,14,10,8,10,15,15,15,12,15,421,Goalie
1965,1,71,Nelly Celly,MET,G,12,14,10,10,12,10,10,10,11,11,10,8,9,15,15,15,11,15,215,Goalie
2171,1,71,Bernard Lodge,MET,G,11,13,6,10,13,13,13,8,13,13,6,7,10,15,15,15,10,15,247,Goalie
956,1,71,Mertin Broduer,VAN,G,12,12,8,8,12,10,10,10,12,12,8,8,9,15,15,15,9,15,177,Goalie
1142,1,71,Cal St. Karsikz,VAN,G,12,12,7,7,12,11,12,7,12,12,7,8,11,15,15,15,11,15,200,Goalie
1499,1,71,Noah Charlevoix,VAN,G,13,14,7,7,16,14,14,7,14,15,7,8,12,15,15,15,12,15,425,Goalie
1526,1,71,Henrik Svensson,VAN,G,9,9,8,8,13,13,9,10,9,13,8,8,9,15,15,15,9,15,155,Goalie
2083,1,71,Scary Jerry,VAN,G,14,14,7,7,15,13,14,7,13,13,7,8,9,15,15,15,11,15,329,Goalie
627,1,71,Tim Allen Jr.,NL,G,9,9,8,8,13,12,13,8,10,13,9,8,12,15,15,15,8,15,189,Goalie
1313,1,71,MUNK LUCK,NL,G,12,12,7,7,12,11,12,7,12,12,7,8,11,15,15,15,11,15,200,Goalie
1819,1,71,Rhett Carpet,NL,G,13,14,6,6,15,15,15,5,14,15,6,8,12,15,15,15,12,15,425,Goalie
2116,1,71,Tummy Hurts,NL,G,14,14,7,6,15,15,15,8,14,15,7,8,10,15,15,15,11,15,425,Goalie
2418,1,71,Chad Chadwick,NL,G,9,11,9,8,11,9,10,8,10,11,10,8,12,15,15,15,12,15,155,Goalie
1379,1,71,Anzelms Krastins,YUM,G,11,11,10,9,15,12,13,11,12,15,8,8,12,15,15,15,11,15,313,Goalie
1843,1,71,Ryker Johnasson,YUM,G,9,15,8,8,10,10,7,8,8,9,9,8,12,15,15,15,13,15,176,Goalie
1991,1,71,Mr Lightning,YUM,G,9,9,9,9,12,11,11,8,10,9,9,8,12,15,15,15,12,15,155,Goalie
2145,1,71,Gunnar Seggi,YUM,G,10,11,5,6,13,12,12,5,12,11,5,8,8,15,15,15,13,15,184,Goalie
1723,1,71,Jaxon Markstrom,COL,G,8,8,6,11,10,10,11,10,10,10,11,8,13,15,15,15,10,15,155,Goalie
1899,1,71,Ryan Burton,COL,G,13,14,8,9,10,9,9,7,9,13,7,8,6,15,15,15,5,15,155,Goalie
1984,1,71,Jason Fourium,COL,G,16,10,5,5,5,5,10,5,10,10,10,8,10,15,15,15,7,15,155,Goalie
467,1,71,Tyler Avery,DET,G,10,10,7,10,12,10,10,10,10,10,10,8,10,15,15,15,12,15,160,Goalie
1564,1,71,Wayne Holloway,DET,G,11,11,5,13,13,13,13,5,13,13,5,8,9,15,15,15,11,15,246,Goalie
1672,1,71,William Boucher,DET,G,12,12,10,9,12,9,11,10,12,11,9,8,11,15,15,15,5,15,184,Goalie
731,1,71,Jack Lewis,STL,G,11,11,10,9,12,11,12,11,12,12,7,8,8,15,15,15,11,15,199,Goalie
756,1,71,Jesse Hellanude,STL,G,5,5,5,5,18,5,5,5,5,5,5,8,6,15,15,16,7,15,155,Goalie
786,1,71,Roddy Ross,STL,G,10,15,5,5,10,10,10,6,8,10,10,8,10,15,15,15,10,15,155,Goalie
1521,1,71,Kay Lee,STL,G,14,14,11,11,13,14,13,11,14,14,11,8,12,15,15,15,13,15,419,Goalie
1881,1,71,Kyle Baretto,STL,G,12,13,10,11,13,14,12,9,12,13,9,8,12,15,15,15,11,15,294,Goalie
955,1,71,CAR EBUG,CAR,G,12,12,7,7,12,11,12,7,12,12,7,8,11,15,15,15,11,15,200,Goalie
1767,1,71,Sith Happens,CAR,G,12,14,9,6,12,11,12,8,11,13,9,8,12,15,15,15,12,15,248,Goalie
1885,1,71,Peyton Kerns,CAR,G,10,12,5,9,11,5,5,8,5,5,5,8,13,15,15,15,15,15,155,Goalie
2009,1,71,Apollo Peed,CAR,G,10,10,5,5,15,6,10,5,9,13,9,8,10,15,15,15,8,15,155,Goalie
2148,1,71,rony mcdoudelberg,CAR,G,11,14,7,10,12,13,9,6,7,8,9,8,7,15,15,15,7,15,155,Goalie
1643,1,71,Luka Nogoalov,NBB,G,14,14,7,9,15,15,14,8,14,14,9,8,12,15,15,15,12,15,425,Goalie
1659,1,71,Asher Gibbons,NBB,G,12,12,7,10,13,12,12,10,13,12,7,8,13,15,15,15,11,15,258,Goalie
68,1,71,Tyler Cannon,QCC,G,10,10,8,10,10,10,10,8,9,9,14,8,10,15,15,15,10,15,155,Goalie
625,1,71,Kevin Newman,QCC,G,11,11,9,10,11,11,11,5,11,11,8,8,9,15,15,15,11,15,155,Goalie
1246,1,71,Unstopab Owl,QCC,G,12,12,7,7,12,11,12,7,12,12,7,8,11,15,15,15,11,15,200,Goalie
1384,1,71,Skating Dino,QCC,G,13,13,6,10,13,13,13,7,13,13,10,8,10,15,15,15,10,15,271,Goalie
2058,1,71,Net Man,QCC,G,11,11,10,10,12,12,12,10,10,12,10,8,12,15,15,15,12,15,231,Goalie
2103,1,71,Elias Adelberg,QCC,G,12,13,11,5,12,12,13,6,11,14,6,8,6,15,15,15,6,15,219,Goalie
1300,1,71,Gumba Overdoo,REG,G,12,12,7,7,12,11,12,7,12,12,7,8,11,15,15,15,11,15,200,Goalie
1535,1,71,André Santiago,REG,G,11,11,7,9,13,9,9,6,11,13,5,8,11,15,15,15,9,15,155,Goalie
1806,1,71,Ally Mathieson,REG,G,12,12,8,14,14,15,15,5,13,15,9,8,8,15,15,15,5,15,374,Goalie
2107,1,71,Zach Cuff Jr,REG,G,13,10,10,10,13,10,11,10,10,13,10,8,10,15,15,15,7,15,202,Goalie
1254,1,71,Andrew Kiehl,GFG,G,10,15,8,10,9,6,7,7,10,8,6,8,12,15,15,15,11,15,155,Goalie
1370,1,71,Beau Kavanagh,GFG,G,13,13,5,7,13,12,13,5,12,13,5,8,10,15,15,15,10,15,232,Goalie
1553,1,71,C.J. Sparks,GFG,G,12,12,7,7,13,11,11,5,9,10,5,8,10,15,15,15,10,15,155,Goalie
1822,1,71,Bandit Heeler,GFG,G,12,12,10,11,14,13,13,10,13,14,10,8,13,15,15,15,12,15,343,Goalie
876,1,72,ANC EBUG,ANC,G,15,12,7,7,12,12,12,7,12,12,7,8,11,15,15,16,11,15,246,Goalie
1221,1,72,Ted Lindsay,ANC,G,10,11,10,5,11,10,10,10,10,10,10,8,12,15,15,15,10,15,155,Goalie
2000,1,72,Peter Lasma,ANC,G,12,11,10,10,10,10,10,10,10,11,11,8,8,15,15,15,7,15,155,Goalie
900029,1,72,Nicholas Scalice,ANC,G,9,10,9,8,9,8,8,9,8,9,8,8,13,15,15,15,15,15,155,Goalie
772,1,72,Loic Therien,KEL,G,8,8,8,8,5,8,10,5,5,15,5,8,5,15,15,15,15,15,155,Goalie
1790,1,72,Tibuk Soonika,KEL,G,14,14,5,8,16,14,14,6,14,14,10,8,12,15,15,15,11,15,425,Goalie
2113,1,72,Sea Jebus,KEL,G,13,13,12,12,13,13,13,12,13,13,12,8,14,15,15,15,14,15,414,Goalie
2241,1,72,Five-Hole Sieve,KEL,G,10,10,4,4,13,13,13,6,10,13,4,7,12,15,15,15,12,15,210,Goalie
660,1,72,Liam Bell,MET,G,11,11,11,11,11,11,11,11,11,5,5,8,5,15,15,15,10,15,155,Goalie
958,1,72,Walrus Walrus,MET,G,11,11,5,5,12,11,11,11,11,11,6,8,7,15,15,15,11,15,155,Goalie
1186,1,72,Scottey Crawfling,MET,G,12,12,7,7,12,11,12,7,12,12,7,8,11,15,15,15,11,15,200,Goalie
1560,1,72,Brent Turnerson,MET,G,14,14,10,12,16,13,13,11,13,14,10,8,10,15,15,15,12,15,421,Goalie
1965,1,72,Nelly Celly,MET,G,12,14,10,10,12,10,12,11,12,12,10,8,9,15,15,15,11,15,249,Goalie
2171,1,72,Bernard Lodge,MET,G,12,13,7,11,14,14,14,9,13,14,7,8,13,15,15,15,11,15,350,Goalie
956,1,72,Mertin Broduer,VAN,G,12,12,8,8,12,10,10,10,12,12,8,8,9,15,15,15,9,15,177,Goalie
1142,1,72,Cal St. Karsikz,VAN,G,12,12,7,7,12,11,12,7,12,12,7,8,11,15,15,15,11,15,200,Goalie
1526,1,72,Henrik Svensson,VAN,G,9,9,8,8,13,13,9,10,9,13,8,8,9,15,15,15,9,15,155,Goalie
1973,1,72,Yves D'Odeur,VAN,G,10,11,9,9,11,10,12,9,12,11,7,8,10,15,15,15,9,15,155,Goalie
2083,1,72,Scary Jerry,VAN,G,14,14,7,7,15,15,15,7,13,15,8,8,11,15,15,15,12,15,424,Goalie
2323,1,72,Gewmba Stolemamoney,VAN,G,12,12,8,5,11,10,10,9,11,13,5,8,10,15,15,15,5,15,155,Goalie
627,1,72,Tim Allen Jr.,NL,G,9,9,8,8,13,12,13,8,10,13,9,8,12,15,15,15,8,15,189,Goalie
1313,1,72,MUNK LUCK,NL,G,12,12,7,7,12,11,12,7,12,12,7,8,11,15,15,15,11,15,200,Goalie
1819,1,72,Rhett Carpet,NL,G,13,14,6,6,15,15,15,5,14,15,6,8,12,15,15,15,12,15,425,Goalie
2116,1,72,Tummy Hurts,NL,G,14,14,7,6,15,15,15,8,14,15,7,8,10,15,15,15,11,15,425,Goalie
2423,1,72,Ben Harrison,NL,G,9,11,9,9,12,10,10,9,9,15,10,8,11,15,15,15,11,15,197,Goalie
1798,1,72,Jim Wen,YUM,G,12,11,9,9,14,12,11,9,12,13,9,8,10,15,15,15,10,15,229,Goalie
1843,1,72,Ryker Johnasson,YUM,G,9,15,8,8,10,10,7,8,8,9,9,8,12,15,15,15,10,15,155,Goalie
1723,1,72,Jaxon Markstrom,COL,G,8,8,6,11,10,10,11,10,10,10,11,8,13,15,15,15,10,15,155,Goalie
1899,1,72,Ryan Burton,COL,G,13,14,8,9,10,9,9,7,9,13,7,8,6,15,15,15,5,15,155,Goalie
1984,1,72,Jason Fourium,COL,G,16,10,5,5,5,5,10,5,10,10,10,8,10,15,15,15,7,15,155,Goalie
1564,1,72,Wayne Holloway,DET,G,13,13,7,13,15,14,13,5,14,13,8,8,11,15,15,15,11,15,354,Goalie
2009,1,72,Apollo Peed,DET,G,10,10,5,5,15,6,10,5,9,13,9,8,10,15,15,15,8,15,155,Goalie
2354,1,72,Det EBUG,DET,G,12,12,7,7,12,11,12,7,12,12,7,8,11,15,15,15,11,15,200,Goalie
731,1,72,Jack Lewis,STL,G,11,11,10,9,12,11,12,11,12,12,7,8,8,15,15,15,11,15,199,Goalie
756,1,72,Jesse Hellanude,STL,G,5,5,5,5,18,5,5,5,5,5,5,8,6,15,15,16,7,15,155,Goalie
786,1,72,Roddy Ross,STL,G,10,15,5,5,10,10,10,6,8,10,10,8,10,15,15,15,10,15,155,Goalie
1521,1,72,Kay Lee,STL,G,14,14,11,11,13,14,13,11,14,14,11,8,12,15,15,15,13,15,419,Goalie
1881,1,72,Kyle Baretto,STL,G,12,13,10,11,14,14,14,9,13,14,9,8,13,15,15,15,11,15,363,Goalie
955,1,72,CAR EBUG,CAR,G,12,12,7,7,12,11,12,7,12,12,7,8,11,15,15,15,11,15,200,Goalie
1767,1,72,Sith Happens,CAR,G,13,15,5,5,14,13,13,5,13,14,5,8,13,15,15,15,13,15,348,Goalie
2148,1,72,rony mcdoudelberg,CAR,G,11,14,7,10,12,13,9,6,7,8,9,8,7,15,15,15,7,15,155,Goalie
1659,1,72,Asher Gibbons,NBB,G,12,12,7,10,13,12,12,10,13,12,7,8,13,15,15,15,11,15,258,Goalie
1885,1,72,Peyton Kerns,NBB,G,10,12,5,9,11,5,5,8,5,5,5,8,13,15,15,15,15,15,155,Goalie
68,1,72,Tyler Cannon,QCC,G,10,10,8,10,10,10,10,8,9,9,14,8,10,15,15,15,10,15,155,Goalie
625,1,72,Kevin Newman,QCC,G,11,11,9,10,11,11,11,5,11,11,8,8,9,15,15,15,11,15,155,Goalie
1246,1,72,Unstopab Owl,QCC,G,12,12,7,7,12,11,12,7,12,12,7,8,11,15,15,15,11,15,200,Goalie
1384,1,72,Skating Dino,QCC,G,13,13,6,10,13,13,13,7,13,13,10,8,10,15,15,15,10,15,271,Goalie
2058,1,72,Net Man,QCC,G,11,11,10,10,14,13,13,10,11,14,10,8,12,15,15,15,12,15,298,Goalie
2225,1,72,Bradiagh Lomax,QCC,G,7,8,7,8,15,7,8,6,6,12,9,8,10,15,15,15,13,15,155,Goalie
1300,1,72,Gumba Overdoo,REG,G,12,12,7,7,12,11,12,7,12,12,7,8,11,15,15,15,11,15,200,Goalie
1535,1,72,André Santiago,REG,G,11,11,7,9,13,9,9,6,11,13,5,8,11,15,15,15,9,15,155,Goalie
1806,1,72,Ally Mathieson,REG,G,13,13,8,5,15,15,16,5,14,15,9,8,8,15,15,15,9,15,404,Goalie
2107,1,72,Zach Cuff Jr,REG,G,13,10,10,10,13,10,11,10,10,13,10,8,10,15,15,15,7,15,202,Goalie
1254,1,72,Andrew Kiehl,GFG,G,10,15,8,10,9,6,7,7,10,8,6,8,12,15,15,15,11,15,155,Goalie
1370,1,72,Beau Kavanagh,GFG,G,13,13,5,7,15,13,15,5,14,14,5,8,12,15,15,15,12,15,364,Goalie
1553,1,72,C.J. Sparks,GFG,G,12,12,7,7,13,11,11,5,9,10,5,8,10,15,15,15,10,15,155,Goalie
1822,1,72,Bandit Heeler,GFG,G,12,12,10,11,14,13,13,10,13,14,10,8,13,15,15,15,12,15,343,Goalie
2418,1,72,Chad Chadwick,GFG,G,9,11,9,8,11,9,10,8,10,11,10,6,12,15,15,15,12,15,155,Goalie
876,1,73,ANC EBUG,ANC,G,15,12,7,7,12,12,12,7,12,12,7,8,11,15,15,16,11,15,246,Goalie
1221,1,73,Ted Lindsay,ANC,G,10,11,10,5,11,10,10,10,10,10,10,8,12,15,15,15,10,15,155,Goalie
2560,1,73,Meo Vanbiesbrouck,ANC,G,12,13,7,8,13,13,13,8,12,13,8,8,9,15,15,15,11,15,244,Goalie
772,1,73,Loic Therien,KEL,G,8,8,8,8,5,8,10,5,5,15,5,8,5,15,15,15,15,15,155,Goalie
2113,1,73,Sea Jebus,KEL,G,13,13,12,12,13,13,13,12,13,13,12,8,14,15,15,15,14,15,414,Goalie
2241,1,73,Five-Hole Sieve,KEL,G,11,11,5,5,13,13,13,7,13,13,5,8,14,15,15,15,14,15,288,Goalie
2270,1,73,Bradaigh Lomax,KEL,G,6,7,6,7,15,6,7,5,5,12,8,7,10,15,15,15,13,15,142,Goalie
660,1,73,Liam Bell,MET,G,11,11,11,11,11,11,11,11,11,5,5,8,5,15,15,15,10,15,155,Goalie
958,1,73,Walrus Walrus,MET,G,11,11,5,5,12,11,11,11,11,11,6,8,7,15,15,15,11,15,155,Goalie
1186,1,73,Scottey Crawfling,MET,G,12,12,7,7,12,11,12,7,12,12,7,8,11,15,15,15,11,15,200,Goalie
1560,1,73,Brent Turnerson,MET,G,14,14,10,12,16,13,13,11,13,14,10,8,10,15,15,15,12,15,421,Goalie
1965,1,73,Nelly Celly,MET,G,12,14,10,10,12,10,12,11,12,12,10,8,9,15,15,15,11,15,249,Goalie
2323,1,73,Gewmba Stolemamoney,MET,G,13,13,9,9,13,13,13,9,13,13,5,8,11,15,15,15,5,15,258,Goalie
956,1,73,Mertin Broduer,VAN,G,12,12,8,8,12,10,10,10,12,12,8,8,9,15,15,15,9,15,177,Goalie
1142,1,73,Cal St. Karsikz,VAN,G,12,12,7,7,12,11,12,7,12,12,7,8,11,15,15,15,11,15,200,Goalie
1526,1,73,Henrik Svensson,VAN,G,9,9,8,8,13,13,9,10,9,13,8,8,9,15,15,15,9,15,155,Goalie
2083,1,73,Scary Jerry,VAN,G,14,14,7,7,15,15,15,7,13,15,8,8,11,15,15,15,12,15,424,Goalie
2308,1,73,Joulu Kuusi,VAN,G,11,11,8,8,11,11,11,10,12,11,11,7,10,15,15,15,12,15,190,Goalie
627,1,73,Tim Allen Jr.,NL,G,9,9,8,8,13,12,13,8,10,13,9,8,12,15,15,15,8,15,189,Goalie
1313,1,73,MUNK LUCK,NL,G,12,12,7,7,12,11,12,7,12,12,7,8,11,15,15,15,11,15,200,Goalie
2116,1,73,Tummy Hurts,NL,G,14,14,7,6,15,15,15,8,14,15,7,8,10,15,15,15,11,15,425,Goalie
2423,1,73,Ben Harrison,NL,G,11,12,9,9,13,10,12,9,13,15,10,8,11,15,15,15,12,15,270,Goalie
2801,1,73,Rory Dallyn,NL,G,7,5,5,8,14,7,8,5,9,15,9,8,10,15,15,15,10,15,155,Goalie
1798,1,73,Jim Wen,YUM,G,12,14,9,9,15,12,12,9,13,13,9,8,12,15,15,15,12,15,317,Goalie
1843,1,73,Ryker Johnasson,YUM,G,9,15,8,8,10,10,7,8,8,9,9,8,12,15,15,15,10,15,155,Goalie
1984,1,73,Jason Fourium,COL,G,16,10,5,5,5,5,10,5,10,10,10,8,10,15,15,15,7,15,155,Goalie
2000,1,73,Peter Lasma,COL,G,12,11,10,10,10,10,10,10,10,11,11,8,8,15,15,15,7,15,155,Goalie
2236,1,73,Tanner Pitts,COL,G,12,13,4,9,13,13,12,4,12,12,8,8,12,15,15,15,11,15,242,Goalie
1564,1,73,Wayne Holloway,DET,G,14,14,8,13,15,14,14,6,14,14,8,8,11,15,15,15,12,15,425,Goalie
2073,1,73,Dako Nanokov,DET,G,10,10,5,5,13,13,13,5,9,13,5,8,10,15,15,15,11,15,183,Goalie
2354,1,73,Det EBUG,DET,G,12,12,7,7,12,11,12,7,12,12,7,8,11,15,15,15,11,15,200,Goalie
731,1,73,Jack Lewis,STL,G,11,11,10,9,12,11,12,11,12,12,7,8,8,15,15,15,11,15,199,Goalie
756,1,73,Jesse Hellanude,STL,G,5,5,5,5,18,5,5,5,5,5,5,8,6,15,15,16,7,15,155,Goalie
786,1,73,Roddy Ross,STL,G,10,15,5,5,10,10,10,6,8,10,10,8,10,15,15,15,10,15,155,Goalie
1881,1,73,Kyle Baretto,STL,G,12,13,10,11,14,14,14,9,13,14,9,8,13,15,15,15,11,15,363,Goalie
2821,1,73,Mr Plow,STL,G,12,12,10,9,13,12,12,9,12,13,8,8,11,15,15,15,12,15,251,Goalie
955,1,73,CAR EBUG,CAR,G,12,12,7,7,12,11,12,7,12,12,7,8,11,15,15,15,11,15,200,Goalie
1767,1,73,Sith Happens,CAR,G,13,15,5,5,14,13,13,5,13,14,5,8,13,15,15,15,13,15,348,Goalie
2666,1,73,Denebor Milasch,CAR,G,12,12,9,9,13,13,13,9,12,12,9,8,11,15,15,15,10,15,243,Goalie
2410,1,73,Just Perfection,NBB,G,11,11,5,9,14,11,11,7,11,11,9,8,14,15,15,15,10,15,215,Goalie
2807,1,73,Yerik Akmetzhanov,NBB,G,11,11,5,5,13,13,13,5,11,13,5,8,10,15,15,15,11,15,203,Goalie
68,1,73,Tyler Cannon,QCC,G,10,10,8,10,10,10,10,8,9,9,14,8,10,15,15,15,10,15,155,Goalie
625,1,73,Kevin Newman,QCC,G,11,11,9,10,11,11,11,5,11,11,8,8,9,15,15,15,11,15,155,Goalie
1246,1,73,Unstopab Owl,QCC,G,12,12,7,7,12,11,12,7,12,12,7,8,11,15,15,15,11,15,200,Goalie
1384,1,73,Skating Dino,QCC,G,13,13,6,10,13,13,13,7,13,13,10,8,10,15,15,15,10,15,271,Goalie
2058,1,73,Net Man,QCC,G,13,12,12,11,14,14,13,11,13,14,10,8,13,15,15,15,12,15,384,Goalie
2217,1,73,Song Ju-gong,QCC,G,11,11,6,5,11,10,10,5,11,12,6,8,13,15,15,15,10,15,155,Goalie
2813,1,73,Fergus Stewart,QCC,G,12,12,6,7,11,13,11,5,11,10,5,8,7,15,15,15,10,15,155,Goalie
1300,1,73,Gumba Overdoo,REG,G,12,12,7,7,12,11,12,7,12,12,7,8,11,15,15,15,11,15,200,Goalie
1535,1,73,André Santiago,REG,G,11,11,7,9,13,9,9,6,11,13,5,8,11,15,15,15,9,15,155,Goalie
1806,1,73,Ally Mathieson,REG,G,13,14,8,5,15,15,16,6,14,15,9,8,8,15,15,15,10,15,425,Goalie
2107,1,73,Zach Cuff Jr,REG,G,13,10,10,10,13,10,11,10,10,13,10,8,10,15,15,15,7,15,202,Goalie
1254,1,73,Andrew Kiehl,GFG,G,10,15,8,10,9,6,7,7,10,8,6,8,12,15,15,15,11,15,155,Goalie
1370,1,73,Beau Kavanagh,GFG,G,13,13,5,7,15,14,14,5,14,14,5,8,14,15,15,15,14,15,410,Goalie
1553,1,73,C.J. Sparks,GFG,G,12,12,7,7,13,11,11,5,9,10,5,8,10,15,15,15,10,15,155,Goalie
1822,1,73,Bandit Heeler,GFG,G,12,12,10,11,14,13,13,10,13,14,10,8,13,15,15,15,12,15,343,Goalie
1973,1,73,Yves D'Odeur,GFG,G,11,13,7,9,14,13,13,7,13,9,7,8,13,15,15,15,11,15,257,Goalie
876,1,74,ANC EBUG,ANC,G,15,12,7,7,12,12,12,7,12,12,7,8,11,15,15,16,11,15,246,Goalie
1221,1,74,Ted Lindsay,ANC,G,10,11,10,5,11,10,10,10,10,10,10,8,12,15,15,15,10,15,155,Goalie
2560,1,74,Meo Vanbiesbrouck,ANC,G,13,13,8,8,14,14,14,8,13,14,8,8,13,15,15,15,11,15,348,Goalie
772,1,74,Loic Therien,KEL,G,8,8,8,8,5,8,10,5,5,15,5,8,5,15,15,15,15,15,155,Goalie
2073,1,74,Dako Nanokov,KEL,G,10,10,5,5,13,13,13,5,9,13,5,8,10,15,15,15,11,15,183,Goalie
2113,1,74,Sea Jebus,KEL,G,13,13,12,12,13,13,13,12,13,13,12,8,14,15,15,15,14,15,414,Goalie
2241,1,74,Five-Hole Sieve,KEL,G,13,13,5,5,15,13,14,7,13,15,5,8,15,15,15,15,15,15,425,Goalie
660,1,74,Liam Bell,MET,G,11,11,11,11,11,11,11,11,11,5,5,8,5,15,15,15,10,15,155,Goalie
958,1,74,Walrus Walrus,MET,G,11,11,5,5,12,11,11,11,11,11,6,8,7,15,15,15,11,15,155,Goalie
1186,1,74,Scottey Crawfling,MET,G,12,12,7,7,12,11,12,7,12,12,7,8,11,15,15,15,11,15,200,Goalie
1560,1,74,Brent Turnerson,MET,G,14,14,10,12,16,13,13,11,13,14,10,8,10,15,15,15,12,15,421,Goalie
1965,1,74,Nelly Celly,MET,G,12,14,10,10,12,10,12,11,12,12,10,8,9,15,15,15,11,15,249,Goalie
2884,1,74,Shotty McStopper,MET,G,12,13,9,8,13,12,12,9,12,13,10,8,8,15,15,15,11,15,239,Goalie
956,1,74,Mertin Broduer,VAN,G,12,12,8,8,12,10,10,10,12,12,8,8,9,15,15,15,9,15,177,Goalie
1142,1,74,Cal St. Karsikz,VAN,G,12,12,7,7,12,11,12,7,12,12,7,8,11,15,15,15,11,15,200,Goalie
1526,1,74,Henrik Svensson,VAN,G,9,9,8,8,13,13,9,10,9,13,8,8,9,15,15,15,9,15,155,Goalie
2308,1,74,Joulu Kuusi,VAN,G,11,12,8,8,11,10,10,10,12,11,10,7,9,15,15,15,11,15,170,Goalie
2871,1,74,Masked Stanger,VAN,G,11,11,5,9,13,13,13,7,12,12,9,8,13,15,15,15,13,15,254,Goalie
627,1,74,Tim Allen Jr.,NL,G,9,9,8,8,13,12,13,8,10,13,9,8,12,15,15,15,8,15,189,Goalie
1313,1,74,MUNK LUCK,NL,G,12,12,7,7,12,11,12,7,12,12,7,8,11,15,15,15,11,15,200,Goalie
1907,1,74,Launchpad McQuack,NL,G,10,12,5,11,13,12,13,5,11,14,5,8,10,15,15,15,10,15,224,Goalie
2116,1,74,Tummy Hurts,NL,G,14,14,7,6,15,15,15,8,14,15,7,8,10,15,15,15,11,15,425,Goalie
2423,1,74,Ben Harrison,NL,G,11,12,9,10,13,11,14,9,13,15,10,8,11,15,15,15,13,15,311,Goalie
1798,1,74,Jim Wen,YUM,G,12,14,9,9,15,12,12,9,14,14,9,8,12,15,15,15,12,15,347,Goalie
2266,1,74,Karter Mendenhall,YUM,G,12,14,9,9,10,10,11,9,11,12,9,8,11,15,15,15,12,15,213,Goalie
1779,1,74,Nicholas Scalice,COL,G,9,10,9,8,9,8,8,9,8,9,9,8,13,15,15,15,15,15,157,Goalie
2236,1,74,Tanner Pitts,COL,G,13,13,8,9,15,13,13,7,15,13,9,8,12,15,15,15,12,15,350,Goalie
1564,1,74,Wayne Holloway,DET,G,14,14,8,13,15,14,14,6,14,14,8,8,11,15,15,15,12,15,425,Goalie
2045,1,74,Luke fromm,DET,G,16,15,5,9,10,10,9,5,5,10,5,8,9,15,15,15,9,15,206,Goalie
2354,1,74,Det EBUG,DET,G,12,12,7,7,12,11,12,7,12,12,7,8,11,15,15,15,11,15,200,Goalie
731,1,74,Jack Lewis,STL,G,11,11,10,9,12,11,12,11,12,12,7,8,8,15,15,15,11,15,199,Goalie
756,1,74,Jesse Hellanude,STL,G,5,5,5,5,18,5,5,5,5,5,5,8,6,15,15,16,7,15,155,Goalie
786,1,74,Roddy Ross,STL,G,10,15,5,5,10,10,10,6,8,10,10,8,10,15,15,15,10,15,155,Goalie
2479,1,74,Herman Stahl,STL,G,12,12,10,7,12,11,13,8,11,11,5,8,13,15,15,15,12,15,225,Goalie
2498,1,74,Charlie van Keyzer,STL,G,10,13,8,8,14,9,8,7,11,14,6,8,9,15,15,15,9,15,186,Goalie
955,1,74,CAR EBUG,CAR,G,12,12,7,7,12,11,12,7,12,12,7,8,11,15,15,15,11,15,200,Goalie
2664,1,74,Stan Free,CAR,G,9,11,9,5,11,13,13,5,11,11,5,7,11,15,15,15,9,15,162,Goalie
2666,1,74,Denebor Milasch,CAR,G,13,14,9,9,13,14,14,9,14,12,9,8,12,15,15,15,12,15,348,Goalie
2410,1,74,Just Perfection,NBB,G,12,12,5,9,14,12,11,7,14,11,10,8,14,15,15,15,11,15,280,Goalie
2865,1,74,Cameron Kalashnikov,NBB,G,11,12,5,9,13,12,13,5,12,13,10,8,12,15,15,15,11,15,241,Goalie
68,1,74,Tyler Cannon,QCC,G,10,10,8,10,10,10,10,8,9,9,14,8,10,15,15,15,10,15,155,Goalie
625,1,74,Kevin Newman,QCC,G,11,11,9,10,11,11,11,5,11,11,8,8,9,15,15,15,11,15,155,Goalie
1246,1,74,Unstopab Owl,QCC,G,12,12,7,7,12,11,12,7,12,12,7,8,11,15,15,15,11,15,200,Goalie
1384,1,74,Skating Dino,QCC,G,13,13,6,10,13,13,13,7,13,13,10,8,10,15,15,15,10,15,271,Goalie
2217,1,74,Song Ju-gong,QCC,G,11,11,6,5,13,12,12,5,13,14,6,8,14,15,15,15,13,15,272,Goalie
2540,1,74,Lukas Konecny,QCC,G,11,13,6,7,13,10,13,6,13,14,6,8,10,15,15,15,7,15,220,Goalie
1300,1,74,Gumba Overdoo,REG,G,12,12,7,7,12,11,12,7,12,12,7,8,11,15,15,15,11,15,200,Goalie
1535,1,74,André Santiago,REG,G,11,11,7,9,13,9,9,6,11,13,5,8,11,15,15,15,9,15,155,Goalie
2878,1,74,Henri Losanov,REG,G,10,12,7,7,14,13,13,7,13,9,9,8,14,15,15,15,11,15,259,Goalie
2879,1,74,Roman Cechmanek II,REG,G,11,11,9,9,13,13,13,9,11,10,11,8,12,15,15,15,12,15,237,Goalie
1254,1,74,Andrew Kiehl,GFG,G,10,15,8,10,9,6,7,7,10,8,6,8,12,15,15,15,11,15,155,Goalie
1370,1,74,Beau Kavanagh,GFG,G,13,13,5,7,15,14,14,5,14,14,5,8,14,15,15,15,14,15,410,Goalie
1553,1,74,C.J. Sparks,GFG,G,12,12,7,7,13,11,11,5,9,10,5,8,10,15,15,15,10,15,155,Goalie
1822,1,74,Bandit Heeler,GFG,G,12,12,10,11,14,13,13,10,13,14,10,8,13,15,15,15,12,15,343,Goalie
1973,1,74,Yves D'Odeur,GFG,G,11,13,7,9,15,15,13,7,14,9,7,8,15,15,15,15,11,15,347,Goalie
876,1,75,ANC EBUG,ANC,G,15,12,7,7,12,12,12,7,12,12,7,8,11,15,15,16,11,15,246,Goalie
1221,1,75,Ted Lindsay,ANC,G,10,11,10,5,11,10,10,10,10,10,10,8,12,15,15,15,10,15,155,Goalie
2379,1,75,Stun Gun,ANC,G,14,14,9,7,15,14,15,8,13,15,9,8,12,15,15,15,12,15,425,Goalie
2560,1,75,Meo Vanbiesbrouck,ANC,G,13,14,8,8,15,15,15,8,13,15,8,8,13,15,15,15,11,15,423,Goalie
772,1,75,Loic Therien,KEL,G,8,8,8,8,5,8,10,5,5,15,5,8,5,15,15,15,15,15,155,Goalie
2073,1,75,Dako Nanokov,KEL,G,10,10,5,5,13,13,13,5,9,13,5,8,10,15,15,15,11,15,183,Goalie
2113,1,75,Sea Jebus,KEL,G,13,13,12,12,13,13,13,12,13,13,12,8,14,15,15,15,14,15,414,Goalie
2241,1,75,Five-Hole Sieve,KEL,G,13,13,5,5,15,13,14,7,13,15,5,8,15,15,15,15,15,15,425,Goalie
660,1,75,Liam Bell,MET,G,11,11,11,11,11,11,11,11,11,5,5,8,5,15,15,15,10,15,155,Goalie
958,1,75,Walrus Walrus,MET,G,11,11,5,5,12,11,11,11,11,11,6,8,7,15,15,15,11,15,155,Goalie
1186,1,75,Scottey Crawfling,MET,G,12,12,7,7,12,11,12,7,12,12,7,8,11,15,15,15,11,15,200,Goalie
1560,1,75,Brent Turnerson,MET,G,14,14,10,12,16,13,13,11,13,14,10,8,10,15,15,15,12,15,421,Goalie
2733,1,75,Timo Leppanen,MET,G,11,12,11,10,11,10,10,11,11,10,11,8,10,15,15,15,13,15,207,Goalie
2884,1,75,Shotty McStopper,MET,G,13,13,11,11,13,13,13,11,13,14,10,8,10,15,15,15,11,15,325,Goalie
956,1,75,Mertin Broduer,VAN,G,12,12,8,8,12,10,10,10,12,12,8,8,9,15,15,15,9,15,177,Goalie
1142,1,75,Cal St. Karsikz,VAN,G,12,12,7,7,12,11,12,7,12,12,7,8,11,15,15,15,11,15,200,Goalie
1526,1,75,Henrik Svensson,VAN,G,9,9,8,8,13,13,9,10,9,13,8,8,9,15,15,15,9,15,155,Goalie
2308,1,75,Joulu Kuusi,VAN,G,13,14,10,9,13,11,11,11,14,12,11,8,11,15,15,15,12,15,303,Goalie
2871,1,75,Masked Stanger,VAN,G,13,13,6,9,15,13,13,8,13,13,9,8,14,15,15,15,13,15,350,Goalie
627,1,75,Tim Allen Jr.,NL,G,9,9,8,8,13,12,13,8,10,13,9,8,12,15,15,15,8,15,189,Goalie
1313,1,75,MUNK LUCK,NL,G,12,12,7,7,12,11,12,7,12,12,7,8,11,15,15,15,11,15,200,Goalie
1907,1,75,Launchpad McQuack,NL,G,12,12,6,11,15,14,14,6,12,14,5,8,10,15,15,15,13,15,336,Goalie
2116,1,75,Tummy Hurts,NL,G,14,14,7,6,15,15,15,8,14,15,7,8,10,15,15,15,11,15,425,Goalie
2423,1,75,Ben Harrison,NL,G,12,13,9,11,13,12,14,10,13,15,12,8,11,15,15,15,13,15,358,Goalie
1798,1,75,Jim Wen,YUM,G,13,14,9,10,15,13,13,9,14,16,9,8,12,15,15,15,13,15,424,Goalie
2266,1,75,Karter Mendenhall,YUM,G,13,14,9,9,13,14,13,9,14,13,9,8,12,15,15,15,13,15,349,Goalie
2236,1,75,Tanner Pitts,COL,G,14,14,7,9,15,14,14,6,15,14,9,7,12,15,15,15,12,15,422,Goalie
2479,1,75,Herman Stahl,COL,G,13,13,11,11,13,13,13,11,13,13,10,8,13,15,15,15,12,15,339,Goalie
2045,1,75,Luke fromm,DET,G,16,15,5,9,10,10,9,5,5,10,5,8,9,15,15,15,9,15,206,Goalie
2267,1,75,Anastasia Soderstrom,DET,G,13,13,7,7,13,13,13,7,13,13,7,8,11,15,15,15,11,15,264,Goalie
2354,1,75,Det EBUG,DET,G,12,12,7,7,12,11,12,7,12,12,7,8,11,15,15,15,11,15,200,Goalie
731,1,75,Jack Lewis,STL,G,11,11,10,9,12,11,12,11,12,12,7,8,8,15,15,15,11,15,199,Goalie
756,1,75,Jesse Hellanude,STL,G,5,5,5,5,18,5,5,5,5,5,5,8,6,15,15,16,7,15,155,Goalie
2498,1,75,Charlie van Keyzer,STL,G,10,13,8,8,14,9,8,7,11,14,6,8,9,15,15,15,9,15,186,Goalie
2626,1,75,Kris,STL,G,13,11,9,9,13,11,10,9,13,9,10,8,11,15,15,15,11,15,206,Goalie
955,1,75,CAR EBUG,CAR,G,12,12,7,7,12,11,12,7,12,12,7,8,11,15,15,15,11,15,200,Goalie
2664,1,75,Stan Free,CAR,G,10,12,10,6,12,13,13,6,12,12,6,8,12,15,15,15,10,15,220,Goalie
2666,1,75,Denebor Milasch,CAR,G,13,14,10,11,13,14,14,10,14,13,9,8,14,15,15,15,14,15,422,Goalie
1852,1,75,Thorn Brown,NBB,G,9,9,6,7,11,9,11,8,11,15,9,8,12,15,15,15,12,15,189,Goalie
2410,1,75,Just Perfection,NBB,G,12,12,5,9,14,12,12,7,15,13,10,8,14,15,15,15,12,15,327,Goalie
68,1,75,Tyler Cannon,QCC,G,10,10,8,10,10,10,10,8,9,9,14,8,10,15,15,15,10,15,155,Goalie
625,1,75,Kevin Newman,QCC,G,11,11,9,10,11,11,11,5,11,11,8,8,9,15,15,15,11,15,155,Goalie
1246,1,75,Unstopab Owl,QCC,G,12,12,7,7,12,11,12,7,12,12,7,8,11,15,15,15,11,15,200,Goalie
1384,1,75,Skating Dino,QCC,G,13,13,6,10,13,13,13,7,13,13,10,8,10,15,15,15,10,15,271,Goalie
2217,1,75,Song Ju-gong,QCC,G,12,12,6,5,14,13,13,5,13,15,6,8,15,15,15,15,13,15,349,Goalie
2540,1,75,Lukas Konecny,QCC,G,13,14,6,7,15,11,13,6,13,15,6,8,10,15,15,15,9,15,305,Goalie
1300,1,75,Gumba Overdoo,REG,G,12,12,7,7,12,11,12,7,12,12,7,8,11,15,15,15,11,15,200,Goalie
1535,1,75,André Santiago,REG,G,11,11,7,9,13,9,9,6,11,13,5,8,11,15,15,15,9,15,155,Goalie
2878,1,75,Henri Losanov,REG,G,10,12,8,8,15,14,14,8,14,10,10,8,15,15,15,15,11,15,350,Goalie
2879,1,75,Roman Cechmanek II,REG,G,13,13,9,11,14,13,13,9,12,13,12,8,13,15,15,15,13,15,347,Goalie
1254,1,75,Andrew Kiehl,GFG,G,10,15,8,10,9,6,7,7,10,8,6,8,12,15,15,15,11,15,155,Goalie
1553,1,75,C.J. Sparks,GFG,G,12,12,7,7,13,11,11,5,9,10,5,8,10,15,15,15,10,15,155,Goalie
1822,1,75,Bandit Heeler,GFG,G,12,12,10,11,14,13,13,10,13,14,10,8,13,15,15,15,12,15,343,Goalie
1945,1,75,Lee Harrison,GFG,G,13,13,6,8,15,11,11,9,11,11,5,8,11,15,15,15,11,15,233,Goalie
2376,1,75,Peter Parker,GFG,G,12,12,7,7,13,13,12,7,13,14,6,8,10,15,15,15,10,15,244,Goalie
876,1,76,ANC EBUG,ANC,G,15,12,7,7,12,12,12,7,12,12,7,8,11,15,15,16,11,15,246,Goalie
1221,1,76,Ted Lindsay,ANC,G,10,11,10,5,11,10,10,10,10,10,10,8,12,15,15,15,10,15,155,Goalie
2379,1,76,Stun Gun,ANC,G,14,14,9,7,15,14,15,8,13,15,9,8,12,15,15,15,12,15,425,Goalie
2757,1,76,Adam Joy,ANC,G,12,13,12,11,11,12,11,11,11,11,7,8,11,15,15,15,11,15,234,Goalie
772,1,76,Loic Therien,KEL,G,8,8,8,8,5,8,10,5,5,15,5,8,5,15,15,15,15,15,155,Goalie
2663,1,76,Grant Berd,KEL,G,11,11,7,7,11,11,11,7,12,11,7,8,11,15,15,15,10,15,155,Goalie
3239,1,76,Doom Guy,KEL,G,12,11,10,11,11,11,10,11,11,11,10,8,11,15,15,15,12,15,209,Goalie
660,1,76,Liam Bell,MET,G,11,11,11,11,11,11,11,11,11,5,5,8,5,15,15,15,10,15,155,Goalie
958,1,76,Walrus Walrus,MET,G,11,11,5,5,12,11,11,11,11,11,6,8,7,15,15,15,11,15,155,Goalie
1186,1,76,Scottey Crawfling,MET,G,12,12,7,7,12,11,12,7,12,12,7,8,11,15,15,15,11,15,200,Goalie
1560,1,76,Brent Turnerson,MET,G,14,14,10,12,16,13,13,11,13,14,10,8,10,15,15,15,12,15,421,Goalie
2733,1,76,Timo Leppanen,MET,G,12,12,11,11,12,11,11,11,11,11,11,8,11,15,15,15,13,15,248,Goalie
2884,1,76,Shotty McStopper,MET,G,13,13,11,11,15,14,13,11,13,14,10,8,11,15,15,15,11,15,375,Goalie
956,1,76,Mertin Broduer,VAN,G,12,12,8,8,12,10,10,10,12,12,8,8,9,15,15,15,9,15,177,Goalie
1526,1,76,Henrik Svensson,VAN,G,9,9,8,8,13,13,9,10,9,13,8,8,9,15,15,15,9,15,155,Goalie
2034,1,76,Josh Pyrate,VAN,G,10,12,8,8,9,10,11,7,11,14,9,8,7,15,15,15,11,15,165,Goalie
2871,1,76,Masked Stanger,VAN,G,13,13,6,9,15,15,15,8,13,13,9,8,15,15,15,15,13,15,425,Goalie
627,1,76,Tim Allen Jr.,NL,G,9,9,8,8,13,12,13,8,10,13,9,8,12,15,15,15,8,15,189,Goalie
1313,1,76,MUNK LUCK,NL,G,12,12,7,7,12,11,12,7,12,12,7,8,11,15,15,15,11,15,200,Goalie
1907,1,76,Launchpad McQuack,NL,G,12,12,6,11,15,14,14,6,12,14,5,8,10,15,15,15,13,15,336,Goalie
3242,1,76,Nicholas Scalice,NL,G,11,14,11,11,10,11,11,10,5,5,5,8,7,15,15,15,8,15,155,Goalie
2266,1,76,Karter Mendenhall,YUM,G,15,14,9,9,15,14,13,9,15,13,9,8,12,15,15,15,13,15,424,Goalie
3258,1,76,Dexter Harrison Jr.,YUM,G,9,8,9,7,15,12,12,9,12,12,11,8,9,15,15,15,10,15,215,Goalie
2479,1,76,Herman Stahl,COL,G,13,13,13,12,13,13,13,13,13,13,11,8,14,15,15,15,13,15,407,Goalie
2821,1,76,Mr Plow,COL,G,12,13,10,9,13,13,12,9,13,14,8,8,11,15,15,15,12,15,290,Goalie
2045,1,76,Luke fromm,DET,G,16,15,5,9,10,10,9,5,5,10,5,8,9,15,15,15,9,15,206,Goalie
2267,1,76,Anastasia Soderstrom,DET,G,13,13,7,7,14,14,13,7,13,14,10,8,13,15,15,15,13,15,350,Goalie
2354,1,76,Det EBUG,DET,G,12,12,7,7,12,11,12,7,12,12,7,8,11,15,15,15,11,15,200,Goalie
731,1,76,Jack Lewis,STL,G,11,11,10,9,12,11,12,11,12,12,7,8,8,15,15,15,11,15,199,Goalie
756,1,76,Jesse Hellanude,STL,G,5,5,5,5,18,5,5,5,5,5,5,8,6,15,15,16,7,15,155,Goalie
3264,1,76,Evil Kyle Murray,STL,G,11,11,5,9,13,13,13,5,11,13,5,8,13,15,15,15,13,15,246,Goalie
955,1,76,CAR EBUG,CAR,G,12,12,7,7,12,11,12,7,12,12,7,8,11,15,15,15,11,15,200,Goalie
2664,1,76,Stan Free,CAR,G,10,12,10,6,12,13,13,6,12,12,6,8,12,15,15,15,10,15,220,Goalie
2666,1,76,Denebor Milasch,CAR,G,13,14,7,9,13,15,14,9,14,15,7,8,15,15,15,15,13,15,439,Goalie
2374,1,76,Tomas Suchanek,NBB,G,12,12,5,6,14,13,13,5,13,12,5,8,10,15,15,15,9,15,233,Goalie
2410,1,76,Just Perfection,NBB,G,12,12,5,9,14,12,12,7,16,13,10,8,14,15,15,15,12,15,352,Goalie
68,1,76,Tyler Cannon,QCC,G,10,10,8,10,10,10,10,8,9,9,14,8,10,15,15,15,10,15,155,Goalie
625,1,76,Kevin Newman,QCC,G,11,11,9,10,11,11,11,5,11,11,8,8,9,15,15,15,11,15,155,Goalie
1246,1,76,Unstopab Owl,QCC,G,12,12,7,7,12,11,12,7,12,12,7,8,11,15,15,15,11,15,200,Goalie
1384,1,76,Skating Dino,QCC,G,13,13,6,10,13,13,13,7,13,13,10,8,10,15,15,15,10,15,271,Goalie
2217,1,76,Song Ju-gong,QCC,G,13,13,6,5,15,14,14,5,14,15,6,8,15,15,15,15,13,15,425,Goalie
2807,1,76,Yerik Akmetzhanov,QCC,G,11,11,5,5,13,13,13,5,11,13,5,8,10,15,15,15,11,15,203,Goalie
1300,1,76,Gumba Overdoo,REG,G,12,12,7,7,12,11,12,7,12,12,7,8,11,15,15,15,11,15,200,Goalie
1535,1,76,André Santiago,REG,G,11,11,7,9,13,9,9,6,11,13,5,8,11,15,15,15,9,15,155,Goalie
2878,1,76,Henri Losanov,REG,G,11,13,9,9,15,14,14,9,14,11,11,8,15,15,15,15,15,15,425,Goalie
2879,1,76,Roman Cechmanek II,REG,G,13,13,9,12,14,14,14,9,13,14,12,8,14,15,15,15,13,15,423,Goalie
1254,1,76,Andrew Kiehl,GFG,G,10,15,8,10,9,6,7,7,10,8,6,8,12,15,15,15,11,15,155,Goalie
1553,1,76,C.J. Sparks,GFG,G,12,12,7,7,13,11,11,5,9,10,5,8,10,15,15,15,10,15,155,Goalie
1945,1,76,Lee Harrison,GFG,G,13,13,6,8,15,13,13,10,13,11,5,8,11,15,15,15,11,15,286,Goalie
3235,1,76,Elvar Gil-Galad,GFG,G,12,13,7,9,15,11,13,9,10,13,9,8,12,15,15,15,11,15,269,Goalie
2236,1,76,Tanner Pitts,OTT,G,14,14,7,8,15,14,14,6,15,14,8,7,11,15,15,15,11,15,402,Goalie
2636,1,76,Bishop Van Apeldoorn,OTT,G,11,10,10,9,13,13,12,9,10,13,8,8,11,15,15,15,10,15,212,Goalie
3246,1,76,Peter WU,OTT,G,9,11,10,10,13,10,9,10,10,11,8,8,8,15,15,15,11,15,155,Goalie
2560,1,76,Meo Vanbiesbrouck,SDT,G,13,14,8,8,15,15,15,8,13,15,8,8,13,15,15,15,11,15,423,Goalie
3254,1,76,Josh Grygo,SDT,G,15,13,9,6,9,9,10,7,10,8,7,8,9,15,15,15,9,15,155,Goalie
876,1,77,ANC EBUG,ANC,G,15,12,7,7,12,12,12,7,12,12,7,8,11,15,15,16,11,15,246,Goalie
1221,1,77,Ted Lindsay,ANC,G,10,11,10,5,11,10,10,10,10,10,10,8,12,15,15,15,10,15,155,Goalie
2757,1,77,Adam Joy,ANC,G,13,14,12,11,13,13,12,11,11,11,10,8,11,15,15,15,11,15,298,Goalie
2983,1,77,PeanutButter Zamboni,ANC,G,12,11,10,10,11,11,11,10,11,11,11,8,13,15,15,15,15,15,263,Goalie
772,1,77,Loic Therien,KEL,G,8,8,8,8,5,8,10,5,5,15,5,8,5,15,15,15,15,15,155,Goalie
2680,1,77,Gino Fortezza,KEL,G,12,13,7,7,13,9,14,5,12,14,5,8,9,15,15,15,13,15,254,Goalie
3239,1,77,Doom Guy,KEL,G,12,11,10,11,11,11,10,11,11,11,10,8,11,15,15,15,12,15,209,Goalie
660,1,77,Liam Bell,MET,G,11,11,11,11,11,11,11,11,11,5,5,8,5,15,15,15,10,15,155,Goalie
958,1,77,Walrus Walrus,MET,G,11,11,5,5,12,11,11,11,11,11,6,8,7,15,15,15,11,15,155,Goalie
1186,1,77,Scottey Crawfling,MET,G,12,12,7,7,12,11,12,7,12,12,7,8,11,15,15,15,11,15,200,Goalie
1560,1,77,Brent Turnerson,MET,G,14,14,10,12,16,13,13,11,13,14,10,8,10,15,15,15,12,15,421,Goalie
2626,1,77,Kris,MET,G,14,12,10,9,13,11,11,9,13,11,10,8,11,15,15,15,9,15,239,Goalie
2884,1,77,Shotty McStopper,MET,G,13,14,11,11,15,14,13,11,14,15,11,8,11,15,15,15,11,15,425,Goalie
956,1,77,Mertin Broduer,VAN,G,12,12,8,8,12,10,10,10,12,12,8,8,9,15,15,15,9,15,177,Goalie
1526,1,77,Henrik Svensson,VAN,G,9,9,8,8,13,13,9,10,9,13,8,8,9,15,15,15,9,15,155,Goalie
2871,1,77,Masked Stanger,VAN,G,13,13,6,9,15,15,15,8,13,13,9,8,15,15,15,15,13,15,425,Goalie
3407,1,77,Galton Woggins,VAN,G,13,13,7,10,13,13,13,5,10,12,6,8,11,15,15,15,12,15,249,Goalie
627,1,77,Tim Allen Jr.,NL,G,9,9,8,8,13,12,13,8,10,13,9,8,12,15,15,15,8,15,189,Goalie
1313,1,77,MUNK LUCK,NL,G,12,12,7,7,12,11,12,7,12,12,7,8,11,15,15,15,11,15,200,Goalie
1907,1,77,Launchpad McQuack,NL,G,13,13,12,12,15,14,14,6,14,15,5,8,10,15,15,15,13,15,421,Goalie
2977,1,77,Sami Samsonov,NL,G,10,9,5,6,13,7,7,5,12,15,5,8,10,15,15,15,8,15,155,Goalie
3258,1,77,Dexter Harrison Jr.,YUM,G,13,13,5,5,15,13,15,7,13,14,5,8,10,15,15,15,11,15,328,Goalie
3411,1,77,Phemeia McLaughlin,YUM,G,10,11,5,5,14,11,12,5,10,12,7,8,12,15,15,15,11,15,191,Goalie
1932,1,77,Jokull Magnusson,COL,G,9,10,5,5,13,13,13,5,9,12,5,8,9,15,15,15,10,15,160,Goalie
2479,1,77,Herman Stahl,COL,G,13,13,13,12,13,13,13,13,13,13,13,8,14,15,15,15,13,15,423,Goalie
2733,1,77,Timo Leppanen,COL,G,12,12,12,11,12,11,12,11,11,12,12,8,11,15,15,15,13,15,280,Goalie
1852,1,77,Thorn Brown,DET,G,9,9,6,7,11,9,11,8,11,15,9,8,12,15,15,15,12,15,189,Goalie
2267,1,77,Anastasia Soderstrom,DET,G,14,14,7,7,15,14,14,7,14,14,10,8,13,15,15,15,13,15,425,Goalie
2354,1,77,Det EBUG,DET,G,12,12,7,7,12,11,12,7,12,12,7,8,11,15,15,15,11,15,200,Goalie
3490,1,77,Mark Andrew Flower,DET,G,10,10,8,8,15,11,11,5,11,15,6,8,11,15,15,15,7,15,221,Goalie
731,1,77,Jack Lewis,STL,G,11,11,10,9,12,11,12,11,12,12,7,8,8,15,15,15,11,15,199,Goalie
756,1,77,Jesse Hellanude,STL,G,5,5,5,5,18,5,5,5,5,5,5,8,6,15,15,16,7,15,155,Goalie
2283,1,77,Vatali Yermakov,STL,G,9,9,5,8,5,5,14,5,9,14,8,8,10,15,15,15,12,15,155,Goalie
3074,1,77,Wolfgang Puck,STL,G,11,15,5,5,10,11,11,7,9,12,5,8,6,15,15,15,6,15,155,Goalie
3264,1,77,Evil Kyle Murray,STL,G,13,13,8,11,14,13,14,9,13,13,9,8,13,15,15,15,13,15,350,Goalie
955,1,77,CAR EBUG,CAR,G,12,12,7,7,12,11,12,7,12,12,7,8,11,15,15,15,11,15,200,Goalie
2664,1,77,Stan Free,CAR,G,10,14,10,9,12,13,13,7,14,15,7,8,14,15,15,15,14,15,370,Goalie
3018,1,77,Mason remy,CAR,G,13,13,9,9,11,10,11,8,10,10,8,8,11,15,15,15,11,15,181,Goalie
2374,1,77,Tomas Suchanek,NBB,G,13,13,5,9,14,14,13,5,13,13,5,8,10,15,15,15,11,15,287,Goalie
68,1,77,Tyler Cannon,QCC,G,10,10,8,10,10,10,10,8,9,9,14,8,10,15,15,15,10,15,155,Goalie
625,1,77,Kevin Newman,QCC,G,11,11,9,10,11,11,11,5,11,11,8,8,9,15,15,15,11,15,155,Goalie
1246,1,77,Unstopab Owl,QCC,G,12,12,7,7,12,11,12,7,12,12,7,8,11,15,15,15,11,15,200,Goalie
1384,1,77,Skating Dino,QCC,G,13,13,6,10,13,13,13,7,13,13,10,8,10,15,15,15,10,15,271,Goalie
2217,1,77,Song Ju-gong,QCC,G,13,13,6,5,15,14,14,5,14,15,6,8,15,15,15,15,13,15,425,Goalie
2498,1,77,Charlie van Keyzer,QCC,G,10,13,8,8,14,9,8,7,11,14,6,8,9,15,15,15,9,15,186,Goalie
1300,1,77,Gumba Overdoo,REG,G,12,12,7,7,12,11,12,7,12,12,7,8,11,15,15,15,11,15,200,Goalie
1535,1,77,André Santiago,REG,G,11,11,7,9,13,9,9,6,11,13,5,8,11,15,15,15,9,15,155,Goalie
2663,1,77,Grant Berd,REG,G,13,12,7,7,13,13,13,7,13,13,7,8,11,15,15,15,10,15,251,Goalie
3400,1,77,Nicholas Scalice,REG,G,11,13,9,11,12,10,11,12,10,10,11,8,10,15,15,15,10,15,205,Goalie
1254,1,77,Andrew Kiehl,GFG,G,10,15,8,10,9,6,7,7,10,8,6,8,12,15,15,15,11,15,155,Goalie
1553,1,77,C.J. Sparks,GFG,G,12,12,7,7,13,11,11,5,9,10,5,8,10,15,15,15,10,15,155,Goalie
1945,1,77,Lee Harrison,GFG,G,13,13,6,8,15,13,13,10,13,11,5,8,11,15,15,15,11,15,286,Goalie
3235,1,77,Elvar Gil-Galad,GFG,G,13,14,8,10,15,11,14,9,11,14,9,8,12,15,15,15,13,15,350,Goalie
2636,1,77,Bishop Van Apeldoorn,OTT,G,13,13,10,10,13,13,12,10,13,13,9,8,13,15,15,15,15,15,349,Goalie
3077,1,77,Zsigmond Popovics,OTT,G,11,11,9,9,10,12,11,8,10,11,10,8,10,15,15,15,10,15,159,Goalie
3246,1,77,Peter WU,OTT,G,9,11,10,10,13,10,9,10,10,11,8,8,8,15,15,15,11,15,155,Goalie
3133,1,77,Walter Scheibli,SDT,G,11,12,8,10,14,12,12,8,11,14,7,8,10,15,15,15,12,15,254,Goalie
3254,1,77,Josh Grygo,SDT,G,15,13,9,6,9,9,10,7,10,8,7,8,9,15,15,15,9,15,155,Goalie
876,1,78,ANC EBUG,ANC,G,15,12,7,7,12,12,12,7,12,12,7,8,11,15,15,16,11,15,246,Goalie
2757,1,78,Adam Joy,ANC,G,13,14,8,12,13,14,14,8,13,14,8,8,13,15,15,15,13,15,384,Goalie
2983,1,78,PeanutButter Zamboni,ANC,G,12,13,12,12,12,13,12,12,12,12,12,8,13,15,15,15,13,15,344,Goalie
772,1,78,Loic Therien,KEL,G,8,8,8,8,5,8,10,5,5,15,5,8,5,15,15,15,15,15,155,Goalie
2154,1,78,Jon-Isaac Forty-One,KEL,G,12,11,5,11,14,12,12,9,12,14,9,8,12,15,15,15,9,15,264,Goalie
2680,1,78,Gino Fortezza,KEL,G,12,14,7,7,15,12,15,6,12,15,7,8,9,15,15,15,13,15,350,Goalie
660,1,78,Liam Bell,MET,G,11,11,11,11,11,11,11,11,11,5,5,8,5,15,15,15,10,15,155,Goalie
958,1,78,Walrus Walrus,MET,G,11,11,5,5,12,11,11,11,11,11,6,8,7,15,15,15,11,15,155,Goalie
1186,1,78,Scottey Crawfling,MET,G,12,12,7,7,12,11,12,7,12,12,7,8,11,15,15,15,11,15,200,Goalie
1560,1,78,Brent Turnerson,MET,G,14,14,10,12,16,13,13,11,13,14,10,8,10,15,15,15,12,15,421,Goalie
2626,1,78,Kris,MET,G,15,13,10,10,13,13,12,9,14,14,10,8,11,15,15,15,11,15,347,Goalie
3077,1,78,Zsigmond Popovics,MET,G,11,11,9,9,12,13,13,8,12,12,10,8,11,15,15,15,11,15,227,Goalie
956,1,78,Mertin Broduer,VAN,G,12,12,8,8,12,10,10,10,12,12,8,8,9,15,15,15,9,15,177,Goalie
1526,1,78,Henrik Svensson,VAN,G,9,9,8,8,13,13,9,10,9,13,8,8,9,15,15,15,9,15,155,Goalie
3098,1,78,Cristobal Khabibulin,VAN,G,10,10,4,10,10,10,10,9,10,10,10,7,9,15,15,15,11,15,127,Goalie
3239,1,78,Doom Guy,VAN,G,12,11,10,11,11,11,10,11,11,11,10,8,11,15,15,15,12,15,209,Goalie
627,1,78,Tim Allen Jr.,NL,G,9,9,8,8,13,12,13,8,10,13,9,8,12,15,15,15,8,15,189,Goalie
1313,1,78,MUNK LUCK,NL,G,12,12,7,7,12,11,12,7,12,12,7,8,11,15,15,15,11,15,200,Goalie
2977,1,78,Sami Samsonov,NL,G,10,9,5,6,13,7,7,5,12,15,5,8,10,15,15,15,8,15,155,Goalie
3568,1,78,Katharina Rosenthal,NL,G,11,12,5,5,14,13,13,5,12,14,5,8,10,15,15,15,13,15,265,Goalie
2988,1,78,Jakub Alexa,YUM,G,11,11,5,5,14,12,12,5,11,12,5,8,12,15,15,15,12,15,215,Goalie
3325,1,78,Jökull Magnússon,YUM,G,9,10,5,5,13,13,13,5,9,12,5,8,9,15,15,15,10,15,160,Goalie
3411,1,78,Phemeia McLaughlin,YUM,G,10,12,5,5,16,11,12,5,10,13,7,8,12,15,15,15,11,15,247,Goalie
1932,1,78,Jokull Magnusson,COL,G,9,10,5,5,13,13,13,5,9,12,5,8,9,15,15,15,10,15,160,Goalie
2374,1,78,Tomas Suchanek,COL,G,13,13,5,9,14,14,13,5,13,13,5,8,10,15,15,15,11,15,287,Goalie
2733,1,78,Timo Leppanen,COL,G,12,12,12,11,12,11,12,11,11,12,12,8,11,15,15,15,13,15,280,Goalie
2776,1,78,Otto Wolff,COL,G,9,10,5,5,13,13,13,5,9,12,5,8,9,15,15,15,10,15,160,Goalie
1852,1,78,Thorn Brown,DET,G,9,9,6,7,11,9,11,8,11,15,9,8,12,15,15,15,12,15,189,Goalie
2267,1,78,Anastasia Soderstrom,DET,G,14,14,7,7,15,14,14,7,14,14,10,8,13,15,15,15,13,15,425,Goalie
2354,1,78,Det EBUG,DET,G,12,12,7,7,12,11,12,7,12,12,7,8,11,15,15,15,11,15,200,Goalie
3490,1,78,Mark Andrew Flower,DET,G,10,10,8,8,15,11,11,4,11,15,6,8,11,15,15,15,7,15,221,Goalie
731,1,78,Jack Lewis,STL,G,11,11,10,9,12,11,12,11,12,12,7,8,8,15,15,15,11,15,199,Goalie
756,1,78,Jesse Hellanude,STL,G,5,5,5,5,18,5,5,5,5,5,5,8,6,15,15,16,7,15,155,Goalie
2283,1,78,Vatali Yermakov,STL,G,9,9,5,8,5,5,14,5,9,14,8,8,10,15,15,15,12,15,155,Goalie
3074,1,78,Wolfgang Puck,STL,G,11,15,5,5,13,13,13,7,11,13,5,8,7,15,15,15,10,15,237,Goalie
3264,1,78,Evil Kyle Murray,STL,G,14,14,10,12,14,14,14,9,13,14,9,8,13,15,15,15,13,15,425,Goalie
955,1,78,CAR EBUG,CAR,G,12,12,7,7,12,11,12,7,12,12,7,8,11,15,15,15,11,15,200,Goalie
2713,1,78,Andrei Vasilevskiy,CAR,G,11,10,4,4,15,7,6,4,9,15,4,8,6,15,15,15,7,15,163,Goalie
3018,1,78,Mason remy,CAR,G,13,13,8,8,11,10,11,7,10,10,7,7,11,15,15,15,11,15,173,Goalie
3566,1,78,Gregory Eriksson,NBB,G,13,13,10,11,13,11,11,10,11,10,10,8,9,15,15,15,9,15,216,Goalie
68,1,78,Tyler Cannon,QCC,G,10,10,8,10,10,10,10,8,9,9,14,8,10,15,15,15,10,15,155,Goalie
625,1,78,Kevin Newman,QCC,G,11,11,9,10,11,11,11,5,11,11,8,8,9,15,15,15,11,15,155,Goalie
1384,1,78,Skating Dino,QCC,G,13,13,6,10,13,13,13,7,13,13,10,8,10,15,15,15,10,15,271,Goalie
2498,1,78,Charlie van Keyzer,QCC,G,10,13,8,8,14,9,8,7,11,14,6,8,9,15,15,15,9,15,186,Goalie
3579,1,78,QCCBOT4,QCC,G,11,11,5,7,13,13,14,5,12,14,5,8,12,15,15,15,11,15,256,Goalie
3580,1,78,Ela Solberg,QCC,G,12,12,6,4,13,12,12,4,12,13,8,8,13,15,15,15,11,15,237,Goalie
1300,1,78,Gumba Overdoo,TBW,G,12,12,7,7,12,11,12,7,12,12,7,8,11,15,15,15,11,15,200,Goalie
1535,1,78,André Santiago,TBW,G,11,11,7,9,13,9,9,6,11,13,5,8,11,15,15,15,9,15,155,Goalie
2663,1,78,Grant Berd,TBW,G,13,13,7,7,14,14,14,7,14,14,7,8,12,15,15,15,11,15,347,Goalie
3400,1,78,Nicholas Scalice,TBW,G,11,13,9,11,12,10,11,12,10,10,11,8,10,15,15,15,10,15,205,Goalie
1254,1,78,Andrew Kiehl,GFG,G,10,15,8,10,9,6,7,7,10,8,6,8,12,15,15,15,11,15,155,Goalie
1553,1,78,C.J. Sparks,GFG,G,12,12,7,7,13,11,11,5,9,10,5,8,10,15,15,15,10,15,155,Goalie
1945,1,78,Lee Harrison,GFG,G,13,13,6,8,15,13,13,10,13,11,5,8,11,15,15,15,11,15,286,Goalie
3235,1,78,Elvar Gil-Galad,GFG,G,12,14,9,9,16,12,15,9,11,15,9,8,13,15,15,15,14,15,425,Goalie
2636,1,78,Bishop Van Apeldoorn,OTT,G,13,13,10,11,13,14,13,10,14,13,10,8,13,15,15,15,16,15,422,Goalie
3246,1,78,Peter WU,OTT,G,9,11,10,10,13,10,9,10,10,11,8,8,8,15,15,15,11,15,155,Goalie
3578,1,78,Jeff Kirkstone III,OTT,G,12,13,10,12,12,12,12,12,10,11,10,8,10,15,15,15,12,15,260,Goalie
3133,1,78,Walter Scheibli,SDT,G,12,12,9,10,15,14,14,8,12,15,8,8,10,15,15,15,12,15,350,Goalie
3254,1,78,Josh Grygo,SDT,G,15,13,9,6,9,9,10,7,10,8,7,8,9,15,15,15,9,15,155,Goalie
876,1,79,ANC EBUG,ANC,G,15,12,7,7,12,12,12,7,12,12,7,8,11,15,15,16,11,15,246,Goalie
2757,1,79,Adam Joy,ANC,G,14,14,8,13,13,14,14,8,14,14,8,8,13,15,15,15,13,15,422,Goalie
2983,1,79,PeanutButter Zamboni,ANC,G,13,13,13,13,13,13,13,12,13,13,13,8,13,15,15,15,14,15,423,Goalie
772,1,79,Loic Therien,KEL,G,8,8,8,8,5,8,10,5,5,15,5,8,5,15,15,15,15,15,155,Goalie
2154,1,79,Jon-Isaac Forty-One,KEL,G,13,11,5,9,15,13,13,9,13,15,9,8,13,15,15,15,12,15,342,Goalie
2680,1,79,Gino Fortezza,KEL,G,12,13,7,9,17,12,15,7,12,16,7,8,11,15,15,15,13,15,425,Goalie
660,1,79,Liam Bell,MET,G,11,11,11,11,11,11,11,11,11,5,5,8,5,15,15,15,10,15,155,Goalie
958,1,79,Walrus Walrus,MET,G,11,11,5,5,12,11,11,11,11,11,6,8,7,15,15,15,11,15,155,Goalie
1186,1,79,Scottey Crawfling,MET,G,12,12,7,7,12,11,12,7,12,12,7,8,11,15,15,15,11,15,200,Goalie
1560,1,79,Brent Turnerson,MET,G,14,14,10,12,16,13,13,11,13,14,10,8,10,15,15,15,12,15,421,Goalie
2626,1,79,Kris,MET,G,15,15,11,11,14,13,13,11,14,14,11,8,11,15,15,15,11,15,425,Goalie
3077,1,79,Zsigmond Popovics,MET,G,12,12,9,9,13,13,13,8,12,13,10,8,11,15,15,15,11,15,259,Goalie
956,1,79,Mertin Broduer,VAN,G,12,12,8,8,12,10,10,10,12,12,8,8,9,15,15,15,9,15,177,Goalie
2724,1,79,Florence-Amelie Mackenzie,VAN,G,11,12,11,11,13,12,12,10,11,12,10,8,12,15,15,15,13,15,270,Goalie
3098,1,79,Cristobal Khabibulin,VAN,G,11,11,5,11,11,11,11,10,11,11,11,8,10,15,15,15,12,15,190,Goalie
627,1,79,Tim Allen Jr.,NL,G,9,9,8,8,13,12,13,8,10,13,9,8,12,15,15,15,8,15,189,Goalie
1313,1,79,MUNK LUCK,NL,G,12,12,7,7,12,11,12,7,12,12,7,8,11,15,15,15,11,15,200,Goalie
3568,1,79,Katharina Rosenthal,NL,G,12,12,5,5,15,14,15,5,12,15,5,8,10,15,15,15,13,15,348,Goalie
3741,1,79,James Connolly,NL,G,11,11,7,9,13,12,12,6,12,12,11,8,11,15,15,15,7,15,203,Goalie
2988,1,79,Jakub Alexa,YUM,G,12,12,8,8,15,13,13,8,12,13,8,8,12,15,15,15,12,15,294,Goalie
3411,1,79,Phemeia McLaughlin,YUM,G,10,12,5,5,16,11,12,5,10,13,7,8,12,15,15,15,11,15,247,Goalie
1932,1,79,Jokull Magnusson,COL,G,9,10,5,5,13,13,13,5,9,12,5,8,9,15,15,15,10,15,160,Goalie
3722,1,79,DarthDeavin,COL,G,11,11,10,12,10,10,11,10,12,11,10,8,11,15,15,15,10,15,194,Goalie
3724,1,79,Meowlnir Kittenson,COL,G,13,13,4,4,13,12,13,4,12,13,4,8,12,15,15,15,12,15,256,Goalie
2354,1,79,Det EBUG,DET,G,12,12,7,7,12,11,12,7,12,12,7,8,11,15,15,15,11,15,200,Goalie
3490,1,79,Mark Andrew Flower,DET,G,12,13,9,9,15,12,12,8,12,15,7,8,11,15,15,15,10,15,297,Goalie
3746,1,79,Lucas Dill,DET,G,11,11,9,9,9,10,11,10,12,15,10,8,10,15,15,15,10,15,207,Goalie
731,1,79,Jack Lewis,STL,G,11,11,10,9,12,11,12,11,12,12,7,8,8,15,15,15,11,15,199,Goalie
756,1,79,Jesse Hellanude,STL,G,5,5,5,5,18,5,5,5,5,5,5,8,6,15,15,16,7,15,155,Goalie
2283,1,79,Vatali Yermakov,STL,G,9,9,5,8,5,5,14,5,9,14,8,8,10,15,15,15,12,15,155,Goalie
3074,1,79,Wolfgang Puck,STL,G,13,15,5,5,14,14,14,10,14,13,5,8,7,15,15,15,10,15,338,Goalie
3264,1,79,Evil Kyle Murray,STL,G,14,14,10,12,14,14,14,9,13,14,9,8,13,15,15,15,13,15,425,Goalie
955,1,79,CAR EBUG,CAR,G,12,12,7,7,12,11,12,7,12,12,7,8,11,15,15,15,11,15,200,Goalie
2501,1,79,Dolph,CAR,G,14,11,7,8,12,11,7,7,7,12,6,8,8,15,15,15,10,15,155,Goalie
3018,1,79,Mason remy,CAR,G,13,13,8,8,10,9,10,7,9,9,7,7,10,15,15,15,10,15,138,Goalie
2634,1,79,Akira Suzuki,NBB,G,14,13,12,12,13,12,12,12,12,13,12,7,11,15,15,15,12,15,351,Goalie
3068,1,79,Jack,NBB,G,13,13,9,9,10,9,12,9,13,12,9,8,10,15,15,15,10,15,207,Goalie
3566,1,79,Gregory Eriksson,NBB,G,13,13,10,11,13,11,11,10,11,10,10,8,9,15,15,15,9,15,216,Goalie
68,1,79,Tyler Cannon,QCC,G,10,10,8,10,10,10,10,8,9,9,14,8,10,15,15,15,10,15,155,Goalie
625,1,79,Kevin Newman,QCC,G,11,11,9,10,11,11,11,5,11,11,8,8,9,15,15,15,11,15,155,Goalie
1384,1,79,Skating Dino,QCC,G,13,13,6,10,13,13,13,7,13,13,10,8,10,15,15,15,10,15,271,Goalie
2498,1,79,Charlie van Keyzer,QCC,G,10,13,8,8,14,9,8,7,11,14,6,8,9,15,15,15,9,15,186,Goalie
3579,1,79,QCCBOT4,QCC,G,12,12,5,8,14,15,15,6,12,15,5,8,12,15,15,15,11,15,350,Goalie
3580,1,79,Ela Solberg,QCC,G,13,13,6,4,14,13,13,4,13,14,8,8,13,15,15,15,11,15,307,Goalie
1300,1,79,Gumba Overdoo,TBW,G,12,12,7,7,12,11,12,7,12,12,7,8,11,15,15,15,11,15,200,Goalie
1535,1,79,André Santiago,TBW,G,11,11,7,9,13,9,9,6,11,13,5,8,11,15,15,15,9,15,155,Goalie
2663,1,79,Grant Berd,TBW,G,14,14,7,7,15,15,14,7,14,14,7,8,13,15,15,15,11,15,415,Goalie
3400,1,79,Nicholas Scalice,TBW,G,11,13,9,11,12,10,11,12,10,10,11,8,10,15,15,15,10,15,205,Goalie
1254,1,79,Andrew Kiehl,GFG,G,10,15,8,10,9,6,7,7,10,8,6,8,12,15,15,15,11,15,155,Goalie
1553,1,79,C.J. Sparks,GFG,G,12,12,7,7,13,11,11,5,9,10,5,8,10,15,15,15,10,15,155,Goalie
3235,1,79,Elvar Gil-Galad,GFG,G,12,14,9,9,16,12,15,9,11,15,9,8,13,15,15,15,14,15,425,Goalie
3730,1,79,Martin Mackerelmore,GFG,G,12,12,5,10,13,13,13,5,12,14,5,8,12,15,15,15,11,15,266,Goalie
2636,1,79,Bishop Van Apeldoorn,OTT,G,13,13,10,11,13,14,13,10,14,13,10,8,13,15,15,15,16,15,422,Goalie
3246,1,79,Peter WU,OTT,G,9,11,10,10,13,10,9,10,10,11,8,8,8,15,15,15,11,15,155,Goalie
3578,1,79,Jeff Kirkstone III,OTT,G,14,13,10,12,13,13,13,12,13,13,10,8,11,15,15,15,12,15,349,Goalie
3012,1,79,Bungus Tungus,SDT,G,12,12,9,5,10,13,9,8,9,10,8,8,10,15,15,15,12,15,163,Goalie
3036,1,79,Deetee,SDT,G,13,12,5,10,10,10,10,5,10,10,10,8,10,15,15,15,10,15,155,Goalie
3321,1,79,Honza Havran,SDT,G,11,11,5,5,12,11,11,5,11,12,5,8,11,15,15,15,10,15,155,Goalie
876,1,80,ANC EBUG,ANC,G,15,12,7,7,12,12,12,7,12,12,7,8,11,15,15,16,11,15,246,Goalie
2983,1,80,PeanutButter Zamboni,ANC,G,13,13,13,13,13,13,13,12,13,13,13,8,13,15,15,15,14,15,423,Goalie
3882,1,80,Linus Ully,ANC,G,13,11,7,9,11,12,10,9,11,11,10,7,10,15,15,15,10,15,178,Goalie
772,1,80,Loic Therien,KEL,G,8,8,8,8,5,8,10,5,5,15,5,8,5,15,15,15,15,15,155,Goalie
2154,1,80,Jon-Isaac Forty-One,KEL,G,13,13,7,9,15,14,15,9,13,15,10,8,14,15,15,15,12,15,425,Goalie
2680,1,80,Gino Fortezza,KEL,G,13,14,8,9,15,13,15,10,13,15,10,8,13,15,15,15,13,15,425,Goalie
660,1,80,Liam Bell,MET,G,11,11,11,11,11,11,11,11,11,5,5,8,5,15,15,15,10,15,155,Goalie
958,1,80,Walrus Walrus,MET,G,11,11,5,5,12,11,11,11,11,11,6,8,7,15,15,15,11,15,155,Goalie
1186,1,80,Scottey Crawfling,MET,G,12,12,7,7,12,11,12,7,12,12,7,8,11,15,15,15,11,15,200,Goalie
1560,1,80,Brent Turnerson,MET,G,14,14,10,12,16,13,13,11,13,14,10,8,10,15,15,15,12,15,421,Goalie
2626,1,80,Kris,MET,G,15,15,11,11,14,13,13,11,14,14,11,8,11,15,15,15,11,15,425,Goalie
3077,1,80,Zsigmond Popovics,MET,G,12,12,9,9,13,13,13,8,12,13,10,8,11,15,15,15,11,15,259,Goalie
956,1,80,Mertin Broduer,VAN,G,12,12,8,8,12,10,10,10,12,12,8,8,9,15,15,15,9,15,177,Goalie
2724,1,80,Florence-Amelie Mackenzie,VAN,G,11,12,11,11,14,14,14,11,11,13,10,8,12,15,15,15,13,15,344,Goalie
3098,1,80,Cristobal Khabibulin,VAN,G,11,11,5,11,11,11,11,10,11,11,11,8,10,15,15,15,12,15,190,Goalie
627,1,80,Tim Allen Jr.,NL,G,9,9,8,8,13,12,13,8,10,13,9,8,12,15,15,15,8,15,189,Goalie
1313,1,80,MUNK LUCK,NL,G,12,12,7,7,12,11,12,7,12,12,7,8,11,15,15,15,11,15,200,Goalie
3568,1,80,Katharina Rosenthal,NL,G,13,13,5,5,16,15,15,5,13,15,5,8,12,15,15,15,13,15,425,Goalie
3741,1,80,James Connolly,NL,G,11,11,7,9,13,12,12,6,12,12,11,8,11,15,15,15,7,15,203,Goalie
2769,1,80,Meguru Bachira,YUM,G,13,13,8,8,13,11,13,5,11,13,6,8,11,15,15,15,11,15,233,Goalie
2988,1,80,Jakub Alexa,YUM,G,13,13,8,8,15,14,14,8,13,14,8,8,13,15,15,15,12,15,371,Goalie
1932,1,80,Jokull Magnusson,COL,G,9,10,5,5,13,13,13,5,9,12,5,8,9,15,15,15,10,15,160,Goalie
3411,1,80,Phemeia McLaughlin,COL,G,10,12,5,5,16,11,12,5,10,13,7,8,12,15,15,15,11,15,247,Goalie
3724,1,80,Meowlnir Kittenson,COL,G,14,14,4,4,14,13,14,4,13,14,4,8,12,15,15,15,12,15,347,Goalie
2354,1,80,Det EBUG,DET,G,12,12,7,7,12,11,12,7,12,12,7,8,11,15,15,15,11,15,200,Goalie
2713,1,80,Andrei Vasilevskiy,DET,G,11,10,5,5,15,7,6,5,9,15,5,8,6,15,15,15,7,15,163,Goalie
3530,1,80,John Gibson,DET,G,12,12,8,9,13,12,13,6,12,13,6,8,11,15,15,15,13,15,252,Goalie
3746,1,80,Lucas Dill,DET,G,11,11,9,9,10,10,11,10,12,15,10,8,10,15,15,15,11,15,217,Goalie
731,1,80,Jack Lewis,STL,G,11,11,10,9,12,11,12,11,12,12,7,8,8,15,15,15,11,15,199,Goalie
756,1,80,Jesse Hellanude,STL,G,5,5,5,5,18,5,5,5,5,5,5,8,6,15,15,16,7,15,155,Goalie
2283,1,80,Vatali Yermakov,STL,G,9,9,5,8,5,5,14,5,9,14,8,8,10,15,15,15,12,15,155,Goalie
3074,1,80,Wolfgang Puck,STL,G,13,15,5,5,14,14,14,10,14,13,5,8,7,15,15,15,10,15,338,Goalie
3458,1,80,Luká Dostál,STL,G,12,13,9,9,12,10,10,8,13,12,9,8,12,15,15,15,9,15,210,Goalie
955,1,80,CAR EBUG,CAR,G,12,12,7,7,12,11,12,7,12,12,7,8,11,15,15,15,11,15,200,Goalie
3278,1,80,Matt Retinol,CAR,G,10,13,7,10,10,12,11,6,10,14,8,8,13,15,15,15,9,15,208,Goalie
3321,1,80,Honza Havran,CAR,G,12,12,4,4,14,13,13,4,12,14,4,8,11,15,15,15,11,15,262,Goalie
3068,1,80,Jack,NBB,G,13,13,10,11,13,13,13,9,13,13,9,8,11,15,15,15,10,15,290,Goalie
3894,1,80,Claude L'Castor,NBB,G,11,11,6,5,15,14,13,5,11,14,5,8,11,15,15,15,12,15,277,Goalie
68,1,80,Tyler Cannon,QCC,G,10,10,8,10,10,10,10,8,9,9,14,8,10,15,15,15,10,15,155,Goalie
625,1,80,Kevin Newman,QCC,G,11,11,9,10,11,11,11,5,11,11,8,8,9,15,15,15,11,15,155,Goalie
1246,1,80,Unstopab Owl,QCC,G,12,12,7,7,12,11,12,7,12,12,7,8,11,15,15,15,11,15,200,Goalie
1384,1,80,Skating Dino,QCC,G,13,13,6,10,13,13,13,7,13,13,10,8,10,15,15,15,10,15,271,Goalie
2498,1,80,Charlie van Keyzer,QCC,G,10,13,8,8,14,9,8,7,11,14,6,8,9,15,15,15,9,15,186,Goalie
3579,1,80,QCCBOT4,QCC,G,13,13,5,9,16,15,15,7,13,15,5,8,13,15,15,15,11,15,425,Goalie
3580,1,80,Ela Solberg,QCC,G,13,13,5,4,15,13,14,4,13,14,8,8,13,15,15,15,15,15,382,Goalie
1300,1,80,Gumba Overdoo,TBW,G,12,12,7,7,12,11,12,7,12,12,7,8,11,15,15,15,11,15,200,Goalie
1535,1,80,André Santiago,TBW,G,11,11,7,9,13,9,9,6,11,13,5,8,11,15,15,15,9,15,155,Goalie
2663,1,80,Grant Berd,TBW,G,14,14,7,7,15,15,14,7,14,14,7,8,13,15,15,15,11,15,415,Goalie
3308,1,80,Jack Ryan,TBW,G,12,13,7,9,13,12,12,7,13,13,7,8,12,15,15,15,12,15,260,Goalie
1254,1,80,Andrew Kiehl,GFG,G,10,15,8,10,9,6,7,7,10,8,6,8,12,15,15,15,11,15,155,Goalie
1553,1,80,C.J. Sparks,GFG,G,12,12,7,7,13,11,11,5,9,10,5,8,10,15,15,15,10,15,155,Goalie
3730,1,80,Martin Mackerelmore,GFG,G,12,12,5,10,13,13,13,5,12,14,5,8,12,15,15,15,11,15,266,Goalie
3886,1,80,Matti Brynjarsson,GFG,G,13,13,6,6,14,13,13,5,11,14,5,8,11,15,15,15,9,15,262,Goalie
3246,1,80,Peter WU,OTT,G,9,11,10,10,13,10,9,10,10,11,8,8,8,15,15,15,11,15,155,Goalie
3490,1,80,Mark Andrew Flower,OTT,G,12,13,9,9,15,12,12,8,12,15,7,8,11,15,15,15,10,13,297,Goalie
3578,1,80,Jeff Kirkstone III,OTT,G,14,13,10,13,13,13,14,12,13,14,10,8,11,15,15,15,15,15,425,Goalie
3903,1,80,Baldur-Ulysse Soderberg-Tremblay,SDT,G,13,13,5,5,13,13,13,5,13,13,5,8,11,15,15,15,11,15,256,Goalie
3906,1,80,Cauliflower Pizza,SDT,G,13,13,4,11,13,13,13,4,13,13,6,7,10,15,15,15,10,15,263,Goalie
876,1,81,ANC EBUG,ANC,G,15,12,7,7,12,12,12,7,12,12,7,8,11,15,15,16,11,15,246,Goalie
3119,1,81,Jonny Hockey,ANC,G,12,12,5,5,14,13,13,5,12,13,5,8,12,15,15,15,13,15,271,Goalie
3882,1,81,Linus Ully,ANC,G,14,15,9,11,13,14,11,11,12,13,11,8,11,15,15,15,11,15,346,Goalie
772,1,81,Loic Therien,KEL,G,8,8,8,8,5,8,10,5,5,15,5,8,5,15,15,15,15,15,155,Goalie
2154,1,81,Jon-Isaac Forty-One,KEL,G,13,13,7,9,15,14,15,9,13,15,10,8,14,15,15,15,12,15,425,Goalie
3417,1,81,Yuri Satoshi,KEL,G,12,12,9,10,13,13,13,10,11,13,5,8,11,15,15,15,13,15,268,Goalie
660,1,81,Liam Bell,MET,G,11,11,11,11,11,11,11,11,11,5,5,8,5,15,15,15,10,15,155,Goalie
958,1,81,Walrus Walrus,MET,G,11,11,5,5,12,11,11,11,11,11,6,8,7,15,15,15,11,15,155,Goalie
1186,1,81,Scottey Crawfling,MET,G,12,12,7,7,12,11,12,7,12,12,7,8,11,15,15,15,11,15,200,Goalie
1560,1,81,Brent Turnerson,MET,G,14,14,10,12,16,13,13,11,13,14,10,8,10,15,15,15,12,15,421,Goalie
3105,1,81,Travis Coates,MET,G,10,13,7,8,14,13,13,6,10,13,7,7,10,15,15,15,10,15,228,Goalie
3296,1,81,George Dankse,MET,G,12,13,11,10,13,11,12,10,11,13,10,8,10,15,15,15,11,15,252,Goalie
956,1,81,Mertin Broduer,VAN,G,12,12,8,8,12,10,10,10,12,12,8,8,9,15,15,15,9,15,177,Goalie
2724,1,81,Florence-Amelie Mackenzie,VAN,G,13,13,7,7,15,14,16,7,13,15,6,8,13,15,15,15,13,15,425,Goalie
3068,1,81,Jack,VAN,G,13,14,11,12,13,13,13,10,14,13,9,8,11,15,15,15,11,15,343,Goalie
3433,1,81,Ouri,VAN,G,11,11,5,5,12,11,11,7,11,11,14,8,10,15,15,15,10,15,191,Goalie
627,1,81,Tim Allen Jr.,NL,G,9,9,8,8,13,12,13,8,10,13,9,8,12,15,15,15,8,15,189,Goalie
1313,1,81,MUNK LUCK,NL,G,12,12,7,7,12,11,12,7,12,12,7,8,11,15,15,15,11,15,200,Goalie
3111,1,81,K.J Daniels,NL,G,11,13,8,8,15,12,15,5,11,11,7,8,9,15,15,15,11,15,260,Goalie
3568,1,81,Katharina Rosenthal,NL,G,13,13,5,5,16,15,15,5,13,15,5,8,12,15,15,15,13,15,425,Goalie
2769,1,81,Meguru Bachira,YUM,G,13,13,8,8,13,11,13,5,11,13,6,8,11,15,15,15,11,15,233,Goalie
4041,1,81,Cj Foley,YUM,G,10,10,8,10,10,10,10,10,11,10,10,8,11,15,15,15,15,15,197,Goalie
4070,1,81,Mr. Electric,YUM,G,9,9,8,5,7,7,12,12,12,10,8,8,12,15,15,15,12,15,155,Goalie
1932,1,81,Jokull Magnusson,COL,G,9,10,5,5,13,13,13,5,9,12,5,8,9,15,15,15,10,15,160,Goalie
2914,1,81,Mrkicksave41,COL,G,14,14,5,7,10,8,10,5,10,12,8,8,12,15,15,15,12,15,209,Goalie
3724,1,81,Meowlnir Kittenson,COL,G,15,15,4,7,14,14,14,4,14,14,4,8,13,15,15,15,13,15,425,Goalie
2354,1,81,Det EBUG,DET,G,12,12,7,7,12,11,12,7,12,12,7,8,11,15,15,15,11,15,200,Goalie
2713,1,81,Andrei Vasilevskiy,DET,G,11,10,5,5,15,7,6,5,9,15,5,8,6,15,15,15,7,15,163,Goalie
3530,1,81,John Gibson,DET,G,13,13,8,8,15,13,14,6,12,14,6,8,13,15,15,15,13,15,350,Goalie
3746,1,81,Lucas Dill,DET,G,11,11,9,9,10,10,11,10,12,15,10,8,10,15,15,15,11,15,217,Goalie
731,1,81,Jack Lewis,STL,G,11,11,10,9,12,11,12,11,12,12,7,8,8,15,15,15,11,15,199,Goalie
756,1,81,Jesse Hellanude,STL,G,5,5,5,5,18,5,5,5,5,5,5,8,6,15,15,16,7,15,155,Goalie
2283,1,81,Vatali Yermakov,STL,G,9,9,5,8,5,5,14,5,9,14,8,8,10,15,15,15,12,15,155,Goalie
3091,1,81,Wal Rus,STL,G,13,12,7,7,13,13,12,7,11,13,9,8,11,15,15,15,12,15,244,Goalie
3438,1,81,Teemu Järvinen,STL,G,10,11,7,10,12,11,11,7,11,11,10,8,8,15,15,15,11,15,161,Goalie
955,1,81,CAR EBUG,CAR,G,12,12,7,7,12,11,12,7,12,12,7,8,11,15,15,15,11,15,200,Goalie
3321,1,81,Honza Havran,CAR,G,13,13,9,8,15,13,14,8,13,14,8,8,12,15,15,15,12,15,350,Goalie
3369,1,81,Andrew Drewski,CAR,G,10,10,7,7,13,12,12,5,13,14,5,7,12,15,15,15,9,15,215,Goalie
3894,1,81,Claude L'Castor,NBB,G,11,12,8,7,15,15,15,5,11,15,5,8,11,15,15,15,12,15,350,Goalie
4069,1,81,Tyler Yakimo,NBB,G,11,11,8,9,14,11,11,6,10,12,10,8,12,15,15,15,10,15,203,Goalie
68,1,81,Tyler Cannon,QCC,G,10,10,8,10,10,10,10,8,9,9,14,8,10,15,15,15,10,15,155,Goalie
625,1,81,Kevin Newman,QCC,G,11,11,9,10,11,11,11,5,11,11,8,8,9,15,15,15,11,15,155,Goalie
1246,1,81,Unstopab Owl,QCC,G,12,12,7,7,12,11,12,7,12,12,7,8,11,15,15,15,11,15,200,Goalie
1384,1,81,Skating Dino,QCC,G,13,13,6,10,13,13,13,7,13,13,10,8,10,15,15,15,10,15,271,Goalie
2498,1,81,Charlie van Keyzer,QCC,G,10,13,8,8,14,9,8,7,11,14,6,8,9,15,15,15,9,15,186,Goalie
3579,1,81,QCCBOT4,QCC,G,13,13,5,9,16,15,15,7,13,15,5,8,13,15,15,15,11,15,425,Goalie
3580,1,81,Ela Solberg,QCC,G,13,13,5,4,15,14,14,4,13,15,7,7,13,15,15,15,15,15,410,Goalie
1300,1,81,Gumba Overdoo,TBW,G,12,12,7,7,12,11,12,7,12,12,7,8,11,15,15,15,11,15,200,Goalie
1535,1,81,André Santiago,TBW,G,11,11,7,9,13,9,9,6,11,13,5,8,11,15,15,15,9,15,155,Goalie
3308,1,81,Jack Ryan,TBW,G,13,13,7,10,14,14,13,7,13,13,7,8,14,15,15,15,13,15,350,Goalie
4047,1,81,Jose Brodeur,TBW,G,13,13,5,9,13,13,13,5,13,13,5,8,5,15,15,15,5,15,230,Goalie
1254,1,81,Andrew Kiehl,GFG,G,10,15,8,10,9,6,7,7,10,8,6,8,12,15,15,15,11,15,155,Goalie
1553,1,81,C.J. Sparks,GFG,G,12,12,7,7,13,11,11,5,9,10,5,8,10,15,15,15,10,15,155,Goalie
3159,1,81,Tyler Bodega,GFG,G,11,12,6,5,14,13,13,5,12,15,7,8,9,15,15,15,10,15,257,Goalie
3886,1,81,Matti Brynjarsson,GFG,G,12,12,6,6,15,14,14,6,12,15,5,8,12,15,15,15,13,15,349,Goalie
3246,1,81,Peter WU,OTT,G,9,11,10,10,13,10,9,10,10,11,8,8,8,15,15,15,11,15,155,Goalie
3578,1,81,Jeff Kirkstone III,OTT,G,14,14,7,7,14,14,14,7,14,14,10,8,13,15,15,15,14,15,425,Goalie
4068,1,81,Victor Bjork-Pejlikka,OTT,G,11,13,6,8,15,12,11,6,11,15,6,8,11,15,15,15,9,15,257,Goalie
3906,1,81,Cauliflower Pizza,SDT,G,13,13,4,4,15,14,15,4,13,14,4,7,9,15,15,15,11,15,336,Goalie
4056,1,81,Nicholas Scalice,SDT,G,11,11,9,8,10,8,11,8,11,10,9,7,9,15,15,15,9,15,122,Goalie
876,1,82,ANC EBUG,ANC,G,15,12,7,7,12,12,12,7,12,12,7,8,11,15,15,16,11,15,246,Goalie
3119,1,82,Jonny Hockey,ANC,G,13,13,5,5,14,13,14,6,13,14,6,8,13,15,15,15,14,15,350,Goalie
4207,1,82,Olivia Osgood,ANC,G,13,12,5,5,14,11,11,10,11,14,9,8,11,15,15,15,14,15,278,Goalie
772,1,82,Loic Therien,KEL,G,8,8,8,8,5,8,10,5,5,15,5,8,5,15,15,15,15,15,155,Goalie
3417,1,82,Yuri Satoshi,KEL,G,13,13,11,13,13,13,13,11,13,13,9,8,12,15,15,15,13,15,350,Goalie
3882,1,82,Linus Ully,KEL,G,14,15,9,11,13,14,11,11,12,13,11,8,11,15,15,15,11,15,346,Goalie
660,1,82,Liam Bell,MET,G,11,11,11,11,11,11,11,11,11,5,5,8,5,15,15,15,10,15,155,Goalie
958,1,82,Walrus Walrus,MET,G,11,11,5,5,12,11,11,11,11,11,6,8,7,15,15,15,11,15,155,Goalie
1186,1,82,Scottey Crawfling,MET,G,12,12,7,7,12,11,12,7,12,12,7,8,11,15,15,15,11,15,200,Goalie
1560,1,82,Brent Turnerson,MET,G,14,14,10,12,16,13,13,11,13,14,10,8,10,15,15,15,12,15,421,Goalie
3105,1,82,Travis Coates,MET,G,11,14,6,8,15,14,13,7,13,14,8,8,12,15,15,15,13,15,350,Goalie
3296,1,82,George Dankse,MET,G,13,14,11,11,14,12,13,11,11,13,11,8,10,15,15,15,11,15,321,Goalie
956,1,82,Mertin Broduer,VAN,G,12,12,8,8,12,10,10,10,12,12,8,8,9,15,15,15,9,15,177,Goalie
2724,1,82,Florence-Amelie Mackenzie,VAN,G,13,13,7,7,16,14,15,7,13,15,6,8,13,15,15,15,13,15,425,Goalie
3068,1,82,Jack,VAN,G,15,15,11,12,13,13,13,10,14,13,9,8,11,15,15,15,11,15,388,Goalie
3433,1,82,Ouri,VAN,G,11,11,5,5,12,11,11,7,11,11,14,8,10,15,15,15,10,15,191,Goalie
627,1,82,Tim Allen Jr.,NL,G,9,9,8,8,13,12,13,8,10,13,9,8,12,15,15,15,8,15,189,Goalie
1313,1,82,MUNK LUCK,NL,G,12,12,7,7,12,11,12,7,12,12,7,8,11,15,15,15,11,15,200,Goalie
3111,1,82,K.J Daniels,NL,G,12,14,9,9,16,13,15,5,12,12,9,8,11,15,15,15,11,15,350,Goalie
3669,1,82,Maverick,NL,G,12,9,9,11,10,11,9,9,12,10,9,8,9,15,15,15,13,15,170,Goalie
4041,1,82,Cj Foley,YUM,G,10,10,10,10,10,10,10,11,11,10,10,8,13,15,15,15,16,15,250,Goalie
4070,1,82,Mr. Electric,YUM,G,9,9,8,5,7,7,12,12,12,10,8,8,12,15,15,15,12,15,155,Goalie
1932,1,82,Jokull Magnusson,COL,G,9,10,5,5,13,13,13,5,9,12,5,8,9,15,15,15,10,15,160,Goalie
2914,1,82,Mrkicksave41,COL,G,16,14,7,9,10,9,11,7,10,12,9,8,12,15,15,15,12,15,266,Goalie
3724,1,82,Meowlnir Kittenson,COL,G,15,15,5,7,14,14,14,5,14,14,5,8,13,15,15,15,13,15,425,Goalie
2354,1,82,Det EBUG,DET,G,12,12,7,7,12,11,12,7,12,12,7,8,11,15,15,15,11,15,200,Goalie
2713,1,82,Andrei Vasilevskiy,DET,G,11,10,5,5,15,7,6,5,9,15,5,8,6,15,15,15,7,15,163,Goalie
3006,1,82,Theo Dahl,DET,G,12,12,7,5,15,13,13,5,10,11,9,8,10,15,15,15,10,15,231,Goalie
3530,1,82,John Gibson,DET,G,13,13,9,9,15,15,15,8,13,15,6,8,13,15,15,15,13,15,425,Goalie
731,1,82,Jack Lewis,STL,G,11,11,10,9,12,11,12,11,12,12,7,8,8,15,15,15,11,15,199,Goalie
756,1,82,Jesse Hellanude,STL,G,5,5,5,5,18,5,5,5,5,5,5,8,6,15,15,16,7,15,155,Goalie
2283,1,82,Vatali Yermakov,STL,G,9,9,5,8,5,5,14,5,9,14,8,8,10,15,15,15,12,15,155,Goalie
3369,1,82,Andrew Drewski,STL,G,11,11,8,8,13,12,12,6,13,14,6,8,12,15,15,15,10,15,236,Goalie
3438,1,82,Teemu Järvinen,STL,G,12,12,5,5,15,14,13,5,12,15,13,8,13,15,15,15,10,15,350,Goalie
955,1,82,CAR EBUG,CAR,G,12,12,7,7,12,12,12,7,12,12,7,8,11,15,15,15,11,15,208,Goalie
3321,1,82,Honza Havran,CAR,G,13,13,10,9,15,14,15,8,13,15,8,8,14,15,15,15,12,15,425,Goalie
3697,1,82,Joe McPadstack,CAR,G,12,12,8,9,13,12,13,9,12,13,8,8,10,15,15,15,9,15,229,Goalie
3894,1,82,Claude L'Castor,NBB,G,13,13,6,6,15,15,15,5,13,15,5,8,14,15,15,15,13,15,425,Goalie
4069,1,82,Tyler Yakimo,NBB,G,12,12,9,9,14,11,11,9,10,13,10,8,13,15,15,15,10,15,242,Goalie
68,1,82,Tyler Cannon,QCC,G,10,10,8,10,10,10,10,8,9,9,14,8,10,15,15,15,10,15,155,Goalie
625,1,82,Kevin Newman,QCC,G,11,11,9,10,11,11,11,5,11,11,8,8,9,15,15,15,11,15,155,Goalie
1246,1,82,Unstopab Owl,QCC,G,12,12,7,7,12,11,12,7,12,12,7,8,11,15,15,15,11,15,200,Goalie
1384,1,82,Skating Dino,QCC,G,13,13,6,10,13,13,13,7,13,13,10,8,10,15,15,15,10,15,271,Goalie
2498,1,82,Charlie van Keyzer,QCC,G,10,13,8,8,14,9,8,7,11,14,6,8,9,15,15,15,9,15,186,Goalie
3639,1,82,Lurtz Makoare,QCC,G,12,13,6,9,13,12,13,7,12,13,7,8,13,15,15,15,13,15,275,Goalie
3730,1,82,Martin Mackerelmore,QCC,G,12,12,5,10,13,13,13,5,12,14,5,8,12,15,15,15,11,15,266,Goalie
1300,1,82,Gumba Overdoo,TBW,G,12,12,7,7,12,11,12,7,12,12,7,8,11,15,15,15,11,15,200,Goalie
1535,1,82,André Santiago,TBW,G,11,11,7,9,13,9,9,6,11,13,5,8,11,15,15,15,9,15,155,Goalie
3308,1,82,Jack Ryan,TBW,G,14,14,7,10,14,13,14,7,14,14,7,8,14,15,15,15,14,15,425,Goalie
4047,1,82,Jose Brodeur,TBW,G,15,15,5,9,15,13,13,5,13,13,5,8,5,15,15,15,5,15,320,Goalie
1254,1,82,Andrew Kiehl,GFG,G,10,15,8,10,9,6,7,7,10,8,6,8,12,15,15,15,11,15,155,Goalie
1553,1,82,C.J. Sparks,GFG,G,12,12,7,7,13,11,11,5,9,10,5,8,10,15,15,15,10,15,155,Goalie
3159,1,82,Tyler Bodega,GFG,G,13,13,6,6,15,14,14,5,13,15,7,8,11,15,15,15,11,15,350,Goalie
3886,1,82,Matti Brynjarsson,GFG,G,13,13,6,6,15,15,15,5,14,15,5,8,13,15,15,15,13,15,425,Goalie
3246,1,82,Peter WU,OTT,G,9,11,10,10,13,10,9,10,10,11,8,8,8,15,15,15,11,15,155,Goalie
3442,1,82,Haddie Minch,OTT,G,12,12,5,5,15,13,13,6,5,15,5,8,9,15,15,15,7,15,245,Goalie
4068,1,82,Victor Bjork-Pejlikka,OTT,G,13,13,7,7,15,13,13,7,13,15,8,8,13,15,15,15,12,15,350,Goalie
3906,1,82,Cauliflower Pizza,SDT,G,13,13,5,5,16,15,15,5,13,15,5,8,12,15,15,15,13,15,425,Goalie
4056,1,82,Nicholas Scalice,SDT,G,12,13,10,9,12,10,12,9,12,11,10,8,10,15,15,15,11,15,216,Goalie
876,1,83,ANC EBUG,ANC,G,15,12,7,7,12,12,12,7,12,12,7,8,11,15,15,16,11,15,246,Goalie
3119,1,83,Jonny Hockey,ANC,G,13,13,5,5,15,15,15,9,13,15,10,8,13,15,15,15,13,15,425,Goalie
4207,1,83,Olivia Osgood,ANC,G,13,13,5,6,15,13,14,10,13,14,9,8,11,15,15,15,13,15,350,Goalie
772,1,83,Loic Therien,KEL,G,8,8,8,8,5,8,10,5,5,15,5,8,5,15,15,15,15,15,155,Goalie
3417,1,83,Yuri Satoshi,KEL,G,13,13,11,13,15,13,13,12,13,14,9,8,13,15,15,15,13,15,411,Goalie
3882,1,83,Linus Ully,KEL,G,14,15,9,11,13,14,11,11,12,13,11,8,11,15,15,15,11,15,346,Goalie
660,1,83,Liam Bell,MET,G,11,11,11,11,11,11,11,11,11,5,5,8,5,15,15,15,10,15,155,Goalie
958,1,83,Walrus Walrus,MET,G,11,11,5,5,12,11,11,11,11,11,6,8,7,15,15,15,11,15,155,Goalie
1186,1,83,Scottey Crawfling,MET,G,12,12,7,7,12,11,12,7,12,12,7,8,11,15,15,15,11,15,200,Goalie
1560,1,83,Brent Turnerson,MET,G,14,14,10,12,16,13,13,11,13,14,10,8,10,15,15,15,12,15,421,Goalie
3105,1,83,Travis Coates,MET,G,12,15,6,9,16,15,13,7,13,14,9,8,13,15,15,15,13,15,425,Goalie
3296,1,83,George Dankse,MET,G,13,14,11,13,14,13,14,11,11,13,11,8,10,15,15,15,11,15,360,Goalie
956,1,83,Mertin Broduer,VAN,G,12,12,8,8,12,10,10,10,12,12,8,8,9,15,15,15,9,15,177,Goalie
2769,1,83,Meguru Bachira,VAN,G,13,13,8,10,13,11,13,5,11,16,6,8,11,15,15,15,13,15,311,Goalie
3433,1,83,Ouri,VAN,G,11,11,5,5,12,13,11,7,11,11,14,8,10,15,15,15,10,15,207,Goalie
4069,1,83,Tyler Yakimo,VAN,G,12,12,9,9,14,11,11,9,10,13,10,8,13,15,15,15,10,15,242,Goalie
627,1,83,Tim Allen Jr.,NL,G,9,9,8,8,13,12,13,8,10,13,9,8,12,15,15,15,8,15,189,Goalie
1313,1,83,MUNK LUCK,NL,G,12,12,7,7,12,11,12,7,12,12,7,8,11,15,15,15,11,15,200,Goalie
3308,1,83,Jack Ryan,NL,G,14,14,7,10,14,13,14,7,14,14,7,8,14,15,15,15,14,15,425,Goalie
3669,1,83,Maverick,NL,G,12,9,9,11,10,11,9,9,12,10,9,8,9,15,15,15,13,15,170,Goalie
4041,1,83,Cj Foley,YUM,G,10,10,10,10,10,10,10,11,11,13,10,8,14,15,15,15,16,15,286,Goalie
4070,1,83,Mr. Electric,YUM,G,9,9,8,5,7,7,12,12,12,10,8,8,12,15,15,15,12,15,155,Goalie
1932,1,83,Jokull Magnusson,COL,G,9,10,5,5,13,13,13,5,9,12,5,8,9,15,15,15,10,15,160,Goalie
2914,1,83,Mrkicksave41,COL,G,16,16,7,9,12,9,11,7,7,12,9,8,11,15,15,15,12,15,302,Goalie
3369,1,83,Andrew Drewski,COL,G,11,11,8,8,13,12,12,6,13,14,6,8,12,15,15,15,10,15,236,Goalie
2354,1,83,Det EBUG,DET,G,12,12,7,7,12,11,12,7,12,12,7,8,11,15,15,15,11,15,200,Goalie
2713,1,83,Andrei Vasilevskiy,DET,G,11,10,5,5,15,7,6,5,9,15,5,8,6,15,15,15,7,15,163,Goalie
3006,1,83,Theo Dahl,DET,G,13,13,8,5,15,15,15,5,10,11,9,8,10,15,15,15,10,15,309,Goalie
3530,1,83,John Gibson,DET,G,14,14,7,5,15,14,14,5,14,15,5,8,13,15,15,15,13,15,425,Goalie
731,1,83,Jack Lewis,STL,G,11,11,10,9,12,11,12,11,12,12,7,8,8,15,15,15,11,15,199,Goalie
756,1,83,Jesse Hellanude,STL,G,5,5,5,5,18,5,5,5,5,5,5,8,6,15,15,16,7,15,155,Goalie
2283,1,83,Vatali Yermakov,STL,G,9,9,5,8,5,5,14,5,9,14,8,8,10,15,15,15,12,15,155,Goalie
2894,1,83,angel anne kowalczyk,STL,G,10,11,9,5,14,10,13,9,11,11,10,8,11,15,15,15,14,15,235,Goalie
3438,1,83,Teemu Jarvinen,STL,G,13,13,5,5,15,14,13,5,13,15,13,8,14,15,15,15,14,15,425,Goalie
955,1,83,CAR EBUG,CAR,G,12,12,7,7,12,12,12,7,12,12,7,8,11,15,15,15,11,15,208,Goalie
3321,1,83,Honza Havran,CAR,G,13,13,10,9,15,14,15,8,13,15,8,8,14,15,15,15,12,15,425,Goalie
3481,1,83,Clortus Skeertech,CAR,G,10,9,9,6,6,7,7,7,7,7,6,8,15,15,15,15,15,15,160,Goalie
3697,1,83,Joe McPadstack,CAR,G,12,12,8,9,13,12,13,9,13,13,9,8,10,15,15,15,9,15,239,Goalie
3421,1,83,Campanella and Giovanni,NBB,G,13,13,6,8,14,12,12,8,12,12,10,7,11,15,15,15,12,15,267,Goalie
3894,1,83,Claude L'Castor,NBB,G,13,13,6,6,15,15,15,5,13,15,5,8,14,15,15,15,13,15,425,Goalie
68,1,83,Tyler Cannon,QCC,G,10,10,8,10,10,10,10,8,9,9,14,8,10,15,15,15,10,15,155,Goalie
625,1,83,Kevin Newman,QCC,G,11,11,9,10,11,11,11,5,11,11,8,8,9,15,15,15,11,15,155,Goalie
1246,1,83,Unstopab Owl,QCC,G,12,12,7,7,12,11,12,7,12,12,7,8,11,15,15,15,11,15,200,Goalie
1384,1,83,Skating Dino,QCC,G,13,13,6,10,13,13,13,7,13,13,10,8,10,15,15,15,10,15,271,Goalie
2498,1,83,Charlie van Keyzer,QCC,G,10,13,8,8,14,9,8,7,11,14,6,8,9,15,15,15,9,15,186,Goalie
3094,1,83,Puck Norris,QCC,G,10,10,7,5,14,12,14,5,10,13,8,8,12,15,15,15,11,15,229,Goalie
3639,1,83,Lurtz Makoare,QCC,G,13,13,7,10,13,14,14,7,13,14,7,8,13,15,15,15,13,15,350,Goalie
1300,1,83,Gumba Overdoo,TBW,G,12,12,7,7,12,11,12,7,12,12,7,8,11,15,15,15,11,15,200,Goalie
1535,1,83,Andre Santiago,TBW,G,11,11,7,9,13,9,9,6,11,13,5,8,11,15,15,15,9,15,155,Goalie
3111,1,83,K.J Daniels,TBW,G,14,14,10,11,16,13,15,11,13,13,10,8,11,15,15,15,11,15,425,Goalie
4047,1,83,Jose Brodeur,TBW,G,15,15,5,11,15,15,15,5,14,13,5,8,5,15,15,15,5,15,405,Goalie
1254,1,83,Andrew Kiehl,GFG,G,10,15,8,10,9,6,7,7,10,8,6,8,12,15,15,15,11,15,155,Goalie
1553,1,83,C.J. Sparks,GFG,G,12,12,7,7,13,11,11,5,9,10,5,8,10,15,15,15,10,15,155,Goalie
3159,1,83,Tyler Bodega,GFG,G,14,14,7,10,14,14,14,5,14,15,8,8,13,15,15,15,13,15,425,Goalie
3886,1,83,Matti Brynjarsson,GFG,G,13,13,6,6,15,15,15,5,14,15,5,8,13,15,15,15,13,15,425,Goalie
3246,1,83,Peter WU,OTT,G,9,11,10,10,13,10,9,10,10,11,8,8,8,15,15,15,11,15,155,Goalie
3442,1,83,Haddie Minch,OTT,G,13,13,5,5,15,14,14,6,13,15,9,8,10,15,15,15,7,15,334,Goalie
4068,1,83,Victor Bjork-Pejlikka,OTT,G,14,14,7,7,15,14,14,7,14,14,10,8,13,15,15,15,13,15,425,Goalie
3906,1,83,Cauliflower Pizza,SDT,G,13,13,5,5,16,15,15,5,13,15,5,8,12,15,15,15,13,15,425,Goalie
4056,1,83,Nicholas Scalice,SDT,G,12,13,10,9,12,10,12,9,12,11,10,8,10,15,15,15,11,15,216,Goalie
876,1,84,ANC EBUG,ANC,G,15,12,7,7,12,12,12,7,12,12,7,8,11,15,15,16,11,15,246,Goalie
3287,1,84,Petrov Semenov,ANC,G,12,11,5,5,13,11,11,5,12,13,5,8,13,15,15,15,12,15,216,Goalie
3697,1,84,Joe McPadstack,ANC,G,12,12,8,9,13,12,13,9,13,13,9,8,10,15,15,15,9,15,239,Goalie
772,1,84,Loic Therien,KEL,G,8,8,8,8,5,8,10,5,5,15,5,8,5,15,15,15,15,15,155,Goalie
2637,1,84,KEL EBUG,KEL,G,12,12,7,7,12,11,12,7,12,12,7,8,11,15,15,15,11,15,200,Goalie
3417,1,84,Yuri Satoshi,KEL,G,13,13,10,12,15,13,13,12,13,15,7,8,13,15,15,15,14,15,424,Goalie
3511,1,84,Theo Seber,KEL,G,10,13,10,10,10,10,11,11,11,11,10,8,10,15,15,15,12,15,197,Goalie
660,1,84,Liam Bell,MET,G,11,11,11,11,11,11,11,11,11,5,5,8,5,15,15,15,10,15,155,Goalie
958,1,84,Walrus Walrus,MET,G,11,11,5,5,12,11,11,11,11,11,6,8,7,15,15,15,11,15,155,Goalie
1186,1,84,Scottey Crawfling,MET,G,12,12,7,7,12,11,12,7,12,12,7,8,11,15,15,15,11,15,200,Goalie
1560,1,84,Brent Turnerson,MET,G,14,14,10,12,16,13,13,11,13,14,10,8,10,15,15,15,12,15,421,Goalie
3105,1,84,Travis Coates,MET,G,12,15,6,9,16,15,13,7,13,14,9,8,13,15,15,15,13,15,425,Goalie
3296,1,84,George Dankse,MET,G,13,14,11,13,14,13,14,11,12,13,11,8,11,15,15,15,13,15,389,Goalie
956,1,84,Mertin Broduer,VAN,G,12,12,8,8,12,10,10,10,12,12,8,8,9,15,15,15,9,15,177,Goalie
4069,1,84,Tyler Yakimo,VAN,G,12,12,9,9,14,11,11,9,10,13,10,8,13,15,15,15,10,15,242,Goalie
4309,1,84,Zaheer Zilliams,VAN,G,10,11,6,6,12,12,12,6,10,12,6,8,10,15,15,15,10,15,160,Goalie
627,1,84,Tim Allen Jr.,NL,G,9,9,8,8,13,12,13,8,10,13,9,8,12,15,15,15,8,15,189,Goalie
1313,1,84,MUNK LUCK,NL,G,12,12,7,7,12,11,12,7,12,12,7,8,11,15,15,15,11,15,200,Goalie
3442,1,84,Haddie Minch,NL,G,14,14,7,7,15,14,14,7,13,15,10,8,13,15,15,15,13,15,425,Goalie
3669,1,84,Maverick,NL,G,12,9,10,11,10,11,10,10,12,10,10,8,10,15,15,15,13,15,195,Goalie
4041,1,84,Cj Foley,YUM,G,10,10,10,10,11,10,11,13,11,13,10,8,15,15,15,15,16,15,327,Goalie
4070,1,84,Mr. Electric,YUM,G,9,9,8,5,7,7,12,12,12,10,8,8,12,15,15,15,12,15,155,Goalie
1932,1,84,Jokull Magnusson,COL,G,9,10,5,5,13,13,13,5,9,12,5,8,9,15,15,15,10,15,160,Goalie
2914,1,84,Mrkicksave41,COL,G,16,16,7,9,12,9,11,7,7,12,9,8,11,15,15,15,12,15,302,Goalie
3481,1,84,Clortus Skeertech,COL,G,11,11,11,9,12,10,10,9,9,10,7,8,15,15,15,15,15,15,249,Goalie
2354,1,84,Det EBUG,DET,G,12,12,7,7,12,11,12,7,12,12,7,8,11,15,15,15,11,15,200,Goalie
2713,1,84,Andrei Vasilevskiy,DET,G,11,10,5,5,15,7,6,5,9,15,5,8,6,15,15,15,7,15,163,Goalie
3006,1,84,Theo Dahl,DET,G,13,13,8,5,16,16,15,5,10,11,9,8,10,15,15,15,10,15,359,Goalie
731,1,84,Jack Lewis,STL,G,11,11,10,9,12,11,12,11,12,12,7,8,8,15,15,15,11,15,199,Goalie
756,1,84,Jesse Hellanude,STL,G,5,5,5,5,18,5,5,5,5,5,5,8,6,15,15,16,7,15,155,Goalie
2283,1,84,Vatali Yermakov,STL,G,9,9,5,8,5,5,14,5,9,14,8,8,10,15,15,15,12,15,155,Goalie
2894,1,84,angel anne kowalczyk,STL,G,10,11,9,5,15,10,15,9,11,11,10,8,15,15,15,15,15,15,341,Goalie
3438,1,84,Teemu Jarvinen,STL,G,13,13,5,5,15,14,13,5,13,15,13,8,14,15,15,15,14,15,425,Goalie
955,1,84,CAR EBUG,CAR,G,12,12,7,7,12,12,12,7,12,12,7,8,11,15,15,15,11,15,208,Goalie
3119,1,84,Jonny Hockey,CAR,G,13,14,6,5,15,15,15,6,14,15,6,8,13,15,15,15,11,15,425,Goalie
3497,1,84,Colton,CAR,G,12,13,9,5,14,13,13,5,12,13,5,8,13,15,15,15,11,15,277,Goalie
2635,1,84,Buggy D. Backup,NBB,G,11,14,12,11,13,12,12,10,12,11,11,8,11,15,15,15,7,15,268,Goalie
3421,1,84,Campanella and Giovanni,NBB,G,14,15,8,8,14,13,13,8,12,13,10,8,12,15,15,15,12,15,347,Goalie
68,1,84,Tyler Cannon,QCC,G,10,10,8,10,10,10,10,8,9,9,14,8,10,15,15,15,10,15,155,Goalie
625,1,84,Kevin Newman,QCC,G,11,11,9,10,11,11,11,5,11,11,8,8,9,15,15,15,11,15,155,Goalie
1246,1,84,Unstopab Owl,QCC,G,12,12,7,7,12,11,12,7,12,12,7,8,11,15,15,15,11,15,200,Goalie
1384,1,84,Skating Dino,QCC,G,13,13,6,10,13,13,13,7,13,13,10,8,10,15,15,15,10,15,271,Goalie
2498,1,84,Charlie van Keyzer,QCC,G,10,13,8,8,14,9,8,7,11,14,6,8,9,15,15,15,9,15,186,Goalie
3094,1,84,Puck Norris,QCC,G,12,12,7,5,15,15,14,5,10,13,8,8,14,15,15,15,11,15,331,Goalie
3639,1,84,Lurtz Makoare,QCC,G,13,13,7,10,15,15,15,7,13,15,7,8,13,15,15,15,13,15,425,Goalie
1300,1,84,Gumba Overdoo,TBW,G,12,12,7,7,12,11,12,7,12,12,7,8,11,15,15,15,11,15,200,Goalie
1535,1,84,Andre Santiago,TBW,G,11,11,7,9,13,9,9,6,11,13,5,8,11,15,15,15,9,15,155,Goalie
3111,1,84,K.J Daniels,TBW,G,14,14,10,11,16,13,15,11,13,13,10,8,11,15,15,15,11,15,425,Goalie
4047,1,84,Jose Brodeur,TBW,G,15,15,8,11,15,15,15,5,15,13,5,8,6,15,15,15,5,15,425,Goalie
1254,1,84,Andrew Kiehl,GFG,G,10,15,8,10,9,6,7,7,10,8,6,8,12,15,15,15,11,15,155,Goalie
1553,1,84,C.J. Sparks,GFG,G,12,12,7,7,13,11,11,5,9,10,5,8,10,15,15,15,10,15,155,Goalie
3159,1,84,Tyler Bodega,GFG,G,14,14,7,10,14,14,14,5,14,15,8,8,13,15,15,15,13,15,425,Goalie
3433,1,84,Ouri,GFG,G,11,11,6,5,12,13,11,7,11,11,14,8,10,15,15,15,10,15,208,Goalie
3246,1,84,Peter WU,OTT,G,9,11,10,10,13,10,9,10,10,11,8,8,8,15,15,15,11,15,155,Goalie
3369,1,84,Andrew Drewski,OTT,G,11,11,8,8,13,12,12,6,13,14,6,8,12,15,15,15,10,15,236,Goalie
4068,1,84,Victor Bjork-Pejlikka,OTT,G,14,14,7,7,15,14,14,7,14,14,10,8,13,15,15,15,13,15,425,Goalie
2736,1,84,Robert Krohn,SDT,G,13,12,9,9,10,13,11,9,7,9,12,8,13,15,15,15,11,15,213,Goalie
4056,1,84,Nicholas Scalice,SDT,G,12,13,10,9,12,10,12,9,12,11,10,8,10,15,15,15,11,15,216,Goalie
876,1,85,ANC EBUG,ANC,G,15,12,7,7,12,12,12,7,12,12,7,8,11,15,15,16,11,15,246,Goalie
3287,1,85,Petrov Semenov,ANC,G,13,12,5,9,14,11,12,5,12,13,5,8,13,15,15,15,12,15,261,Goalie
3716,1,85,Dominik Turek,ANC,G,11,11,8,7,13,11,11,8,11,13,7,8,14,15,15,15,13,15,235,Goalie
772,1,85,Loic Therien,KEL,G,8,8,8,8,5,8,10,5,5,15,5,8,5,15,15,15,15,15,155,Goalie
2637,1,85,KEL EBUG,KEL,G,12,12,7,7,12,11,12,7,12,12,7,8,11,15,15,15,11,15,200,Goalie
3378,1,85,Lord Humongous,KEL,G,11,11,5,5,15,12,13,5,11,15,5,8,13,15,15,15,11,15,276,Goalie
3511,1,85,Theo Seber,KEL,G,12,13,11,11,11,11,11,11,11,11,11,8,13,15,15,15,12,15,256,Goalie
660,1,85,Liam Bell,MET,G,11,11,11,11,11,11,11,11,11,5,5,8,5,15,15,15,10,15,155,Goalie
958,1,85,Walrus Walrus,MET,G,11,11,5,5,12,11,11,11,11,11,6,8,7,15,15,15,11,15,155,Goalie
1186,1,85,Scottey Crawfling,MET,G,12,12,7,7,12,11,12,7,12,12,7,8,11,15,15,15,11,15,200,Goalie
1560,1,85,Brent Turnerson,MET,G,14,14,10,12,16,13,13,11,13,14,10,8,10,15,15,15,12,15,421,Goalie
2967,1,85,Svatoslav Cech,MET,G,10,10,5,5,13,13,13,5,10,13,5,8,10,15,15,15,11,15,188,Goalie
4007,1,85,Eckenrode,MET,G,11,11,11,13,13,14,14,12,14,15,13,8,13,13,12,11,15,13,465,Goalie
956,1,85,Mertin Broduer,VAN,G,12,12,8,8,12,10,10,10,12,12,8,8,9,15,15,15,9,15,177,Goalie
3669,1,85,Maverick,VAN,G,12,9,10,11,10,11,10,10,12,10,10,8,10,15,15,15,13,15,195,Goalie
3758,1,85,Kellan Chamberlain,VAN,G,8,9,6,7,12,10,12,6,9,12,6,8,13,9,15,15,12,15,160,Goalie
3916,1,85,Niklas Lundberg,VAN,G,11,11,7,8,11,12,12,7,10,10,7,8,11,15,15,15,11,15,160,Goalie
4214,1,85,Blue Goonpesaldo,VAN,G,12,12,7,7,12,11,12,7,12,12,7,8,11,15,15,15,11,15,200,Goalie
627,1,85,Tim Allen Jr.,NL,G,9,9,8,8,13,12,13,8,10,13,9,8,12,15,15,15,8,15,189,Goalie
1313,1,85,MUNK LUCK,NL,G,12,12,7,7,12,11,12,7,12,12,7,8,11,15,15,15,11,15,200,Goalie
3442,1,85,Haddie Minch,NL,G,14,14,7,7,15,14,14,7,13,15,10,8,13,15,15,15,13,15,425,Goalie
4309,1,85,Zaheer Zilliams,NL,G,12,13,6,6,15,13,14,6,12,13,6,8,11,15,15,15,11,15,289,Goalie
3141,1,85,Antoine Fuhringer,YUM,G,12,12,5,5,16,12,12,5,12,12,5,8,10,15,15,15,12,15,266,Goalie
4189,1,85,HFFO The Bald,YUM,G,12,12,7,7,12,11,12,7,12,12,7,8,11,15,15,15,11,15,200,Goalie
1932,1,85,Jokull Magnusson,COL,G,9,10,5,5,13,13,13,5,9,12,5,8,9,15,15,15,10,15,160,Goalie
3481,1,85,Clortus Skeertech,COL,G,13,13,12,12,13,11,10,9,11,11,7,8,15,15,15,15,15,15,335,Goalie
3639,1,85,Lurtz Makoare,COL,G,13,13,7,10,15,15,15,7,13,15,7,8,13,15,15,15,13,15,425,Goalie
2354,1,85,Det EBUG,DET,G,12,12,7,7,12,11,12,7,12,12,7,8,11,15,15,15,11,15,200,Goalie
2713,1,85,Andrei Vasilevskiy,DET,G,11,10,5,5,15,7,6,5,9,15,5,8,6,15,15,15,7,15,163,Goalie
3006,1,85,Theo Dahl,DET,G,14,14,9,5,16,16,15,5,12,11,9,8,10,15,15,15,10,15,404,Goalie
731,1,85,Jack Lewis,STL,G,11,11,10,9,12,11,12,11,12,12,7,8,8,15,15,15,11,15,199,Goalie
756,1,85,Jesse Hellanude,STL,G,5,5,5,5,18,5,5,5,5,5,5,8,6,15,15,16,7,15,155,Goalie
2283,1,85,Vatali Yermakov,STL,G,9,9,5,8,5,5,14,5,9,14,8,8,10,15,15,15,12,15,155,Goalie
2894,1,85,angel anne kowalczyk,STL,G,11,11,9,5,16,11,15,9,11,14,10,8,15,15,15,15,15,15,407,Goalie
4213,1,85,STL EBUG,STL,G,12,12,7,7,12,11,12,7,12,12,7,8,11,15,15,15,11,15,200,Goalie
955,1,85,Dr.SquidBUG,CAR,G,12,12,7,7,12,12,12,7,12,12,7,8,11,15,15,16,11,15,208,Goalie
3497,1,85,Colton,CAR,G,13,13,7,5,14,14,14,5,13,14,5,8,13,15,15,15,13,15,350,Goalie
3864,1,85,Galumphous Seal,CAR,G,12,12,8,9,10,10,10,10,10,11,8,8,10,15,15,15,10,15,155,Goalie
2635,1,85,Buggy D. Backup,NBB,G,13,13,13,13,13,13,13,11,13,13,11,8,12,15,15,15,9,15,350,Goalie
3421,1,85,Campanella and Giovanni,NBB,G,14,15,8,9,14,14,14,8,14,14,10,8,13,15,15,15,12,15,425,Goalie
1246,1,85,Unstopab Owl,QCC,G,12,12,7,7,12,11,12,7,12,12,7,8,11,15,15,15,11,15,200,Goalie
3094,1,85,Puck Norris,QCC,G,14,14,7,5,15,15,14,5,10,14,8,8,14,15,15,15,11,15,392,Goalie
4026,1,85,Dakota Glover Jr,QCC,G,10,11,10,7,10,11,12,10,8,10,11,8,10,15,15,15,10,15,155,Goalie
1300,1,85,Gumba Overdoo,TBW,G,12,12,7,7,12,11,12,7,12,12,7,8,11,15,15,15,11,15,200,Goalie
1535,1,85,Andre Santiago,TBW,G,11,11,7,9,13,9,9,6,11,13,5,8,11,15,15,15,9,15,155,Goalie
3176,1,85,Flooper Dooper,TBW,G,13,11,5,5,12,11,14,5,8,11,5,8,5,15,15,15,5,15,155,Goalie
3535,1,85,Plaidmaxx,TBW,G,10,15,9,10,9,8,9,9,9,10,8,8,10,15,15,15,10,15,155,Goalie
3697,1,85,Joe McPadstack,TBW,G,12,12,8,9,13,12,13,9,13,13,9,8,10,15,15,15,9,15,239,Goalie
1254,1,85,Andrew Kiehl,GFG,G,10,15,8,10,9,6,7,7,10,8,6,8,12,15,15,15,11,15,155,Goalie
1553,1,85,C.J. Sparks,GFG,G,12,12,7,7,13,11,11,5,9,10,5,8,10,15,15,15,10,15,155,Goalie
3069,1,85,Phil Nasty,GFG,G,12,13,9,9,12,12,11,9,12,11,8,8,12,15,15,15,9,15,212,Goalie
3785,1,85,Back Up,GFG,G,12,12,7,7,12,11,12,7,12,12,7,8,11,15,15,15,11,15,200,Goalie
3246,1,85,Peter WU,OTT,G,9,11,10,10,13,10,9,10,10,11,8,8,8,15,15,15,11,15,155,Goalie
3595,1,85,Viktor von Stauffenberg,OTT,G,13,13,7,7,13,13,13,7,12,13,10,8,11,15,15,15,11,15,265,Goalie
3825,1,85,Abigail Goetze,OTT,G,10,10,5,5,13,11,11,5,10,13,5,8,10,15,15,15,11,15,156,Goalie
4123,1,85,EWrehkz,OTT,G,12,12,7,7,12,11,12,7,12,12,7,8,11,15,15,15,11,15,200,Goalie
2736,1,85,Robert Krohn,SDT,G,15,13,11,9,11,13,11,9,9,10,13,8,13,15,15,15,11,15,283,Goalie
3316,1,85,Bazooka Joe,SDT,G,13,13,7,7,14,14,12,8,10,12,8,8,11,15,15,15,11,15,261,Goalie
876,1,86,ANC EBUG,ANC,G,15,12,7,7,12,12,12,7,12,12,7,8,11,15,15,15,11,15,246,Goalie
3287,1,86,Petrov Semenov,ANC,G,13,12,5,9,14,11,12,5,12,13,5,8,13,15,15,15,12,15,261,Goalie
3716,1,86,Dominik Turek,ANC,G,11,11,8,8,14,13,14,8,11,15,7,8,15,15,15,15,13,15,344,Goalie
772,1,86,Loic Therien,KEL,G,8,8,8,8,5,8,10,5,5,15,5,8,5,15,15,15,15,15,155,Goalie
2637,1,86,KEL EBUG,KEL,G,12,12,7,7,12,11,12,7,12,12,7,8,11,15,15,15,11,15,200,Goalie
3378,1,86,Lord Humongous,KEL,G,14,14,7,5,16,14,13,5,10,13,7,8,13,15,15,15,10,15,350,Goalie
3511,1,86,Theo Seber,KEL,G,13,13,11,11,11,11,11,12,12,12,11,8,13,15,15,15,13,15,296,Goalie
660,1,86,Liam Bell,MET,G,11,11,11,11,11,11,11,11,11,5,5,8,5,15,15,15,10,15,155,Goalie
958,1,86,Walrus Walrus,MET,G,11,11,5,5,12,11,11,11,11,11,6,8,7,15,15,15,11,15,155,Goalie
1186,1,86,Scottey Crawfling,MET,G,12,12,7,7,12,11,12,7,12,12,7,8,11,15,15,15,11,15,200,Goalie
1560,1,86,Brent Turnerson,MET,G,14,14,10,12,16,13,13,11,13,14,10,8,10,15,15,15,12,15,421,Goalie
2967,1,86,Svatoslav Cech,MET,G,10,10,5,5,13,13,13,5,10,13,5,8,10,15,15,15,11,15,188,Goalie
3646,1,86,Sulley Hextall,MET,G,10,10,5,5,10,10,13,5,10,12,8,8,12,15,15,15,11,15,155,Goalie
3658,1,86,Dalinar Kholin,MET,G,11,11,10,8,12,11,13,11,11,14,8,8,10,15,15,15,11,15,229,Goalie
956,1,86,Mertin Broduer,VAN,G,12,12,8,8,12,10,10,10,12,12,8,8,9,15,15,15,9,15,177,Goalie
2923,1,86,Mark Michaels,VAN,G,11,11,5,5,11,11,11,5,11,11,11,8,11,15,15,15,10,15,155,Goalie
3916,1,86,Niklas Lundberg,VAN,G,11,11,7,8,15,13,13,7,11,14,7,8,13,15,15,15,12,15,287,Goalie
4031,1,86,Christian St.Pierre,VAN,G,9,9,8,9,15,10,10,7,12,11,10,8,11,15,15,15,13,15,207,Goalie
627,1,86,Tim Allen Jr.,NL,G,9,9,8,8,13,12,13,8,10,13,9,8,12,15,15,15,8,15,189,Goalie
1313,1,86,MUNK LUCK,NL,G,12,12,7,7,12,11,12,7,12,12,7,8,11,15,15,15,11,15,200,Goalie
4026,1,86,Dakota Glover Jr,NL,G,11,11,11,8,11,11,12,10,9,11,11,8,11,15,15,15,11,15,189,Goalie
4309,1,86,Zaheer Zilliams,NL,G,13,13,5,6,15,14,14,6,13,14,6,8,12,15,15,15,12,15,350,Goalie
3141,1,86,Antoine Fuhringer,YUM,G,13,13,5,5,17,13,13,5,13,13,5,8,10,15,15,15,13,15,347,Goalie
4007,1,86,Hanna Soderberg-Motyla,YUM,G,13,13,9,11,14,11,12,9,11,13,9,8,12,15,15,15,11,15,273,Goalie
1932,1,86,Jokull Magnusson,COL,G,9,10,5,5,13,13,13,5,9,12,5,8,9,15,15,15,10,15,160,Goalie
2900,1,86,Jayden McMorris,COL,G,12,13,8,10,14,11,11,8,12,11,7,8,10,15,15,15,10,15,218,Goalie
3825,1,86,Abigail Goetze,COL,G,11,12,5,5,15,12,12,5,11,15,5,8,12,15,15,15,12,15,276,Goalie
2354,1,86,Det EBUG,DET,G,12,12,7,7,12,11,12,7,12,12,7,8,11,15,15,15,11,15,200,Goalie
2713,1,86,Andrei Vasilevskiy,DET,G,11,10,5,5,15,7,6,5,9,15,5,8,6,15,15,15,7,15,163,Goalie
3510,1,86,Dexter Harrison III,DET,G,11,11,5,5,15,10,15,5,11,11,5,8,11,15,15,15,11,15,231,Goalie
3878,1,86,Evgeniy Toshich,DET,G,12,11,7,7,13,10,14,8,11,14,5,8,7,15,15,15,9,15,209,Goalie
731,1,86,Jack Lewis,STL,G,11,11,10,9,12,11,12,11,12,12,7,8,8,15,15,15,11,15,199,Goalie
756,1,86,Jesse Hellanude,STL,G,5,5,5,5,18,5,5,5,5,5,5,8,6,15,15,16,7,15,155,Goalie
2283,1,86,Vatali Yermakov,STL,G,9,9,5,8,5,5,14,5,9,14,8,8,10,15,15,15,12,15,155,Goalie
2894,1,86,angel anne kowalczyk,STL,G,11,11,9,5,16,11,15,9,11,14,10,8,15,15,15,15,15,15,407,Goalie
3318,1,86,Kevin Broadway,STL,G,12,13,5,5,13,12,13,5,12,12,5,8,14,15,15,15,12,15,263,Goalie
955,1,86,Dr.SquidBUG,CAR,G,12,12,7,7,12,12,12,7,12,12,7,8,11,15,15,16,11,15,208,Goalie
3497,1,86,Colton,CAR,G,14,14,7,5,15,14,14,5,14,14,5,8,14,15,15,15,13,15,425,Goalie
4023,1,86,Cedric Robinson Jr.,CAR,G,11,11,8,8,14,12,10,8,10,10,9,8,9,15,15,15,5,15,160,Goalie
2635,1,86,Buggy D. Backup,NBB,G,13,13,13,13,14,14,14,11,14,14,11,8,12,15,15,15,9,15,425,Goalie
3421,1,86,Campanella and Giovanni,NBB,G,14,15,8,9,14,14,14,8,14,14,10,8,13,15,15,15,12,15,425,Goalie
3094,1,86,Puck Norris,QCC,G,15,15,7,5,15,15,14,5,10,14,8,8,14,15,15,15,11,15,422,Goalie
3363,1,86,Remy Lebeau,QCC,G,14,13,8,5,11,11,12,9,13,12,7,8,11,15,15,15,11,15,235,Goalie
1300,1,86,Gumba Overdoo,TBW,G,12,12,7,7,12,11,12,7,12,12,7,8,11,15,15,15,11,15,200,Goalie
1535,1,86,Andre Santiago,TBW,G,11,11,7,9,13,9,9,6,11,13,5,8,11,15,15,15,9,15,155,Goalie
3464,1,86,Yung P. Ush,TBW,G,12,12,5,5,14,13,13,5,12,13,6,8,10,15,15,15,13,15,259,Goalie
3961,1,86,Montgomery Scholz,TBW,G,12,13,5,5,15,13,13,5,13,13,5,8,12,15,15,15,11,15,286,Goalie
1254,1,86,Andrew Kiehl,GFG,G,10,15,8,10,9,6,7,7,10,8,6,8,12,15,15,15,11,15,155,Goalie
1553,1,86,C.J. Sparks,GFG,G,12,12,7,7,13,11,11,5,9,10,5,8,10,15,15,15,10,15,155,Goalie
3758,1,86,Kellan Chamberlain,GFG,G,12,12,6,8,14,11,13,7,12,14,7,8,13,15,15,15,13,15,287,Goalie
4453,1,86,Samthemancub,GFG,G,12,12,10,12,12,12,12,9,11,12,6,8,11,15,15,15,10,15,229,Goalie
3246,1,86,Peter WU,OTT,G,9,11,10,10,13,10,9,10,10,11,8,8,8,15,15,15,11,15,155,Goalie
3595,1,86,Viktor von Stauffenberg,OTT,G,13,13,7,7,14,14,13,7,13,14,10,8,13,15,15,15,13,15,350,Goalie
3864,1,86,Galumphous Seal,OTT,G,13,13,8,9,11,13,12,10,10,13,9,8,11,15,15,15,12,15,246,Goalie
2736,1,86,Robert Krohn,SDT,G,15,13,11,11,13,13,11,11,11,12,13,8,13,15,15,15,11,15,342,Goalie
3316,1,86,Bazooka Joe,SDT,G,14,14,7,5,15,15,13,5,10,13,8,8,13,15,15,15,11,15,347,Goalie
876,1,87,ANC EBUG,ANC,G,15,12,7,7,12,12,12,7,12,12,7,8,11,15,15,15,11,15,246,Goalie
3716,1,87,Dominik Turek,ANC,G,12,12,8,8,14,13,15,8,12,15,8,8,16,15,15,15,13,15,410,Goalie
4338,1,87,Player,ANC,G,13,11,5,5,13,11,11,5,11,15,7,8,12,15,15,15,10,15,227,Goalie
772,1,87,Loic Therien,KEL,G,8,8,8,8,5,8,10,5,5,15,5,8,5,15,15,15,15,15,155,Goalie
3378,1,87,Lord Humongous,KEL,G,14,14,7,6,16,14,14,5,11,15,9,8,14,15,15,15,11,15,425,Goalie
3511,1,87,Theo Seber,KEL,G,13,13,12,11,11,11,11,12,12,13,12,8,13,15,15,15,13,15,320,Goalie
3837,1,87,Brick Wahll,KEL,G,12,13,10,10,12,9,10,10,11,11,9,8,10,15,15,15,10,15,190,Goalie
660,1,87,Liam Bell,MET,G,11,11,11,11,11,11,11,11,11,5,5,8,5,15,15,15,10,15,155,Goalie
958,1,87,Walrus Walrus,MET,G,11,11,5,5,12,11,11,11,11,11,6,8,7,15,15,15,11,15,155,Goalie
1186,1,87,Scottey Crawfling,MET,G,12,12,7,7,12,11,12,7,12,12,7,8,11,15,15,15,11,15,200,Goalie
1560,1,87,Brent Turnerson,MET,G,14,14,10,12,16,13,13,11,13,14,10,8,10,15,15,15,12,15,421,Goalie
2967,1,87,Svatoslav Cech,MET,G,10,10,5,5,13,13,13,5,10,13,5,8,10,15,15,15,11,15,188,Goalie
3658,1,87,Dalinar Kholin,MET,G,13,13,10,8,13,13,13,11,12,16,5,8,12,15,15,15,12,15,350,Goalie
4600,1,87,Patty Stops,MET,G,11,11,10,8,15,12,12,10,10,13,8,8,10,15,15,15,12,15,250,Goalie
956,1,87,Mertin Broduer,VAN,G,12,12,8,8,12,10,10,10,12,12,8,8,9,15,15,15,9,15,177,Goalie
3916,1,87,Niklas Lundberg,VAN,G,12,12,7,9,15,14,14,7,11,14,7,8,14,15,15,15,12,15,350,Goalie
4031,1,87,Christian St.Pierre,VAN,G,9,9,8,9,15,10,10,7,12,11,10,8,11,15,15,15,13,15,207,Goalie
627,1,87,Tim Allen Jr.,NL,G,9,9,8,8,13,12,13,8,10,13,9,8,12,15,15,15,8,15,189,Goalie
1313,1,87,MUNK LUCK,NL,G,12,12,7,7,12,11,12,7,12,12,7,8,11,15,15,15,11,15,200,Goalie
4026,1,87,Dakota Glover Jr,NL,G,12,12,12,8,12,12,12,10,9,11,11,8,11,15,15,15,11,15,229,Goalie
4309,1,87,Zaheer Zilliams,NL,G,13,14,7,7,16,14,15,6,13,14,7,8,13,15,15,15,13,15,425,Goalie
3141,1,87,Antoine Fuhringer,YUM,G,14,14,6,7,17,14,14,5,14,13,5,8,10,15,15,15,13,15,425,Goalie
3274,1,87,Klaf Oolzig,YUM,G,10,10,7,8,14,13,11,7,13,14,8,8,10,15,15,15,12,15,243,Goalie
4007,1,87,Hanna Soderberg-Motyla,YUM,G,13,13,9,11,14,11,12,9,11,13,9,8,12,15,15,15,11,15,273,Goalie
1932,1,87,Jokull Magnusson,COL,G,9,10,5,5,13,13,13,5,9,12,5,8,9,15,15,15,10,15,160,Goalie
2923,1,87,Mark Michaels,COL,G,11,11,5,5,15,13,13,5,11,12,11,8,11,15,15,15,10,15,241,Goalie
3825,1,87,Abigail Goetze,COL,G,13,13,5,5,15,13,13,5,12,15,5,8,13,15,15,15,13,15,340,Goalie
2354,1,87,Det EBUG,DET,G,12,12,7,7,12,11,12,7,12,12,7,8,11,15,15,15,11,15,200,Goalie
2713,1,87,Andrei Vasilevskiy,DET,G,11,10,5,5,15,7,6,5,9,15,5,8,6,15,15,15,7,15,163,Goalie
3510,1,87,Dexter Harrison III,DET,G,11,11,5,5,16,11,15,5,11,15,5,8,11,15,15,15,11,15,307,Goalie
4639,1,87,Evgeniy Toshich,DET,G,12,13,9,9,13,10,14,9,11,14,7,8,10,15,15,15,12,15,264,Goalie
731,1,87,Jack Lewis,STL,G,11,11,10,9,12,11,12,11,12,12,7,8,8,15,15,15,11,15,199,Goalie
756,1,87,Jesse Hellanude,STL,G,5,5,5,5,18,5,5,5,5,5,5,8,6,15,15,16,7,15,155,Goalie
2283,1,87,Vatali Yermakov,STL,G,9,9,5,8,5,5,14,5,9,14,8,8,10,15,15,15,12,15,155,Goalie
3318,1,87,Kevin Broadway,STL,G,13,13,5,5,13,13,14,5,13,13,7,8,15,15,15,15,14,15,350,Goalie
4691,1,87,Brabo De Wever,STL,G,11,11,7,8,12,11,12,8,10,14,8,8,10,15,15,15,10,15,190,Goalie
3497,1,87,Colton,CAR,G,14,14,7,5,15,14,14,5,14,15,5,8,14,15,15,15,11,15,424,Goalie
4023,1,87,Cedric Robinson Jr.,CAR,G,11,11,9,10,14,12,14,8,11,11,11,8,9,15,15,15,5,15,225,Goalie
2635,1,87,Buggy D. Backup,NBB,G,13,13,10,8,15,15,15,11,13,15,7,8,12,15,15,15,12,15,425,Goalie
3950,1,87,Otter Nonsense,NBB,G,10,11,5,5,15,11,12,5,10,14,5,8,13,15,15,15,12,15,243,Goalie
3363,1,87,Remy Lebeau,QCC,G,15,13,8,5,14,12,12,9,13,13,7,8,11,15,15,15,11,15,297,Goalie
3691,1,87,Julie Kim,QCC,G,12,13,9,10,12,11,12,9,12,11,9,8,10,15,15,15,9,15,206,Goalie
1300,1,87,Gumba Overdoo,TBW,G,12,12,7,7,12,11,12,7,12,12,7,8,11,15,15,15,11,15,200,Goalie
1535,1,87,Andre Santiago,TBW,G,11,11,7,9,13,9,9,6,11,13,5,8,11,15,15,15,9,15,155,Goalie
3464,1,87,Yung P. Ush,TBW,G,13,13,5,6,15,14,14,5,13,13,6,8,13,15,15,15,13,15,350,Goalie
3961,1,87,Montgomery Scholz,TBW,G,13,13,5,5,16,13,13,5,13,14,5,8,13,15,15,15,12,15,350,Goalie
1254,1,87,Andrew Kiehl,GFG,G,10,15,8,10,9,6,7,7,10,8,6,8,12,15,15,15,11,15,155,Goalie
1553,1,87,C.J. Sparks,GFG,G,12,12,7,7,13,11,11,5,9,10,5,8,10,15,15,15,10,15,155,Goalie
3108,1,87,Kevin Tsvetkov,GFG,G,11,11,8,10,13,10,10,8,10,10,9,8,10,15,15,15,10,15,155,Goalie
3758,1,87,Kellan Chamberlain,GFG,G,12,12,5,7,15,10,13,5,12,15,5,8,15,15,15,15,14,15,350,Goalie
4453,1,87,Samthemancub,GFG,G,13,12,10,12,12,12,12,11,11,12,7,8,12,15,15,15,13,15,277,Goalie
3246,1,87,Peter WU,OTT,G,9,11,10,10,13,10,9,10,10,11,8,8,8,15,15,15,11,15,155,Goalie
3595,1,87,Viktor von Stauffenberg,OTT,G,13,13,7,7,14,14,13,7,13,14,10,8,13,15,15,15,13,15,350,Goalie
3864,1,87,Galumphous Seal,OTT,G,14,14,9,9,13,14,13,10,11,14,10,8,11,15,15,15,12,15,342,Goalie
2736,1,87,Robert Krohn,SDT,G,15,14,5,5,15,15,11,5,11,12,7,8,13,15,15,15,13,15,355,Goalie
3316,1,87,Bazooka Joe,SDT,G,13,13,6,6,15,15,15,5,13,15,5,8,13,15,15,15,14,15,425,Goalie
876,1,87,ANC EBUG,ANC,G,15,12,7,7,12,12,12,7,12,12,7,8,11,15,15,15,11,15,246,Goalie
3716,1,87,Dominik Turek,ANC,G,12,12,8,8,14,13,15,8,12,15,8,8,16,15,15,15,13,15,410,Goalie
4338,1,87,Player,ANC,G,13,11,5,5,13,11,11,5,11,15,7,8,12,15,15,15,10,15,227,Goalie
772,1,87,Loic Therien,KEL,G,8,8,8,8,5,8,10,5,5,15,5,8,5,15,15,15,15,15,155,Goalie
3378,1,87,Lord Humongous,KEL,G,14,14,7,6,16,14,14,5,11,15,9,8,14,15,15,15,11,15,425,Goalie
3511,1,87,Theo Seber,KEL,G,13,13,12,11,11,11,11,12,12,13,12,8,13,15,15,15,13,15,320,Goalie
3837,1,87,Brick Wahll,KEL,G,12,13,10,10,12,9,10,10,11,11,9,8,10,15,15,15,10,15,190,Goalie
660,1,87,Liam Bell,MET,G,11,11,11,11,11,11,11,11,11,5,5,8,5,15,15,15,10,15,155,Goalie
958,1,87,Walrus Walrus,MET,G,11,11,5,5,12,11,11,11,11,11,6,8,7,15,15,15,11,15,155,Goalie
1186,1,87,Scottey Crawfling,MET,G,12,12,7,7,12,11,12,7,12,12,7,8,11,15,15,15,11,15,200,Goalie
1560,1,87,Brent Turnerson,MET,G,14,14,10,12,16,13,13,11,13,14,10,8,10,15,15,15,12,15,421,Goalie
2967,1,87,Svatoslav Cech,MET,G,10,10,5,5,13,13,13,5,10,13,5,8,10,15,15,15,11,15,188,Goalie
3658,1,87,Dalinar Kholin,MET,G,13,13,10,8,13,13,13,11,12,16,5,8,12,15,15,15,12,15,350,Goalie
4600,1,87,Patty Stops,MET,G,11,11,10,8,15,12,12,10,10,13,8,8,10,15,15,15,12,15,250,Goalie
956,1,87,Mertin Broduer,VAN,G,12,12,8,8,12,10,10,10,12,12,8,8,9,15,15,15,9,15,177,Goalie
3916,1,87,Niklas Lundberg,VAN,G,12,12,7,9,15,14,14,7,11,14,7,8,14,15,15,15,12,15,350,Goalie
4031,1,87,Christian St.Pierre,VAN,G,9,9,8,9,15,10,10,7,12,11,10,8,11,15,15,15,13,15,207,Goalie
627,1,87,Tim Allen Jr.,NL,G,9,9,8,8,13,12,13,8,10,13,9,8,12,15,15,15,8,15,189,Goalie
1313,1,87,MUNK LUCK,NL,G,12,12,7,7,12,11,12,7,12,12,7,8,11,15,15,15,11,15,200,Goalie
4026,1,87,Dakota Glover Jr,NL,G,12,12,12,8,12,12,12,10,9,11,11,8,11,15,15,15,11,15,229,Goalie
4309,1,87,Zaheer Zilliams,NL,G,13,14,7,7,16,14,15,6,13,14,7,8,13,15,15,15,13,15,425,Goalie
3141,1,87,Antoine Fuhringer,YUM,G,14,14,6,7,17,14,14,5,14,13,5,8,10,15,15,15,13,15,425,Goalie
3274,1,87,Klaf Oolzig,YUM,G,10,10,7,8,14,13,11,7,13,14,8,8,10,15,15,15,12,15,243,Goalie
4007,1,87,Hanna Soderberg-Motyla,YUM,G,13,13,9,11,14,11,12,9,11,13,9,8,12,15,15,15,11,15,273,Goalie
1932,1,87,Jokull Magnusson,COL,G,9,10,5,5,13,13,13,5,9,12,5,8,9,15,15,15,10,15,160,Goalie
2923,1,87,Mark Michaels,COL,G,11,11,5,5,15,13,13,5,11,12,11,8,11,15,15,15,10,15,241,Goalie
3825,1,87,Abigail Goetze,COL,G,13,13,5,5,15,13,13,5,12,15,5,8,13,15,15,15,13,15,340,Goalie
2354,1,87,Det EBUG,DET,G,12,12,7,7,12,11,12,7,12,12,7,8,11,15,15,15,11,15,200,Goalie
2713,1,87,Andrei Vasilevskiy,DET,G,11,10,5,5,15,7,6,5,9,15,5,8,6,15,15,15,7,15,163,Goalie
3510,1,87,Dexter Harrison III,DET,G,11,11,5,5,16,11,15,5,11,15,5,8,11,15,15,15,11,15,307,Goalie
4639,1,87,Evgeniy Toshich,DET,G,12,13,9,9,13,10,14,9,11,14,7,8,10,15,15,15,12,15,264,Goalie
731,1,87,Jack Lewis,STL,G,11,11,10,9,12,11,12,11,12,12,7,8,8,15,15,15,11,15,199,Goalie
756,1,87,Jesse Hellanude,STL,G,5,5,5,5,18,5,5,5,5,5,5,8,6,15,15,16,7,15,155,Goalie
2283,1,87,Vatali Yermakov,STL,G,9,9,5,8,5,5,14,5,9,14,8,8,10,15,15,15,12,15,155,Goalie
3318,1,87,Kevin Broadway,STL,G,13,13,5,5,13,13,14,5,13,13,7,8,15,15,15,15,14,15,350,Goalie
4691,1,87,Brabo De Wever,STL,G,11,11,7,8,12,11,12,8,10,14,8,8,10,15,15,15,10,15,190,Goalie
3497,1,87,Colton,CAR,G,14,14,7,5,15,14,14,5,14,15,5,8,14,15,15,15,11,15,424,Goalie
4023,1,87,Cedric Robinson Jr.,CAR,G,11,11,9,10,14,12,14,8,11,11,11,8,9,15,15,15,5,15,225,Goalie
2635,1,87,Buggy D. Backup,NBB,G,13,13,10,8,15,15,15,11,13,15,7,8,12,15,15,15,12,15,425,Goalie
3950,1,87,Otter Nonsense,NBB,G,10,11,5,5,15,11,12,5,10,14,5,8,13,15,15,15,12,15,243,Goalie
3363,1,87,Remy Lebeau,QCC,G,15,13,8,5,14,12,12,9,13,13,7,8,11,15,15,15,11,15,297,Goalie
3691,1,87,Julie Kim,QCC,G,12,13,9,10,12,11,12,9,12,11,9,8,10,15,15,15,9,15,206,Goalie
1300,1,87,Gumba Overdoo,TBW,G,12,12,7,7,12,11,12,7,12,12,7,8,11,15,15,15,11,15,200,Goalie
1535,1,87,Andre Santiago,TBW,G,11,11,7,9,13,9,9,6,11,13,5,8,11,15,15,15,9,15,155,Goalie
3464,1,87,Yung P. Ush,TBW,G,13,13,5,6,15,14,14,5,13,13,6,8,13,15,15,15,13,15,350,Goalie
3961,1,87,Montgomery Scholz,TBW,G,13,13,5,5,16,13,13,5,13,14,5,8,13,15,15,15,12,15,350,Goalie
1254,1,87,Andrew Kiehl,GFG,G,10,15,8,10,9,6,7,7,10,8,6,8,12,15,15,15,11,15,155,Goalie
1553,1,87,C.J. Sparks,GFG,G,12,12,7,7,13,11,11,5,9,10,5,8,10,15,15,15,10,15,155,Goalie
3108,1,87,Kevin Tsvetkov,GFG,G,11,11,8,10,13,10,10,8,10,10,9,8,10,15,15,15,10,15,155,Goalie
3758,1,87,Kellan Chamberlain,GFG,G,12,12,5,7,15,10,13,5,12,15,5,8,15,15,15,15,14,15,350,Goalie
4453,1,87,Samthemancub,GFG,G,13,12,10,12,12,12,12,11,11,12,7,8,12,15,15,15,13,15,277,Goalie
3246,1,87,Peter WU,OTT,G,9,11,10,10,13,10,9,10,10,11,8,8,8,15,15,15,11,15,155,Goalie
3595,1,87,Viktor von Stauffenberg,OTT,G,13,13,7,7,14,14,13,7,13,14,10,8,13,15,15,15,13,15,350,Goalie
3864,1,87,Galumphous Seal,OTT,G,14,14,9,9,13,14,13,10,11,14,10,8,11,15,15,15,12,15,342,Goalie
2736,1,87,Robert Krohn,SDT,G,15,14,5,5,15,15,11,5,11,12,7,8,13,15,15,15,13,15,355,Goalie
3316,1,87,Bazooka Joe,SDT,G,13,13,6,6,15,15,15,5,13,15,5,8,13,15,15,15,14,15,425,Goalie
