id,league,name,nickname,season,gamesPlayed,wins,losses,overtimeLosses,shootoutWins,shootoutLosses,points,goalsFor,goalsAgainst,goalsDiff,winPercent,S,SA,FOPct,SB,H,TkA,GvA,PIMPerG,PPO,PPG,PPPercent,SHGA,SHO,PPGA,PKPercent,leagueRank,divisionRank,conferenceRank,playoffResult,playoffWins,playoffLosses
9,0,Edmonton,Blizzard,85,66,58,6,2,1,0,118,424,170,254,0.879,2936,1689,56.3,900,1466,771,700,6.62,222,56,0.2523,0,183,20,0.8907,1,,1,Cup Winner,16,7
9,0,Edmonton,Blizzard,86,66,57,9,0,0,0,114,411,181,230,0.864,2866,1726,54.3,1183,1581,757,728,7.08,189,38,0.2011,3,208,19,0.9087,1,,1,Cup Winner,16,3
9,0,Edmonton,Blizzard,84,66,57,8,1,0,0,115,464,210,254,0.864,2977,1856,54.4,929,1564,737,797,7.77,227,60,0.2643,3,219,34,0.8447,1,,1,Finals Lost,14,5
2,0,Hamilton,Steelhawks,61,66,57,8,1,3,0,115,315,141,174,0.864,,,,,,,,,,,,,,,,1,1,1,Cup Winner,16,3
21,0,Philadelphia,Forge,70,66,57,8,0,3,1,115,369,176,193,0.864,3076,1959,53.5,960,1618,656,538,9.26,294,77,0.2619,8,278,42,0.8489,1,1,1,Round 3,11,7
1,0,Chicago,Syndicate,62,66,56,5,1,1,4,117,315,140,175,0.848,,,,,,,,,,,,,,,,1,1,1,Round 2,6,4
2,0,Hamilton,Steelhawks,59,66,56,9,1,0,0,113,308,145,163,0.848,,,,,,,,,,,,,,,,1,1,1,Round 3,7,4
15,0,Texas,Renegades,58,66,54,11,0,3,1,109,283,136,147,0.818,,,,,,,,,,,,,,,,1,1,1,Round 3,7,5
1,0,Chicago,Syndicate,84,66,54,10,1,1,1,110,342,169,173,0.818,2302,1821,48,1181,1452,669,803,6.94,185,47,0.2541,5,193,29,0.8497,2,,2,Round 2,7,4
9,0,Edmonton,Blizzard,87,66,54,11,1,1,0,109,387,183,204,0.818,2700,1635,53.9,1331,1641,741,724,7.71,228,55,0.2412,1,224,23,0.8973,2,,2,Missed,,
19,0,Seattle,Argonauts,87,66,54,10,1,0,1,110,392,187,205,0.818,2946,1847,49.6,1267,1594,636,691,7,215,36,0.1674,6,192,23,0.8802,1,,1,Missed,,
7,0,Baltimore,Platoon,63,66,54,11,1,4,0,109,308,149,159,0.818,,,,,,,,,,,,,,,,1,1,1,Round 3,10,7
19,0,Seattle,Argonauts,68,66,54,9,1,1,2,111,318,150,168,0.818,2279,1500,53.2,823,1371,579,447,6.98,203,58,0.2857,6,204,35,0.8284,1,1,1,Cup Winner,16,5
11,0,Winnipeg,Aurora,71,66,54,9,1,2,2,111,355,184,171,0.818,2890,1861,51.7,1087,1295,646,566,9.09,281,89,0.3167,2,271,44,0.8376,1,1,1,Finals Lost,14,8
18,0,Atlanta,Inferno,80,66,54,10,2,2,0,110,355,200,155,0.818,2901,2002,51.2,1453,1285,650,602,10.85,270,67,0.2481,10,319,61,0.8088,1,1,1,Round 2,6,6
11,0,Winnipeg,Aurora,68,66,54,10,0,1,2,110,305,150,155,0.818,2586,1711,53.8,1071,1340,632,503,6.14,193,46,0.2383,5,172,21,0.8779,2,1,2,Round 2,5,5
11,0,Winnipeg,Aurora,70,66,53,11,1,0,1,108,386,194,192,0.803,2977,1733,53.8,1111,1255,706,531,9.45,269,85,0.316,3,279,43,0.8459,2,1,1,Finals Lost,15,7
5,0,New England,Wolfpack,73,66,53,11,1,2,1,108,377,173,204,0.803,2950,2055,56.7,1106,1413,595,551,9.09,283,78,0.2756,9,257,35,0.8638,1,1,1,Round 3,10,7
2,0,Hamilton,Steelhawks,57,66,53,9,0,1,4,110,283,147,136,0.803,,,,,,,,,,,,,,,,1,1,1,Finals Lost,9,5
4,0,Manhattan,Rage,85,66,53,13,0,1,0,106,383,234,149,0.803,2555,1847,52.5,1174,1438,723,690,7.32,214,28,0.1308,6,201,25,0.8756,2,,1,Round 3,10,4
5,0,New England,Wolfpack,87,66,52,11,0,0,3,107,390,187,203,0.788,2779,1709,50.8,1215,1732,703,752,6.35,197,46,0.2335,8,194,28,0.8557,3,,1,Missed,,
11,0,Winnipeg,Aurora,69,66,52,12,1,2,1,106,304,171,133,0.788,2750,1543,54.1,889,1412,688,460,7.42,204,55,0.2696,6,223,36,0.8386,1,1,1,Finals Lost,13,11
7,0,Baltimore,Platoon,76,66,52,11,1,1,2,107,309,186,123,0.788,2481,2190,56,1132,1154,708,631,7.02,219,52,0.2374,10,198,26,0.8687,1,1,1,Finals Lost,13,10
1,0,Chicago,Syndicate,64,66,52,14,0,4,0,104,244,155,89,0.788,,,,,,,,,,,,,,,,1,1,1,Cup Winner,16,7
9,0,Edmonton,Blizzard,83,66,52,14,0,0,0,104,412,219,193,0.788,2854,1820,54.4,956,1586,675,807,7,202,48,0.2376,5,212,41,0.8066,1,,1,Finals Lost,15,9
9,0,Edmonton,Blizzard,74,66,52,13,1,1,0,105,381,188,193,0.788,3069,2014,54.2,1081,1388,610,598,9.86,300,78,0.26,13,296,53,0.8209,1,1,1,Round 2,6,4
7,0,Baltimore,Platoon,62,66,52,12,1,5,1,106,272,152,120,0.788,,,,,,,,,,,,,,,,2,1,1,Round 3,8,7
0,0,Buffalo,Stampede,60,66,51,10,3,3,2,107,306,166,140,0.773,,,,,,,,,,,,,,,,1,1,1,Cup Winner,16,6
1,0,Chicago,Syndicate,57,66,51,12,1,7,2,105,280,142,138,0.773,,,,,,,,,,,,,,,,2,2,2,Cup Winner,16,8
19,0,Seattle,Argonauts,86,66,51,13,2,1,0,104,375,211,164,0.773,2575,1830,50.3,1199,1573,573,766,6.05,195,45,0.2308,3,170,24,0.8588,2,,2,Round 3,9,9
18,0,Atlanta,Inferno,68,66,51,13,0,1,2,104,274,159,115,0.773,2385,1964,49.4,966,1357,651,450,7.27,208,44,0.2115,11,211,34,0.8389,3,1,1,Round 2,7,5
5,0,New England,Wolfpack,72,66,51,15,0,0,0,102,364,216,148,0.773,3044,2076,54.1,1080,1418,665,556,10.5,315,89,0.2825,10,301,51,0.8306,1,1,1,Finals Lost,13,8
21,0,Philadelphia,Forge,77,66,51,10,1,1,4,107,356,206,150,0.773,2835,2008,50.7,1071,1422,727,574,10.39,299,80,0.2676,8,307,46,0.8502,1,1,1,Round 3,9,5
18,0,Atlanta,Inferno,66,66,50,14,0,2,2,102,296,163,133,0.758,2706,1681,49,922,1475,627,479,6.36,197,55,0.2792,4,177,29,0.8362,1,1,1,Cup Winner,16,5
12,0,San Francisco,Pride,76,66,50,12,1,4,3,104,351,206,145,0.758,2885,2090,52.8,1384,1255,635,605,8.47,233,58,0.2489,12,248,41,0.8347,2,1,1,Cup Winner,16,5
5,0,New England,Wolfpack,71,66,50,13,1,0,2,103,339,179,160,0.758,2855,1856,57.3,1031,1425,580,564,8.35,224,55,0.2455,11,257,41,0.8405,2,1,1,Round 2,4,5
20,0,Montreal,Patriotes,71,66,50,15,1,2,0,101,310,178,132,0.758,2525,2043,51.8,1085,1124,512,539,6.82,197,39,0.198,11,198,32,0.8384,3,2,2,Round 1,0,4
21,0,Philadelphia,Forge,73,66,50,14,1,1,1,102,365,212,153,0.758,3052,2099,54,999,1423,665,625,8.8,237,69,0.2911,11,269,55,0.7955,2,1,2,Finals Lost,15,7
9,0,Edmonton,Blizzard,73,66,50,15,1,0,0,101,395,188,207,0.758,3119,2046,52.1,1082,1419,630,528,8.89,282,78,0.2766,12,260,46,0.8231,3,1,1,Cup Winner,16,6
13,0,Los Angeles,Panthers,76,66,50,14,1,4,1,102,343,195,148,0.758,3022,2154,50.9,1127,1156,643,569,9.48,262,63,0.2405,7,258,43,0.8333,3,2,2,Round 2,7,5
19,0,Seattle,Argonauts,69,66,50,13,1,2,2,103,295,148,147,0.758,2354,1523,48.8,888,1363,682,512,7.29,197,58,0.2944,8,208,37,0.8221,2,1,2,Round 3,11,5
2,0,Hamilton,Steelhawks,63,66,50,13,1,1,2,103,275,140,135,0.758,,,,,,,,,,,,,,,,2,1,2,Cup Winner,16,9
13,0,Los Angeles,Panthers,65,66,50,14,1,5,1,102,263,175,88,0.758,,,,,,,,,,,,,,,,1,1,1,Cup Winner,16,4
11,0,Winnipeg,Aurora,67,66,50,13,1,3,2,103,287,166,121,0.758,2566,1629,52.5,795,1342,629,517,6.15,175,45,0.2571,6,178,22,0.8764,1,1,1,Round 3,10,5
20,0,Montreal,Patriotes,69,66,50,15,1,1,0,101,299,169,130,0.758,2445,1856,53.3,1020,1036,518,533,6.11,179,47,0.2626,8,177,30,0.8305,3,1,1,Round 2,6,4
12,0,San Francisco,Pride,77,66,50,16,0,3,0,100,338,203,135,0.758,2870,1856,51.9,1390,1294,732,539,8.29,255,70,0.2745,6,230,40,0.8261,2,1,1,Round 3,10,8
0,0,Buffalo,Stampede,57,66,50,13,1,4,2,103,254,148,106,0.758,,,,,,,,,,,,,,,,3,3,3,Round 3,11,6
0,0,Buffalo,Stampede,59,66,50,13,1,4,2,103,305,172,133,0.758,,,,,,,,,,,,,,,,2,2,2,Finals Lost,13,6
2,0,Hamilton,Steelhawks,58,66,50,13,0,2,3,103,261,169,92,0.758,,,,,,,,,,,,,,,,2,1,1,Cup Winner,12,7
0,0,Buffalo,Stampede,62,66,50,16,0,3,0,100,302,187,115,0.758,,,,,,,,,,,,,,,,4,1,2,Round 2,5,4
18,0,Atlanta,Inferno,84,66,50,12,2,3,2,104,342,238,104,0.758,2729,1931,50.5,1196,1456,687,785,6.8,193,49,0.2539,4,196,40,0.7959,4,,1,Cup Winner,16,5
18,0,Atlanta,Inferno,83,66,50,14,1,0,1,102,342,195,147,0.758,2817,1791,48.9,1144,1657,712,798,6.67,202,38,0.1881,5,178,29,0.8371,2,,1,Cup Winner,16,5
19,0,Seattle,Argonauts,84,66,50,12,4,3,0,104,360,187,173,0.758,2617,1685,52.7,1152,1567,658,815,8.09,241,58,0.2407,10,235,24,0.8979,3,,3,Round 3,9,7
1,0,Chicago,Syndicate,85,66,50,13,0,2,3,103,342,222,120,0.758,2474,1676,51.4,1206,1470,796,810,7.97,197,39,0.198,5,230,44,0.8087,3,,2,Round 2,4,5
5,0,New England,Wolfpack,85,66,49,17,0,0,0,98,366,208,158,0.742,2739,1812,49.7,1200,1680,803,846,10.11,264,57,0.2159,6,293,41,0.8601,4,,2,Round 2,4,6
2,0,Hamilton,Steelhawks,86,66,49,15,0,2,2,100,381,246,135,0.742,2978,1900,51.2,1273,1867,703,745,9.11,229,34,0.1485,10,259,29,0.888,4,,1,Round 3,11,6
12,0,San Francisco,Pride,79,66,49,15,2,1,0,100,346,203,143,0.742,2747,1988,51.9,1100,1139,688,542,8.05,231,59,0.2554,10,222,41,0.8153,1,1,1,Cup Winner,16,5
9,0,Edmonton,Blizzard,75,66,49,16,0,2,1,99,357,201,156,0.742,2962,1968,52.4,1041,1257,657,650,9.26,267,61,0.2285,8,271,49,0.8192,1,1,1,Round 2,5,6
15,0,Texas,Renegades,62,66,49,12,2,5,3,103,266,145,121,0.742,,,,,,,,,,,,,,,,3,2,2,Cup Winner,16,8
13,0,Los Angeles,Panthers,78,66,49,12,2,0,3,103,332,204,128,0.742,2704,2084,53.5,1108,1173,708,592,9.29,263,64,0.2433,8,273,39,0.8571,1,1,1,Cup Winner,16,8
1,0,Chicago,Syndicate,83,66,49,15,2,1,0,100,318,212,106,0.742,2326,1971,46,1366,1446,755,904,6.95,189,46,0.2434,4,194,23,0.8814,3,,2,Round 3,10,5
15,0,Texas,Renegades,59,66,49,15,0,0,2,100,272,141,131,0.742,,,,,,,,,,,,,,,,3,1,1,Cup Winner,12,4
1,0,Chicago,Syndicate,59,66,49,15,0,2,2,100,264,151,113,0.742,,,,,,,,,,,,,,,,4,3,3,Round 3,9,7
7,0,Baltimore,Platoon,61,66,49,15,0,7,2,100,265,166,99,0.742,,,,,,,,,,,,,,,,3,1,2,Round 3,10,8
2,0,Hamilton,Steelhawks,60,66,49,15,1,3,1,100,305,164,141,0.742,,,,,,,,,,,,,,,,2,2,2,Round 2,6,4
15,0,Texas,Renegades,61,66,49,15,2,3,0,100,268,161,107,0.742,,,,,,,,,,,,,,,,2,1,1,Finals Lost,12,7
10,0,Minnesota,Monarchs,86,66,48,13,1,1,4,101,367,218,149,0.727,2544,2140,52.8,1231,1598,674,698,6.7,201,34,0.1692,7,194,31,0.8402,3,,3,Round 2,6,7
19,0,Seattle,Argonauts,83,66,48,14,2,1,2,100,347,202,145,0.727,2394,1734,52.4,1246,1535,622,890,5.77,215,48,0.2233,4,172,22,0.8721,4,,3,Round 2,5,5
15,0,Texas,Renegades,78,66,48,15,2,7,1,99,300,194,106,0.727,2835,1950,52.6,1384,1349,597,593,10.12,296,59,0.1993,15,271,43,0.8413,3,1,3,Round 3,11,5
13,0,Los Angeles,Panthers,79,66,48,17,1,0,0,97,309,221,88,0.727,2522,2176,52.8,1209,1214,612,508,9.45,252,54,0.2143,14,265,39,0.8528,2,2,2,Round 1,1,4
21,0,Philadelphia,Forge,71,66,48,17,0,2,1,97,362,210,152,0.727,3025,1998,53.7,916,1621,645,563,8.76,255,66,0.2588,17,256,40,0.8438,4,1,3,Round 3,11,7
18,0,Atlanta,Inferno,67,66,48,17,1,3,0,97,296,181,115,0.727,2495,1910,49.2,999,1414,640,509,6.94,169,45,0.2663,7,206,30,0.8544,3,1,2,Round 2,7,4
11,0,Winnipeg,Aurora,73,66,48,17,0,1,1,97,355,202,153,0.727,2905,1978,53.3,1014,1303,637,608,9.11,253,66,0.2609,14,254,41,0.8386,5,1,2,Round 3,9,8
15,0,Texas,Renegades,63,66,48,14,1,3,3,100,258,125,133,0.727,,,,,,,,,,,,,,,,3,1,1,Round 2,5,4
12,0,San Francisco,Pride,78,66,48,15,1,2,2,99,353,213,140,0.727,3110,2024,52.8,1286,1317,596,545,7.76,214,41,0.1916,21,219,42,0.8082,2,2,2,Round 2,7,6
6,0,Tampa Bay,Barracuda,63,66,48,17,1,7,0,97,243,158,85,0.727,,,,,,,,,,,,,,,,5,2,3,Round 2,6,7
8,0,Calgary,Dragons,82,66,48,15,2,4,1,99,296,186,110,0.727,2293,1629,50.3,1228,1623,655,809,9.45,284,43,0.1514,7,272,37,0.864,1,1,1,Round 2,7,5
0,0,Buffalo,Stampede,73,66,47,15,2,1,2,98,303,211,92,0.712,2875,2227,49,1128,1378,610,619,7.38,210,46,0.219,10,226,43,0.8097,4,2,3,Round 1,2,4
18,0,Atlanta,Inferno,82,66,47,15,3,6,1,98,292,198,94,0.712,2462,1740,51.9,1318,1609,688,789,7.3,238,33,0.1387,13,216,20,0.9074,2,1,1,Finals Lost,15,6
3,0,Toronto,North Stars,67,66,47,16,1,1,2,97,320,186,134,0.712,3015,1937,51.1,1007,1327,626,580,6.47,188,46,0.2447,14,161,31,0.8075,2,1,1,Round 2,6,5
18,0,Atlanta,Inferno,70,66,47,19,0,1,0,94,336,199,137,0.712,2755,1855,51.3,1025,1442,630,597,8.68,232,64,0.2759,11,263,46,0.8251,5,2,3,Round 2,7,7
1,0,Chicago,Syndicate,72,66,47,18,1,3,0,95,329,215,114,0.712,2682,2163,48.5,1097,1289,617,557,8.2,277,64,0.231,9,237,43,0.8186,3,2,2,Round 2,5,7
12,0,San Francisco,Pride,81,66,47,16,2,1,1,97,331,185,146,0.712,2982,2218,51.9,1150,961,635,537,7.14,222,51,0.2297,12,198,30,0.8485,1,1,1,Cup Winner,16,8
15,0,Texas,Renegades,64,66,47,12,2,3,5,101,250,159,91,0.712,,,,,,,,,,,,,,,,2,2,2,Round 2,7,6
1,0,Chicago,Syndicate,65,66,47,17,0,2,2,96,278,173,105,0.712,,,,,,,,,,,,,,,,2,1,2,Round 3,10,7
15,0,Texas,Renegades,76,66,47,17,0,3,2,96,300,204,96,0.712,2703,2040,53.4,1368,1107,623,549,8.14,225,42,0.1867,10,226,31,0.8628,4,1,3,Round 2,6,7
1,0,Chicago,Syndicate,63,66,47,16,0,2,3,97,255,150,105,0.712,,,,,,,,,,,,,,,,4,2,2,Round 3,9,5
0,0,Buffalo,Stampede,64,66,47,17,2,6,0,96,265,169,96,0.712,,,,,,,,,,,,,,,,5,1,2,Round 2,7,4
7,0,Baltimore,Platoon,60,66,47,17,0,4,2,96,226,169,57,0.712,,,,,,,,,,,,,,,,3,1,3,Round 2,6,6
19,0,Seattle,Argonauts,85,66,47,17,1,1,1,96,335,188,147,0.712,2667,1599,53.2,1113,1627,693,845,6.94,211,37,0.1754,7,201,28,0.8607,5,,3,Round 3,11,7
24,0,Denver,Glacier Guardians,86,66,46,15,4,3,1,97,364,247,117,0.697,2738,2015,50.8,1030,1538,778,675,7.11,182,29,0.1593,4,202,40,0.802,5,,4,Round 2,5,4
0,0,Buffalo,Stampede,87,66,46,17,2,0,1,95,372,261,111,0.697,2607,2010,52,1242,1596,790,746,8.45,212,49,0.2311,1,259,41,0.8417,4,,2,Missed,,
6,0,Tampa Bay,Barracuda,82,66,46,15,2,1,3,97,311,193,118,0.697,2224,1681,51.1,1263,1731,693,754,8.61,239,59,0.2469,8,262,35,0.8664,3,2,2,Round 1,2,4
18,0,Atlanta,Inferno,69,66,46,16,2,0,2,96,292,203,89,0.697,2721,1863,45.1,1018,1476,648,522,7.83,207,52,0.2512,8,223,41,0.8161,4,1,2,Round 2,7,7
13,0,Los Angeles,Panthers,75,66,46,18,2,0,0,94,332,247,85,0.697,2747,2317,47.6,1045,1104,682,578,8.95,212,47,0.2217,12,242,38,0.843,2,2,2,Cup Winner,16,2
7,0,Baltimore,Platoon,64,66,46,16,2,3,2,96,286,175,111,0.697,,,,,,,,,,,,,,,,3,1,1,Round 2,6,5
20,0,Montreal,Patriotes,70,66,46,17,1,0,2,95,295,194,101,0.697,2611,2063,51.4,1063,1126,513,553,7.36,211,48,0.2275,5,210,35,0.8333,4,1,2,Round 2,7,6
19,0,Seattle,Argonauts,70,66,46,14,3,1,3,98,268,180,88,0.697,2312,1773,49.7,930,1379,612,491,7.55,217,55,0.2535,5,214,43,0.7991,3,1,2,Round 3,9,4
11,0,Winnipeg,Aurora,72,66,46,17,1,0,2,95,343,213,130,0.697,3008,1803,54.3,979,1378,653,540,9.26,288,78,0.2708,10,278,58,0.7914,2,1,1,Cup Winner,16,3
12,0,San Francisco,Pride,80,66,46,14,2,1,4,98,329,191,138,0.697,2988,2016,51.4,1199,1145,616,568,9.35,278,53,0.1906,8,276,44,0.8406,2,1,1,Cup Winner,16,6
0,0,Buffalo,Stampede,74,66,46,16,3,4,1,96,339,206,133,0.697,2898,2310,50.2,1035,1278,634,646,7.7,228,52,0.2281,10,209,33,0.8421,2,1,1,Round 2,5,4
9,0,Edmonton,Blizzard,72,66,46,18,2,1,0,94,340,215,125,0.697,3055,2198,50.3,1027,1322,662,651,11.11,298,75,0.2517,7,304,55,0.8191,4,1,3,Round 3,9,6
3,0,Toronto,North Stars,68,66,46,16,3,6,1,96,342,238,104,0.697,2824,2155,45,1091,1320,600,550,8.08,208,45,0.2163,9,238,39,0.8361,4,1,2,Round 2,6,5
2,0,Hamilton,Steelhawks,62,66,46,13,2,0,5,99,294,155,139,0.697,,,,,,,,,,,,,,,,5,2,3,Finals Lost,15,7
3,0,Toronto,North Stars,58,66,46,14,4,3,2,98,240,159,81,0.697,,,,,,,,,,,,,,,,3,2,2,Round 3,11,8
0,0,Buffalo,Stampede,61,66,46,16,1,2,3,96,267,150,117,0.697,,,,,,,,,,,,,,,,4,2,3,Round 2,5,4
1,0,Chicago,Syndicate,60,66,45,19,1,4,1,92,267,175,92,0.682,,,,,,,,,,,,,,,,4,1,1,Finals Lost,15,8
9,0,Edmonton,Blizzard,57,66,45,16,1,2,4,95,266,184,82,0.682,,,,,,,,,,,,,,,,4,1,1,Round 2,3,4
5,0,New England,Wolfpack,86,66,45,19,1,1,1,92,360,242,118,0.682,2730,1945,53,1267,1604,703,776,6.8,215,26,0.1209,10,202,28,0.8614,6,,2,Round 2,6,5
21,0,Philadelphia,Forge,85,66,45,18,3,1,0,93,314,206,108,0.682,2504,1837,53.1,1214,1713,690,852,8.73,248,43,0.1734,7,253,31,0.8775,7,,4,Round 2,4,4
4,0,Manhattan,Rage,84,66,45,16,4,0,1,95,357,225,132,0.682,2576,1871,49,1298,1561,819,779,7.15,209,29,0.1388,9,208,28,0.8654,5,,2,Round 2,7,6
18,0,Atlanta,Inferno,85,66,45,16,0,3,5,95,353,238,115,0.682,2733,1885,51.3,1100,1524,636,754,7.82,215,49,0.2279,6,243,30,0.8765,6,,3,Finals Lost,14,7
0,0,Buffalo,Stampede,68,66,45,19,0,2,2,92,307,207,100,0.682,2791,2090,51.9,1025,1335,598,594,5.91,214,46,0.215,13,170,28,0.8353,5,2,3,Round 3,9,8
15,0,Texas,Renegades,75,66,45,17,3,1,1,94,292,190,102,0.682,2630,1898,52.4,1556,1116,640,639,7.47,224,51,0.2277,9,212,27,0.8726,4,1,3,Round 3,9,5
5,0,New England,Wolfpack,69,66,45,17,2,1,2,94,283,178,105,0.682,2512,1924,55,1005,1215,578,569,6.24,194,50,0.2577,13,194,35,0.8196,6,2,4,Round 3,8,6
13,0,Los Angeles,Panthers,66,66,45,17,1,1,3,94,321,197,124,0.682,2714,1915,51.3,981,1273,661,512,6.76,207,51,0.2464,7,193,34,0.8238,3,1,2,Round 2,4,5
21,0,Philadelphia,Forge,69,66,45,16,2,3,3,95,297,188,109,0.682,2851,1815,53.9,838,1507,603,589,7.83,217,45,0.2074,12,220,38,0.8273,5,2,3,Cup Winner,16,5
21,0,Philadelphia,Forge,75,66,45,17,2,0,2,94,362,225,137,0.682,3085,2186,53,1098,1279,649,571,9.53,256,57,0.2227,7,269,46,0.829,3,1,1,Round 3,10,6
5,0,New England,Wolfpack,83,66,45,16,3,2,2,95,332,199,133,0.682,2534,1819,50,1235,1840,752,916,9.45,269,59,0.2193,5,277,40,0.8556,5,,2,Round 1,2,4
0,0,Buffalo,Stampede,71,66,45,17,4,1,0,94,297,201,96,0.682,2699,2130,53.4,1018,1450,569,611,7.18,202,34,0.1683,13,203,33,0.8374,5,3,4,Cup Winner,16,5
18,0,Atlanta,Inferno,81,66,45,16,2,1,3,95,293,190,103,0.682,2705,2100,49.8,1439,1181,626,605,7.82,233,54,0.2318,14,231,33,0.8571,2,1,1,Round 2,6,4
20,0,Montreal,Patriotes,72,66,45,18,1,3,2,93,304,200,104,0.682,2608,2138,54.5,1076,1098,486,524,7.64,229,42,0.1834,10,217,30,0.8618,5,2,2,Round 2,5,5
12,0,San Francisco,Pride,65,66,45,18,2,6,1,93,244,178,66,0.682,,,,,,,,,,,,,,,,3,2,3,Round 2,4,6
6,0,Tampa Bay,Barracuda,78,66,45,14,3,3,4,97,315,200,115,0.682,2585,2128,51.2,1300,1088,672,601,7.3,250,60,0.24,16,223,39,0.8251,4,1,1,Finals Lost,14,7
1,0,Chicago,Syndicate,66,66,45,15,4,3,2,96,294,193,101,0.682,2619,1940,47.5,1023,1361,662,496,6.12,185,33,0.1784,11,178,32,0.8202,2,1,1,Round 3,10,4
18,0,Atlanta,Inferno,73,66,45,21,0,0,0,90,341,227,114,0.682,3029,2274,50.8,1104,1322,590,596,7.68,215,56,0.2605,14,226,41,0.8186,6,2,4,Round 2,4,7
21,0,Philadelphia,Forge,68,66,44,20,2,1,0,90,293,198,95,0.667,2585,1915,52.9,842,1455,649,580,7.95,222,48,0.2162,7,251,40,0.8406,7,2,4,Round 1,1,4
15,0,Texas,Renegades,77,66,44,18,2,1,2,92,309,215,94,0.667,2722,1924,52.1,1354,1409,589,568,9.27,273,63,0.2308,20,266,41,0.8459,3,1,2,Finals Lost,15,8
0,0,Buffalo,Stampede,69,66,44,19,0,0,3,91,289,190,99,0.667,2833,1971,53.1,991,1278,639,627,7.02,228,59,0.2588,7,203,32,0.8424,7,3,5,Round 1,0,4
18,0,Atlanta,Inferno,77,66,44,20,1,2,1,90,287,235,52,0.667,2608,2321,50.5,1327,1234,594,591,9.02,276,56,0.2029,21,275,41,0.8509,4,2,2,Round 2,4,7
15,0,Texas,Renegades,79,66,44,21,0,0,1,89,295,234,61,0.667,2720,2129,52.4,1360,1227,569,605,8.88,239,70,0.2929,13,255,47,0.8157,3,1,3,Round 3,9,5
21,0,Philadelphia,Forge,74,66,44,17,1,2,4,93,346,204,142,0.667,3067,2131,53,1128,1224,629,641,7.73,253,67,0.2648,9,239,36,0.8494,3,1,2,Round 3,10,8
6,0,Tampa Bay,Barracuda,65,66,44,21,0,0,1,89,272,178,94,0.667,,,,,,,,,,,,,,,,5,1,1,Finals Lost,14,10
9,0,Edmonton,Blizzard,71,66,44,19,3,0,0,91,326,205,121,0.667,2783,2095,51.9,890,1182,683,517,7.89,262,68,0.2595,8,226,32,0.8584,6,1,2,Round 3,9,5
13,0,Los Angeles,Panthers,64,66,44,14,4,2,4,96,264,175,89,0.667,,,,,,,,,,,,,,,,4,1,3,Round 2,6,6
1,0,Chicago,Syndicate,68,66,44,18,3,4,1,92,290,199,91,0.667,2612,1731,51.7,1132,1399,586,468,6.39,179,42,0.2346,11,197,32,0.8376,6,2,3,Round 3,9,6
8,0,Calgary,Dragons,58,66,44,19,1,2,2,91,239,158,81,0.667,,,,,,,,,,,,,,,,4,1,2,Round 2,1,4
15,0,Texas,Renegades,57,66,44,20,0,2,2,90,244,161,83,0.667,,,,,,,,,,,,,,,,6,1,3,Round 2,1,4
8,0,Calgary,Dragons,57,66,44,19,0,2,3,91,237,157,80,0.667,,,,,,,,,,,,,,,,5,2,2,Round 1,2,4
3,0,Toronto,North Stars,59,66,44,17,2,4,3,93,243,176,67,0.667,,,,,,,,,,,,,,,,5,4,4,Missed,,
21,0,Philadelphia,Forge,83,66,44,16,4,3,2,94,279,199,80,0.667,2254,1940,50.7,1000,1590,607,850,6.94,195,39,0.2,5,194,25,0.8711,6,,3,Round 3,9,6
10,0,Minnesota,Monarchs,87,66,44,18,2,3,2,92,331,209,122,0.667,2668,1958,52.5,1260,1602,735,815,8,231,31,0.1342,6,235,32,0.8638,6,,4,Missed,,
24,0,Denver,Glacier Guardians,87,66,44,18,1,1,3,92,342,216,126,0.667,2625,1942,52.8,1139,1554,743,742,6.56,182,27,0.1484,3,209,37,0.823,5,,3,Missed,,
21,0,Philadelphia,Forge,87,66,44,20,0,0,2,90,360,220,140,0.667,2670,1829,54.6,1235,1662,708,793,8.11,257,61,0.2374,7,248,36,0.8548,7,,3,Missed,,
18,0,Atlanta,Inferno,87,66,44,21,0,3,1,89,378,262,116,0.667,2558,2207,51.2,1172,1414,597,771,7.98,259,64,0.2471,5,237,42,0.8228,8,,4,Missed,,
14,0,New Orleans,Specters,85,66,44,19,1,2,2,91,311,221,90,0.667,2232,1890,53.3,1291,1519,656,890,8.3,235,54,0.2298,9,250,44,0.824,8,,4,Round 2,6,7
21,0,Philadelphia,Forge,86,66,43,22,1,3,0,87,328,243,85,0.652,2479,2064,53.7,1141,1531,591,734,6.82,209,38,0.1818,4,188,30,0.8404,7,,3,Finals Lost,13,10
19,0,Seattle,Argonauts,65,66,43,19,0,3,4,90,266,197,69,0.652,,,,,,,,,,,,,,,,4,3,4,Round 1,2,4
1,0,Chicago,Syndicate,69,66,43,19,1,3,3,90,301,197,104,0.652,2464,1861,51.1,1030,1337,621,507,5.5,197,55,0.2792,9,169,35,0.7929,9,2,4,Round 1,3,4
19,0,Seattle,Argonauts,67,66,43,19,3,3,1,90,281,198,83,0.652,2606,1752,50.6,1076,1409,687,490,7.55,201,33,0.1642,12,208,38,0.8173,5,2,3,Cup Winner,16,7
21,0,Philadelphia,Forge,78,66,43,20,0,1,3,89,319,233,86,0.652,2833,2302,48.1,1072,1275,698,588,8.71,269,60,0.223,16,251,47,0.8127,5,2,2,Round 1,2,4
7,0,Baltimore,Platoon,65,66,43,21,0,4,2,88,274,207,67,0.652,,,,,,,,,,,,,,,,7,2,3,Round 1,1,4
21,0,Philadelphia,Forge,72,66,43,16,3,1,4,93,332,207,125,0.652,3094,2051,56.7,1034,1487,698,567,10.12,293,63,0.215,11,292,45,0.8459,6,1,3,Round 3,11,6
0,0,Buffalo,Stampede,72,66,43,21,1,2,1,88,302,240,62,0.652,2787,2379,49.1,1024,1375,653,601,9.94,284,56,0.1972,12,275,55,0.8,7,3,4,Round 1,1,4
19,0,Seattle,Argonauts,63,66,43,17,2,3,4,92,235,166,69,0.652,,,,,,,,,,,,,,,,6,1,3,Round 2,6,6
14,0,New Orleans,Specters,67,66,43,21,1,0,1,88,276,207,69,0.652,2244,1894,51.8,1333,1035,563,557,5.89,186,41,0.2204,7,167,29,0.8263,6,2,4,Round 2,4,7
13,0,Los Angeles,Panthers,77,66,43,22,0,1,1,87,289,203,86,0.652,2745,2014,52.6,1012,1176,646,611,8.62,235,50,0.2128,9,249,43,0.8273,5,2,3,Round 2,7,6
8,0,Calgary,Dragons,69,66,43,19,3,2,1,90,264,198,66,0.652,2244,2006,53.3,1339,1100,700,388,7.08,209,49,0.2344,5,203,38,0.8128,8,2,3,Round 1,0,4
6,0,Tampa Bay,Barracuda,80,66,43,19,2,0,2,90,318,229,89,0.652,2663,2191,52.1,1431,1135,582,575,9.12,249,50,0.2008,17,254,59,0.7677,3,2,2,Finals Lost,14,9
12,0,San Francisco,Pride,66,66,43,18,2,3,3,91,306,204,102,0.652,2746,1949,53.4,1094,1316,814,506,6.82,197,45,0.2284,8,200,35,0.825,4,2,3,Round 1,2,4
7,0,Baltimore,Platoon,75,66,43,19,4,1,0,90,324,238,86,0.652,2785,2310,53.8,1074,1197,684,653,6.32,205,42,0.2049,7,175,29,0.8343,5,2,2,Round 2,6,6
15,0,Texas,Renegades,60,66,43,19,2,3,2,90,240,162,78,0.652,,,,,,,,,,,,,,,,6,2,2,Round 2,5,4
8,0,Calgary,Dragons,59,66,42,20,1,5,3,88,228,184,44,0.636,,,,,,,,,,,,,,,,6,1,2,Round 2,2,4
13,0,Los Angeles,Panthers,62,66,42,22,1,5,1,86,243,189,54,0.636,,,,,,,,,,,,,,,,6,1,3,Round 3,10,7
5,0,New England,Wolfpack,53,50,42,7,1,2,0,85,196,81,115,0.84,,,,,,,,,,,,,,,,1,1,1,Round 2,5,6
0,0,Buffalo,Stampede,58,66,42,18,0,0,6,90,253,134,119,0.636,,,,,,,,,,,,,,,,5,3,3,Finals Lost,13,8
9,0,Edmonton,Blizzard,58,66,42,21,1,4,2,87,267,204,63,0.636,,,,,,,,,,,,,,,,7,2,3,Round 2,7,5
1,0,Chicago,Syndicate,58,66,42,20,3,2,1,88,240,130,110,0.636,,,,,,,,,,,,,,,,6,4,4,Missed,,
4,0,Manhattan,Rage,57,66,42,20,2,2,2,88,252,171,81,0.636,,,,,,,,,,,,,,,,7,1,4,Round 2,3,4
1,0,Chicago,Syndicate,61,66,42,23,0,1,1,85,261,165,96,0.636,,,,,,,,,,,,,,,,5,2,2,Round 2,7,4
3,0,Toronto,North Stars,60,66,42,18,2,1,4,90,230,174,56,0.636,,,,,,,,,,,,,,,,5,3,4,Round 1,0,4
14,0,New Orleans,Specters,83,66,42,21,2,0,1,87,305,222,83,0.636,2270,1906,50.4,1418,1763,616,927,8.92,256,50,0.1953,15,261,45,0.8276,7,,4,Round 2,7,4
2,0,Hamilton,Steelhawks,87,66,42,20,2,0,2,88,375,257,118,0.636,2749,1974,52.1,1232,1629,656,788,7.98,240,46,0.1917,11,234,42,0.8205,9,,5,Missed,,
5,0,New England,Wolfpack,84,66,42,19,2,2,3,89,328,227,101,0.636,2497,1904,51.3,1325,1555,781,725,7.24,221,49,0.2217,12,202,31,0.8465,6,,3,Round 3,9,10
18,0,Atlanta,Inferno,74,66,42,19,5,1,0,89,334,237,97,0.636,2934,2317,50.7,1136,1260,552,614,6.67,218,52,0.2385,8,193,33,0.829,4,2,3,Round 1,2,4
21,0,Philadelphia,Forge,79,66,42,21,1,1,2,87,330,243,87,0.636,2653,2081,51.8,1240,1189,688,566,9.91,237,61,0.2574,15,282,46,0.8369,4,1,1,Finals Lost,13,10
15,0,Texas,Renegades,81,66,42,21,3,3,0,87,299,241,58,0.636,2575,2300,50.6,1475,1098,656,590,8.14,228,32,0.1404,11,233,45,0.8069,4,1,2,Round 1,2,4
14,0,New Orleans,Specters,69,66,42,22,2,5,0,86,268,213,55,0.636,2209,1967,50.4,1471,1118,596,520,6.41,226,49,0.2168,12,192,48,0.75,10,3,5,Round 2,7,7
5,0,New England,Wolfpack,75,66,42,22,1,1,1,86,339,252,87,0.636,2977,2516,52.7,1227,1106,621,629,7.58,217,39,0.1797,15,209,44,0.7895,6,1,3,Finals Lost,12,11
0,0,Buffalo,Stampede,65,66,42,19,2,3,3,89,262,185,77,0.636,,,,,,,,,,,,,,,,6,1,2,Round 3,10,8
4,0,Manhattan,Rage,83,66,42,22,2,1,0,86,296,250,46,0.636,2449,1966,49.3,1324,1563,779,790,6.8,199,30,0.1508,5,186,38,0.7957,8,,4,Round 1,1,4
0,0,Buffalo,Stampede,66,66,42,22,1,2,1,86,283,203,80,0.636,2557,1900,51.7,902,1514,622,499,5.88,169,45,0.2663,7,175,33,0.8114,6,1,2,Round 3,9,7
8,0,Calgary,Dragons,67,66,42,17,3,4,4,91,286,218,68,0.636,2122,2229,51.1,1376,1089,665,415,5.7,191,47,0.2461,14,166,27,0.8373,4,1,2,Round 2,6,6
5,0,New England,Wolfpack,70,66,41,19,3,2,3,88,306,229,77,0.621,2681,2158,57.3,1287,1297,560,545,8.47,243,59,0.2428,4,251,49,0.8048,6,2,4,Cup Winner,16,12
7,0,Baltimore,Platoon,74,66,41,18,4,3,3,89,318,222,96,0.621,2770,2340,55.8,1041,1196,659,597,8.15,195,38,0.1949,9,245,44,0.8204,5,3,4,Round 2,6,6
12,0,San Francisco,Pride,67,66,41,23,1,3,1,84,260,211,49,0.621,2486,1872,50.5,1121,1340,794,520,5.82,179,42,0.2346,8,177,37,0.791,7,3,5,Round 1,0,4
8,0,Calgary,Dragons,79,66,41,21,2,6,2,86,270,244,26,0.621,2511,2317,49.2,1533,1180,657,619,8.06,217,49,0.2258,8,228,47,0.7939,5,3,4,Round 2,7,5
15,0,Texas,Renegades,74,66,41,20,2,1,3,87,277,201,76,0.621,2768,2023,54.2,1544,1163,649,653,6.94,203,40,0.197,11,209,45,0.7847,6,1,2,Round 2,6,7
18,0,Atlanta,Inferno,64,66,41,22,1,3,2,85,275,199,76,0.621,,,,,,,,,,,,,,,,6,2,3,Finals Lost,13,8
11,0,Winnipeg,Aurora,75,66,41,22,2,2,1,85,262,198,64,0.621,2296,1880,52.4,988,1176,701,702,6.27,184,31,0.1685,13,191,34,0.822,7,2,4,Round 1,2,4
21,0,Philadelphia,Forge,76,66,41,23,1,1,1,84,291,221,70,0.621,2769,2068,53.7,1206,1167,692,675,7.09,226,53,0.2345,8,196,42,0.7857,5,2,2,Round 2,7,6
21,0,Philadelphia,Forge,81,66,41,20,2,1,3,87,300,254,46,0.621,2697,2411,52.6,1172,1018,665,609,9.29,270,66,0.2444,18,262,38,0.855,3,2,2,Round 1,3,4
18,0,Atlanta,Inferno,71,66,41,22,0,3,3,85,269,217,52,0.621,2826,1976,51.2,1037,1553,618,567,8.45,229,49,0.214,10,241,50,0.7925,7,2,5,Round 2,6,5
18,0,Atlanta,Inferno,65,66,41,20,2,1,3,87,291,192,99,0.621,,,,,,,,,,,,,,,,9,3,4,Round 2,7,5
11,0,Winnipeg,Aurora,65,66,41,19,1,4,5,88,246,179,67,0.621,,,,,,,,,,,,,,,,8,2,5,Round 2,7,7
19,0,Seattle,Argonauts,82,66,41,21,2,0,2,86,293,227,66,0.621,2371,1992,51.6,1417,1400,727,771,8.18,246,41,0.1667,14,246,41,0.8333,4,2,2,Round 3,10,8
15,0,Texas,Renegades,72,66,41,19,2,2,4,88,260,219,41,0.621,2533,2173,54.2,1367,1087,664,535,8.52,262,44,0.1679,15,245,40,0.8367,8,3,4,Round 1,3,4
8,0,Calgary,Dragons,70,66,41,23,2,1,0,84,268,203,65,0.621,2250,2047,52.2,1511,1128,712,426,7.38,234,60,0.2564,9,216,42,0.8056,7,2,3,Round 2,4,5
1,0,Chicago,Syndicate,74,66,41,23,2,3,0,84,274,256,18,0.621,2610,2504,44.3,1098,1257,562,579,8.8,267,52,0.1948,16,249,57,0.7711,7,2,3,Round 1,1,4
0,0,Buffalo,Stampede,54,50,41,7,2,0,0,84,217,93,124,0.82,,,,,,,,,,,,,,,,1,1,1,Round 2,7,6
9,0,Edmonton,Blizzard,45,50,41,6,3,0,0,85,186,108,78,0.82,,,,,,,,,,,,,,,,1,,1,Cup Winner,12,6
5,0,New England,Wolfpack,16,50,41,9,0,0,0,82,0,0,0,0.82,,,,,,,,,,,,,,,,1,,1,Round 1,3,4
8,0,Calgary,Dragons,10,50,41,7,2,0,0,84,0,0,0,0.82,,,,,,,,,,,,,,,,1,,1,Round 2,7,5
24,0,Denver,Glacier Guardians,85,66,41,23,1,1,1,84,266,225,41,0.621,2347,2040,53.5,1211,1449,712,918,7.15,227,46,0.2026,6,197,30,0.8477,9,,5,Round 1,3,4
0,0,Buffalo,Stampede,86,66,40,24,1,0,1,82,358,273,85,0.606,2627,2188,51.7,1275,1575,865,808,8.7,249,52,0.2088,10,253,24,0.9051,10,,5,Round 1,3,4
14,0,New Orleans,Specters,86,66,40,24,2,0,0,82,295,254,41,0.606,2094,2070,48.8,1084,1408,654,829,7.29,215,44,0.2047,11,225,37,0.8356,11,,6,Round 1,3,4
14,0,New Orleans,Specters,87,66,40,24,2,5,0,82,316,260,56,0.606,2365,2010,47.8,1218,1718,757,823,8.35,236,52,0.2203,12,235,35,0.8511,10,,5,Missed,,
2,0,Hamilton,Steelhawks,53,50,40,7,0,3,3,83,207,103,104,0.8,,,,,,,,,,,,,,,,2,1,2,Cup Winner,12,3
0,0,Buffalo,Stampede,55,50,40,10,0,0,0,80,226,98,128,0.8,,,,,,,,,,,,,,,,1,1,1,Cup Winner,12,5
2,0,Hamilton,Steelhawks,56,50,40,4,2,3,4,86,228,91,137,0.8,,,,,,,,,,,,,,,,1,1,1,Cup Winner,12,6
14,0,New Orleans,Specters,66,66,40,19,2,1,5,87,250,192,58,0.606,2348,1930,52.7,1207,915,755,492,5.35,184,45,0.2446,7,152,27,0.8224,5,2,4,Round 2,4,5
19,0,Seattle,Argonauts,66,66,40,20,4,3,2,86,253,202,51,0.606,2436,1842,52.5,1129,1288,740,494,7.26,211,41,0.1943,12,223,36,0.8386,7,3,5,Finals Lost,14,8
0,0,Buffalo,Stampede,75,66,40,23,3,1,0,83,290,219,71,0.606,2713,2358,51.8,1091,1217,624,702,7.3,204,51,0.25,10,207,31,0.8502,8,2,4,Round 1,3,4
13,0,Los Angeles,Panthers,74,66,40,22,1,2,3,84,330,253,77,0.606,2838,2619,50.6,945,1228,714,609,9.47,273,61,0.2234,8,266,52,0.8045,8,2,4,Round 1,2,4
5,0,New England,Wolfpack,74,66,40,22,2,2,2,84,314,243,71,0.606,3006,2305,54.7,1210,1399,633,664,9.3,228,58,0.2544,14,281,59,0.79,9,2,5,Cup Winner,16,8
0,0,Buffalo,Stampede,77,66,40,21,4,3,1,85,279,226,53,0.606,2630,2455,52.6,1158,1243,581,654,8.17,231,45,0.1948,14,220,31,0.8591,7,1,3,Round 2,7,6
4,0,Manhattan,Rage,68,66,40,22,1,3,3,84,284,236,48,0.606,2370,2086,50.2,926,1383,632,507,7.08,212,37,0.1745,7,215,44,0.7953,9,3,6,Finals Lost,15,9
6,0,Tampa Bay,Barracuda,83,66,40,23,1,2,2,83,329,238,91,0.606,2328,2006,52,1387,1865,709,775,8.77,234,46,0.1966,6,235,25,0.8936,9,,5,Round 2,5,5
12,0,San Francisco,Pride,63,66,40,21,3,1,2,85,252,186,66,0.606,,,,,,,,,,,,,,,,7,2,4,Round 1,1,4
14,0,New Orleans,Specters,77,66,40,23,3,0,0,83,252,204,48,0.606,2340,2016,50.9,1494,1180,609,635,8.32,222,37,0.1667,10,221,39,0.8235,8,3,5,Round 1,3,4
10,0,Minnesota,Monarchs,77,66,40,21,3,0,2,85,293,221,72,0.606,2640,2135,53.1,1583,1126,714,583,7.88,238,50,0.2101,18,215,30,0.8605,6,2,4,Round 2,5,7
20,0,Montreal,Patriotes,68,66,40,19,5,3,2,87,269,211,58,0.606,2367,1960,52.3,988,1275,563,479,7.74,188,38,0.2021,11,219,34,0.8447,8,3,5,Round 1,2,4
19,0,Seattle,Argonauts,81,66,40,25,1,1,0,81,277,239,38,0.606,2565,2344,51.1,1587,1024,583,592,9.52,288,68,0.2361,11,272,46,0.8309,5,2,3,Round 2,6,6
0,0,Buffalo,Stampede,80,66,40,21,2,2,3,85,276,238,38,0.606,2550,2324,51.8,1378,1196,556,646,8.32,261,61,0.2337,10,223,51,0.7713,4,1,3,Round 1,2,4
5,0,New England,Wolfpack,77,66,40,24,1,2,1,82,324,238,86,0.606,2727,2380,47.5,959,1382,651,615,9.7,285,81,0.2842,12,275,57,0.7927,9,2,4,Cup Winner,16,9
2,0,Hamilton,Steelhawks,10,50,40,7,3,0,0,83,0,0,0,0.8,,,,,,,,,,,,,,,,2,,1,Round 2,7,6
13,0,Los Angeles,Panthers,60,66,39,24,1,2,2,81,255,210,45,0.591,,,,,,,,,,,,,,,,8,2,4,Round 1,2,4
6,0,Tampa Bay,Barracuda,62,66,39,22,2,6,3,83,214,183,31,0.591,,,,,,,,,,,,,,,,7,2,4,Round 2,6,6
9,0,Edmonton,Blizzard,55,50,39,9,1,0,1,80,232,119,113,0.78,,,,,,,,,,,,,,,,2,1,1,Round 2,7,4
24,0,Denver,Glacier Guardians,83,66,39,26,1,2,0,79,306,285,21,0.591,2401,2253,51.8,1323,1521,639,919,8.41,241,26,0.1079,13,233,36,0.8455,10,,5,Round 1,0,4
25,0,Madison,Valkyries,86,66,39,22,3,2,2,83,333,283,50,0.591,2340,2433,53.2,955,1563,800,750,6.62,197,29,0.1472,10,208,32,0.8462,8,,5,Round 1,0,4
22,0,Cincinnati,Six,85,66,39,24,1,4,2,81,302,262,40,0.591,2204,2146,48.8,899,1671,671,703,9,243,54,0.2222,13,255,41,0.8392,10,,5,Round 1,0,4
20,0,Montreal,Patriotes,66,66,39,22,2,0,3,83,276,221,55,0.591,2207,2234,50,1056,1313,497,552,7.15,195,43,0.2205,16,211,42,0.8009,8,2,3,Round 1,2,4
3,0,Toronto,North Stars,79,66,39,23,2,1,2,82,264,216,48,0.591,2312,2223,52,1414,1013,611,539,6.73,189,47,0.2487,12,180,33,0.8167,7,2,3,Round 1,2,4
19,0,Seattle,Argonauts,80,66,39,20,4,3,3,85,284,253,31,0.591,2410,2527,53.4,1689,1055,580,590,9.36,253,45,0.1779,13,270,49,0.8185,5,2,2,Round 1,1,4
5,0,New England,Wolfpack,78,66,39,23,4,4,0,82,298,249,49,0.591,2767,2541,47.2,1112,1256,710,608,5.73,180,44,0.2444,10,162,34,0.7901,7,1,4,Round 1,3,4
5,0,New England,Wolfpack,79,66,39,20,3,4,4,85,299,259,40,0.591,2624,2585,44.9,1224,1323,701,596,7.97,245,59,0.2408,16,239,51,0.7866,6,1,2,Round 1,2,4
5,0,New England,Wolfpack,82,66,39,24,2,2,1,81,297,245,52,0.591,2432,1935,51.4,1328,1667,747,788,9.7,300,41,0.1367,12,282,35,0.8759,6,1,3,Round 3,8,6
14,0,New Orleans,Specters,80,66,39,23,4,2,0,82,265,212,53,0.591,2468,2072,49.1,1326,1089,659,588,8.48,240,58,0.2417,10,235,42,0.8213,6,1,3,Round 2,6,7
21,0,Philadelphia,Forge,65,66,39,22,2,0,3,83,269,208,61,0.591,,,,,,,,,,,,,,,,10,4,5,Round 1,3,4
6,0,Tampa Bay,Barracuda,64,66,39,22,1,1,4,83,253,207,46,0.591,,,,,,,,,,,,,,,,7,3,4,Round 1,0,4
4,0,Manhattan,Rage,69,66,39,20,3,2,4,85,269,190,79,0.591,2454,1987,52.9,1041,1115,556,495,6.14,173,39,0.2254,6,186,29,0.8441,11,3,6,Round 1,1,4
18,0,Atlanta,Inferno,72,66,39,23,2,1,2,82,279,201,78,0.591,2917,2013,53.4,1095,1463,613,515,9.18,254,52,0.2047,9,271,39,0.8561,9,2,5,Round 2,5,4
9,0,Edmonton,Blizzard,82,66,39,22,3,0,2,83,304,232,72,0.591,2470,2030,50.5,932,1658,782,868,9.02,263,46,0.1749,5,265,41,0.8453,5,3,3,Cup Winner,16,9
1,0,Chicago,Syndicate,70,66,39,23,3,5,1,82,254,217,37,0.591,2225,1961,50.4,996,1375,576,482,5.53,194,42,0.2165,9,177,34,0.8079,8,2,4,Round 2,6,7
2,0,Hamilton,Steelhawks,75,66,39,22,3,1,2,83,328,262,66,0.591,2681,2574,51,1190,1056,688,551,7.95,240,49,0.2042,10,231,41,0.8225,9,3,5,Round 2,7,7
6,0,Tampa Bay,Barracuda,79,66,38,23,1,1,4,81,278,231,47,0.576,2535,2090,50.1,1312,1091,658,594,7.73,267,59,0.221,11,219,55,0.7489,8,2,4,Round 2,5,6
18,0,Atlanta,Inferno,63,66,38,22,2,4,4,82,255,201,54,0.576,,,,,,,,,,,,,,,,9,3,5,Round 1,3,4
21,0,Philadelphia,Forge,64,66,38,23,0,3,5,81,249,202,47,0.576,,,,,,,,,,,,,,,,8,4,5,Round 1,0,4
21,0,Philadelphia,Forge,80,66,38,25,1,0,2,79,315,246,69,0.576,2695,2373,50.3,1078,1191,675,612,10.59,299,65,0.2174,11,315,57,0.819,9,4,5,Round 2,7,6
18,0,Atlanta,Inferno,78,66,38,22,3,2,3,82,284,245,39,0.576,2735,2242,52.4,1442,1177,637,608,7.15,228,57,0.25,8,211,33,0.8436,6,3,3,Round 2,4,6
15,0,Texas,Renegades,80,66,38,24,1,1,3,80,277,239,38,0.576,2496,2246,50.2,1328,1161,611,592,8.89,289,56,0.1938,9,262,50,0.8092,7,2,4,Round 3,10,6
12,0,San Francisco,Pride,64,66,38,23,0,3,5,81,221,193,28,0.576,,,,,,,,,,,,,,,,9,2,4,Round 3,11,9
11,0,Winnipeg,Aurora,74,66,38,24,2,4,2,80,289,223,66,0.576,2717,2079,54.1,1087,1266,631,629,7.76,265,66,0.2491,12,227,41,0.8194,10,3,5,Finals Lost,14,8
4,0,Manhattan,Rage,80,66,38,24,4,3,0,80,265,245,20,0.576,2329,2448,47.6,1267,1061,645,574,7.59,262,59,0.2252,14,219,38,0.8265,8,3,4,Round 1,0,4
14,0,New Orleans,Specters,76,66,38,24,3,2,1,80,261,226,35,0.576,2384,2311,49.8,1422,1198,644,683,7.74,205,46,0.2244,3,232,54,0.7672,6,2,4,Round 1,0,4
0,0,Buffalo,Stampede,63,66,38,21,2,5,5,83,210,177,33,0.576,,,,,,,,,,,,,,,,8,2,4,Round 2,7,5
3,0,Toronto,North Stars,78,66,38,25,1,3,2,79,250,251,-1,0.576,2412,2487,50.6,1439,887,679,599,5.92,166,32,0.1928,7,170,46,0.7294,8,2,5,Round 1,3,4
3,0,Toronto,North Stars,65,66,38,23,0,1,5,81,224,213,11,0.576,,,,,,,,,,,,,,,,11,2,6,Round 1,2,4
20,0,Montreal,Patriotes,82,66,38,26,2,2,0,78,236,218,18,0.576,2231,1884,52.5,1184,1576,765,822,7.59,219,31,0.1416,10,226,29,0.8717,7,2,4,Round 2,5,6
3,0,Toronto,North Stars,66,66,38,26,0,2,2,78,260,229,31,0.576,2269,2065,51.1,1035,1286,590,538,5.55,181,50,0.2762,4,150,29,0.8067,10,3,5,Round 2,4,6
13,0,Los Angeles,Panthers,67,66,38,26,0,6,2,78,253,240,13,0.576,2417,2124,52.4,1113,1290,654,563,6.21,190,44,0.2316,18,183,37,0.7978,10,4,6,Round 1,2,4
18,0,Atlanta,Inferno,75,66,38,24,3,0,1,80,298,251,47,0.576,2954,2385,51.4,1312,1119,619,662,8.23,209,51,0.244,11,236,38,0.839,10,3,6,Round 1,2,4
20,0,Montreal,Patriotes,81,66,38,26,1,1,1,78,280,223,57,0.576,2535,2295,51.9,1144,1090,702,627,8.91,247,51,0.2065,11,243,31,0.8724,7,1,3,Round 2,7,6
11,0,Winnipeg,Aurora,66,66,38,27,1,4,0,77,278,241,37,0.576,2618,2105,54.4,741,1392,673,504,6.98,210,49,0.2333,10,202,34,0.8317,11,3,6,Round 1,1,4
14,0,New Orleans,Specters,81,66,38,24,1,2,3,80,258,222,36,0.576,2465,2098,50.8,1403,1086,659,579,8.15,240,37,0.1542,13,225,38,0.8311,6,2,4,Round 3,10,9
4,0,Manhattan,Rage,66,66,38,22,5,2,1,82,254,208,46,0.576,2368,2136,52.1,1066,1233,558,593,6.33,182,47,0.2582,2,196,40,0.7959,9,2,4,Round 1,0,4
6,0,Tampa Bay,Barracuda,61,66,38,23,2,3,3,81,223,186,37,0.576,,,,,,,,,,,,,,,,6,2,4,Round 2,7,6
8,0,Calgary,Dragons,56,50,38,8,2,2,2,80,190,85,105,0.76,,,,,,,,,,,,,,,,2,1,1,Round 2,2,4
8,0,Calgary,Dragons,60,66,38,21,2,0,5,83,235,173,62,0.576,,,,,,,,,,,,,,,,7,1,3,Round 3,10,7
2,0,Hamilton,Steelhawks,54,50,38,10,1,2,1,78,220,106,114,0.76,,,,,,,,,,,,,,,,2,2,2,Finals Lost,8,7
9,0,Edmonton,Blizzard,27,50,38,10,2,0,0,78,0,0,0,0.76,,,,,,,,,,,,,,,,1,,1,Round 1,2,4
13,0,Los Angeles,Panthers,6,60,38,17,5,0,0,81,0,0,0,0.633,,,,,,,,,,,,,,,,1,,1,Cup Winner,8,4
13,0,Los Angeles,Panthers,32,50,38,10,2,0,0,78,180,127,53,0.76,,,,,,,,,,,,,,,,1,,1,Round 1,1,4
10,0,Minnesota,Chiefs,11,50,38,11,1,0,0,77,0,0,0,0.76,,,,,,,,,,,,,,,,1,,1,Round 2,7,7
9,0,Edmonton,Blizzard,15,50,38,7,5,0,0,81,0,0,0,0.76,,,,,,,,,,,,,,,,1,,1,Cup Winner,12,7
15,0,Texas,Renegades,87,66,38,25,1,2,2,79,290,263,27,0.576,2318,1962,51.1,1252,1733,721,831,9,243,40,0.1646,16,268,46,0.8284,11,,6,Missed,,
4,0,Manhattan,Rage,86,66,37,20,3,1,6,83,328,279,49,0.561,2600,2119,49.8,1357,1602,755,719,7.79,222,30,0.1351,11,206,30,0.8544,9,,4,Round 2,6,7
18,0,Atlanta,Inferno,86,66,37,24,4,0,1,79,324,259,65,0.561,2639,2196,51.5,1195,1568,637,792,7.03,210,46,0.219,6,199,39,0.804,12,,6,Round 1,1,4
7,0,Baltimore,Platoon,84,66,37,25,2,3,2,78,278,260,18,0.561,2321,2226,50.5,1285,1621,720,935,6.73,215,38,0.1767,7,199,33,0.8342,8,,5,Round 1,1,4
1,0,Chicago,Syndicate,56,50,37,9,0,1,4,78,201,98,103,0.74,,,,,,,,,,,,,,,,3,2,2,Round 3,11,5
11,0,Winnipeg,Jets,57,66,37,26,2,5,1,77,195,173,22,0.561,,,,,,,,,,,,,,,,9,3,5,Round 3,9,9
11,0,Winnipeg,Aurora,83,66,37,26,2,1,1,77,254,238,16,0.561,2216,2029,51.8,1273,1598,609,873,9.26,256,46,0.1797,7,265,38,0.8566,11,,6,Round 1,1,4
7,0,Baltimore,Platoon,73,66,37,25,0,1,4,78,292,245,47,0.561,2671,2437,54,1183,1112,623,595,7.47,193,46,0.2383,10,221,40,0.819,7,3,5,Round 1,3,4
0,0,Buffalo,Stampede,76,66,37,24,1,1,4,79,291,238,53,0.561,2774,2471,50.8,1138,1238,667,695,7.39,208,43,0.2067,11,202,50,0.7525,7,1,3,Round 2,7,5
7,0,Baltimore,Platoon,77,66,37,26,3,2,0,77,292,248,44,0.561,2530,2215,55.4,1224,1177,707,611,7.38,210,43,0.2048,17,206,36,0.8252,11,4,6,Round 1,2,4
2,0,Hamilton,Steelhawks,64,66,37,22,4,3,3,81,261,221,40,0.561,,,,,,,,,,,,,,,,10,2,6,Round 3,10,7
8,0,Calgary,Dragons,68,66,37,21,5,3,3,82,259,210,49,0.561,2187,2062,51.2,1229,1004,729,415,5.59,203,45,0.2217,12,160,34,0.7875,10,2,4,Round 2,5,6
14,0,New Orleans,Specters,71,66,37,26,1,3,2,77,240,216,24,0.561,2090,2309,48.8,1496,1202,580,585,9.15,238,60,0.2521,3,276,51,0.8152,9,3,4,Round 1,1,4
2,0,Hamilton,Steelhawks,73,66,37,26,3,1,0,77,320,273,47,0.561,2722,2473,51,1264,1165,651,583,7.79,254,56,0.2205,10,219,47,0.7854,8,3,6,Round 2,6,6
2,0,Hamilton,Steelhawks,65,66,37,27,1,3,1,76,216,193,23,0.561,,,,,,,,,,,,,,,,12,3,7,Round 2,5,6
21,0,Philadelphia,Forge,67,66,37,24,1,3,4,79,254,201,53,0.561,2369,2184,47.1,833,1519,665,585,5.88,178,31,0.1742,14,166,35,0.7892,8,2,3,Round 1,3,4
0,0,Buffalo,Stampede,70,66,37,24,3,0,2,79,291,219,72,0.561,2812,2082,51.4,1047,1404,604,620,7.36,217,40,0.1843,7,212,36,0.8302,9,3,5,Round 1,3,4
7,0,Baltimore,Platoon,79,66,37,26,1,2,2,77,261,228,33,0.561,2446,2246,54,1293,1017,668,625,7.05,229,56,0.2445,8,210,50,0.7619,9,3,5,Round 1,2,4
6,0,Tampa Bay,Barracuda,77,66,37,25,1,0,3,78,263,207,56,0.561,2261,2159,52.5,1300,1000,626,593,7.65,215,50,0.2326,7,216,52,0.7593,10,3,5,Round 1,3,4
10,0,Minnesota,Chiefs,29,50,37,13,0,0,0,74,165,118,47,0.74,,,,,,,,,,,,,,,,1,,1,Round 1,0,4
7,0,West Kendall,Platoon,9,50,37,12,1,0,0,75,0,0,0,0.74,,,,,,,,,,,,,,,,1,,1,Round 2,1,4
11,0,Winnipeg,Jets,11,50,36,11,3,0,0,75,0,0,0,0.72,,,,,,,,,,,,,,,,2,,1,Round 1,3,4
5,0,New England,Wolfpack,15,50,36,13,1,0,0,73,0,0,0,0.72,,,,,,,,,,,,,,,,2,,1,Round 1,3,4
8,0,Calgary,Dragons,35,50,36,12,2,0,0,74,164,117,47,0.72,,,,,,,,,,,,,,,,1,,1,Round 2,7,6
7,0,West Kendall,Platoon,47,50,36,12,2,0,0,74,209,142,67,0.72,,,,,,,,,,,,,,,,1,1,1,Cup Winner,12,3
5,0,New England,Wolfpack,61,66,36,24,2,1,4,78,231,193,38,0.545,,,,,,,,,,,,,,,,7,3,5,Round 1,0,4
9,0,Edmonton,Blizzard,61,66,36,28,1,3,1,74,210,222,-12,0.545,,,,,,,,,,,,,,,,8,1,3,Round 3,8,6
5,0,New England,Wolfpack,62,66,36,25,1,3,4,77,252,198,54,0.545,,,,,,,,,,,,,,,,9,3,5,Round 1,2,4
11,0,Winnipeg,Jets,41,50,36,9,5,0,0,77,222,136,86,0.72,,,,,,,,,,,,,,,,1,,1,Round 2,7,6
8,0,Calgary,Dragons,62,66,36,23,3,6,4,79,219,216,3,0.545,,,,,,,,,,,,,,,,8,2,4,Round 1,3,4
4,0,Manhattan,Rage,55,50,36,10,2,6,2,76,171,117,54,0.72,,,,,,,,,,,,,,,,3,1,2,Round 1,3,4
14,0,New Orleans,Specters,51,50,36,11,3,0,0,75,195,134,61,0.72,,,,,,,,,,,,,,,,1,1,1,Round 2,1,4
13,0,Los Angeles,Panthers,57,66,36,22,1,3,7,80,193,176,17,0.545,,,,,,,,,,,,,,,,8,2,4,Round 1,2,4
6,0,Tampa Bay,Barracuda,84,66,36,25,2,3,3,77,300,254,46,0.545,2181,2078,50.8,1383,1518,745,810,7.2,207,34,0.1643,2,196,46,0.7653,9,,6,Round 1,3,4
14,0,New Orleans,Specters,84,66,36,28,1,3,1,74,261,264,-3,0.545,2250,1974,51.6,1309,1854,654,909,9.52,281,46,0.1637,18,273,64,0.7656,10,,4,Round 2,4,6
1,0,Chicago,Syndicate,81,66,36,26,3,1,1,76,278,254,24,0.545,2267,2266,48.7,1374,1011,580,576,7.33,212,43,0.2028,10,209,43,0.7943,9,3,5,Round 1,3,4
14,0,New Orleans,Specters,64,66,36,25,0,7,5,77,213,201,12,0.545,,,,,,,,,,,,,,,,11,3,5,Round 1,2,4
7,0,Baltimore,Platoon,78,66,36,24,2,0,4,78,275,238,37,0.545,2605,2258,54.2,1103,1084,661,631,7.27,203,49,0.2414,12,211,39,0.8152,9,4,6,Round 3,9,8
6,0,Tampa Bay,Barracuda,74,66,36,27,1,3,2,75,304,287,17,0.545,2689,2689,54.6,1138,1101,676,601,7.62,246,51,0.2073,9,221,51,0.7692,11,4,6,Round 1,2,4
13,0,Los Angeles,Panthers,63,66,36,24,2,4,4,78,227,202,25,0.545,,,,,,,,,,,,,,,,12,3,5,Finals Lost,14,8
8,0,Calgary,Dragons,80,66,36,25,2,2,3,77,261,243,18,0.545,2466,2540,49.4,1659,929,567,522,7.64,213,49,0.23,8,217,39,0.8203,10,3,5,Round 2,6,5
8,0,Calgary,Dragons,78,66,36,24,5,1,1,78,255,231,24,0.545,2209,2269,50.8,1250,1057,634,578,8.47,200,44,0.22,7,248,55,0.7782,10,3,4,Round 1,2,4
5,0,New England,Wolfpack,81,66,36,25,4,2,1,77,270,247,23,0.545,2829,2401,50.7,1439,1137,657,536,10.65,299,56,0.1873,7,309,48,0.8447,8,2,4,Round 3,11,8
3,0,Toronto,North Stars,63,66,36,22,2,4,6,80,204,183,21,0.545,,,,,,,,,,,,,,,,10,3,6,Round 1,1,4
9,0,Edmonton,Blizzard,70,66,36,28,2,2,0,74,281,243,38,0.545,2588,2137,52.7,855,1281,693,536,8.92,228,58,0.2544,11,248,52,0.7903,11,3,6,Round 1,1,4
6,0,Tampa Bay,Barracuda,81,66,36,29,1,1,0,73,270,247,23,0.545,2592,2051,50.2,1432,1107,659,547,8.52,272,42,0.1544,13,242,41,0.8306,11,3,5,Finals Lost,14,12
13,0,Los Angeles,Panthers,73,66,36,28,1,2,1,74,283,251,32,0.545,2706,2644,49.4,974,1198,654,552,7.11,214,42,0.1963,17,185,36,0.8054,10,2,4,Round 2,4,4
1,0,Chicago,Syndicate,71,66,36,25,2,1,3,77,285,255,30,0.545,2456,2208,49.1,1179,1370,588,546,7.62,216,42,0.1944,15,222,43,0.8063,8,2,3,Round 2,7,5
7,0,Baltimore,Platoon,72,66,36,26,1,3,3,76,271,264,7,0.545,2544,2393,53.9,1125,1160,695,540,8.53,245,62,0.2531,19,239,43,0.8201,10,3,6,Round 1,0,4
11,0,Winnipeg,Aurora,76,66,36,27,1,0,2,75,264,231,33,0.545,2493,2349,49,953,1182,695,600,6.64,204,53,0.2598,8,190,46,0.7579,8,3,5,Round 3,9,6
4,0,Manhattan,Rage,67,66,36,23,3,2,4,79,256,219,37,0.545,2291,2122,51.3,1174,1236,612,480,6.59,199,42,0.2111,13,204,38,0.8137,9,3,4,Finals Lost,15,12
19,0,Seattle,Argonauts,64,66,35,25,3,2,3,76,248,216,32,0.53,,,,,,,,,,,,,,,,12,3,6,Round 1,3,4
8,0,Calgary,Dragons,81,66,35,27,3,0,1,74,275,259,16,0.53,2468,2317,49.9,1726,1042,636,574,10.32,238,45,0.1891,11,303,56,0.8152,10,3,6,Round 1,2,4
13,0,Los Angeles,Panthers,80,66,35,27,3,2,1,74,275,243,32,0.53,2470,2146,49.8,1297,1163,617,566,10.38,254,57,0.2244,9,282,52,0.8156,11,4,6,Round 1,3,4
0,0,Buffalo,Stampede,67,66,35,27,3,0,1,74,275,224,51,0.53,2340,2018,48.6,942,1489,716,493,6.68,196,47,0.2398,8,182,22,0.8791,12,2,5,Round 1,0,4
7,0,Baltimore,Platoon,71,66,35,26,2,2,3,75,272,267,5,0.53,2470,2286,55.4,1044,1420,668,512,6.65,188,26,0.1383,9,194,38,0.8041,10,3,6,Round 1,1,4
15,0,Texas,Renegades,73,66,35,26,3,1,2,75,268,250,18,0.53,2511,2214,53,1409,1176,628,621,8.44,238,47,0.1975,15,237,48,0.7975,9,2,3,Round 1,0,4
13,0,Los Angeles,Panthers,82,66,35,23,4,4,4,78,290,250,40,0.53,2309,2027,51.4,1248,1513,748,848,9.64,261,56,0.2146,4,293,45,0.8464,8,4,4,Round 1,1,4
13,0,Los Angeles,Panthers,72,66,35,29,0,1,2,72,249,249,0,0.53,2613,2336,48.1,981,1421,577,649,7.48,203,33,0.1626,13,216,63,0.7083,11,2,5,Round 2,5,6
14,0,New Orleans,Specters,78,66,35,27,3,3,1,74,253,244,9,0.53,2429,2119,51.7,1576,1084,663,641,7.53,189,36,0.1905,11,210,43,0.7952,11,2,5,Round 2,5,5
14,0,New Orleans,Specters,70,66,35,25,3,5,3,76,255,231,24,0.53,2235,2316,49.1,1342,1207,570,545,7.11,231,53,0.2294,11,216,45,0.7917,10,3,5,Round 1,3,4
6,0,Seattle,Riot,37,50,35,12,3,0,0,73,169,123,46,0.7,,,,,,,,,,,,,,,,1,,1,Round 2,7,7
4,0,Manhattan,Rage,56,50,35,14,1,1,0,71,195,115,80,0.7,,,,,,,,,,,,,,,,4,1,3,Round 2,2,4
0,0,Buffalo,Stampede,53,50,35,14,1,1,0,71,196,109,87,0.7,,,,,,,,,,,,,,,,4,2,3,Round 1,0,4
13,0,Los Angeles,Panthers,53,50,35,11,1,0,3,74,168,119,49,0.7,,,,,,,,,,,,,,,,3,1,1,Round 2,4,7
9,0,Edmonton,Blizzard,44,50,35,11,4,0,0,74,194,133,61,0.7,,,,,,,,,,,,,,,,1,,1,Round 2,6,5
19,0,Seattle,Argonauts,59,66,35,27,3,1,1,74,203,170,33,0.53,,,,,,,,,,,,,,,,7,2,3,Round 2,4,6
11,0,Winnipeg,Jets,38,50,35,12,3,0,0,73,206,150,56,0.7,,,,,,,,,,,,,,,,2,,2,Round 2,6,7
12,0,San Francisco,Pride,38,50,35,11,4,0,0,74,162,132,30,0.7,,,,,,,,,,,,,,,,1,,1,Round 1,1,4
1,0,Chicago,Syndicate,54,50,35,13,2,0,0,72,226,107,119,0.7,,,,,,,,,,,,,,,,3,3,3,Round 1,2,4
4,0,Manhattan,Rage,18,50,35,13,2,0,0,72,0,0,0,0.7,,,,,,,,,,,,,,,,2,,1,Round 2,6,5
3,0,Toronto,North Stars,15,50,35,13,2,0,0,72,0,0,0,0.7,,,,,,,,,,,,,,,,3,,2,Round 2,6,5
6,0,Vancouver,Nightmare,6,60,35,19,6,0,0,76,0,0,0,0.583,,,,,,,,,,,,,,,,2,,2,Round 1,2,4
2,0,Hamilton,Steelhawks,19,50,35,10,5,0,0,75,0,0,0,0.7,,,,,,,,,,,,,,,,1,,1,Finals Lost,10,8
8,0,Calgary,Dragons,30,50,35,13,2,0,0,72,175,120,55,0.7,,,,,,,,,,,,,,,,1,,1,Round 2,5,7
2,0,Hamilton,Steelhawks,20,50,35,13,2,0,0,72,0,0,0,0.7,,,,,,,,,,,,,,,,1,,1,Finals Lost,9,5
23,0,Nashville,Sound,85,66,35,30,0,0,1,71,297,297,0,0.53,2390,2228,45.5,1196,1530,724,939,7.32,240,53,0.2208,5,204,34,0.8333,11,,6,Round 1,1,4
23,0,Nashville,Sound,86,66,35,28,1,2,2,73,286,283,3,0.53,2407,2167,47.5,1411,1493,769,822,7.39,220,31,0.1409,12,212,35,0.8349,14,,7,Round 1,1,4
1,0,Chicago,Syndicate,86,66,35,25,4,0,2,76,318,249,69,0.53,2570,1940,49,1216,1607,762,764,7.33,221,55,0.2489,8,216,43,0.8009,13,,7,Round 1,3,4
2,0,Hamilton,Steelhawks,84,66,35,27,1,3,3,74,272,259,13,0.53,2108,2224,50.9,1173,1478,712,834,6.91,195,49,0.2513,6,206,33,0.8398,11,,7,Round 1,2,4
21,0,Philadelphia,Forge,84,66,35,22,5,1,4,79,272,232,40,0.53,2397,1916,50.7,1085,1611,642,866,6.35,174,28,0.1609,9,179,27,0.8492,7,,4,Round 2,4,5
20,0,Montreal,Patriotes,84,66,35,28,2,1,1,73,268,254,14,0.53,2263,2123,45.8,1052,1592,809,763,6.3,191,36,0.1885,12,185,24,0.8703,12,,8,Round 1,2,4
24,0,Denver,Glacier Guardians,84,66,34,28,1,0,3,72,264,274,-10,0.515,2241,2208,53.8,1415,1323,616,885,8.35,257,41,0.1595,10,223,38,0.8296,13,,5,Round 1,2,4
5,0,New England,Wolfpack,49,50,34,14,2,0,0,70,161,124,37,0.68,,,,,,,,,,,,,,,,2,1,1,Finals Lost,8,7
8,0,Calgary,Dragons,49,50,34,13,3,0,0,71,177,146,31,0.68,,,,,,,,,,,,,,,,1,1,1,Round 2,3,4
11,0,Winnipeg,Jets,43,50,34,14,2,0,0,70,195,143,52,0.68,,,,,,,,,,,,,,,,1,,1,Finals Lost,8,9
9,0,Edmonton,Blizzard,60,66,34,26,2,3,4,74,229,219,10,0.515,,,,,,,,,,,,,,,,9,3,5,Round 2,4,6
9,0,Edmonton,Blizzard,59,66,34,26,2,2,4,74,226,204,22,0.515,,,,,,,,,,,,,,,,8,3,4,Round 2,4,6
18,0,Atlanta,Inferno,60,66,34,27,2,5,3,73,208,186,22,0.515,,,,,,,,,,,,,,,,10,2,5,Round 3,8,6
4,0,Manhattan,Rage,58,66,34,26,2,2,4,74,217,198,19,0.515,,,,,,,,,,,,,,,,8,1,5,Round 2,1,4
15,0,Texas,Renegades,56,50,34,16,0,3,0,68,178,128,50,0.68,,,,,,,,,,,,,,,,6,1,2,Round 2,0,4
3,0,Toronto,North Stars,57,66,34,26,3,2,3,74,192,181,11,0.515,,,,,,,,,,,,,,,,10,4,5,Missed,,
0,0,Buffalo,Stampede,56,50,34,16,0,0,0,68,187,112,75,0.68,,,,,,,,,,,,,,,,5,3,4,Finals Lost,13,10
14,0,New Orleans,Specters,55,50,34,11,3,2,2,73,202,120,82,0.68,,,,,,,,,,,,,,,,4,1,2,Finals Lost,11,9
8,0,Calgary,Dragons,61,66,34,26,2,5,4,74,206,201,5,0.515,,,,,,,,,,,,,,,,9,2,4,Round 2,5,5
14,0,New Orleans,Specters,74,66,34,27,2,1,3,73,263,255,8,0.515,2314,2330,48,1717,1250,676,670,8.83,227,45,0.1982,7,250,52,0.792,12,4,6,Round 1,3,4
20,0,Montreal,Patriotes,67,66,34,27,2,1,3,73,278,234,44,0.515,2293,2133,50.6,978,1392,565,541,8.02,217,56,0.2581,9,224,41,0.817,13,3,6,Round 3,10,6
21,0,Philadelphia,Forge,63,66,34,22,5,1,5,78,235,202,33,0.515,,,,,,,,,,,,,,,,11,4,7,Round 1,2,4
1,0,Chicago,Syndicate,67,66,34,23,6,3,3,77,240,200,40,0.515,2271,1784,49.8,1165,1301,590,510,5.42,152,24,0.1579,11,154,37,0.7597,11,3,7,Round 1,3,4
18,0,Atlanta,Inferno,79,66,34,26,3,1,3,74,287,248,39,0.515,2640,2252,50.7,1401,1286,647,588,9.05,251,55,0.2191,9,275,60,0.7818,10,4,6,Round 3,10,6
21,0,Philadelphia,Forge,82,66,34,29,2,3,1,71,263,261,2,0.515,2254,2156,49.9,1067,1686,722,769,8.09,234,25,0.1068,14,219,44,0.7991,9,3,5,Round 1,2,4
6,0,Tampa Bay,Barracuda,75,66,34,30,1,0,1,70,309,254,55,0.515,2659,2441,53.8,1054,1116,714,549,7.14,198,44,0.2222,15,198,35,0.8232,12,4,7,Round 1,2,4
12,0,San Francisco,Pride,75,66,34,29,3,2,0,71,267,247,20,0.515,2421,2091,52.4,1319,1035,722,573,6.94,207,54,0.2609,13,174,38,0.7816,11,3,5,Round 1,0,4
15,0,Texas,Renegades,21,52,34,14,4,0,0,72,0,0,0,0.654,,,,,,,,,,,,,,,,1,,1,Cup Winner,12,5
10,0,Minnesota,Chiefs,30,50,34,15,1,0,0,69,181,136,45,0.68,,,,,,,,,,,,,,,,3,,1,Round 1,0,4
9,0,Edmonton,Blizzard,30,50,34,14,2,0,0,70,179,131,48,0.68,,,,,,,,,,,,,,,,2,,2,Finals Lost,8,7
15,0,Texas,Renegades,28,50,34,12,4,0,0,72,175,135,40,0.68,,,,,,,,,,,,,,,,1,,1,Round 1,1,4
8,0,Calgary,Dragons,9,50,34,16,0,0,0,68,0,0,0,0.68,,,,,,,,,,,,,,,,2,,1,Cup Winner,8,4
9,0,Edmonton,Blizzard,29,50,34,12,4,0,0,72,173,121,52,0.68,,,,,,,,,,,,,,,,2,,1,Round 2,7,6
9,0,Edmonton,Comets,4,40,34,2,4,0,0,72,0,0,0,0.85,,,,,,,,,,,,,,,,1,,1,Cup Winner,8,2
9,0,Edmonton,Blizzard,18,50,34,10,6,0,0,74,0,0,0,0.68,,,,,,,,,,,,,,,,1,,1,Round 2,7,4
6,0,Seattle,Riot,20,50,34,12,4,0,0,72,0,0,0,0.68,,,,,,,,,,,,,,,,2,,1,Round 1,0,4
11,0,Winnipeg,Jets,22,52,34,14,4,0,0,72,0,0,0,0.654,,,,,,,,,,,,,,,,1,,1,Round 1,1,4
10,0,Minnesota,Chiefs,12,50,33,15,2,0,0,68,0,0,0,0.66,,,,,,,,,,,,,,,,2,,2,Cup Winner,12,7
2,0,Hamilton,Steelhawks,12,50,33,17,0,0,0,66,0,0,0,0.66,,,,,,,,,,,,,,,,3,,3,Round 1,1,4
7,0,West Kendall,Platoon,8,50,33,14,3,0,0,69,0,0,0,0.66,,,,,,,,,,,,,,,,1,,1,Finals Lost,5,6
5,0,New England,Wolfpack,34,50,33,12,5,0,0,71,192,152,40,0.66,,,,,,,,,,,,,,,,1,,1,Round 2,4,7
8,0,Calgary,Dragons,14,50,33,14,3,0,0,69,0,0,0,0.66,,,,,,,,,,,,,,,,1,,1,Round 1,2,4
9,0,Edmonton,Blizzard,11,50,33,16,1,0,0,67,0,0,0,0.66,,,,,,,,,,,,,,,,3,,2,Round 1,3,4
13,0,Los Angeles,Panthers,16,50,33,15,2,0,0,68,0,0,0,0.66,,,,,,,,,,,,,,,,3,,1,Round 1,2,4
3,0,Toronto,North Stars,16,50,33,12,5,0,0,71,0,0,0,0.66,,,,,,,,,,,,,,,,2,,2,Finals Lost,10,6
3,0,Toronto,North Stars,7,50,33,13,4,0,0,70,0,0,0,0.66,,,,,,,,,,,,,,,,1,,1,Round 2,1,4
13,0,Los Angeles,Panthers,22,52,33,13,6,0,0,72,0,0,0,0.635,,,,,,,,,,,,,,,,2,,2,Finals Lost,11,7
3,0,Toronto,North Stars,12,50,33,13,4,0,0,70,0,0,0,0.66,,,,,,,,,,,,,,,,1,,1,Round 2,7,5
6,0,Seattle,Riot,21,52,33,14,5,0,0,71,0,0,0,0.635,,,,,,,,,,,,,,,,2,,2,Round 2,7,7
7,0,West Kendall,Platoon,26,50,33,12,5,0,0,71,0,0,0,0.66,,,,,,,,,,,,,,,,1,,1,Round 1,3,4
15,0,Texas,Renegades,20,50,33,14,3,0,0,69,0,0,0,0.66,,,,,,,,,,,,,,,,3,,2,Cup Winner,12,4
4,0,Manhattan,Rage,49,50,33,15,2,0,0,68,186,137,49,0.66,,,,,,,,,,,,,,,,3,1,2,Round 3,6,5
14,0,New Orleans,Specters,47,50,33,14,3,0,0,69,174,143,31,0.66,,,,,,,,,,,,,,,,2,1,1,Round 2,3,4
9,0,Edmonton,Blizzard,47,50,33,16,1,0,0,67,178,132,46,0.66,,,,,,,,,,,,,,,,3,1,2,Round 2,2,4
3,0,Toronto,North Stars,61,66,33,29,1,2,3,70,209,197,12,0.5,,,,,,,,,,,,,,,,10,4,6,Round 1,1,4
2,0,Hamilton,Steelhawks,55,50,33,14,1,0,2,69,198,107,91,0.66,,,,,,,,,,,,,,,,5,2,3,Round 2,5,7
2,0,Hamilton,Steelhawks,52,50,33,15,2,0,0,68,187,159,28,0.66,,,,,,,,,,,,,,,,2,1,1,Round 2,1,4
8,0,Calgary,Dragons,39,50,33,14,3,0,0,69,155,125,30,0.66,,,,,,,,,,,,,,,,2,,1,Round 1,0,4
2,0,Hamilton,Steelhawks,39,50,33,12,5,0,0,71,185,153,32,0.66,,,,,,,,,,,,,,,,1,,1,Round 1,3,4
3,0,Toronto,North Stars,44,50,33,15,2,0,0,68,141,113,28,0.66,,,,,,,,,,,,,,,,2,,1,Round 1,3,4
13,0,Los Angeles,Panthers,41,50,33,13,4,0,0,70,187,151,36,0.66,,,,,,,,,,,,,,,,2,,2,Finals Lost,11,10
13,0,Los Angeles,Panthers,54,50,33,17,0,2,0,66,160,114,46,0.66,,,,,,,,,,,,,,,,4,1,1,Round 2,7,5
22,0,Cincinnati,Six,83,66,33,32,0,3,1,67,242,252,-10,0.5,2283,2196,50.3,1260,1601,683,816,7.36,196,26,0.1327,5,204,39,0.8088,14,,8,Round 1,1,4
10,0,Minnesota,Monarchs,85,66,33,29,2,2,2,70,282,275,7,0.5,2247,2015,54.8,1264,1499,818,810,7.33,206,29,0.1408,3,209,35,0.8325,12,,6,Round 1,3,4
20,0,Montreal,Patriotes,83,66,33,30,2,1,1,69,260,249,11,0.5,2278,1987,52.1,1083,1525,692,764,6.06,187,34,0.1818,8,150,22,0.8533,12,,6,Round 1,1,4
2,0,Hamilton,Steelhawks,85,66,33,29,3,2,1,70,268,287,-19,0.5,2145,2152,51.9,1428,1148,742,891,8.24,240,34,0.1417,11,241,40,0.834,13,,7,Round 1,2,4
13,0,Los Angeles,Panthers,81,66,33,26,5,1,2,73,278,244,34,0.5,2390,2323,48.5,1470,1045,591,564,8.5,224,45,0.2009,10,238,52,0.7815,12,4,7,Round 2,6,6
0,0,Buffalo,Stampede,79,66,33,26,6,4,1,73,242,239,3,0.5,2479,2525,52,1398,1180,569,633,7.03,211,48,0.2275,11,203,36,0.8227,11,3,7,Round 2,4,6
1,0,Chicago,Syndicate,73,66,33,29,3,1,1,70,275,253,22,0.5,2635,2403,50.5,1118,1278,603,595,7.94,253,55,0.2174,10,226,48,0.7876,11,3,5,Round 2,7,4
6,0,Tampa Bay,Barracuda,76,66,33,26,7,3,0,73,281,254,27,0.5,2421,2582,52.1,1406,1010,664,596,9.27,223,47,0.2108,6,274,52,0.8102,9,3,4,Round 1,2,4
2,0,Hamilton,Steelhawks,83,66,33,30,2,1,1,69,245,243,2,0.5,2020,2292,50.8,1098,1545,584,826,8.8,231,37,0.1602,6,247,55,0.7773,13,,7,Round 2,4,6
10,0,Minnesota,Monarchs,73,66,33,30,3,2,0,69,284,281,3,0.5,2842,2584,50.3,1083,1333,643,584,7.79,185,44,0.2378,14,237,41,0.827,12,4,6,Round 1,1,4
2,0,Hamilton,Steelhawks,71,66,33,31,1,2,1,68,269,294,-25,0.5,2403,2503,51,871,1465,698,541,8.56,260,44,0.1692,19,249,38,0.8474,11,4,7,Round 1,1,4
14,0,New Orleans,Specters,82,66,33,28,2,2,3,71,267,270,-3,0.5,1965,2102,49.2,1465,1409,734,749,7.58,238,46,0.1933,8,216,39,0.8194,10,1,5,Round 2,7,5
21,0,Philadelphia,Forge,62,66,32,25,4,1,5,73,231,199,32,0.485,,,,,,,,,,,,,,,,10,3,6,Round 1,2,4
14,0,New Orleans,Specters,68,66,32,29,2,3,3,69,189,197,-8,0.485,2211,1919,49.7,1352,1387,566,469,4.89,180,43,0.2389,7,141,19,0.8652,11,3,5,Round 1,1,4
5,0,New England,Wolfpack,76,66,32,29,4,1,1,69,287,260,27,0.485,2855,2493,48.7,1107,1186,698,629,9.08,243,49,0.2016,8,247,45,0.8178,10,2,5,Round 1,3,4
9,0,Edmonton,Blizzard,69,66,32,27,4,1,3,71,240,227,13,0.485,2268,2043,56.5,765,1305,623,538,7.73,211,49,0.2322,7,219,40,0.8174,12,3,6,Round 2,5,4
0,0,Buffalo,Stampede,78,66,32,28,4,2,2,70,293,283,10,0.485,2632,2614,52.9,1150,1174,676,648,7.14,204,53,0.2598,11,194,49,0.7474,12,3,7,Round 2,5,7
7,0,Baltimore,Platoon,80,66,32,30,2,1,2,68,253,265,-12,0.485,2411,2459,52.6,1160,974,713,649,7.39,234,51,0.2179,12,218,39,0.8211,12,5,6,Round 1,2,4
15,0,Texas,Renegades,82,66,32,30,2,2,2,68,227,261,-34,0.485,1871,2185,48.9,1384,1338,662,913,7.62,240,41,0.1708,6,213,28,0.8685,12,3,7,Round 1,1,4
6,0,Tampa Bay,Barracuda,66,66,32,25,7,1,2,73,281,247,34,0.485,2384,2272,50.1,1076,1277,678,596,7.52,210,42,0.2,8,205,53,0.7415,12,3,6,Round 2,6,4
14,0,New Orleans,Specters,79,66,32,30,2,3,2,68,235,233,2,0.485,2379,2173,53.3,1635,1138,671,682,8.03,242,49,0.2025,9,227,52,0.7709,12,2,5,Round 1,2,4
7,0,Baltimore,Platoon,81,66,32,30,2,2,2,68,246,259,-13,0.485,2309,2539,45.9,1306,1125,714,672,8.61,238,44,0.1849,18,251,55,0.7809,13,4,6,Round 1,2,4
2,0,Hamilton,Steelhawks,74,66,32,28,4,1,2,70,310,294,16,0.485,2784,2532,51.7,1101,1291,724,580,8.09,241,56,0.2324,11,246,47,0.8089,13,3,7,Round 1,3,4
3,0,Toronto,North Stars,62,66,32,29,3,4,2,69,195,177,18,0.485,,,,,,,,,,,,,,,,11,4,7,Round 1,0,4
15,0,Texas,Renegades,45,50,32,15,3,0,0,67,163,139,24,0.64,,,,,,,,,,,,,,,,2,,2,Round 2,7,4
18,0,Atlanta,Inferno,61,66,32,30,2,3,2,68,198,214,-16,0.485,,,,,,,,,,,,,,,,12,4,8,Round 1,0,4
9,0,Edmonton,Blizzard,51,50,32,14,4,0,0,68,177,138,39,0.64,,,,,,,,,,,,,,,,2,1,2,Finals Lost,9,7
9,0,Edmonton,Blizzard,53,50,32,13,2,1,3,69,172,121,51,0.64,,,,,,,,,,,,,,,,5,1,2,Finals Lost,10,7
9,0,Edmonton,Blizzard,56,50,32,17,0,0,1,65,192,123,69,0.64,,,,,,,,,,,,,,,,7,2,3,Round 3,11,8
12,0,San Francisco,Pride,50,50,32,14,4,0,0,68,162,141,21,0.64,,,,,,,,,,,,,,,,1,1,1,Round 2,0,4
5,0,New England,Wolfpack,38,50,32,14,4,0,0,68,196,150,46,0.64,,,,,,,,,,,,,,,,4,,2,Round 1,3,4
15,0,Texas,Renegades,40,50,32,12,6,0,0,70,167,147,20,0.64,,,,,,,,,,,,,,,,2,,2,Round 1,1,4
11,0,Winnipeg,Jets,37,50,32,17,1,0,0,65,172,141,31,0.64,,,,,,,,,,,,,,,,2,,2,Cup Winner,12,6
9,0,Edmonton,Blizzard,41,50,32,13,5,0,0,69,186,140,46,0.64,,,,,,,,,,,,,,,,3,,3,Round 1,3,4
11,0,Winnipeg,Jets,40,50,32,11,7,0,0,71,184,145,39,0.64,,,,,,,,,,,,,,,,1,,1,Round 2,7,7
8,0,Calgary,Dragons,31,50,32,16,2,0,0,66,159,129,30,0.64,,,,,,,,,,,,,,,,2,,1,Round 1,2,4
5,0,New England,Wolfpack,31,50,32,13,5,0,0,69,162,126,36,0.64,,,,,,,,,,,,,,,,1,,1,Cup Winner,12,7
7,0,West Kendall,Platoon,5,44,32,7,5,0,0,69,0,0,0,0.727,,,,,,,,,,,,,,,,1,,1,Cup Winner,8,1
3,0,Toronto,North Stars,31,50,32,16,2,0,0,66,145,119,26,0.64,,,,,,,,,,,,,,,,3,,2,Round 2,7,5
5,0,New England,Wolfpack,33,50,32,15,3,0,0,67,176,129,47,0.64,,,,,,,,,,,,,,,,1,,1,Cup Winner,12,6
6,0,Seattle,Riot,26,50,32,12,6,0,0,70,0,0,0,0.64,,,,,,,,,,,,,,,,2,,1,Finals Lost,8,8
9,0,Edmonton,Blizzard,13,50,32,12,6,0,0,70,0,0,0,0.64,,,,,,,,,,,,,,,,1,,1,Cup Winner,12,6
11,0,Winnipeg,Jets,9,50,32,14,4,0,0,68,0,0,0,0.64,,,,,,,,,,,,,,,,3,,2,Round 1,3,4
15,0,Texas,Renegades,85,66,32,32,2,1,0,66,328,297,31,0.485,2394,2229,50.3,1307,1505,691,907,6.65,201,37,0.1841,6,182,41,0.7747,14,,7,Round 1,1,4
22,0,Cincinnati,Six,86,66,32,32,2,1,0,66,272,274,-2,0.485,2088,2410,46.1,826,1481,638,744,7.14,189,38,0.2011,3,198,37,0.8131,15,,8,Round 1,0,4
23,0,Nashville,Sound,83,66,31,33,1,3,1,64,253,271,-18,0.47,2142,2351,48.4,987,1443,576,846,6.79,205,54,0.2634,3,190,41,0.7842,16,,10,Missed,,
25,0,Madison,Valkyries,87,66,31,31,3,1,1,66,245,283,-38,0.47,2090,2337,50.2,975,1585,709,803,7.55,209,24,0.1148,8,188,29,0.8457,12,,7,Missed,,
23,0,Nashville,Sound,87,66,31,31,2,3,2,66,269,286,-17,0.47,2320,2273,48.4,1270,1623,650,807,7.03,202,30,0.1485,10,217,47,0.7834,13,,6,Missed,,
2,0,Hamilton,Steelhawks,51,50,31,15,4,0,0,66,196,164,32,0.62,,,,,,,,,,,,,,,,3,1,1,Cup Winner,12,2
19,0,Seattle,Argonauts,60,66,31,26,2,1,7,71,223,220,3,0.47,,,,,,,,,,,,,,,,11,4,6,Round 1,3,4
13,0,Los Angeles,Panthers,59,66,31,27,3,4,5,70,205,209,-4,0.47,,,,,,,,,,,,,,,,9,2,5,Round 1,2,4
10,0,Minnesota,Chiefs,38,50,31,12,7,0,0,69,173,145,28,0.62,,,,,,,,,,,,,,,,3,,1,Round 2,7,7
8,0,Calgary,Dragons,41,50,31,13,6,0,0,68,173,149,24,0.62,,,,,,,,,,,,,,,,4,,4,Round 1,2,4
8,0,Calgary,Dragons,55,50,31,13,2,3,4,68,168,120,48,0.62,,,,,,,,,,,,,,,,6,2,3,Round 1,2,4
7,0,West Kendall,Platoon,40,50,31,16,3,0,0,65,159,145,14,0.62,,,,,,,,,,,,,,,,4,,1,Round 1,2,4
8,0,Calgary,Dragons,40,50,31,13,6,0,0,68,170,141,29,0.62,,,,,,,,,,,,,,,,3,,3,Cup Winner,12,7
13,0,Los Angeles,Panthers,61,66,31,29,5,2,1,68,202,236,-34,0.47,,,,,,,,,,,,,,,,13,3,5,Round 1,1,4
8,0,Calgary,Dragons,53,50,31,14,1,1,4,67,189,134,55,0.62,,,,,,,,,,,,,,,,6,2,3,Round 1,3,4
8,0,Calgary,Dragons,36,50,31,15,4,0,0,66,175,132,43,0.62,,,,,,,,,,,,,,,,1,,1,Round 2,4,7
10,0,Minnesota,Monarchs,62,66,31,34,0,2,1,63,208,243,-35,0.47,,,,,,,,,,,,,,,,15,3,7,Round 1,1,4
12,0,San Francisco,Pride,52,50,31,12,7,0,0,69,177,138,39,0.62,,,,,,,,,,,,,,,,1,1,1,Finals Lost,10,9
19,0,Seattle,Argonauts,61,66,31,30,3,2,2,67,217,220,-3,0.47,,,,,,,,,,,,,,,,14,4,6,Round 1,1,4
11,0,Winnipeg,Jets,39,50,31,18,1,0,0,63,163,134,29,0.62,,,,,,,,,,,,,,,,3,,2,Round 2,6,7
2,0,Hamilton,Steelhawks,76,66,31,29,2,2,4,68,285,281,4,0.47,2799,2393,51.2,1137,1223,700,600,9.44,264,68,0.2576,10,277,52,0.8123,11,3,6,Round 3,9,10
4,0,Manhattan,Rage,76,66,31,32,2,1,1,65,246,259,-13,0.47,2337,2696,41.2,1384,1191,613,631,7.7,221,48,0.2172,10,203,44,0.7833,12,4,7,Round 1,1,4
14,0,New Orleans,Specters,65,66,31,29,2,1,4,68,202,211,-9,0.47,,,,,,,,,,,,,,,,13,3,6,Round 1,3,4
14,0,New Orleans,Specters,75,66,31,34,0,2,1,63,253,255,-2,0.47,2343,2314,49.4,1464,1209,679,760,8.08,191,42,0.2199,9,224,57,0.7455,13,3,6,Round 2,5,6
10,0,Minnesota,Monarchs,76,66,31,32,0,5,3,65,228,245,-17,0.47,2491,2209,57.2,1387,1084,679,613,7.47,212,39,0.184,19,203,40,0.803,13,4,6,Round 1,3,4
2,0,Hamilton,Steelhawks,72,66,31,31,2,2,2,66,296,306,-10,0.47,2534,2557,51.5,890,1370,680,529,10.59,283,70,0.2473,11,303,65,0.7855,12,4,7,Round 1,1,4
8,0,Calgary,Dragons,66,66,31,32,2,2,1,65,224,247,-23,0.47,2158,2226,52.5,1277,1208,722,433,6.29,202,43,0.2129,17,177,37,0.791,14,4,7,Round 1,1,4
11,0,Winnipeg,Aurora,82,66,31,30,4,0,1,67,257,274,-17,0.47,2010,2048,51.9,1094,1482,658,811,8.06,240,50,0.2083,9,225,41,0.8178,13,4,8,Round 1,1,4
18,0,Atlanta,Inferno,76,66,31,33,1,0,1,64,249,254,-5,0.47,2677,2300,53,1351,1189,646,670,8.45,271,53,0.1956,17,236,44,0.8136,14,5,8,Round 1,2,4
1,0,Chicago,Syndicate,82,66,31,29,4,0,2,68,274,256,18,0.47,2211,2038,47.4,1433,1371,676,756,7.7,246,40,0.1626,8,217,36,0.8341,11,2,6,Round 1,1,4
12,0,San Francisco,Pride,74,66,31,30,3,1,2,67,286,262,24,0.47,2461,2446,49.6,1295,1190,620,646,8.03,211,55,0.2607,28,216,46,0.787,14,3,7,Round 3,9,8
0,0,Buffalo,Stampede,81,66,31,30,3,1,2,67,264,247,17,0.47,2515,2510,50.4,1530,1128,580,623,8.21,244,48,0.1967,14,225,42,0.8133,14,3,7,Round 1,1,4
7,0,West Kendall,Platoon,25,50,31,16,3,0,0,65,0,0,0,0.62,,,,,,,,,,,,,,,,2,,1,Finals Lost,11,6
10,0,Minnesota,Chiefs,10,50,31,15,4,0,0,66,0,0,0,0.62,,,,,,,,,,,,,,,,3,,2,Cup Winner,12,9
8,0,Calgary,Dragons,26,50,31,15,4,0,0,66,0,0,0,0.62,,,,,,,,,,,,,,,,3,,2,Round 1,3,4
13,0,Los Angeles,Panthers,24,52,31,12,9,0,0,71,0,0,0,0.596,,,,,,,,,,,,,,,,1,,1,Finals Lost,11,6
11,0,Winnipeg,Jets,25,50,31,13,6,0,0,68,0,0,0,0.62,,,,,,,,,,,,,,,,1,,1,Cup Winner,12,6
3,0,Toronto,North Stars,27,50,31,13,6,0,0,68,0,0,0,0.62,,,,,,,,,,,,,,,,2,,1,Round 2,4,5
7,0,West Kendall,Platoon,6,60,31,24,5,0,0,67,0,0,0,0.517,,,,,,,,,,,,,,,,3,,1,Round 2,1,4
5,0,New England,Wolfpack,22,52,31,18,3,0,0,65,0,0,0,0.596,,,,,,,,,,,,,,,,3,,1,Round 1,1,4
2,0,Hamilton,Steelhawks,17,50,31,13,6,0,0,68,0,0,0,0.62,,,,,,,,,,,,,,,,1,,1,Round 2,7,6
8,0,Calgary,Dragons,6,60,31,24,5,0,0,67,0,0,0,0.517,,,,,,,,,,,,,,,,4,,3,Round 2,5,6
5,0,New England,Wolfpack,21,52,31,13,8,0,0,70,0,0,0,0.596,,,,,,,,,,,,,,,,3,,1,Round 2,6,5
11,0,Winnipeg,Jets,12,50,31,16,3,0,0,65,0,0,0,0.62,,,,,,,,,,,,,,,,4,,1,Finals Lost,11,8
4,0,Manhattan,Rage,7,50,31,14,5,0,0,67,0,0,0,0.62,,,,,,,,,,,,,,,,2,,2,Round 1,1,4
6,0,Las Vegas,Kings,9,50,31,18,1,0,0,63,0,0,0,0.62,,,,,,,,,,,,,,,,4,,3,Round 2,7,7
4,0,Manhattan,Rage,13,50,31,16,3,0,0,65,0,0,0,0.62,,,,,,,,,,,,,,,,3,,1,Finals Lost,9,7
11,0,Winnipeg,Jets,13,50,31,13,6,0,0,68,0,0,0,0.62,,,,,,,,,,,,,,,,2,,2,Round 1,0,4
4,0,Manhattan,Rage,14,50,30,16,4,0,0,64,0,0,0,0.6,,,,,,,,,,,,,,,,3,,2,Round 2,7,4
13,0,Los Angeles,Panthers,23,52,30,18,4,0,0,64,0,0,0,0.577,,,,,,,,,,,,,,,,1,,1,Round 1,3,4
2,0,Hamilton,Steelhawks,15,50,30,12,8,0,0,68,0,0,0,0.6,,,,,,,,,,,,,,,,4,,3,Round 1,1,4
2,0,Hamilton,Steelhawks,21,52,30,19,3,0,0,63,0,0,0,0.577,,,,,,,,,,,,,,,,4,,2,Finals Lost,9,9
4,0,Manhattan,Rage,19,50,30,16,4,0,0,64,0,0,0,0.6,,,,,,,,,,,,,,,,2,,2,Round 2,6,5
11,0,Winnipeg,Jets,19,50,30,18,2,0,0,62,0,0,0,0.6,,,,,,,,,,,,,,,,3,,1,Cup Winner,12,6
11,0,Winnipeg,Jets,24,52,30,18,4,0,0,64,0,0,0,0.577,,,,,,,,,,,,,,,,4,,2,Round 1,2,4
7,0,West Kendall,Platoon,10,50,30,18,2,0,0,62,0,0,0,0.6,,,,,,,,,,,,,,,,5,,3,Round 1,3,4
10,0,Minnesota,Chiefs,24,52,30,17,5,0,0,65,0,0,0,0.577,,,,,,,,,,,,,,,,2,,1,Round 2,5,7
2,0,Hamilton,Steelhawks,24,52,30,17,5,0,0,65,0,0,0,0.577,,,,,,,,,,,,,,,,3,,2,Cup Winner,12,6
11,0,Winnipeg,Jets,10,50,30,14,6,0,0,66,0,0,0,0.6,,,,,,,,,,,,,,,,4,,2,Finals Lost,11,8
15,0,Texas,Renegades,27,50,30,16,4,0,0,64,0,0,0,0.6,,,,,,,,,,,,,,,,3,,2,Round 1,2,4
12,0,Portland,Admirals,34,50,30,16,4,0,0,64,145,126,19,0.6,,,,,,,,,,,,,,,,3,,2,Finals Lost,10,7
13,0,Los Angeles,Panthers,34,50,30,12,8,0,0,68,159,131,28,0.6,,,,,,,,,,,,,,,,2,,1,Round 1,3,4
4,0,Manhattan,Rage,30,50,30,16,4,0,0,64,150,144,6,0.6,,,,,,,,,,,,,,,,5,,3,Round 1,3,4
9,0,Edmonton,Blizzard,33,50,30,16,4,0,0,64,165,139,26,0.6,,,,,,,,,,,,,,,,3,,2,Round 1,2,4
8,0,Calgary,Dragons,33,50,30,14,6,0,0,66,171,137,34,0.6,,,,,,,,,,,,,,,,2,,1,Finals Lost,10,6
2,0,Hamilton,Steelhawks,14,50,30,16,4,0,0,64,0,0,0,0.6,,,,,,,,,,,,,,,,2,,1,Round 1,2,4
9,0,Edmonton,Blizzard,32,50,30,19,1,0,0,61,141,120,21,0.6,,,,,,,,,,,,,,,,5,,3,Round 2,6,6
6,0,Seattle,Riot,32,50,30,15,5,0,0,65,141,123,18,0.6,,,,,,,,,,,,,,,,2,,2,Round 1,2,4
5,0,New England,Wolfpack,32,50,30,16,4,0,0,64,162,121,41,0.6,,,,,,,,,,,,,,,,3,,1,Round 2,4,7
15,0,Texas,Renegades,31,50,30,15,5,0,0,65,163,129,34,0.6,,,,,,,,,,,,,,,,4,,2,Round 1,2,4
7,0,West Kendall,Platoon,2,40,30,6,4,0,0,64,0,0,0,0.75,,,,,,,,,,,,,,,,1,,1,Cup Winner,8,2
7,0,West Kendall,Platoon,28,50,30,15,5,0,0,65,157,119,38,0.6,,,,,,,,,,,,,,,,2,,1,Finals Lost,10,10
2,0,Hamilton,Steelhawks,29,50,30,14,6,0,0,66,136,124,12,0.6,,,,,,,,,,,,,,,,3,,2,Finals Lost,11,9
7,0,West Kendall,Platoon,1,40,30,5,5,0,0,65,0,0,0,0.75,,,,,,,,,,,,,,,,1,,1,Finals Lost,5,7
10,0,Minnesota,Chiefs,8,50,30,16,4,0,0,64,0,0,0,0.6,,,,,,,,,,,,,,,,2,,2,Round 2,6,6
5,0,New England,Wolfpack,35,50,30,16,4,0,0,64,181,139,42,0.6,,,,,,,,,,,,,,,,2,,1,Round 2,5,4
10,0,Minnesota,Chiefs,31,50,30,19,1,0,0,61,168,138,30,0.6,,,,,,,,,,,,,,,,6,,3,Round 1,1,4
3,0,Toronto,North Stars,28,50,30,18,2,0,0,62,165,133,32,0.6,,,,,,,,,,,,,,,,5,,2,Round 1,1,4
1,0,Chicago,Syndicate,55,50,30,17,0,1,3,63,187,116,71,0.6,,,,,,,,,,,,,,,,7,3,4,Round 1,1,4
9,0,Edmonton,Blizzard,42,50,30,15,5,0,0,65,185,154,31,0.6,,,,,,,,,,,,,,,,2,,1,Round 2,5,6
21,0,Philadelphia,Forge,60,66,30,33,1,3,2,63,198,217,-19,0.455,,,,,,,,,,,,,,,,14,4,7,Round 1,2,4
11,0,Winnipeg,Jets,36,50,30,16,4,0,0,64,178,156,22,0.6,,,,,,,,,,,,,,,,2,,2,Round 1,2,4
14,0,New Orleans,Specters,54,50,30,16,4,3,0,64,163,138,25,0.6,,,,,,,,,,,,,,,,5,2,2,Cup Winner,12,5
6,0,Tampa Bay,Barracuda,50,50,30,14,6,0,0,66,179,142,37,0.6,,,,,,,,,,,,,,,,2,1,1,Finals Lost,11,8
1,0,Chicago,Syndicate,51,50,30,20,0,0,0,60,182,150,32,0.6,,,,,,,,,,,,,,,,4,1,2,Round 2,3,4
7,0,West Kendall,Platoon,48,50,30,17,3,0,0,63,179,146,33,0.6,,,,,,,,,,,,,,,,3,2,2,Round 3,5,5
14,0,New Orleans,Specters,48,50,30,15,5,0,0,65,163,135,28,0.6,,,,,,,,,,,,,,,,2,1,1,Round 3,7,6
7,0,West Kendall,Platoon,45,50,30,16,4,0,0,64,182,165,17,0.6,,,,,,,,,,,,,,,,3,,1,Finals Lost,11,7
2,0,Hamilton,Steelhawks,43,50,30,18,2,0,0,62,174,142,32,0.6,,,,,,,,,,,,,,,,2,,1,Round 1,2,4
13,0,Los Angeles,Panthers,44,50,30,16,4,0,0,64,165,147,18,0.6,,,,,,,,,,,,,,,,3,,2,Round 1,2,4
18,0,Atlanta,Inferno,58,66,30,34,2,4,0,62,212,225,-13,0.455,,,,,,,,,,,,,,,,10,2,6,Round 2,5,6
21,0,Philadelphia,Forge,61,66,30,27,4,1,5,69,199,197,2,0.455,,,,,,,,,,,,,,,,11,3,7,Round 1,2,4
10,0,Minnesota,Monarchs,61,66,30,30,2,0,4,66,192,197,-5,0.455,,,,,,,,,,,,,,,,15,3,7,Round 1,0,4
10,0,Minnesota,Monarchs,59,66,30,34,1,4,1,62,164,226,-62,0.455,,,,,,,,,,,,,,,,10,4,6,Missed,,
7,0,West Kendall,Platoon,49,50,30,15,5,0,0,65,176,139,37,0.6,,,,,,,,,,,,,,,,4,2,3,Round 1,3,4
2,0,Hamilton,Steelhawks,42,50,30,13,7,0,0,67,177,155,22,0.6,,,,,,,,,,,,,,,,1,,1,Round 2,5,5
12,0,San Francisco,Pride,62,66,30,32,0,1,4,64,202,223,-21,0.455,,,,,,,,,,,,,,,,14,4,6,Round 1,2,4
0,0,Buffalo,Stampede,84,66,30,32,1,3,3,64,223,281,-58,0.455,1952,2264,51.6,1163,1480,746,858,7.35,200,30,0.15,12,196,30,0.8469,14,,9,Missed,,
1,0,Chicago,Syndicate,87,66,30,34,1,3,1,62,249,287,-38,0.455,2152,2300,48.4,1279,1565,708,820,7.44,241,36,0.1494,5,213,41,0.8075,14,,8,Missed,,
13,0,Los Angeles,Panthers,71,66,30,33,0,2,3,63,222,280,-58,0.455,2513,2384,49.7,927,1531,656,637,5.94,193,38,0.1969,10,185,48,0.7405,12,2,5,Round 2,5,7
4,0,Manhattan,Rage,82,66,30,33,1,1,2,63,254,272,-18,0.455,2094,2096,49.7,1352,1581,859,790,8.95,243,31,0.1276,9,261,43,0.8352,14,4,6,Round 2,5,6
1,0,Chicago,Syndicate,77,66,30,35,0,1,1,61,260,319,-59,0.455,2255,2951,45.3,1447,1045,561,520,8.52,273,48,0.1758,27,244,55,0.7746,13,4,6,Round 1,1,4
5,0,New England,Wolfpack,67,66,30,35,0,3,1,61,201,255,-54,0.455,2050,2190,53.7,944,1148,782,480,5.26,153,30,0.1961,10,155,38,0.7548,14,4,7,Round 1,0,4
3,0,Toronto,North Stars,77,66,30,34,0,2,2,62,252,273,-21,0.455,2325,2430,51.1,1383,1191,568,605,8.45,225,40,0.1778,12,231,50,0.7835,12,3,7,Round 1,2,4
19,0,Seattle,Argonauts,62,66,30,29,2,3,5,67,214,214,0,0.455,,,,,,,,,,,,,,,,12,3,5,Round 2,5,7
5,0,New England,Wolfpack,68,66,30,28,5,1,3,68,263,248,15,0.455,2315,2123,51.7,1034,1287,674,556,7.09,188,44,0.234,9,208,44,0.7885,12,4,7,Round 1,1,4
7,0,Baltimore,Platoon,83,66,30,32,3,0,1,64,261,272,-11,0.455,2206,2174,50.3,1372,1588,615,907,6.53,180,37,0.2056,13,199,38,0.809,15,,9,Missed,,
14,0,New Orleans,Specters,63,66,30,32,0,8,4,64,177,237,-60,0.455,,,,,,,,,,,,,,,,13,3,6,Round 1,0,4
15,0,Texas,Renegades,70,66,30,33,3,1,0,63,222,264,-42,0.455,1960,2523,51.6,1150,1059,599,459,6.79,193,38,0.1969,10,199,45,0.7739,12,4,7,Round 1,0,4
21,0,Philadelphia,Forge,66,66,30,30,5,4,1,66,210,241,-31,0.455,2195,2277,48.7,949,1375,607,559,7.24,180,35,0.1944,3,222,60,0.7297,13,4,7,Round 1,3,4
3,0,Toronto,North Stars,74,66,30,33,2,1,1,63,283,341,-58,0.455,2454,3168,40.3,1111,1282,517,573,7.05,211,45,0.2133,20,204,45,0.7794,15,4,8,Round 1,0,4
9,0,Edmonton,Blizzard,68,66,30,31,3,2,2,65,192,226,-34,0.455,1808,2128,51.6,721,1239,702,532,6.71,178,33,0.1854,8,194,48,0.7526,13,3,6,Round 1,2,4
1,0,Chicago,Syndicate,75,66,29,34,2,3,1,61,248,308,-60,0.439,2330,2552,48.9,1005,1111,623,601,7.55,237,41,0.173,19,215,55,0.7442,14,4,7,Round 1,0,4
2,0,Hamilton,Steelhawks,82,66,29,33,1,1,3,62,239,287,-48,0.439,1833,2413,50.1,1212,1580,673,881,8.59,229,37,0.1616,7,245,37,0.849,15,3,7,Round 1,1,4
15,0,Texas,Renegades,71,66,29,32,4,1,1,63,214,240,-26,0.439,2035,2248,53.3,1339,1181,678,534,6.45,180,40,0.2222,4,187,40,0.7861,13,4,6,Round 1,0,4
3,0,Toronto,North Stars,76,66,29,31,4,4,2,64,264,305,-41,0.439,2596,2757,51,1216,1302,607,635,8.56,205,42,0.2049,20,230,56,0.7565,15,4,9,Missed,,
11,0,Winnipeg,Jets,48,50,29,19,2,0,0,60,163,144,19,0.58,,,,,,,,,,,,,,,,4,1,2,Finals Lost,10,9
0,0,Buffalo,Stampede,47,50,29,20,1,0,0,59,167,143,24,0.58,,,,,,,,,,,,,,,,5,1,2,Round 3,7,6
13,0,Los Angeles,Panthers,58,66,29,31,0,4,6,64,198,222,-24,0.439,,,,,,,,,,,,,,,,9,2,4,Round 1,2,4
2,0,Hamilton,Steelhawks,50,50,29,19,2,0,0,60,154,142,12,0.58,,,,,,,,,,,,,,,,3,1,2,Round 3,6,6
6,0,Tampa Bay,Barracuda,60,66,29,31,2,3,4,64,209,203,6,0.439,,,,,,,,,,,,,,,,12,3,6,Round 1,0,4
15,0,Texas,Renegades,36,50,29,16,5,0,0,63,160,143,17,0.58,,,,,,,,,,,,,,,,3,,3,Cup Winner,12,4
14,0,New Orleans,Specters,53,50,29,17,3,6,1,62,146,122,24,0.58,,,,,,,,,,,,,,,,7,2,4,Round 1,3,4
7,0,West Kendall,Platoon,44,50,29,17,4,0,0,62,165,137,28,0.58,,,,,,,,,,,,,,,,5,,2,Finals Lost,10,8
4,0,Manhattan,Rage,54,50,29,17,0,1,4,62,162,126,36,0.58,,,,,,,,,,,,,,,,6,1,4,Round 1,0,4
11,0,Winnipeg,Jets,44,50,29,15,6,0,0,64,167,136,31,0.58,,,,,,,,,,,,,,,,4,,3,Cup Winner,12,6
4,0,Manhattan,Rage,38,50,29,17,4,0,0,62,160,149,11,0.58,,,,,,,,,,,,,,,,5,,3,Cup Winner,12,8
1,0,Chicago,Syndicate,52,50,29,16,5,0,0,63,180,151,29,0.58,,,,,,,,,,,,,,,,3,1,2,Round 2,3,4
7,0,West Kendall,Platoon,37,50,29,16,5,0,0,63,170,138,32,0.58,,,,,,,,,,,,,,,,3,,1,Round 2,5,7
9,0,Edmonton,Blizzard,54,50,29,18,2,0,1,61,180,145,35,0.58,,,,,,,,,,,,,,,,7,1,3,Round 1,2,4
3,0,Toronto,North Stars,46,50,29,18,3,0,0,61,164,150,14,0.58,,,,,,,,,,,,,,,,3,2,3,Round 2,3,4
8,0,Calgary,Dragons,42,50,29,15,6,0,0,64,166,142,24,0.58,,,,,,,,,,,,,,,,3,,2,Cup Winner,12,4
4,0,Manhattan,Rage,46,50,29,18,3,0,0,61,172,157,15,0.58,,,,,,,,,,,,,,,,2,1,2,Round 3,5,7
10,0,Minnesota,Monarchs,60,66,29,31,2,6,4,64,164,216,-52,0.439,,,,,,,,,,,,,,,,13,3,7,Round 1,0,4
9,0,Edmonton,Blizzard,52,50,29,18,3,0,0,61,147,130,17,0.58,,,,,,,,,,,,,,,,4,1,2,Round 2,2,4
15,0,Texas,Renegades,30,50,29,19,2,0,0,60,163,160,3,0.58,,,,,,,,,,,,,,,,6,,3,Round 1,2,4
2,0,Hamilton,Steelhawks,16,50,29,15,6,0,0,64,0,0,0,0.58,,,,,,,,,,,,,,,,4,,3,Round 1,2,4
9,0,Edmonton,Comets,2,40,29,8,3,0,0,61,0,0,0,0.725,,,,,,,,,,,,,,,,2,,1,Round 1,3,4
13,0,Los Angeles,Panthers,17,50,29,16,5,0,0,63,0,0,0,0.58,,,,,,,,,,,,,,,,4,,2,Cup Winner,12,8
2,0,Hamilton,Steelhawks,18,50,29,17,4,0,0,62,0,0,0,0.58,,,,,,,,,,,,,,,,3,,2,Round 1,3,4
2,0,Hamilton,Steelhawks,13,50,29,17,4,0,0,62,0,0,0,0.58,,,,,,,,,,,,,,,,4,,2,Round 1,0,4
12,0,Portland,Admirals,35,50,29,18,3,0,0,61,146,123,23,0.58,,,,,,,,,,,,,,,,3,,2,Finals Lost,11,8
8,0,Calgary,Dragons,17,50,29,15,6,0,0,64,0,0,0,0.58,,,,,,,,,,,,,,,,2,,1,Round 1,2,4
10,0,Minnesota,Chiefs,13,50,29,18,3,0,0,61,0,0,0,0.58,,,,,,,,,,,,,,,,5,,3,Round 2,5,4
4,0,Manhattan,Rage,34,50,29,19,2,0,0,60,175,162,13,0.58,,,,,,,,,,,,,,,,4,,2,Cup Winner,12,2
13,0,Los Angeles,Panthers,33,50,29,16,5,0,0,63,160,148,12,0.58,,,,,,,,,,,,,,,,4,,3,Round 2,6,6
5,0,New England,Wolfpack,17,50,29,16,5,0,0,63,0,0,0,0.58,,,,,,,,,,,,,,,,3,,2,Round 1,0,4
10,0,Minnesota,Chiefs,18,50,29,17,4,0,0,62,0,0,0,0.58,,,,,,,,,,,,,,,,4,,3,Finals Lost,11,9
3,0,Toronto,North Stars,17,50,29,17,4,0,0,62,0,0,0,0.58,,,,,,,,,,,,,,,,5,,3,Finals Lost,10,7
5,0,New England,Wolfpack,23,52,29,20,3,0,0,61,0,0,0,0.558,,,,,,,,,,,,,,,,5,,2,Cup Winner,12,7
4,0,Manhattan,Rage,6,60,29,24,7,0,0,65,0,0,0,0.483,,,,,,,,,,,,,,,,5,,2,Round 1,1,4
5,0,New England,Wolfpack,30,50,29,20,1,0,0,59,152,126,26,0.58,,,,,,,,,,,,,,,,7,,4,Cup Winner,12,2
10,0,Minnesota,Chiefs,6,60,29,24,7,0,0,65,0,0,0,0.483,,,,,,,,,,,,,,,,6,,3,Finals Lost,11,6
8,0,Calgary,Dragons,29,50,29,15,6,0,0,64,170,129,41,0.58,,,,,,,,,,,,,,,,4,,2,Cup Winner,12,7
2,0,Hamilton,Steelhawks,23,52,29,18,5,0,0,63,0,0,0,0.558,,,,,,,,,,,,,,,,3,,1,Round 1,3,4
9,0,Edmonton,Blizzard,23,52,29,17,6,0,0,64,0,0,0,0.558,,,,,,,,,,,,,,,,2,,2,Finals Lost,10,10
10,0,Minnesota,Chiefs,23,52,29,20,3,0,0,61,0,0,0,0.558,,,,,,,,,,,,,,,,6,,3,Round 1,2,4
9,0,Edmonton,Blizzard,28,50,29,15,6,0,0,64,143,126,17,0.58,,,,,,,,,,,,,,,,4,,3,Cup Winner,12,5
15,0,Texas,Renegades,23,52,29,19,4,0,0,62,0,0,0,0.558,,,,,,,,,,,,,,,,4,,3,Round 1,3,4
8,0,Calgary,Dragons,25,50,29,19,2,0,0,60,0,0,0,0.58,,,,,,,,,,,,,,,,3,,2,Round 1,1,4
2,0,Hamilton,Steelhawks,27,50,29,16,5,0,0,63,0,0,0,0.58,,,,,,,,,,,,,,,,4,,2,Finals Lost,11,7
8,0,Calgary,Dragons,28,50,29,15,6,0,0,64,160,132,28,0.58,,,,,,,,,,,,,,,,3,,2,Round 1,1,4
6,0,Las Vegas,Kings,10,50,29,17,4,0,0,62,0,0,0,0.58,,,,,,,,,,,,,,,,6,,3,Round 1,1,4
3,0,Toronto,North Stars,6,60,29,26,5,0,0,63,0,0,0,0.483,,,,,,,,,,,,,,,,8,,4,Missed,,
7,0,West Kendall,Platoon,30,50,29,14,7,0,0,65,161,132,29,0.58,,,,,,,,,,,,,,,,4,,2,Round 2,6,7
15,0,Texas,Renegades,24,52,29,17,6,0,0,64,0,0,0,0.558,,,,,,,,,,,,,,,,5,,3,Round 2,6,6
8,0,Calgary,Dragons,85,66,29,33,2,2,2,62,226,265,-39,0.439,1976,2195,51.8,1097,1401,638,791,7.88,194,31,0.1598,6,220,33,0.85,15,,8,Round 1,0,4
14,0,New Orleans,Specters,56,50,28,15,5,4,2,63,148,119,29,0.56,,,,,,,,,,,,,,,,8,2,4,Round 1,1,4
10,0,Minnesota,Chiefs,39,50,28,15,7,0,0,63,158,143,15,0.56,,,,,,,,,,,,,,,,4,,2,Cup Winner,12,3
9,0,Edmonton,Blizzard,50,50,28,19,3,0,0,59,156,145,11,0.56,,,,,,,,,,,,,,,,5,1,2,Round 2,2,4
6,0,Tampa Bay,Barracuda,48,50,28,12,10,0,0,66,190,152,38,0.56,,,,,,,,,,,,,,,,1,1,1,Round 2,3,4
12,0,San Francisco,Pride,48,50,28,19,3,0,0,59,161,145,16,0.56,,,,,,,,,,,,,,,,5,2,3,Round 2,2,4
4,0,Manhattan,Rage,52,50,28,21,1,0,0,57,161,139,22,0.56,,,,,,,,,,,,,,,,6,2,4,Cup Winner,12,7
2,0,Hamilton,Steelhawks,40,50,28,13,9,0,0,65,166,128,38,0.56,,,,,,,,,,,,,,,,5,,2,Round 2,7,5
8,0,Calgary,Dragons,47,50,28,16,6,0,0,62,157,145,12,0.56,,,,,,,,,,,,,,,,4,2,3,Finals Lost,8,7
14,0,New Orleans,Specters,50,50,28,21,1,0,0,57,187,153,34,0.56,,,,,,,,,,,,,,,,6,2,3,Round 3,4,6
15,0,Texas,Renegades,55,50,28,19,2,3,1,59,153,141,12,0.56,,,,,,,,,,,,,,,,9,2,4,Round 1,0,4
0,0,Buffalo,Stampede,52,50,28,19,3,0,0,59,163,155,8,0.56,,,,,,,,,,,,,,,,5,2,3,Round 3,10,5
5,0,New England,Wolfpack,54,50,28,21,1,2,0,57,171,113,58,0.56,,,,,,,,,,,,,,,,8,2,5,Missed,,
3,0,Toronto,North Stars,47,50,28,20,2,0,0,58,165,171,-6,0.56,,,,,,,,,,,,,,,,6,2,3,Round 2,2,4
10,0,Minnesota,Chiefs,43,50,28,21,1,0,0,57,153,141,12,0.56,,,,,,,,,,,,,,,,5,,2,Round 1,0,4
10,0,Minnesota,Chiefs,46,50,28,19,3,0,0,59,184,165,19,0.56,,,,,,,,,,,,,,,,5,1,1,Round 3,6,6
6,0,Seattle,Riot,38,50,28,16,6,0,0,62,172,156,16,0.56,,,,,,,,,,,,,,,,6,,3,Round 1,3,4
0,0,Buffalo,Stampede,46,50,28,14,8,0,0,64,172,139,33,0.56,,,,,,,,,,,,,,,,1,1,1,Cup Winner,12,5
13,0,Los Angeles,Panthers,43,50,28,20,2,0,0,58,156,156,0,0.56,,,,,,,,,,,,,,,,4,,3,Round 2,7,6
10,0,Minnesota,Chiefs,37,50,28,17,5,0,0,61,148,128,20,0.56,,,,,,,,,,,,,,,,4,,2,Round 1,2,4
9,0,Edmonton,Blizzard,39,50,28,20,2,0,0,58,150,150,0,0.56,,,,,,,,,,,,,,,,5,,3,Round 1,3,4
13,0,Los Angeles,Panthers,42,50,28,22,0,0,0,56,181,167,14,0.56,,,,,,,,,,,,,,,,8,,4,Round 1,2,4
15,0,Texas,Renegades,44,50,28,21,1,0,0,57,159,145,14,0.56,,,,,,,,,,,,,,,,7,,5,Missed,,
8,0,Calgary,Dragons,44,50,28,18,4,0,0,60,152,129,23,0.56,,,,,,,,,,,,,,,,6,,4,Round 1,1,4
12,0,San Francisco,Pride,61,66,28,31,3,1,4,63,197,196,1,0.424,,,,,,,,,,,,,,,,16,5,8,Round 1,0,4
6,0,Seattle,Riot,43,50,28,18,4,0,0,60,186,160,26,0.56,,,,,,,,,,,,,,,,3,,2,Round 1,2,4
19,0,Seattle,Argonauts,79,66,28,35,3,3,0,59,224,290,-66,0.424,2058,2530,52.3,1724,939,471,617,7.06,198,39,0.197,16,205,37,0.8195,13,4,6,Round 1,1,4
14,0,New Orleans,Specters,73,66,28,33,4,0,1,61,226,265,-39,0.424,2262,2420,46.2,1589,1232,563,704,9.67,240,42,0.175,16,283,54,0.8092,13,5,7,Round 1,2,4
5,0,New England,Wolfpack,80,66,28,34,2,0,2,60,258,302,-44,0.424,2421,2606,46.1,1449,1186,610,599,9.64,264,57,0.2159,19,277,72,0.7401,13,2,7,Round 1,1,4
18,0,Atlanta,Inferno,62,66,28,28,2,7,8,66,198,235,-37,0.424,,,,,,,,,,,,,,,,13,4,8,Round 1,1,4
0,0,Buffalo,Stampede,83,66,28,35,2,2,1,59,211,244,-33,0.424,2012,2148,50.6,1291,1476,679,895,6.76,202,26,0.1287,9,195,35,0.8205,17,,11,Missed,,
9,0,Edmonton,Blizzard,65,66,28,32,4,4,2,62,215,251,-36,0.424,,,,,,,,,,,,,,,,14,4,7,Round 1,0,4
9,0,Edmonton,Blizzard,64,66,28,34,2,3,2,60,200,226,-26,0.424,,,,,,,,,,,,,,,,13,4,7,Round 1,2,4
6,0,Seattle,Riot,25,50,28,19,3,0,0,59,0,0,0,0.56,,,,,,,,,,,,,,,,5,,3,Round 2,6,5
13,0,Los Angeles,Panthers,35,50,28,18,4,0,0,60,158,137,21,0.56,,,,,,,,,,,,,,,,5,,3,Round 1,1,4
11,0,Winnipeg,Jets,26,50,28,17,5,0,0,61,0,0,0,0.56,,,,,,,,,,,,,,,,4,,3,Round 2,5,7
6,0,Seattle,Riot,28,50,28,17,5,0,0,61,164,146,18,0.56,,,,,,,,,,,,,,,,7,,5,Missed,,
11,0,Winnipeg,Jets,35,50,28,21,1,0,0,57,162,158,4,0.56,,,,,,,,,,,,,,,,6,,4,Missed,,
3,0,Toronto,North Stars,35,50,28,17,5,0,0,61,165,144,21,0.56,,,,,,,,,,,,,,,,4,,2,Cup Winner,12,5
4,0,Manhattan,Rage,32,50,28,15,7,0,0,63,164,148,16,0.56,,,,,,,,,,,,,,,,4,,2,Finals Lost,9,6
9,0,Edmonton,Blizzard,31,50,28,16,6,0,0,62,149,125,24,0.56,,,,,,,,,,,,,,,,5,,3,Finals Lost,9,7
7,0,West Kendall,Platoon,31,50,28,19,3,0,0,59,164,128,36,0.56,,,,,,,,,,,,,,,,7,,4,Round 1,3,4
8,0,Calgary,Dragons,21,52,28,21,3,0,0,59,0,0,0,0.538,,,,,,,,,,,,,,,,6,,4,Missed,,
6,0,Seattle,Riot,36,50,28,15,7,0,0,63,177,155,22,0.56,,,,,,,,,,,,,,,,4,,4,Round 1,3,4
7,0,West Kendall,Platoon,33,50,28,18,4,0,0,60,124,111,13,0.56,,,,,,,,,,,,,,,,5,,2,Round 1,0,4
3,0,Toronto,North Stars,20,50,28,20,2,0,0,58,0,0,0,0.56,,,,,,,,,,,,,,,,5,,2,Round 1,2,4
15,0,Texas,Renegades,32,50,28,19,3,0,0,59,140,130,10,0.56,,,,,,,,,,,,,,,,6,,4,Missed,,
6,0,Seattle,Riot,33,50,28,18,4,0,0,60,139,134,5,0.56,,,,,,,,,,,,,,,,6,,4,Round 1,0,4
6,0,Seattle,Riot,19,50,28,19,3,0,0,59,0,0,0,0.56,,,,,,,,,,,,,,,,6,,3,Round 2,5,6
6,0,Seattle,Riot,22,52,28,19,5,0,0,61,0,0,0,0.538,,,,,,,,,,,,,,,,4,,3,Round 1,0,4
9,0,Edmonton,Blizzard,22,52,28,20,4,0,0,60,0,0,0,0.538,,,,,,,,,,,,,,,,5,,4,Round 2,7,5
0,0,Buffalo,Stampede,36,50,28,19,3,0,0,59,163,163,0,0.56,,,,,,,,,,,,,,,,5,,1,Round 1,3,4
6,0,Las Vegas,Kings,8,50,28,17,5,0,0,61,0,0,0,0.56,,,,,,,,,,,,,,,,3,,1,Round 2,3,4
7,0,West Kendall,Platoon,3,40,28,7,5,0,0,61,0,0,0,0.7,,,,,,,,,,,,,,,,2,,1,Round 2,1,4
2,0,Hamilton,Steelhawks,6,60,28,25,7,0,0,63,0,0,0,0.467,,,,,,,,,,,,,,,,9,,5,Missed,,
9,0,Edmonton,Comets,3,40,28,6,6,0,0,62,0,0,0,0.7,,,,,,,,,,,,,,,,1,,1,Cup Winner,8,3
10,0,Minnesota,Chiefs,9,50,28,20,2,0,0,58,0,0,0,0.56,,,,,,,,,,,,,,,,6,,3,Round 1,3,4
3,0,Toronto,North Stars,11,50,28,22,0,0,0,56,0,0,0,0.56,,,,,,,,,,,,,,,,7,,3,Round 1,1,4
8,0,Calgary,Dragons,13,50,28,17,5,0,0,61,0,0,0,0.56,,,,,,,,,,,,,,,,6,,3,Round 2,7,4
2,0,Hamilton,Steelhawks,5,44,28,12,4,0,0,60,0,0,0,0.636,,,,,,,,,,,,,,,,2,,2,Round 2,5,7
11,0,Winnipeg,Jets,18,50,27,17,6,0,0,60,0,0,0,0.54,,,,,,,,,,,,,,,,5,,2,Round 1,3,4
3,0,Toronto,North Stars,10,50,27,17,6,0,0,60,0,0,0,0.54,,,,,,,,,,,,,,,,7,,4,Round 1,2,4
5,0,New England,Wolfpack,14,50,27,20,3,0,0,57,0,0,0,0.54,,,,,,,,,,,,,,,,5,,3,Finals Lost,10,9
2,0,Hamilton,Steelhawks,28,50,27,19,4,0,0,58,154,144,10,0.54,,,,,,,,,,,,,,,,9,,3,Round 2,7,5
13,0,Los Angeles,Panthers,31,50,27,22,1,0,0,55,143,143,0,0.54,,,,,,,,,,,,,,,,9,,5,Missed,,
8,0,Calgary,Dragons,32,50,27,18,5,0,0,59,146,142,4,0.54,,,,,,,,,,,,,,,,7,,5,Cup Winner,12,4
11,0,Winnipeg,Jets,28,50,27,15,8,0,0,62,172,171,1,0.54,,,,,,,,,,,,,,,,6,,4,Round 2,6,5
8,0,Calgary,Dragons,19,50,27,21,2,0,0,56,0,0,0,0.54,,,,,,,,,,,,,,,,7,,4,Round 1,3,4
13,0,Los Angeles,Panthers,19,50,27,17,6,0,0,60,0,0,0,0.54,,,,,,,,,,,,,,,,5,,2,Round 1,2,4
2,0,Hamilton,Steelhawks,11,50,27,19,4,0,0,58,0,0,0,0.54,,,,,,,,,,,,,,,,4,,2,Cup Winner,12,5
6,0,Seattle,Riot,29,50,27,16,7,0,0,61,148,143,5,0.54,,,,,,,,,,,,,,,,5,,3,Round 1,1,4
8,0,Calgary,Dragons,12,50,27,18,5,0,0,59,0,0,0,0.54,,,,,,,,,,,,,,,,5,,2,Round 1,0,4
11,0,Winnipeg,Jets,29,50,27,20,3,0,0,57,155,154,1,0.54,,,,,,,,,,,,,,,,9,,5,Missed,,
9,0,Edmonton,Blizzard,17,50,27,20,3,0,0,57,0,0,0,0.54,,,,,,,,,,,,,,,,6,,3,Round 1,3,4
2,0,Hamilton,Steelhawks,9,50,27,16,7,0,0,61,0,0,0,0.54,,,,,,,,,,,,,,,,5,,2,Finals Lost,9,8
13,0,Los Angeles,Panthers,14,50,27,18,5,0,0,59,0,0,0,0.54,,,,,,,,,,,,,,,,4,,2,Round 1,2,4
11,0,Winnipeg,Jets,33,50,27,20,3,0,0,57,161,158,3,0.54,,,,,,,,,,,,,,,,7,,5,Missed,,
15,0,Texas,Renegades,34,50,27,18,5,0,0,59,164,164,0,0.54,,,,,,,,,,,,,,,,6,,4,Round 2,6,7
15,0,Texas,Renegades,16,50,27,20,3,0,0,57,0,0,0,0.54,,,,,,,,,,,,,,,,5,,2,Round 1,1,4
8,0,Calgary,Dragons,27,50,27,18,5,0,0,59,0,0,0,0.54,,,,,,,,,,,,,,,,5,,3,Cup Winner,12,7
9,0,Edmonton,Blizzard,25,50,27,20,3,0,0,57,0,0,0,0.54,,,,,,,,,,,,,,,,6,,4,Round 1,1,4
8,0,Calgary,Dragons,50,50,27,20,3,0,0,57,158,151,7,0.54,,,,,,,,,,,,,,,,7,2,4,Cup Winner,16,4
5,0,New England,Wolfpack,55,50,27,16,1,0,6,61,149,122,27,0.54,,,,,,,,,,,,,,,,8,2,5,Missed,,
10,0,Minnesota,Chiefs,41,50,27,17,6,0,0,60,162,154,8,0.54,,,,,,,,,,,,,,,,5,,1,Round 1,2,4
14,0,New Orleans,Specters,46,50,27,19,4,0,0,58,148,135,13,0.54,,,,,,,,,,,,,,,,6,1,2,Finals Lost,11,9
15,0,Texas,Renegades,37,50,27,19,4,0,0,58,155,153,2,0.54,,,,,,,,,,,,,,,,5,,3,Round 1,0,4
7,0,West Kendall,Platoon,36,50,27,22,1,0,0,55,149,148,1,0.54,,,,,,,,,,,,,,,,9,,5,Missed,,
12,0,San Francisco,Pride,53,50,27,20,2,1,1,57,155,132,23,0.54,,,,,,,,,,,,,,,,8,3,5,Missed,,
5,0,New England,Wolfpack,60,66,27,31,4,3,4,62,198,233,-35,0.409,,,,,,,,,,,,,,,,15,4,8,Round 1,1,4
2,0,Hamilton,Steelhawks,46,50,27,17,6,0,0,60,169,167,2,0.54,,,,,,,,,,,,,,,,4,3,4,Round 2,5,7
8,0,Calgary,Dragons,43,50,27,21,2,0,0,56,166,149,17,0.54,,,,,,,,,,,,,,,,7,,4,Round 1,2,4
0,0,Buffalo,Stampede,51,50,27,21,2,0,0,56,152,142,10,0.54,,,,,,,,,,,,,,,,6,2,4,Round 2,4,4
10,0,Minnesota,Chiefs,45,50,27,19,4,0,0,58,168,156,12,0.54,,,,,,,,,,,,,,,,4,,2,Round 2,6,5
0,0,Buffalo,Stampede,42,50,27,20,3,0,0,57,159,135,24,0.54,,,,,,,,,,,,,,,,7,,4,Round 1,1,4
14,0,New Orleans,Specters,49,50,27,17,6,0,0,60,160,146,14,0.54,,,,,,,,,,,,,,,,5,1,2,Round 3,6,5
2,0,Hamilton,Steelhawks,48,50,27,18,5,0,0,59,161,150,11,0.54,,,,,,,,,,,,,,,,6,1,3,Round 2,1,4
18,0,Atlanta,Inferno,57,66,27,33,4,3,2,60,199,223,-24,0.409,,,,,,,,,,,,,,,,11,2,6,Round 2,4,6
5,0,New England,Wolfpack,40,50,27,17,6,0,0,60,154,135,19,0.54,,,,,,,,,,,,,,,,7,,3,Round 1,1,4
15,0,Texas,Renegades,42,50,27,19,4,0,0,58,163,165,-2,0.54,,,,,,,,,,,,,,,,6,,3,Round 1,1,4
12,0,San Francisco,Pride,54,50,27,22,0,3,1,55,162,165,-3,0.54,,,,,,,,,,,,,,,,11,4,6,Missed,,
9,0,Edmonton,Blizzard,40,50,27,15,8,0,0,62,163,129,34,0.54,,,,,,,,,,,,,,,,6,,4,Round 1,3,4
0,0,Buffalo,Stampede,48,50,27,19,4,0,0,58,155,150,5,0.54,,,,,,,,,,,,,,,,7,2,4,Cup Winner,16,6
7,0,Baltimore,Platoon,58,66,27,34,2,3,3,59,181,241,-60,0.409,,,,,,,,,,,,,,,,11,3,7,Round 1,1,4
11,0,Winnipeg,Aurora,84,66,27,35,1,1,3,58,235,272,-37,0.409,1945,2132,50.9,1079,1616,642,919,8.58,243,40,0.1646,4,248,49,0.8024,16,,7,Round 1,0,4
8,0,Calgary,Dragons,87,66,27,37,1,4,1,56,200,294,-94,0.409,1981,2326,51.6,1202,1490,595,872,7.59,224,36,0.1607,9,209,27,0.8708,16,,9,Missed,,
25,0,Madison,Valkyries,84,66,27,33,5,1,1,60,229,300,-71,0.409,1984,2168,50,906,1532,712,824,7.91,222,25,0.1126,13,217,40,0.8157,15,,6,Round 1,0,4
0,0,Buffalo,Stampede,85,66,27,34,4,2,1,59,231,267,-36,0.409,2116,2019,52.8,1107,1455,742,847,8.35,220,41,0.1864,9,220,43,0.8045,16,,8,Round 1,0,4
15,0,Texas,Renegades,86,66,27,37,1,2,1,56,241,298,-57,0.409,2269,2213,48.1,1198,1664,738,796,7.38,227,25,0.1101,17,196,33,0.8316,16,,8,Round 1,0,4
8,0,Calgary,Dragons,76,66,27,35,1,4,3,58,242,315,-73,0.409,2483,2731,50,1133,1276,712,616,10.85,279,56,0.2007,8,293,69,0.7645,16,3,7,Round 1,1,4
11,0,Winnipeg,Aurora,81,66,27,32,4,2,3,61,219,251,-32,0.409,2005,2378,50.2,1376,1165,621,550,8.11,228,44,0.193,9,226,40,0.823,15,4,8,Round 1,2,4
2,0,Hamilton,Steelhawks,77,66,27,37,2,4,0,56,230,301,-71,0.409,2276,2556,49.6,1186,1089,694,548,7.17,222,44,0.1982,11,201,36,0.8209,14,4,8,Round 1,1,4
10,0,Minnesota,Monarchs,78,66,27,32,1,0,6,61,233,265,-32,0.409,2416,2458,53.9,1493,1042,645,597,7.41,212,36,0.1698,9,216,49,0.7731,13,3,6,Round 1,1,4
3,0,Toronto,North Stars,81,66,27,35,1,2,3,58,237,275,-38,0.409,2183,2748,48.2,1607,824,586,605,7.38,199,45,0.2261,5,195,43,0.7795,16,4,8,Round 1,0,4
10,0,Minnesota,Monarchs,74,66,27,36,2,1,1,57,287,290,-3,0.409,2790,2494,53.8,1211,1210,642,610,6.61,181,44,0.2431,9,170,42,0.7529,16,5,8,Round 1,0,4
4,0,Manhattan,Rage,78,66,26,37,3,3,0,55,226,321,-95,0.394,2157,2541,47.9,1194,1198,786,599,9.52,244,39,0.1598,10,284,74,0.7394,16,5,9,Missed,,
10,0,Minnesota,Monarchs,79,66,26,36,2,1,2,56,227,264,-37,0.394,2401,2497,50.2,1419,1130,701,625,9.23,277,53,0.1913,22,270,72,0.7333,14,3,7,Round 2,4,6
6,0,Tampa Bay,Barracuda,67,66,26,33,2,2,5,59,247,269,-22,0.394,2380,2435,50.2,1085,1377,648,575,7,201,30,0.1493,10,193,43,0.7772,15,4,8,Round 1,1,4
11,0,Winnipeg,Aurora,77,66,26,37,1,0,2,55,216,268,-52,0.394,2190,2525,49.7,1190,1102,565,566,8.86,244,44,0.1803,11,263,52,0.8023,15,5,7,Round 1,1,4
2,0,Hamilton,Steelhawks,70,66,26,35,3,1,2,57,237,311,-74,0.394,2329,2621,51.9,844,1574,804,540,9.53,249,42,0.1687,32,257,60,0.7665,13,4,6,Round 1,2,4
11,0,Winnipeg,Aurora,78,66,26,35,4,3,1,57,227,272,-45,0.394,2217,2624,47.1,1219,1137,594,662,8.59,224,52,0.2321,10,240,41,0.8292,14,4,7,Round 1,0,4
10,0,Minnesota,Monarchs,75,66,26,36,1,1,3,56,228,244,-16,0.394,2022,2369,53.4,1239,779,602,647,6.05,209,52,0.2488,10,168,38,0.7738,15,5,8,Round 1,2,4
4,0,Manhattan,Rage,81,66,26,36,1,3,3,56,225,281,-56,0.394,2184,2729,50.4,1320,1070,574,650,6.77,239,40,0.1674,15,202,38,0.8119,17,5,9,Missed,,
19,0,Seattle,Argonauts,72,66,26,38,2,3,0,54,188,278,-90,0.394,1830,2520,46,1191,1239,651,558,6.71,188,37,0.1968,8,189,31,0.836,14,4,7,Round 1,1,4
5,0,New England,Wolfpack,42,50,26,17,7,0,0,59,165,165,0,0.52,,,,,,,,,,,,,,,,5,,3,Finals Lost,10,8
8,0,Calgary,Dragons,51,50,26,20,4,0,0,56,152,150,2,0.52,,,,,,,,,,,,,,,,7,2,3,Round 2,3,4
15,0,Texas,Renegades,54,50,26,19,1,3,4,57,138,138,0,0.52,,,,,,,,,,,,,,,,10,3,5,Missed,,
15,0,Texas,Renegades,47,50,26,23,1,0,0,53,157,156,1,0.52,,,,,,,,,,,,,,,,7,2,4,Round 3,9,8
5,0,New England,Wolfpack,45,50,26,22,2,0,0,54,148,166,-18,0.52,,,,,,,,,,,,,,,,5,,3,Round 1,1,4
8,0,Calgary,Dragons,54,50,26,19,2,2,3,57,162,157,5,0.52,,,,,,,,,,,,,,,,9,2,4,Round 1,1,4
7,0,West Kendall,Platoon,42,50,26,17,7,0,0,59,173,154,19,0.52,,,,,,,,,,,,,,,,4,,2,Round 1,3,4
10,0,Minnesota,Chiefs,44,50,26,21,3,0,0,55,153,161,-8,0.52,,,,,,,,,,,,,,,,9,,4,Round 2,7,7
14,0,New Orleans,Specters,61,66,26,37,1,6,2,55,165,260,-95,0.394,,,,,,,,,,,,,,,,17,4,9,Missed,,
4,0,Manhattan,Rage,50,50,26,20,4,0,0,56,147,137,10,0.52,,,,,,,,,,,,,,,,8,2,4,Round 1,2,4
6,0,Tampa Bay,Barracuda,58,66,26,38,2,4,0,54,181,240,-59,0.394,,,,,,,,,,,,,,,,13,4,8,Missed,,
10,0,Minnesota,Chiefs,36,50,26,17,7,0,0,59,146,136,10,0.52,,,,,,,,,,,,,,,,6,,2,Round 2,6,7
4,0,Manhattan,Rage,51,50,26,18,6,0,0,58,166,153,13,0.52,,,,,,,,,,,,,,,,5,2,3,Round 3,5,7
0,0,Buffalo,Stampede,49,50,26,19,5,0,0,57,144,146,-2,0.52,,,,,,,,,,,,,,,,6,2,4,Round 2,1,4
0,0,Buffalo,Stampede,50,50,26,16,8,0,0,60,152,144,8,0.52,,,,,,,,,,,,,,,,4,2,3,Round 2,2,4
12,0,San Francisco,Pride,59,66,26,35,3,3,2,57,158,223,-65,0.394,,,,,,,,,,,,,,,,11,3,7,Round 1,2,4
3,0,Toronto,North Stars,50,50,26,22,2,0,0,54,172,168,4,0.52,,,,,,,,,,,,,,,,9,3,5,Round 2,6,6
0,0,Buffalo,Stampede,41,50,26,17,7,0,0,59,163,172,-9,0.52,,,,,,,,,,,,,,,,6,,2,Round 1,3,4
9,0,Edmonton,Blizzard,49,50,26,22,2,0,0,54,168,172,-4,0.52,,,,,,,,,,,,,,,,7,2,3,Cup Winner,16,7
5,0,New England,Wolfpack,48,50,26,22,2,0,0,54,150,159,-9,0.52,,,,,,,,,,,,,,,,11,4,6,Missed,,
7,0,West Kendall,Platoon,41,50,26,18,6,0,0,58,166,150,16,0.52,,,,,,,,,,,,,,,,7,,3,Cup Winner,12,8
0,0,Buffalo,Stampede,43,50,26,19,5,0,0,57,153,154,-1,0.52,,,,,,,,,,,,,,,,6,,3,Round 2,5,4
13,0,Los Angeles,Panthers,50,50,26,23,1,0,0,53,150,152,-2,0.52,,,,,,,,,,,,,,,,10,3,5,Round 1,1,4
11,0,Winnipeg,Aurora,58,66,26,37,0,2,3,55,170,208,-38,0.394,,,,,,,,,,,,,,,,12,3,5,Round 1,0,4
13,0,Los Angeles,Panthers,28,50,26,17,7,0,0,59,152,141,11,0.52,,,,,,,,,,,,,,,,8,,6,Missed,,
8,0,Calgary,Dragons,11,50,26,19,5,0,0,57,0,0,0,0.52,,,,,,,,,,,,,,,,6,,4,Finals Lost,9,10
13,0,Los Angeles,Panthers,26,50,26,22,2,0,0,54,0,0,0,0.52,,,,,,,,,,,,,,,,8,,5,Missed,,
9,0,Edmonton,Blizzard,21,52,26,18,8,0,0,60,0,0,0,0.5,,,,,,,,,,,,,,,,5,,3,Round 1,3,4
15,0,Texas,Renegades,29,50,26,18,6,0,0,58,150,136,14,0.52,,,,,,,,,,,,,,,,7,,4,Round 1,2,4
15,0,Texas,Renegades,35,50,26,19,5,0,0,57,161,158,3,0.52,,,,,,,,,,,,,,,,7,,5,Round 1,2,4
6,0,Seattle,Riot,31,50,26,20,4,0,0,56,132,136,-4,0.52,,,,,,,,,,,,,,,,8,,4,Round 2,5,6
7,0,West Kendall,Platoon,22,52,26,22,4,0,0,56,0,0,0,0.5,,,,,,,,,,,,,,,,7,,3,Round 2,6,6
3,0,Toronto,North Stars,36,50,26,18,6,0,0,58,164,156,8,0.52,,,,,,,,,,,,,,,,8,,4,Round 1,2,4
5,0,New England,Wolfpack,29,50,26,22,2,0,0,54,137,135,2,0.52,,,,,,,,,,,,,,,,10,,5,Missed,,
11,0,Winnipeg,Jets,20,50,26,18,6,0,0,58,0,0,0,0.52,,,,,,,,,,,,,,,,6,,4,Round 2,6,4
4,0,Manhattan,Rage,23,52,26,22,4,0,0,56,0,0,0,0.5,,,,,,,,,,,,,,,,7,,4,Round 2,7,7
9,0,Edmonton,Blizzard,20,50,26,22,2,0,0,54,0,0,0,0.52,,,,,,,,,,,,,,,,7,,5,Missed,,
3,0,Toronto,North Stars,29,50,26,18,6,0,0,58,162,142,20,0.52,,,,,,,,,,,,,,,,6,,3,Round 2,7,4
9,0,Edmonton,Comets,5,44,26,12,6,0,0,58,0,0,0,0.591,,,,,,,,,,,,,,,,3,,1,Round 2,3,4
6,0,Seattle,Riot,30,50,26,18,6,0,0,58,153,144,9,0.52,,,,,,,,,,,,,,,,8,,4,Round 1,3,4
4,0,Manhattan,Rage,24,52,26,23,3,0,0,55,0,0,0,0.5,,,,,,,,,,,,,,,,7,,3,Round 1,2,4
7,0,West Kendall,Platoon,32,50,26,19,5,0,0,57,149,149,0,0.52,,,,,,,,,,,,,,,,8,,3,Round 1,2,4
4,0,Manhattan,Rage,25,50,26,22,2,0,0,54,0,0,0,0.52,,,,,,,,,,,,,,,,9,,3,Round 1,3,4
3,0,Toronto,North Stars,8,50,26,20,4,0,0,56,0,0,0,0.52,,,,,,,,,,,,,,,,4,,3,Round 1,2,4
8,0,Calgary,Dragons,7,50,26,20,4,0,0,56,0,0,0,0.52,,,,,,,,,,,,,,,,4,,1,Round 2,0,4
13,0,Los Angeles,Panthers,27,50,26,20,4,0,0,56,0,0,0,0.52,,,,,,,,,,,,,,,,6,,4,Missed,,
4,0,Manhattan,Rage,12,50,26,22,2,0,0,54,0,0,0,0.52,,,,,,,,,,,,,,,,6,,4,Round 1,1,4
2,0,Hamilton,Steelhawks,7,50,26,20,4,0,0,60,0,0,0,0.52,,,,,,,,,,,,,,,,3,,3,Finals Lost,8,6
10,0,Minnesota,Chiefs,25,50,26,16,8,0,0,60,0,0,0,0.52,,,,,,,,,,,,,,,,4,,2,Round 2,5,7
5,0,New England,Wolfpack,26,50,26,21,3,0,0,55,0,0,0,0.52,,,,,,,,,,,,,,,,6,,3,Round 1,0,4
2,0,Hamilton,Steelhawks,8,50,26,21,3,0,0,55,0,0,0,0.52,,,,,,,,,,,,,,,,5,,4,Missed,,
13,0,Los Angeles,Panthers,21,52,26,19,7,0,0,59,0,0,0,0.5,,,,,,,,,,,,,,,,7,,5,Round 1,1,4
5,0,New England,Wolfpack,19,50,26,15,9,0,0,61,0,0,0,0.52,,,,,,,,,,,,,,,,4,,3,Round 1,1,4
13,0,Los Angeles,Panthers,20,50,26,15,9,0,0,61,0,0,0,0.52,,,,,,,,,,,,,,,,4,,3,Round 1,1,4
11,0,Winnipeg,Jets,34,50,26,16,8,0,0,60,172,160,12,0.52,,,,,,,,,,,,,,,,5,,3,Round 1,1,4
8,0,Calgary,Dragons,24,52,26,20,6,0,0,58,0,0,0,0.5,,,,,,,,,,,,,,,,6,,4,Round 1,0,4
8,0,Calgary,Dragons,34,50,26,19,5,0,0,57,163,149,14,0.52,,,,,,,,,,,,,,,,7,,5,Missed,,
15,0,Texas,Renegades,13,50,26,19,5,0,0,57,0,0,0,0.52,,,,,,,,,,,,,,,,7,,4,Round 1,2,4
5,0,New England,Wolfpack,36,50,26,17,7,0,0,59,155,149,6,0.52,,,,,,,,,,,,,,,,7,,3,Finals Lost,10,8
3,0,Toronto,North Stars,87,66,26,35,2,2,3,57,254,321,-67,0.394,2183,2313,50.8,1130,1465,605,729,6.44,190,20,0.1053,9,173,51,0.7052,15,,7,Missed,,
15,0,Texas,Renegades,83,66,26,37,0,0,3,55,211,243,-32,0.394,1871,2099,52,1214,1649,588,870,8.97,230,32,0.1391,2,253,51,0.7984,18,,7,Round 1,0,4
22,0,Cincinnati,Six,84,66,26,34,3,3,3,58,274,324,-50,0.394,2136,2367,48.5,1202,1637,674,800,7.15,192,49,0.2552,5,207,50,0.7585,17,,10,Missed,,
23,0,Nashville,Sound,84,66,26,36,4,1,0,56,264,317,-53,0.394,2098,2418,46.8,1198,1597,728,830,6.83,193,26,0.1347,13,211,56,0.7346,18,,11,Missed,,
7,0,Baltimore,Platoon,85,66,26,36,0,1,4,56,218,240,-22,0.394,1930,2183,45.6,1256,1586,648,834,10,276,31,0.1123,5,292,46,0.8425,17,,9,Missed,,
13,0,Los Angeles,Panthers,87,66,25,36,1,3,4,55,277,339,-62,0.379,2247,2694,48.6,933,1652,725,731,7.85,197,22,0.1117,11,232,42,0.819,17,,10,Missed,,
13,0,Los Angeles,Panthers,84,66,25,37,3,2,1,54,283,351,-68,0.379,2086,2767,45,1150,1626,788,912,7.74,223,50,0.2242,6,221,42,0.81,19,,8,Round 1,0,4
12,0,San Francisco,Pride,39,50,25,22,3,0,0,53,147,161,-14,0.5,,,,,,,,,,,,,,,,10,,6,Missed,,
13,0,Los Angeles,Panthers,40,50,25,18,7,0,0,57,161,167,-6,0.5,,,,,,,,,,,,,,,,9,,5,Missed,,
0,0,Buffalo,Stampede,37,50,25,23,2,0,0,52,146,156,-10,0.5,,,,,,,,,,,,,,,,9,,4,Round 1,3,4
2,0,Hamilton,Steelhawks,41,50,25,19,6,0,0,56,177,161,16,0.5,,,,,,,,,,,,,,,,8,,4,Round 2,6,6
4,0,Manhattan,Rage,53,50,25,22,1,2,2,53,159,134,25,0.5,,,,,,,,,,,,,,,,9,2,4,Round 1,2,4
5,0,New England,Wolfpack,58,66,25,37,2,7,2,54,149,240,-91,0.379,,,,,,,,,,,,,,,,14,5,9,Missed,,
5,0,New England,Wolfpack,56,50,25,23,1,2,1,52,136,163,-27,0.5,,,,,,,,,,,,,,,,10,3,6,Round 1,2,4
3,0,Toronto,North Stars,37,50,25,21,4,0,0,54,169,169,0,0.5,,,,,,,,,,,,,,,,8,,3,Finals Lost,11,7
13,0,Los Angeles,Panthers,39,50,25,19,6,0,0,56,149,135,14,0.5,,,,,,,,,,,,,,,,6,,4,Finals Lost,10,6
18,0,Atlanta,Inferno,59,66,25,35,1,3,5,56,213,251,-38,0.379,,,,,,,,,,,,,,,,12,1,5,Round 2,0,4
13,0,Los Angeles,Panthers,37,50,25,20,5,0,0,55,133,140,-7,0.5,,,,,,,,,,,,,,,,7,,5,Missed,,
11,0,Winnipeg,Aurora,59,66,25,37,2,3,2,54,152,230,-78,0.379,,,,,,,,,,,,,,,,13,5,8,Missed,,
8,0,Calgary,Dragons,37,50,25,19,6,0,0,56,167,149,18,0.5,,,,,,,,,,,,,,,,6,,4,Round 1,3,4
18,0,Atlanta,Inferno,56,50,25,22,0,0,3,53,175,153,22,0.5,,,,,,,,,,,,,,,,9,2,5,Round 2,6,5
5,0,New England,Wolfpack,39,50,25,21,4,0,0,54,155,156,-1,0.5,,,,,,,,,,,,,,,,8,,4,Round 2,5,7
8,0,Calgary,Dragons,38,50,25,21,4,0,0,54,148,139,9,0.5,,,,,,,,,,,,,,,,7,,4,Finals Lost,10,7
14,0,New Orleans,Specters,52,50,25,18,7,0,0,57,155,152,3,0.5,,,,,,,,,,,,,,,,7,2,3,Round 3,7,6
4,0,Manhattan,Rage,47,50,25,23,2,0,0,52,160,167,-7,0.5,,,,,,,,,,,,,,,,8,2,4,Round 1,1,4
11,0,Winnipeg,Jets,42,50,25,21,4,0,0,54,145,149,-4,0.5,,,,,,,,,,,,,,,,9,,5,Missed,,
3,0,Toronto,North Stars,48,50,25,17,8,0,0,58,159,160,-1,0.5,,,,,,,,,,,,,,,,8,3,5,Round 1,0,4
9,0,Edmonton,Blizzard,48,50,25,20,5,0,0,55,151,166,-15,0.5,,,,,,,,,,,,,,,,9,2,4,Round 1,1,4
15,0,Texas,Renegades,43,50,25,22,3,0,0,53,157,169,-12,0.5,,,,,,,,,,,,,,,,8,,5,Missed,,
13,0,Los Angeles,Panthers,46,50,25,20,5,0,0,55,152,147,5,0.5,,,,,,,,,,,,,,,,8,2,3,Round 2,3,4
7,0,West Kendall,Platoon,51,50,25,23,2,0,0,52,127,156,-29,0.5,,,,,,,,,,,,,,,,8,3,5,Missed,,
2,0,Hamilton,Steelhawks,44,50,25,19,6,0,0,56,163,144,19,0.5,,,,,,,,,,,,,,,,8,,3,Round 1,1,4
15,0,Texas,Renegades,46,50,25,22,3,0,0,53,162,174,-12,0.5,,,,,,,,,,,,,,,,10,3,4,Missed,,
13,0,Los Angeles,Panthers,52,50,25,21,4,0,0,54,172,164,8,0.5,,,,,,,,,,,,,,,,10,3,4,Round 1,3,4
2,0,Hamilton,Steelhawks,38,50,25,21,4,0,0,54,166,163,3,0.5,,,,,,,,,,,,,,,,8,,4,Round 1,3,4
6,0,Tampa Bay,Barracuda,46,50,25,17,8,0,0,58,147,150,-3,0.5,,,,,,,,,,,,,,,,7,2,5,Round 1,3,4
6,0,Tampa Bay,Barracuda,73,66,25,40,0,0,1,51,227,323,-96,0.379,2397,2852,51.9,1058,1066,662,583,7.98,220,33,0.15,17,226,53,0.7655,15,4,7,Round 1,1,4
3,0,Toronto,North Stars,75,66,25,40,0,0,1,51,244,292,-48,0.379,2468,2785,41.1,1096,1222,537,703,5.92,165,42,0.2545,8,160,45,0.7188,17,4,8,Round 1,0,4
8,0,Calgary,Dragons,63,66,25,37,0,5,4,54,155,212,-57,0.379,,,,,,,,,,,,,,,,14,4,7,Round 1,2,4
2,0,Hamilton,Steelhawks,78,66,25,34,5,2,2,57,258,301,-43,0.379,2197,2742,50.4,1328,984,590,650,7.17,229,68,0.2969,12,212,58,0.7264,15,4,8,Round 1,2,4
11,0,Winnipeg,Aurora,79,66,25,36,1,3,4,55,223,284,-61,0.379,2099,2418,48.8,1188,1245,641,536,8.47,219,50,0.2283,17,242,52,0.7851,15,4,8,Round 1,0,4
8,0,Calgary,Dragons,75,66,25,39,0,1,2,52,201,276,-75,0.379,1876,2652,51.1,1171,1040,529,617,7.29,186,33,0.1774,13,204,47,0.7696,16,4,9,Missed,,
2,0,Hamilton,Steelhawks,66,66,25,36,1,2,4,55,256,300,-44,0.379,2397,2906,44.8,677,1259,605,528,7.8,233,47,0.2017,9,220,49,0.7773,16,4,8,Round 1,0,4
2,0,Hamilton,Steelhawks,80,66,25,38,2,1,1,53,258,311,-53,0.379,2330,2620,49.5,912,1231,703,610,10.61,280,54,0.1929,24,295,73,0.7525,15,4,9,Missed,,
10,0,Minnesota,Monarchs,71,66,25,37,2,3,2,54,214,281,-67,0.379,2007,2640,51.4,1169,1110,585,562,7.08,193,32,0.1658,10,195,40,0.7949,16,5,9,Missed,,
19,0,Seattle,Argonauts,71,66,25,33,4,1,4,58,207,245,-38,0.379,2095,2093,47,987,1438,620,520,8.02,227,39,0.1718,11,236,57,0.7585,14,3,7,Round 1,3,4
7,0,Baltimore,Platoon,82,66,25,36,3,2,2,55,219,271,-52,0.379,1794,2068,47.2,1460,1606,699,910,8.32,226,42,0.1858,9,239,53,0.7782,17,5,9,Missed,,
7,0,Baltimore,Platoon,70,66,25,37,0,3,4,54,197,278,-81,0.379,2043,2684,50.3,948,1384,624,441,6.74,225,43,0.1911,13,200,43,0.785,14,3,7,Round 1,3,4
15,0,Texas,Renegades,11,50,25,17,8,0,0,58,0,0,0,0.5,,,,,,,,,,,,,,,,5,,3,Round 2,7,7
4,0,Manhattan,Rage,22,52,25,22,5,0,0,55,0,0,0,0.481,,,,,,,,,,,,,,,,8,,4,Cup Winner,12,6
10,0,Minnesota,Chiefs,22,52,25,20,7,0,0,57,0,0,0,0.481,,,,,,,,,,,,,,,,6,,2,Round 1,2,4
7,0,West Kendall,Platoon,29,50,25,17,8,0,0,58,172,152,20,0.5,,,,,,,,,,,,,,,,8,,4,Round 1,2,4
15,0,Texas,Renegades,26,50,25,20,5,0,0,55,0,0,0,0.5,,,,,,,,,,,,,,,,7,,4,Round 1,3,4
15,0,Texas,Renegades,25,50,25,20,5,0,0,55,0,0,0,0.5,,,,,,,,,,,,,,,,7,,5,Missed,,
3,0,Toronto,North Stars,24,52,25,23,4,0,0,54,0,0,0,0.481,,,,,,,,,,,,,,,,8,,4,Round 1,3,4
2,0,Hamilton,Steelhawks,26,50,25,19,6,0,0,56,0,0,0,0.5,,,,,,,,,,,,,,,,5,,2,Cup Winner,12,3
13,0,Los Angeles,Panthers,7,50,25,19,6,0,0,56,0,0,0,0.5,,,,,,,,,,,,,,,,5,,2,Round 1,3,4
11,0,Winnipeg,Jets,7,50,25,19,6,0,0,56,0,0,0,0.5,,,,,,,,,,,,,,,,6,,3,Cup Winner,12,3
6,0,Seattle,Riot,27,50,25,19,6,0,0,56,0,0,0,0.5,,,,,,,,,,,,,,,,7,,5,Round 2,6,6
11,0,Winnipeg,Jets,27,50,25,22,3,0,0,53,0,0,0,0.5,,,,,,,,,,,,,,,,8,,6,Missed,,
8,0,Calgary,Dragons,8,50,25,20,5,0,0,55,0,0,0,0.5,,,,,,,,,,,,,,,,6,,2,Cup Winner,12,5
6,0,Seattle,Riot,23,52,25,21,6,0,0,56,0,0,0,0.481,,,,,,,,,,,,,,,,8,,4,Round 2,7,7
13,0,Los Angeles,Panthers,25,50,25,20,5,0,0,55,0,0,0,0.5,,,,,,,,,,,,,,,,8,,6,Missed,,
6,0,Vancouver,Nightmare,7,50,25,21,4,0,0,54,0,0,0,0.5,,,,,,,,,,,,,,,,7,,4,Missed,,
15,0,Texas,Renegades,14,50,25,20,5,0,0,55,0,0,0,0.5,,,,,,,,,,,,,,,,7,,3,Cup Winner,12,5
7,0,West Kendall,Platoon,35,50,25,20,5,0,0,55,144,151,-7,0.5,,,,,,,,,,,,,,,,8,,3,Round 1,1,4
13,0,Los Angeles,Panthers,18,50,25,23,2,0,0,52,0,0,0,0.5,,,,,,,,,,,,,,,,7,,4,Missed,,
3,0,Toronto,North Stars,14,50,25,20,5,0,0,55,0,0,0,0.5,,,,,,,,,,,,,,,,6,,4,Round 1,0,4
9,0,Edmonton,Comets,6,60,25,27,8,0,0,58,0,0,0,0.417,,,,,,,,,,,,,,,,10,,5,Missed,,
11,0,Winnipeg,Jets,6,60,25,21,14,0,0,64,0,0,0,0.417,,,,,,,,,,,,,,,,7,,4,Missed,,
8,0,Calgary,Dragons,16,50,25,21,4,0,0,54,0,0,0,0.5,,,,,,,,,,,,,,,,6,,3,Round 2,6,5
3,0,Toronto,North Stars,34,50,25,20,5,0,0,55,154,156,-2,0.5,,,,,,,,,,,,,,,,9,,4,Round 1,3,4
3,0,Toronto,North Stars,30,50,25,19,6,0,0,56,153,136,17,0.5,,,,,,,,,,,,,,,,9,,5,Missed,,
15,0,Texas,Renegades,15,50,25,19,6,0,0,56,0,0,0,0.5,,,,,,,,,,,,,,,,5,,2,Round 1,3,4
10,0,Minnesota,Chiefs,34,50,25,19,6,0,0,56,145,162,-17,0.5,,,,,,,,,,,,,,,,8,,3,Round 1,0,4
4,0,Manhattan,Rage,36,50,24,24,2,0,0,50,169,162,7,0.48,,,,,,,,,,,,,,,,11,,6,Missed,,
10,0,Minnesota,Chiefs,7,50,24,20,6,0,0,54,0,0,0,0.48,,,,,,,,,,,,,,,,8,,4,Missed,,
9,0,Edmonton,Blizzard,14,50,24,22,4,0,0,52,0,0,0,0.48,,,,,,,,,,,,,,,,9,,5,Missed,,
3,0,Toronto,North Stars,19,50,24,18,8,0,0,56,0,0,0,0.48,,,,,,,,,,,,,,,,8,,4,Round 1,2,4
6,0,Seattle,Riot,24,52,24,24,4,0,0,52,0,0,0,0.462,,,,,,,,,,,,,,,,9,,5,Missed,,
15,0,Texas,Renegades,17,50,24,20,6,0,0,54,0,0,0,0.48,,,,,,,,,,,,,,,,7,,4,Round 2,7,6
0,0,Buffalo,Stampede,33,50,24,24,2,0,0,50,138,155,-17,0.48,,,,,,,,,,,,,,,,9,,4,Round 1,1,4
8,0,Calgary,Dragons,15,50,24,21,5,0,0,53,0,0,0,0.48,,,,,,,,,,,,,,,,6,,3,Round 2,7,7
4,0,Manhattan,Rage,5,44,24,16,4,0,0,52,0,0,0,0.545,,,,,,,,,,,,,,,,6,,4,Missed,,
3,0,Toronto,North Stars,13,50,24,19,7,0,0,55,0,0,0,0.48,,,,,,,,,,,,,,,,8,,4,Round 1,2,4
7,0,West Kendall,Platoon,15,50,24,23,3,0,0,51,0,0,0,0.48,,,,,,,,,,,,,,,,7,,4,Finals Lost,9,9
9,0,Edmonton,Blizzard,12,50,24,20,6,0,0,54,0,0,0,0.48,,,,,,,,,,,,,,,,7,,3,Round 2,7,4
2,0,Hamilton,Steelhawks,25,50,24,22,4,0,0,52,0,0,0,0.48,,,,,,,,,,,,,,,,10,,4,Round 1,1,4
11,0,Winnipeg,Jets,5,44,24,15,5,0,0,53,0,0,0,0.545,,,,,,,,,,,,,,,,4,,2,Round 1,2,4
4,0,Manhattan,Rage,11,50,24,20,6,0,0,54,0,0,0,0.48,,,,,,,,,,,,,,,,8,,4,Round 1,3,4
8,0,Calgary,Dragons,20,50,24,20,6,0,0,54,0,0,0,0.48,,,,,,,,,,,,,,,,8,,6,Missed,,
11,0,Winnipeg,Jets,14,50,24,21,5,0,0,53,0,0,0,0.48,,,,,,,,,,,,,,,,8,,4,Round 2,5,6
5,0,New England,Wolfpack,20,50,24,22,4,0,0,52,0,0,0,0.48,,,,,,,,,,,,,,,,9,,3,Round 2,5,6
7,0,West Kendall,Platoon,50,50,24,22,4,0,0,52,155,165,-10,0.48,,,,,,,,,,,,,,,,11,3,6,Missed,,
1,0,Chicago,Syndicate,47,50,24,23,3,0,0,51,148,151,-3,0.48,,,,,,,,,,,,,,,,10,3,5,Round 2,4,5
12,0,San Francisco,Pride,46,50,24,22,4,0,0,52,144,151,-7,0.48,,,,,,,,,,,,,,,,13,4,7,Missed,,
5,0,New England,Wolfpack,57,66,24,37,1,3,4,53,180,231,-51,0.364,,,,,,,,,,,,,,,,12,3,7,Round 1,1,4
6,0,Tampa Bay,Barracuda,51,50,24,22,4,0,0,52,137,158,-21,0.48,,,,,,,,,,,,,,,,9,4,6,Round 1,0,4
13,0,Los Angeles,Panthers,45,50,24,20,6,0,0,54,153,164,-11,0.48,,,,,,,,,,,,,,,,6,,3,Round 1,0,4
9,0,Edmonton,Blizzard,46,50,24,21,5,0,0,53,169,165,4,0.48,,,,,,,,,,,,,,,,11,2,5,Round 1,0,4
1,0,Chicago,Syndicate,46,50,24,22,4,0,0,52,134,148,-14,0.48,,,,,,,,,,,,,,,,14,4,7,Missed,,
13,0,Los Angeles,Panthers,56,50,24,22,1,3,3,52,109,135,-26,0.48,,,,,,,,,,,,,,,,11,3,5,Round 1,1,4
10,0,Minnesota,Chiefs,42,50,24,23,3,0,0,51,169,160,9,0.48,,,,,,,,,,,,,,,,10,,5,Missed,,
5,0,New England,Wolfpack,41,50,24,21,5,0,0,53,157,162,-5,0.48,,,,,,,,,,,,,,,,9,,5,Missed,,
7,0,West Kendall,Platoon,39,50,24,19,7,0,0,55,174,171,3,0.48,,,,,,,,,,,,,,,,7,,3,Round 1,0,4
8,0,Calgary,Dragons,46,50,24,21,5,0,0,53,135,149,-14,0.48,,,,,,,,,,,,,,,,12,3,6,Round 2,6,4
10,0,Minnesota,Chiefs,40,50,24,16,10,0,0,58,167,159,8,0.48,,,,,,,,,,,,,,,,8,,4,Finals Lost,11,9
5,0,New England,Wolfpack,50,50,24,22,4,0,0,52,160,171,-11,0.48,,,,,,,,,,,,,,,,12,4,7,Missed,,
7,0,West Kendall,Platoon,46,50,24,19,7,0,0,55,183,172,11,0.48,,,,,,,,,,,,,,,,9,3,6,Missed,,
3,0,Toronto,North Stars,45,50,24,22,4,0,0,52,159,157,2,0.48,,,,,,,,,,,,,,,,8,,4,Round 1,1,4
5,0,New England,Wolfpack,52,50,24,19,7,0,0,55,177,174,3,0.48,,,,,,,,,,,,,,,,8,3,5,Missed,,
19,0,Seattle,Argonauts,58,66,24,38,2,3,2,52,164,235,-71,0.364,,,,,,,,,,,,,,,,16,5,7,Missed,,
8,0,Calgary,Dragons,52,50,24,22,4,0,0,52,147,160,-13,0.48,,,,,,,,,,,,,,,,11,2,5,Round 2,6,7
12,0,San Francisco,Pride,47,50,24,22,4,0,0,52,142,142,0,0.48,,,,,,,,,,,,,,,,9,3,5,Round 1,1,4
9,0,Edmonton,Blizzard,62,66,24,37,1,1,4,53,209,253,-44,0.364,,,,,,,,,,,,,,,,16,5,8,Round 1,0,4
11,0,Winnipeg,Jets,52,50,24,26,0,0,0,48,148,152,-4,0.48,,,,,,,,,,,,,,,,12,3,6,Missed,,
1,0,Chicago,Syndicate,53,50,24,24,1,1,1,50,134,148,-14,0.48,,,,,,,,,,,,,,,,10,3,5,Missed,,
13,0,Los Angeles,Panthers,36,50,24,22,4,0,0,52,146,138,8,0.48,,,,,,,,,,,,,,,,10,,5,Missed,,
3,0,Toronto,North Stars,52,50,24,19,7,0,0,55,152,158,-6,0.48,,,,,,,,,,,,,,,,9,4,6,Round 1,0,4
8,0,Calgary,Dragons,48,50,24,19,7,0,0,55,154,154,0,0.48,,,,,,,,,,,,,,,,10,3,5,Round 2,6,5
5,0,New England,Wolfpack,37,50,24,24,2,0,0,50,148,157,-9,0.48,,,,,,,,,,,,,,,,10,,5,Missed,,
4,0,Manhattan,Rage,40,50,24,20,6,0,0,54,141,149,-8,0.48,,,,,,,,,,,,,,,,10,,5,Missed,,
15,0,Texas,Renegades,39,50,24,20,6,0,0,54,169,155,14,0.48,,,,,,,,,,,,,,,,9,,5,Missed,,
1,0,Chicago,Syndicate,50,50,24,23,3,0,0,51,162,166,-4,0.48,,,,,,,,,,,,,,,,13,4,8,Missed,,
3,0,Toronto,North Stars,86,66,24,39,1,3,2,51,247,342,-95,0.364,1970,2671,51.1,1232,1470,578,905,8.18,225,38,0.1689,19,234,41,0.8248,17,,9,Missed,,
8,0,Calgary,Dragons,84,66,24,37,3,3,2,53,243,358,-115,0.364,1930,2570,44,1208,1655,659,853,7.23,200,37,0.185,10,210,47,0.7762,20,,9,Missed,,
12,0,San Francisco,Pride,73,66,24,37,4,1,1,53,246,343,-97,0.364,2359,2772,47.2,1395,1270,724,595,6.73,219,39,0.1781,14,193,40,0.7927,14,3,8,Round 1,0,4
8,0,Calgary,Dragons,74,66,24,40,1,1,1,50,225,328,-103,0.364,1964,2754,52.7,1096,1148,541,608,7.39,189,48,0.254,16,212,54,0.7453,17,4,9,Missed,,
12,0,San Francisco,Pride,72,66,24,36,5,0,1,54,263,313,-50,0.364,2358,2801,48,1374,1270,640,598,8.98,256,47,0.1836,15,262,66,0.7481,13,3,6,Round 1,2,4
9,0,Edmonton,Blizzard,81,66,24,36,6,2,0,54,214,303,-89,0.364,2024,2574,50.3,1109,993,685,686,8.88,229,38,0.1659,12,251,51,0.7968,18,5,9,Missed,,
20,0,Montreal,Patriotes,79,66,24,38,4,1,0,52,222,284,-62,0.364,2282,2714,47.1,1178,1138,602,514,7.8,221,39,0.1765,14,213,65,0.6948,17,4,9,Missed,,
15,0,Texas,Renegades,66,66,24,34,4,1,4,56,217,269,-52,0.364,2154,2597,51.7,917,1126,631,566,7.95,198,40,0.202,8,224,40,0.8214,15,4,8,Round 1,0,4
0,0,Buffalo,Stampede,82,66,24,34,5,0,3,56,197,249,-52,0.364,1707,2144,46.5,1457,1520,828,785,7.85,220,35,0.1591,12,209,36,0.8278,16,4,8,Round 1,1,4
15,0,Texas,Renegades,65,66,23,38,0,3,5,51,183,269,-86,0.348,,,,,,,,,,,,,,,,15,4,8,Round 1,0,4
20,0,Montreal,Patriotes,80,66,23,40,2,2,1,49,226,287,-61,0.348,2301,2518,48.4,1167,1160,601,574,8.88,241,43,0.1784,17,252,46,0.8175,18,5,10,Missed,,
8,0,Calgary,Dragons,64,66,23,39,2,2,2,50,177,252,-75,0.348,,,,,,,,,,,,,,,,16,5,9,Missed,,
3,0,Toronto,North Stars,80,66,23,35,6,2,2,54,220,287,-67,0.348,2296,2696,51.9,1331,1037,691,689,9.88,265,54,0.2038,8,255,49,0.8078,14,3,8,Round 3,11,8
11,0,Winnipeg,Aurora,80,66,23,39,4,2,0,50,225,305,-80,0.348,2031,2717,49.5,1619,964,534,590,8.47,201,42,0.209,9,218,47,0.7844,17,4,8,Round 1,0,4
12,0,San Francisco,Pride,71,66,23,34,5,2,4,55,234,277,-43,0.348,2122,2469,51.1,1234,1381,662,552,7.36,199,39,0.196,9,210,59,0.719,15,4,8,Round 1,0,4
1,0,Chicago,Syndicate,80,66,23,36,5,4,2,53,203,279,-76,0.348,2290,2597,46.1,1443,826,722,556,7.67,228,37,0.1623,9,215,48,0.7767,16,3,7,Round 1,0,4
14,0,New Orleans,Specters,72,66,23,40,3,3,0,49,203,274,-71,0.348,2021,2656,49.5,1536,960,650,548,8.21,228,32,0.1404,14,240,55,0.7708,15,4,8,Round 1,0,4
20,0,Montreal,Patriotes,64,66,23,39,2,1,2,50,178,256,-78,0.348,,,,,,,,,,,,,,,,15,3,7,Round 1,0,4
11,0,Winnipeg,Aurora,64,66,23,36,1,3,6,53,209,259,-50,0.348,,,,,,,,,,,,,,,,14,4,8,Round 1,0,4
15,0,Texas,Renegades,69,66,23,38,3,4,2,51,188,287,-99,0.348,1923,2635,55.4,972,1191,561,551,6.64,198,44,0.2222,16,212,58,0.7264,13,4,7,Round 1,0,4
10,0,Minnesota,Monarchs,70,66,23,39,2,0,2,50,222,303,-81,0.348,2148,2723,49.3,1136,1207,563,548,7.58,199,35,0.1759,14,225,47,0.7911,15,5,8,Round 1,0,4
11,0,Winnipeg,Jets,45,50,23,19,8,0,0,54,161,155,6,0.46,,,,,,,,,,,,,,,,7,,4,Round 1,0,4
9,0,Edmonton,Blizzard,43,50,23,23,4,0,0,50,153,158,-5,0.46,,,,,,,,,,,,,,,,9,,6,Missed,,
7,0,West Kendall,Platoon,43,50,23,24,3,0,0,49,160,155,5,0.46,,,,,,,,,,,,,,,,10,,4,Cup Winner,12,3
3,0,Toronto,North Stars,42,50,23,23,4,0,0,50,163,167,-4,0.46,,,,,,,,,,,,,,,,11,,6,Missed,,
10,0,Minnesota,Chiefs,49,50,23,24,3,0,0,49,135,155,-20,0.46,,,,,,,,,,,,,,,,11,4,6,Missed,,
6,0,Tampa Bay,Barracuda,49,50,23,20,7,0,0,53,160,175,-15,0.46,,,,,,,,,,,,,,,,9,3,5,Round 2,5,7
10,0,Minnesota,Monarchs,58,66,23,36,4,3,3,53,153,222,-69,0.348,,,,,,,,,,,,,,,,15,4,6,Missed,,
11,0,Winnipeg,Jets,55,50,23,24,0,2,3,49,149,168,-19,0.46,,,,,,,,,,,,,,,,10,3,5,Missed,,
15,0,Texas,Renegades,48,50,23,22,5,0,0,51,148,157,-9,0.46,,,,,,,,,,,,,,,,12,3,6,Missed,,
7,0,Baltimore,Platoon,59,66,23,39,1,3,3,50,177,259,-82,0.348,,,,,,,,,,,,,,,,14,2,6,Round 1,1,4
9,0,Edmonton,Comets,8,50,23,25,2,0,0,48,0,0,0,0.46,,,,,,,,,,,,,,,,9,,5,Missed,,
9,0,Edmonton,Blizzard,26,50,23,19,8,0,0,54,0,0,0,0.46,,,,,,,,,,,,,,,,9,,6,Missed,,
7,0,West Kendall,Platoon,27,50,23,22,5,0,0,51,0,0,0,0.46,,,,,,,,,,,,,,,,9,,3,Round 1,3,4
5,0,New England,Wolfpack,28,50,23,22,5,0,0,51,133,148,-15,0.46,,,,,,,,,,,,,,,,10,,4,Round 1,3,4
5,0,New England,Wolfpack,18,50,23,23,4,0,0,50,0,0,0,0.46,,,,,,,,,,,,,,,,10,,4,Round 1,1,4
11,0,Winnipeg,Jets,1,40,23,12,5,0,0,51,0,0,0,0.575,,,,,,,,,,,,,,,,2,,1,Cup Winner,8,2
10,0,Minnesota,Chiefs,32,50,23,24,3,0,0,49,128,133,-5,0.46,,,,,,,,,,,,,,,,10,,4,Round 1,3,4
11,0,Winnipeg,Jets,23,52,23,22,7,0,0,53,0,0,0,0.442,,,,,,,,,,,,,,,,9,,5,Missed,,
13,0,Los Angeles,Panthers,10,50,23,22,5,0,0,51,0,0,0,0.46,,,,,,,,,,,,,,,,8,,4,Round 1,1,4
3,0,Toronto,North Stars,23,52,23,24,5,0,0,51,0,0,0,0.442,,,,,,,,,,,,,,,,11,,6,Missed,,
15,0,Texas,Renegades,22,52,23,25,4,0,0,50,0,0,0,0.442,,,,,,,,,,,,,,,,10,,6,Missed,,
15,0,Texas,Renegades,19,50,23,24,3,0,0,49,0,0,0,0.46,,,,,,,,,,,,,,,,10,,6,Missed,,
8,0,Calgary,Dragons,22,52,23,24,5,0,0,51,0,0,0,0.442,,,,,,,,,,,,,,,,9,,5,Missed,,
7,0,West Kendall,Platoon,21,52,23,25,4,0,0,50,0,0,0,0.442,,,,,,,,,,,,,,,,8,,3,Round 1,1,4
15,0,Texas,Renegades,18,50,23,23,4,0,0,50,0,0,0,0.46,,,,,,,,,,,,,,,,9,,6,Missed,,
9,0,Edmonton,Blizzard,24,52,23,25,4,0,0,50,0,0,0,0.442,,,,,,,,,,,,,,,,10,,6,Missed,,
7,0,West Kendall,Platoon,23,52,23,24,5,0,0,51,0,0,0,0.442,,,,,,,,,,,,,,,,10,,5,Missed,,
8,0,Calgary,Dragons,86,66,23,42,1,2,0,47,224,322,-98,0.348,1974,2614,49.6,1336,1636,547,994,8.3,231,45,0.1948,4,217,38,0.8249,18,,9,Missed,,
22,0,Cincinnati,Six,87,66,22,40,0,1,4,48,272,409,-137,0.333,2132,2897,43.9,1158,1387,644,755,7.12,209,50,0.2392,15,175,34,0.8057,18,,8,Missed,,
5,0,New England,Wolfpack,59,66,22,41,2,1,1,47,171,246,-75,0.333,,,,,,,,,,,,,,,,16,4,8,Missed,,
1,0,Chicago,Syndicate,49,50,22,25,3,0,0,47,158,173,-15,0.44,,,,,,,,,,,,,,,,12,4,6,Missed,,
11,0,Winnipeg,Jets,49,50,22,18,10,0,0,54,151,153,-2,0.44,,,,,,,,,,,,,,,,8,3,4,Round 2,1,4
11,0,Winnipeg,Jets,47,50,22,25,3,0,0,47,144,163,-19,0.44,,,,,,,,,,,,,,,,12,3,6,Missed,,
14,0,New Orleans,Specters,57,66,22,41,1,3,2,47,137,221,-84,0.333,,,,,,,,,,,,,,,,13,3,6,Round 1,1,4
6,0,Seattle,Riot,42,50,22,23,5,0,0,49,147,168,-21,0.44,,,,,,,,,,,,,,,,12,,6,Missed,,
11,0,Winnipeg,Jets,50,50,22,22,6,0,0,50,167,166,1,0.44,,,,,,,,,,,,,,,,14,3,6,Missed,,
8,0,Calgary,Dragons,45,50,22,26,2,0,0,46,135,148,-13,0.44,,,,,,,,,,,,,,,,10,,5,Missed,,
19,0,Seattle,Argonauts,57,66,22,42,2,1,0,46,138,219,-81,0.333,,,,,,,,,,,,,,,,14,4,7,Missed,,
20,0,Montreal,Patriotes,60,66,22,39,3,1,2,49,192,264,-72,0.333,,,,,,,,,,,,,,,,16,5,9,Missed,,
4,0,Manhattan,Rage,41,50,22,24,4,0,0,48,131,172,-41,0.44,,,,,,,,,,,,,,,,10,,6,Missed,,
4,0,Manhattan,Rage,37,50,22,25,3,0,0,47,134,147,-13,0.44,,,,,,,,,,,,,,,,11,,6,Missed,,
11,0,Winnipeg,Jets,53,50,22,25,2,0,1,47,132,148,-16,0.44,,,,,,,,,,,,,,,,12,3,6,Missed,,
11,0,Winnipeg,Jets,51,50,22,24,4,0,0,48,137,154,-17,0.44,,,,,,,,,,,,,,,,11,3,4,Round 1,2,4
4,0,Manhattan,Rage,45,50,22,24,4,0,0,48,144,160,-16,0.44,,,,,,,,,,,,,,,,9,,5,Missed,,
5,0,New England,Wolfpack,66,66,22,41,3,2,0,47,199,293,-94,0.333,1961,2730,48.5,1032,1146,504,569,6.27,186,35,0.1882,14,188,42,0.7766,18,5,10,Missed,,
4,0,Manhattan,Rage,77,66,22,42,1,0,1,46,245,343,-98,0.333,2115,2764,47.6,1337,1275,663,587,11.06,262,43,0.1641,16,304,90,0.7039,16,5,9,Missed,,
1,0,Chicago,Syndicate,76,66,22,37,3,1,4,51,235,317,-82,0.333,2373,2983,45.2,1144,1196,535,605,7.55,243,56,0.2305,18,211,53,0.7488,17,5,8,Round 1,0,4
8,0,Calgary,Dragons,73,66,22,41,0,1,3,47,203,334,-131,0.333,2218,3115,52.4,1156,1089,636,548,6.06,178,29,0.1629,10,169,43,0.7456,17,4,9,Missed,,
4,0,Manhattan,Rage,79,66,22,35,3,1,6,53,238,302,-64,0.333,2197,2655,49.6,1273,1044,766,570,8.98,241,58,0.2407,15,251,48,0.8088,16,5,8,Round 1,3,4
7,0,Baltimore,Platoon,66,66,22,37,6,2,1,51,203,291,-88,0.333,1913,2593,50.4,1111,1146,591,501,7.71,253,56,0.2213,18,224,43,0.808,17,5,9,Missed,,
3,0,Toronto,North Stars,73,66,22,39,3,2,2,49,222,332,-110,0.333,2076,2993,42,1268,1324,573,573,7.36,226,33,0.146,15,218,58,0.7339,16,4,8,Round 1,1,4
10,0,Minnesota,Monarchs,72,66,22,43,1,1,0,45,212,287,-75,0.333,2128,2683,52.6,1099,1093,567,581,7.56,190,37,0.1947,11,216,44,0.7963,17,5,10,Missed,,
10,0,Minnesota,Monarchs,64,66,22,43,1,3,0,45,143,254,-111,0.333,,,,,,,,,,,,,,,,17,5,10,Missed,,
19,0,Seattle,Argonauts,78,66,22,38,5,2,1,50,198,293,-95,0.333,1877,2567,52.7,1514,1014,589,512,6.88,233,36,0.1545,17,190,43,0.7737,17,4,8,Round 1,0,4
7,0,West Kendall,Platoon,7,50,22,22,6,0,0,50,0,0,0,0.44,,,,,,,,,,,,,,,,9,,5,Missed,,
4,0,Manhattan,Rage,35,50,22,22,6,0,0,50,162,169,-7,0.44,,,,,,,,,,,,,,,,10,,5,Missed,,
13,0,Los Angeles,Panthers,30,50,22,25,3,0,0,47,138,162,-24,0.44,,,,,,,,,,,,,,,,11,,6,Missed,,
6,0,Vancouver,Ice Wolves,5,44,22,14,8,0,0,52,0,0,0,0.5,,,,,,,,,,,,,,,,7,,3,Finals Lost,8,9
10,0,Minnesota,Chiefs,26,50,22,26,2,0,0,46,0,0,0,0.44,,,,,,,,,,,,,,,,12,,6,Missed,,
11,0,Winnipeg,Jets,2,40,22,13,5,0,0,49,0,0,0,0.55,,,,,,,,,,,,,,,,3,,2,Finals Lost,6,7
4,0,Manhattan,Rage,3,40,22,9,9,0,0,53,0,0,0,0.55,,,,,,,,,,,,,,,,3,,2,Round 1,2,4
2,0,Hamilton,Steelhawks,32,50,22,25,3,0,0,47,145,154,-9,0.44,,,,,,,,,,,,,,,,12,,6,Missed,,
4,0,Manhattan,Rage,33,50,22,22,6,0,0,50,154,160,-6,0.44,,,,,,,,,,,,,,,,10,,5,Missed,,
10,0,Minnesota,Chiefs,28,50,22,22,6,0,0,50,142,157,-15,0.44,,,,,,,,,,,,,,,,11,,5,Missed,,
3,0,Toronto,North Stars,33,50,22,17,11,0,0,55,132,143,-11,0.44,,,,,,,,,,,,,,,,8,,3,Round 2,7,4
11,0,Winnipeg,Jets,32,50,22,21,7,0,0,51,142,159,-17,0.44,,,,,,,,,,,,,,,,9,,6,Missed,,
10,0,Minnesota,Chiefs,27,50,22,24,4,0,0,48,0,0,0,0.44,,,,,,,,,,,,,,,,10,,4,Round 1,1,4
4,0,Manhattan,Rage,21,52,22,25,5,0,0,49,0,0,0,0.423,,,,,,,,,,,,,,,,11,,5,Missed,,
6,0,Las Vegas,Kings,12,50,22,25,3,0,0,47,0,0,0,0.44,,,,,,,,,,,,,,,,9,,5,Missed,,
15,0,Texas,Renegades,12,50,22,21,7,0,0,51,0,0,0,0.44,,,,,,,,,,,,,,,,8,,4,Round 1,1,4
11,0,Winnipeg,Jets,16,50,22,21,7,0,0,51,0,0,0,0.44,,,,,,,,,,,,,,,,8,,5,Missed,,
6,0,Seattle,Riot,18,50,22,18,10,0,0,54,0,0,0,0.44,,,,,,,,,,,,,,,,6,,3,Cup Winner,12,9
9,0,Edmonton,Blizzard,16,50,22,19,9,0,0,53,0,0,0,0.44,,,,,,,,,,,,,,,,7,,4,Cup Winner,12,6
8,0,Calgary,Dragons,18,50,22,20,8,0,0,52,0,0,0,0.44,,,,,,,,,,,,,,,,8,,5,Round 1,0,4
10,0,Minnesota,Chiefs,17,50,22,23,5,0,0,49,0,0,0,0.44,,,,,,,,,,,,,,,,8,,4,Missed,,
11,0,Winnipeg,Jets,15,50,22,21,7,0,0,51,0,0,0,0.44,,,,,,,,,,,,,,,,8,,4,Round 1,3,4
0,0,Buffalo,Stampede,26,50,22,23,5,0,0,49,0,0,0,0.44,,,,,,,,,,,,,,,,11,,5,Missed,,
3,0,Toronto,North Stars,26,50,22,22,6,0,0,50,0,0,0,0.44,,,,,,,,,,,,,,,,10,,4,Round 2,7,7
3,0,Toronto,North Stars,5,44,22,13,9,0,0,53,0,0,0,0.5,,,,,,,,,,,,,,,,5,,3,Round 1,3,4
11,0,Winnipeg,Jets,21,52,22,24,6,0,0,50,0,0,0,0.423,,,,,,,,,,,,,,,,9,,6,Missed,,
7,0,West Kendall,Platoon,16,50,22,26,2,0,0,46,0,0,0,0.44,,,,,,,,,,,,,,,,10,,4,Round 2,4,7
7,0,West Kendall,Platoon,17,50,22,23,5,0,0,49,0,0,0,0.44,,,,,,,,,,,,,,,,10,,5,Round 1,2,4
11,0,Winnipeg,Jets,17,50,22,23,5,0,0,49,0,0,0,0.44,,,,,,,,,,,,,,,,9,,5,Missed,,
9,0,Edmonton,Blizzard,19,50,22,18,10,0,0,54,0,0,0,0.44,,,,,,,,,,,,,,,,9,,5,Missed,,
10,0,Minnesota,Chiefs,35,50,21,26,3,0,0,45,132,167,-35,0.42,,,,,,,,,,,,,,,,11,,6,Missed,,
3,0,Toronto,Stars,1,40,21,12,7,0,0,49,0,0,0,0.525,,,,,,,,,,,,,,,,3,,2,Round 1,3,4
15,0,Texas,Renegades,10,50,21,20,9,0,0,51,0,0,0,0.42,,,,,,,,,,,,,,,,9,,5,Missed,,
6,0,Las Vegas,Kings,15,50,21,21,8,0,0,50,0,0,0,0.42,,,,,,,,,,,,,,,,9,,5,Missed,,
3,0,Toronto,North Stars,21,52,21,23,8,0,0,50,0,0,0,0.404,,,,,,,,,,,,,,,,10,,4,Round 1,3,4
2,0,Hamilton,Steelhawks,22,52,21,26,5,0,0,47,0,0,0,0.404,,,,,,,,,,,,,,,,11,,5,Missed,,
0,0,Buffalo,Stampede,35,50,21,20,9,0,0,51,148,155,-7,0.42,,,,,,,,,,,,,,,,9,,4,Round 1,0,4
8,0,Calgary,Dragons,5,44,21,15,8,0,0,50,0,0,0,0.477,,,,,,,,,,,,,,,,8,,4,Missed,,
13,0,Los Angeles,Panthers,11,50,21,24,5,0,0,47,0,0,0,0.42,,,,,,,,,,,,,,,,9,,5,Missed,,
12,0,Portland,Admirals,31,50,21,27,2,0,0,44,132,163,-31,0.42,,,,,,,,,,,,,,,,10,,6,Missed,,
9,0,Edmonton,Blizzard,34,50,21,23,6,0,0,48,130,159,-29,0.42,,,,,,,,,,,,,,,,11,,7,Missed,,
13,0,Los Angeles,Panthers,8,50,21,20,9,0,0,51,0,0,0,0.42,,,,,,,,,,,,,,,,7,,3,Round 1,1,4
6,0,Seattle,Riot,17,50,21,24,5,0,0,47,0,0,0,0.42,,,,,,,,,,,,,,,,11,,6,Missed,,
7,0,West Kendall,Platoon,20,50,21,20,9,0,0,51,0,0,0,0.42,,,,,,,,,,,,,,,,10,,4,Round 1,0,4
6,0,Seattle,Riot,34,50,21,18,11,0,0,53,125,139,-14,0.42,,,,,,,,,,,,,,,,10,,6,Missed,,
7,0,West Kendall,Platoon,34,50,21,25,4,0,0,46,140,145,-5,0.42,,,,,,,,,,,,,,,,12,,5,Missed,,
11,0,Winnipeg,Jets,8,50,21,20,9,0,0,51,0,0,0,0.42,,,,,,,,,,,,,,,,8,,4,Missed,,
13,0,Los Angeles,Panthers,9,50,21,21,8,0,0,50,0,0,0,0.42,,,,,,,,,,,,,,,,7,,4,Missed,,
5,0,New England,Wolfpack,25,50,21,26,3,0,0,45,0,0,0,0.42,,,,,,,,,,,,,,,,13,,7,Missed,,
4,0,Manhattan,Rage,4,40,21,16,3,0,0,45,0,0,0,0.525,,,,,,,,,,,,,,,,2,,1,Round 2,2,4
0,0,Buffalo,Stampede,32,50,21,22,7,0,0,49,146,152,-6,0.42,,,,,,,,,,,,,,,,11,,5,Missed,,
5,0,New England,Wolfpack,43,50,21,25,4,0,0,46,137,157,-20,0.42,,,,,,,,,,,,,,,,12,,6,Missed,,
2,0,Hamilton,Steelhawks,45,50,21,27,2,0,0,44,157,159,-2,0.42,,,,,,,,,,,,,,,,11,,6,Missed,,
11,0,Winnipeg,Jets,56,50,21,26,2,0,1,45,127,167,-40,0.42,,,,,,,,,,,,,,,,12,3,6,Round 1,1,4
2,0,Hamilton,Steelhawks,37,50,21,24,5,0,0,47,143,163,-20,0.42,,,,,,,,,,,,,,,,12,,7,Missed,,
4,0,Manhattan,Rage,59,66,21,41,1,4,3,46,148,248,-100,0.318,,,,,,,,,,,,,,,,17,5,9,Missed,,
7,0,West Kendall,Platoon,52,50,21,28,1,0,0,43,151,160,-9,0.42,,,,,,,,,,,,,,,,15,3,7,Missed,,
1,0,Chicago,Syndicate,48,50,21,24,5,0,0,47,151,173,-22,0.42,,,,,,,,,,,,,,,,13,3,7,Missed,,
3,0,Toronto,North Stars,40,50,21,23,6,0,0,48,154,191,-37,0.42,,,,,,,,,,,,,,,,12,,6,Missed,,
7,0,West Kendall,Platoon,53,50,21,22,2,3,5,49,109,156,-47,0.42,,,,,,,,,,,,,,,,11,3,6,Missed,,
13,0,Los Angeles,Panthers,51,50,21,25,4,0,0,46,145,165,-20,0.42,,,,,,,,,,,,,,,,12,2,5,Round 3,8,7
10,0,Minnesota,Monarchs,57,66,21,42,2,1,1,45,163,234,-71,0.318,,,,,,,,,,,,,,,,15,5,8,Missed,,
13,0,Los Angeles,Panthers,49,50,21,19,10,0,0,52,148,160,-12,0.42,,,,,,,,,,,,,,,,10,2,5,Round 1,2,4
3,0,Toronto,North Stars,41,50,21,24,5,0,0,47,169,181,-12,0.42,,,,,,,,,,,,,,,,11,,7,Missed,,
12,0,San Francisco,Pride,40,50,21,23,6,0,0,48,144,163,-19,0.42,,,,,,,,,,,,,,,,11,,6,Missed,,
5,0,New England,Wolfpack,51,50,21,22,7,0,0,49,166,166,0,0.42,,,,,,,,,,,,,,,,10,3,7,Missed,,
3,0,Toronto,North Stars,49,50,21,27,2,0,0,44,162,180,-18,0.42,,,,,,,,,,,,,,,,13,3,7,Missed,,
3,0,Toronto,North Stars,51,50,21,26,3,0,0,45,146,157,-11,0.42,,,,,,,,,,,,,,,,13,4,8,Missed,,
7,0,Baltimore,Platoon,87,66,21,42,2,2,1,45,214,309,-95,0.318,1924,2410,49.9,1081,1514,723,864,7.91,213,46,0.216,7,226,40,0.823,19,,9,Missed,,
3,0,Toronto,North Stars,82,66,21,42,1,3,2,45,223,329,-106,0.318,1860,2773,46.7,1485,1466,741,804,8.09,225,20,0.0889,16,218,33,0.8486,19,5,10,Missed,,
12,0,San Francisco,Pride,82,66,21,42,2,2,1,45,195,299,-104,0.318,1739,2325,52.8,1251,1530,791,796,9.88,269,47,0.1747,7,276,44,0.8406,18,5,9,Missed,,
6,0,Tampa Bay,Barracuda,71,66,21,39,4,2,2,48,193,290,-97,0.318,1957,2848,46.2,1036,988,725,554,6.14,193,23,0.1192,20,178,48,0.7303,17,4,8,Round 1,1,4
2,0,Hamilton,Steelhawks,79,66,21,42,1,4,2,45,231,340,-109,0.318,2240,2823,45,1164,1102,681,561,7.08,221,43,0.1946,16,208,77,0.6298,18,5,10,Missed,,
1,0,Chicago,Syndicate,79,66,21,43,0,2,2,44,224,320,-96,0.318,2152,2774,44.8,1496,1118,521,673,8.82,225,46,0.2044,13,243,66,0.7284,19,5,9,Missed,,
12,0,San Francisco,Pride,70,66,21,45,0,2,0,42,195,297,-102,0.318,2036,2500,50.9,1169,1288,545,528,8.64,226,39,0.1726,21,242,85,0.6488,17,4,9,Missed,,
9,0,Edmonton,Blizzard,63,66,21,37,1,1,7,50,186,224,-38,0.318,,,,,,,,,,,,,,,,15,5,8,Round 1,0,4
8,0,Calgary,Dragons,71,66,20,43,2,4,1,43,207,301,-94,0.303,2010,2558,53.1,1117,1242,623,476,8.14,253,56,0.2213,18,236,53,0.7754,18,5,10,Missed,,
4,0,Manhattan,Rage,75,66,20,42,3,1,1,44,226,332,-106,0.303,2299,2886,47,1295,1198,609,680,7.5,200,34,0.17,9,214,56,0.7383,18,5,9,Missed,,
6,0,Tampa Bay,Barracuda,72,66,20,42,3,0,1,44,231,307,-76,0.303,2173,2969,38.6,1146,871,753,484,6.79,194,29,0.1495,9,206,53,0.7427,18,4,8,Round 1,0,4
8,0,Calgary,Dragons,72,66,20,39,5,0,2,47,200,306,-106,0.303,1929,2961,51.9,1086,1104,599,571,7.77,196,33,0.1684,11,228,46,0.7982,16,5,9,Missed,,
5,0,New England,Wolfpack,63,66,20,42,0,4,4,44,159,263,-104,0.303,,,,,,,,,,,,,,,,16,4,8,Round 1,1,4
4,0,Manhattan,Rage,70,66,20,43,3,0,0,43,245,363,-118,0.303,2321,2816,51.9,1113,1074,573,535,6.56,176,28,0.1591,16,190,52,0.7263,16,4,8,Round 1,0,4
8,0,Calgary,Dragons,77,66,20,40,5,1,1,46,210,315,-105,0.303,2144,2560,50.4,1409,988,681,575,8.61,201,39,0.194,11,249,70,0.7189,17,3,8,Round 1,2,4
14,0,New Orleans,Specters,62,66,20,41,1,3,4,45,173,234,-61,0.303,,,,,,,,,,,,,,,,17,4,9,Missed,,
19,0,Seattle,Argonauts,77,66,20,45,0,0,1,41,222,308,-86,0.303,1733,2684,49.3,1450,1093,609,448,6.68,218,37,0.1697,12,197,52,0.736,18,4,9,Missed,,
15,0,Texas,Renegades,67,66,20,44,0,2,2,42,187,299,-112,0.303,1850,2630,52.4,891,1054,557,485,7.3,182,29,0.1593,6,205,54,0.7366,17,4,9,Missed,,
3,0,Toronto,North Stars,83,66,20,43,2,1,1,43,209,338,-129,0.303,1695,2555,49.3,1452,1718,695,899,8.32,195,34,0.1744,6,240,46,0.8083,19,,12,Missed,,
13,0,Los Angeles,Panthers,48,50,20,29,1,0,0,41,133,160,-27,0.4,,,,,,,,,,,,,,,,15,4,8,Missed,,
7,0,West Kendall,Platoon,38,50,20,26,4,0,0,44,145,156,-11,0.4,,,,,,,,,,,,,,,,9,,5,Missed,,
4,0,Manhattan,Rage,43,50,20,25,5,0,0,45,144,175,-31,0.4,,,,,,,,,,,,,,,,13,,7,Missed,,
13,0,Los Angeles,Panthers,38,50,20,26,4,0,0,44,135,168,-33,0.4,,,,,,,,,,,,,,,,10,,5,Missed,,
6,0,Seattle,Riot,45,50,20,28,2,0,0,42,120,157,-37,0.4,,,,,,,,,,,,,,,,13,,6,Missed,,
3,0,Toronto,North Stars,39,50,20,25,5,0,0,45,160,182,-22,0.4,,,,,,,,,,,,,,,,11,,5,Missed,,
20,0,Montreal,Patriotes,61,66,20,40,1,2,5,46,159,234,-75,0.303,,,,,,,,,,,,,,,,18,5,9,Missed,,
5,0,New England,Wolfpack,44,50,20,25,5,0,0,45,138,167,-29,0.4,,,,,,,,,,,,,,,,10,,5,Missed,,
0,0,Buffalo,Stampede,45,50,20,26,4,0,0,44,159,172,-13,0.4,,,,,,,,,,,,,,,,12,,7,Missed,,
6,0,Tampa Bay,Barracuda,59,66,20,38,4,2,4,48,185,227,-42,0.303,,,,,,,,,,,,,,,,15,3,7,Round 1,1,4
12,0,San Francisco,Pride,60,66,20,41,5,3,0,45,146,255,-109,0.303,,,,,,,,,,,,,,,,17,5,8,Round 1,1,4
3,0,Toronto,North Stars,43,50,20,23,7,0,0,47,142,163,-21,0.4,,,,,,,,,,,,,,,,11,,5,Missed,,
12,0,San Francisco,Pride,58,66,20,40,0,1,6,46,158,263,-105,0.303,,,,,,,,,,,,,,,,17,3,8,Round 1,3,4
10,0,Minnesota,Chiefs,48,50,20,24,6,0,0,46,138,159,-21,0.4,,,,,,,,,,,,,,,,14,4,7,Missed,,
15,0,Texas,Renegades,52,50,20,26,4,0,0,44,135,182,-47,0.4,,,,,,,,,,,,,,,,14,4,8,Missed,,
13,0,Los Angeles,Panthers,47,50,20,25,5,0,0,45,128,148,-20,0.4,,,,,,,,,,,,,,,,13,4,7,Missed,,
12,0,San Francisco,Pride,42,50,20,26,4,0,0,44,141,183,-42,0.4,,,,,,,,,,,,,,,,13,,7,Missed,,
12,0,San Francisco,Pride,49,50,20,26,4,0,0,44,144,168,-24,0.4,,,,,,,,,,,,,,,,14,3,7,Missed,,
8,0,Calgary,Dragons,2,40,20,17,3,0,0,43,0,0,0,0.5,,,,,,,,,,,,,,,,4,,3,Missed,,
11,0,Winnipeg,Jets,30,50,20,19,11,0,0,51,164,174,-10,0.4,,,,,,,,,,,,,,,,10,,5,Missed,,
7,0,West Kendall,Platoon,18,50,20,24,6,0,0,46,0,0,0,0.4,,,,,,,,,,,,,,,,11,,5,Missed,,
12,0,Portland,Admirals,33,50,20,24,6,0,0,46,138,165,-27,0.4,,,,,,,,,,,,,,,,11,,6,Missed,,
10,0,Minnesota,Chiefs,33,50,20,26,4,0,0,44,116,146,-30,0.4,,,,,,,,,,,,,,,,13,,7,Missed,,
6,0,Las Vegas,Kings,14,50,20,25,5,0,0,45,0,0,0,0.4,,,,,,,,,,,,,,,,10,,6,Missed,,
2,0,Hamilton,Steelhawks,33,50,20,24,6,0,0,46,137,169,-32,0.4,,,,,,,,,,,,,,,,12,,6,Missed,,
5,0,New England,Wolfpack,13,50,20,23,7,0,0,47,0,0,0,0.4,,,,,,,,,,,,,,,,9,,5,Missed,,
7,0,West Kendall,Platoon,4,40,20,15,5,0,0,45,0,0,0,0.5,,,,,,,,,,,,,,,,3,,2,Finals Lost,9,7
4,0,Manhattan,Rage,31,50,20,26,4,0,0,44,126,148,-22,0.4,,,,,,,,,,,,,,,,11,,5,Missed,,
6,0,Las Vegas,Kings,11,50,20,25,5,0,0,45,0,0,0,0.4,,,,,,,,,,,,,,,,10,,6,Missed,,
7,0,West Kendall,Platoon,24,52,20,27,5,0,0,45,0,0,0,0.385,,,,,,,,,,,,,,,,11,,5,Missed,,
0,0,Buffalo,Stampede,25,50,20,24,6,0,0,46,0,0,0,0.4,,,,,,,,,,,,,,,,12,,6,Missed,,
3,0,Toronto,North Stars,25,50,20,22,8,0,0,48,0,0,0,0.4,,,,,,,,,,,,,,,,11,,5,Missed,,
4,0,Manhattan,Rage,28,50,20,26,4,0,0,44,134,148,-14,0.4,,,,,,,,,,,,,,,,12,,6,Missed,,
13,0,Los Angeles,Panthers,15,50,20,24,6,0,0,46,0,0,0,0.4,,,,,,,,,,,,,,,,10,,6,Missed,,
3,0,Toronto,Stars,2,40,20,20,0,0,0,40,0,0,0,0.5,,,,,,,,,,,,,,,,5,,2,Round 1,0,4
3,0,Toronto,North Stars,85,66,20,43,1,1,2,43,207,308,-101,0.303,1766,2386,54.5,1193,1397,529,804,7.92,237,43,0.1814,13,233,52,0.7768,18,,10,Missed,,
13,0,Los Angeles,Panthers,86,66,20,42,3,1,1,44,254,389,-135,0.303,2133,2818,46.8,1265,1458,674,780,8.18,206,37,0.1796,12,212,37,0.8255,19,,10,Missed,,
25,0,Madison,Valkyries,83,66,20,43,1,2,2,43,160,274,-114,0.303,1538,2130,45.8,929,1791,724,693,8.38,218,31,0.1422,16,216,40,0.8148,20,,8,Round 1,0,4
11,0,Winnipeg,Aurora,87,66,19,42,1,1,4,43,198,322,-124,0.288,1751,2476,49.9,1195,1590,574,874,7.67,207,25,0.1208,13,207,32,0.8454,20,,11,Missed,,
11,0,Winnipeg,Aurora,85,66,19,44,1,2,2,41,167,313,-146,0.288,1447,2297,50.9,1054,1418,620,683,6.12,192,29,0.151,3,186,32,0.828,19,,9,Missed,,
4,0,Manhattan,Rage,87,66,19,44,3,3,0,41,183,325,-142,0.288,1810,2667,46.2,1284,1545,620,776,6.76,206,31,0.1505,14,189,38,0.7989,21,,10,Missed,,
15,0,Texas,Renegades,51,50,19,29,2,0,0,43,142,167,-25,0.38,,,,,,,,,,,,,,,,14,3,6,Missed,,
11,0,Winnipeg,Jets,54,50,19,29,1,1,1,40,138,166,-28,0.38,,,,,,,,,,,,,,,,12,3,7,Missed,,
9,0,Edmonton,Blizzard,38,50,19,25,6,0,0,44,145,177,-32,0.38,,,,,,,,,,,,,,,,11,,6,Missed,,
11,0,Winnipeg,Jets,46,50,19,24,7,0,0,45,123,154,-31,0.38,,,,,,,,,,,,,,,,15,4,8,Missed,,
10,0,Minnesota,Chiefs,51,50,19,29,2,0,0,40,137,175,-38,0.38,,,,,,,,,,,,,,,,16,4,8,Missed,,
4,0,Manhattan,Rage,60,66,19,45,1,3,1,40,161,277,-116,0.288,,,,,,,,,,,,,,,,18,5,10,Missed,,
6,0,Seattle,Riot,41,50,19,26,5,0,0,43,142,171,-29,0.38,,,,,,,,,,,,,,,,12,,5,Missed,,
3,0,Toronto,North Stars,56,50,19,28,1,2,2,41,118,156,-38,0.38,,,,,,,,,,,,,,,,13,4,7,Missed,,
15,0,Texas,Renegades,49,50,19,26,5,0,0,43,142,167,-25,0.38,,,,,,,,,,,,,,,,15,4,8,Missed,,
13,0,Los Angeles,Panthers,55,50,19,29,0,1,2,40,136,158,-22,0.38,,,,,,,,,,,,,,,,11,3,6,Missed,,
2,0,Hamilton,Steelhawks,49,50,19,27,4,0,0,42,137,168,-31,0.38,,,,,,,,,,,,,,,,16,4,8,Missed,,
0,0,Buffalo,Stampede,44,50,19,26,5,0,0,43,150,176,-26,0.38,,,,,,,,,,,,,,,,11,,6,Missed,,
15,0,Texas,Renegades,38,50,19,27,4,0,0,42,126,155,-29,0.38,,,,,,,,,,,,,,,,12,,7,Missed,,
9,0,Edmonton,Blizzard,36,50,19,29,2,0,0,40,131,164,-33,0.38,,,,,,,,,,,,,,,,13,,6,Missed,,
10,0,Minnesota,Chiefs,52,50,19,24,7,0,0,45,139,153,-14,0.38,,,,,,,,,,,,,,,,13,4,7,Missed,,
5,0,New England,Wolfpack,47,50,19,20,11,0,0,49,153,163,-10,0.38,,,,,,,,,,,,,,,,11,3,6,Missed,,
4,0,Manhattan,Rage,39,50,19,29,2,0,0,40,138,172,-34,0.38,,,,,,,,,,,,,,,,13,,7,Missed,,
10,0,Minnesota,Chiefs,47,50,19,25,6,0,0,44,138,168,-30,0.38,,,,,,,,,,,,,,,,14,4,8,Missed,,
0,0,Buffalo,Stampede,39,50,19,25,6,0,0,44,136,152,-16,0.38,,,,,,,,,,,,,,,,12,,6,Missed,,
7,0,Baltimore,Platoon,67,66,19,45,2,2,0,40,189,309,-120,0.288,1735,2495,50.9,1188,1261,590,533,7.15,226,52,0.2301,17,203,41,0.798,18,5,9,Missed,,
9,0,Edmonton,Blizzard,67,66,19,38,4,2,5,47,176,276,-100,0.288,1760,2724,46.1,949,1339,546,470,8.17,230,33,0.1435,13,249,55,0.7791,16,5,8,Round 1,1,4
6,0,Tampa Bay,Barracuda,69,66,19,39,6,4,2,46,177,287,-110,0.288,1918,2700,44.4,997,1282,669,596,7.29,176,28,0.1591,8,202,58,0.7129,14,4,7,Round 1,3,4
7,0,Baltimore,Platoon,68,66,19,40,4,2,3,45,177,283,-106,0.288,1785,2510,47.8,1072,1355,667,409,7.68,240,38,0.1583,18,224,33,0.8527,14,4,8,Round 1,1,4
3,0,Toronto,North Stars,64,66,19,43,0,2,4,42,191,272,-81,0.288,,,,,,,,,,,,,,,,18,4,8,Round 1,1,4
10,0,Minnesota,Monarchs,80,66,19,46,1,2,0,39,180,326,-146,0.288,2002,2701,53.4,1400,1169,598,658,7.71,209,29,0.1388,9,217,54,0.7512,19,5,9,Missed,,
11,0,Winnipeg,Jets,4,40,19,19,2,0,0,40,0,0,0,0.475,,,,,,,,,,,,,,,,6,,3,Round 2,5,6
7,0,West Kendall,Platoon,13,50,19,26,5,0,0,43,0,0,0,0.38,,,,,,,,,,,,,,,,10,,6,Missed,,
6,0,Seattle,Riot,35,50,19,28,3,0,0,41,112,154,-42,0.38,,,,,,,,,,,,,,,,13,,7,Missed,,
9,0,Edmonton,Blizzard,35,50,19,26,5,0,0,43,135,160,-25,0.38,,,,,,,,,,,,,,,,12,,6,Missed,,
7,0,West Kendall,Platoon,19,50,19,29,2,0,0,40,0,0,0,0.38,,,,,,,,,,,,,,,,11,,5,Missed,,
4,0,Manhattan,Rage,27,50,19,25,6,0,0,44,0,0,0,0.38,,,,,,,,,,,,,,,,12,,6,Missed,,
0,0,Buffalo,Stampede,27,50,19,22,9,0,0,47,0,0,0,0.38,,,,,,,,,,,,,,,,11,,5,Missed,,
2,0,Hamilton,Steelhawks,34,50,19,23,8,0,0,46,133,161,-28,0.38,,,,,,,,,,,,,,,,13,,6,Missed,,
10,0,Minnesota,Chiefs,14,50,18,27,5,0,0,41,0,0,0,0.36,,,,,,,,,,,,,,,,12,,6,Missed,,
2,0,Hamilton,Steelhawks,4,40,18,13,9,0,0,45,0,0,0,0.45,,,,,,,,,,,,,,,,4,,3,Round 1,1,4
3,0,Toronto,North Stars,4,40,18,18,4,0,0,40,0,0,0,0.45,,,,,,,,,,,,,,,,7,,4,Missed,,
6,0,Seattle,Riot,16,50,18,21,11,0,0,47,0,0,0,0.36,,,,,,,,,,,,,,,,9,,6,Missed,,
11,0,Winnipeg,Jets,3,40,18,14,8,0,0,44,0,0,0,0.45,,,,,,,,,,,,,,,,4,,2,Round 2,7,6
15,0,Texas,Renegades,33,50,18,26,6,0,0,42,143,160,-17,0.36,,,,,,,,,,,,,,,,14,,7,Missed,,
4,0,Manhattan,Rage,26,50,18,29,3,0,0,39,0,0,0,0.36,,,,,,,,,,,,,,,,13,,7,Missed,,
8,0,Calgary,Dragons,3,40,18,17,5,0,0,41,0,0,0,0.45,,,,,,,,,,,,,,,,5,,3,Round 1,2,4
12,0,Portland,Admirals,27,50,18,29,3,0,0,39,0,0,0,0.36,,,,,,,,,,,,,,,,14,,7,Missed,,
3,0,Toronto,North Stars,9,50,18,27,5,0,0,41,0,0,0,0.36,,,,,,,,,,,,,,,,8,,4,Missed,,
5,0,New England,Wolfpack,27,50,18,26,6,0,0,42,0,0,0,0.36,,,,,,,,,,,,,,,,13,,7,Missed,,
5,0,New England,Wolfpack,24,52,18,25,9,0,0,45,0,0,0,0.346,,,,,,,,,,,,,,,,12,,6,Missed,,
3,0,Toronto,North Stars,32,50,18,24,8,0,0,44,121,150,-29,0.36,,,,,,,,,,,,,,,,13,,7,Missed,,
12,0,Portland,Admirals,29,50,18,25,7,0,0,43,132,166,-34,0.36,,,,,,,,,,,,,,,,11,,6,Missed,,
13,0,Los Angeles,Panthers,12,50,18,25,7,0,0,43,0,0,0,0.36,,,,,,,,,,,,,,,,10,,6,Missed,,
2,0,Hamilton,Steelhawks,35,50,18,29,3,0,0,39,134,172,-38,0.36,,,,,,,,,,,,,,,,14,,7,Missed,,
2,0,Hamilton,Steelhawks,36,50,18,26,6,0,0,42,143,178,-35,0.36,,,,,,,,,,,,,,,,12,,7,Missed,,
6,0,Wisconsin,Monarchs,1,40,18,16,6,0,0,42,0,0,0,0.45,,,,,,,,,,,,,,,,4,,2,Round 1,1,4
12,0,San Francisco,Pride,45,50,18,30,2,0,0,38,135,164,-29,0.36,,,,,,,,,,,,,,,,14,,7,Missed,,
2,0,Hamilton,Steelhawks,47,50,18,25,7,0,0,43,141,164,-23,0.36,,,,,,,,,,,,,,,,15,4,7,Missed,,
4,0,Manhattan,Rage,44,50,18,26,6,0,0,42,124,160,-36,0.36,,,,,,,,,,,,,,,,12,,7,Missed,,
5,0,New England,Wolfpack,46,50,18,27,5,0,0,41,125,160,-35,0.36,,,,,,,,,,,,,,,,16,4,8,Missed,,
12,0,San Francisco,Pride,51,50,18,27,5,0,0,41,138,166,-28,0.36,,,,,,,,,,,,,,,,15,4,7,Missed,,
0,0,Buffalo,Stampede,40,50,18,30,2,0,0,38,114,152,-38,0.36,,,,,,,,,,,,,,,,13,,7,Missed,,
20,0,Montreal,Patriotes,85,66,18,46,1,1,1,38,201,359,-158,0.273,1598,2614,44.9,1204,1493,657,630,6.36,183,34,0.1858,10,179,32,0.8212,21,,11,Missed,,
25,0,Madison,Valkyries,85,66,18,43,2,2,3,41,191,316,-125,0.273,1584,2661,33.6,1075,1403,605,671,7.58,206,31,0.1505,10,215,50,0.7674,20,,10,Missed,,
8,0,Calgary,Dragons,83,66,18,45,1,2,2,39,217,358,-141,0.273,1903,2566,47.9,1202,1497,586,905,7.74,217,29,0.1336,10,203,37,0.8177,21,,9,Missed,,
15,0,Texas,Renegades,68,66,18,44,2,2,2,40,170,299,-129,0.273,1866,2707,51.7,970,1066,574,501,6.77,191,23,0.1204,12,194,43,0.7784,15,4,7,Round 1,1,4
9,0,Edmonton,Blizzard,80,66,18,46,1,0,1,38,187,329,-142,0.273,2013,2732,46.5,1212,1023,669,574,8.45,261,36,0.1379,23,232,45,0.806,20,5,10,Missed,,
1,0,Chicago,Syndicate,78,66,18,45,2,1,1,39,188,322,-134,0.273,2017,2837,46.3,1229,1057,639,544,8.08,224,45,0.2009,10,219,61,0.7215,18,5,9,Missed,,
10,0,Minnesota,Monarchs,63,66,18,42,1,3,5,42,174,267,-93,0.273,,,,,,,,,,,,,,,,17,4,9,Missed,,
13,0,Los Angeles,Panthers,70,66,17,41,5,0,3,42,204,334,-130,0.258,2231,2783,44.1,1086,1540,543,617,7.09,186,38,0.2043,8,195,60,0.6923,18,5,10,Missed,,
13,0,Los Angeles,Panthers,69,66,17,48,1,2,0,35,158,266,-108,0.258,1750,2386,38.7,763,1370,607,505,6,185,25,0.1351,12,170,47,0.7235,16,4,9,Missed,,
10,0,Minnesota,Monarchs,69,66,17,45,2,1,2,38,164,316,-152,0.258,1813,2887,47.8,1142,1131,587,560,8.17,201,31,0.1542,13,239,61,0.7448,15,5,8,Round 1,1,4
9,0,Edmonton,Blizzard,76,66,17,44,1,1,4,39,236,347,-111,0.258,2074,3177,41.1,1315,1175,657,644,10.53,280,51,0.1821,14,307,87,0.7166,18,4,9,Missed,,
2,0,Hamilton,Steelhawks,81,66,17,46,2,3,1,37,240,372,-132,0.258,2641,2878,52.4,1370,1154,657,707,12.09,293,54,0.1843,13,360,96,0.7333,19,5,10,Missed,,
8,0,Calgary,Dragons,65,66,17,44,3,1,2,39,154,286,-132,0.258,,,,,,,,,,,,,,,,16,5,9,Missed,,
9,0,Edmonton,Blizzard,79,66,17,45,3,1,1,38,239,361,-122,0.258,2296,3097,48.3,1242,983,725,515,8.45,272,47,0.1728,24,247,57,0.7692,20,5,10,Missed,,
4,0,Manhattan,Rage,65,66,17,44,2,4,3,39,183,279,-96,0.258,,,,,,,,,,,,,,,,17,5,8,Round 1,1,4
20,0,Montreal,Patriotes,78,66,17,48,1,0,0,35,210,338,-128,0.258,2194,3004,45.4,1245,1120,702,551,7.73,197,35,0.1777,14,216,57,0.7361,19,5,10,Missed,,
11,0,Winnipeg,Aurora,60,66,17,44,1,1,4,39,124,258,-134,0.258,,,,,,,,,,,,,,,,19,4,9,Missed,,
12,0,San Francisco,Pride,43,50,17,24,9,0,0,43,136,190,-54,0.34,,,,,,,,,,,,,,,,14,,7,Missed,,
6,0,Seattle,Riot,44,50,17,29,4,0,0,38,131,184,-53,0.34,,,,,,,,,,,,,,,,13,,6,Missed,,
19,0,Seattle,Argonauts,56,50,17,29,1,1,3,38,113,156,-43,0.34,,,,,,,,,,,,,,,,14,4,7,Missed,,
4,0,Manhattan,Rage,48,50,17,28,5,0,0,39,142,188,-46,0.34,,,,,,,,,,,,,,,,16,4,8,Missed,,
6,0,Tampa Bay,Barracuda,57,66,17,46,1,1,2,37,125,295,-170,0.258,,,,,,,,,,,,,,,,16,4,8,Missed,,
10,0,Minnesota,Chiefs,16,50,17,30,3,0,0,37,0,0,0,0.34,,,,,,,,,,,,,,,,11,,5,Missed,,
6,0,Vancouver,Ice Wolves,4,40,17,16,7,0,0,41,0,0,0,0.425,,,,,,,,,,,,,,,,5,,2,Round 1,2,4
0,0,Buffalo,Stampede,31,50,17,28,5,0,0,39,118,157,-39,0.34,,,,,,,,,,,,,,,,12,,6,Missed,,
0,0,Buffalo,Stampede,34,50,17,28,5,0,0,39,142,173,-31,0.34,,,,,,,,,,,,,,,,14,,7,Missed,,
7,0,West Kendall,Platoon,14,50,17,25,8,0,0,42,0,0,0,0.34,,,,,,,,,,,,,,,,11,,5,Missed,,
12,0,Portland,Admirals,25,50,17,24,9,0,0,43,0,0,0,0.34,,,,,,,,,,,,,,,,14,,7,Missed,,
4,0,Manhattan,Rage,29,50,17,25,8,0,0,42,126,169,-43,0.34,,,,,,,,,,,,,,,,12,,6,Missed,,
12,0,Portland,Admirals,26,50,17,28,5,0,0,39,0,0,0,0.34,,,,,,,,,,,,,,,,14,,7,Missed,,
4,0,Manhattan,Rage,8,50,17,23,10,0,0,44,0,0,0,0.34,,,,,,,,,,,,,,,,10,,5,Missed,,
8,0,Calgary,Dragons,23,52,17,28,7,0,0,41,0,0,0,0.327,,,,,,,,,,,,,,,,12,,6,Missed,,
10,0,Minnesota,Monarchs,84,66,17,46,3,0,0,37,205,327,-122,0.258,1821,2407,49.2,1520,1434,795,888,7.88,228,32,0.1404,13,230,52,0.7739,21,,10,Missed,,
7,0,Baltimore,Platoon,86,66,17,46,1,2,2,37,202,352,-150,0.258,1885,2618,46.9,1224,1465,674,766,7.64,196,25,0.1276,11,221,31,0.8597,20,,10,Missed,,
12,0,San Francisco,Pride,87,66,16,48,0,1,2,34,178,346,-168,0.242,1489,2590,47.5,1330,1311,557,915,8.35,225,34,0.1511,14,258,58,0.7752,22,,12,Missed,,
3,0,Toronto,North Stars,84,66,16,48,2,3,0,34,195,353,-158,0.242,1668,2527,50.6,1518,1607,680,839,7.97,193,35,0.1813,9,220,41,0.8136,23,,12,Missed,,
15,0,Texas,Renegades,84,66,16,46,3,1,1,36,201,318,-117,0.242,1829,2492,52.6,1197,1601,659,787,6.91,219,35,0.1598,7,197,42,0.7868,22,,11,Missed,,
3,0,Toronto,North Stars,38,50,16,26,8,0,0,40,147,193,-46,0.32,,,,,,,,,,,,,,,,13,,6,Missed,,
12,0,San Francisco,Pride,37,50,16,30,4,0,0,36,106,152,-46,0.32,,,,,,,,,,,,,,,,14,,7,Missed,,
6,0,Tampa Bay,Barracuda,47,50,16,29,5,0,0,37,130,193,-63,0.32,,,,,,,,,,,,,,,,16,4,8,Missed,,
15,0,Texas,Renegades,41,50,16,30,4,0,0,36,138,210,-72,0.32,,,,,,,,,,,,,,,,13,,6,Missed,,
9,0,Edmonton,Blizzard,37,50,16,27,7,0,0,39,130,174,-44,0.32,,,,,,,,,,,,,,,,13,,6,Missed,,
6,0,Tampa Bay,Barracuda,52,50,16,30,4,0,0,36,128,192,-64,0.32,,,,,,,,,,,,,,,,16,4,8,Missed,,
6,0,Seattle,Riot,39,50,16,30,4,0,0,36,123,173,-50,0.32,,,,,,,,,,,,,,,,14,,7,Missed,,
12,0,San Francisco,Pride,55,50,16,32,1,4,1,34,114,207,-93,0.32,,,,,,,,,,,,,,,,12,4,7,Missed,,
0,0,Buffalo,Stampede,38,50,16,31,3,0,0,35,124,172,-48,0.32,,,,,,,,,,,,,,,,14,,7,Missed,,
10,0,Minnesota,Monarchs,56,50,16,32,1,2,1,34,104,177,-73,0.32,,,,,,,,,,,,,,,,15,5,8,Missed,,
6,0,Tampa Bay,Barracuda,68,66,16,45,4,1,1,37,192,325,-133,0.242,2029,2719,50.2,1132,1232,653,536,7.06,190,30,0.1579,11,209,53,0.7464,17,5,9,Missed,,
13,0,Los Angeles,Panthers,68,66,16,44,2,1,4,38,195,282,-87,0.242,1945,2418,48.6,932,1351,607,503,5.56,164,31,0.189,13,160,38,0.7625,16,4,8,Round 1,0,4
20,0,Montreal,Patriotes,65,66,16,44,4,2,2,38,166,273,-107,0.242,,,,,,,,,,,,,,,,18,4,9,Missed,,
10,0,Minnesota,Monarchs,82,66,16,46,3,2,1,36,220,376,-156,0.242,1804,2668,48.5,1435,1517,648,1078,11.32,268,31,0.1157,16,328,75,0.7713,20,5,10,Missed,,
5,0,Hartford,Hydras,12,50,16,28,6,0,0,38,0,0,0,0.32,,,,,,,,,,,,,,,,12,,6,Missed,,
13,0,Los Angeles,Panthers,29,50,16,31,3,0,0,35,123,176,-53,0.32,,,,,,,,,,,,,,,,13,,7,Missed,,
3,0,Toronto,North Stars,3,40,16,23,1,0,0,33,0,0,0,0.4,,,,,,,,,,,,,,,,8,,4,Missed,,
10,0,Minnesota,Chiefs,21,52,16,32,4,0,0,36,0,0,0,0.308,,,,,,,,,,,,,,,,12,,6,Missed,,
6,0,Las Vegas,Kings,13,50,16,26,8,0,0,40,0,0,0,0.32,,,,,,,,,,,,,,,,11,,5,Missed,,
4,0,Manhattan,Rage,17,50,15,30,5,0,0,35,0,0,0,0.3,,,,,,,,,,,,,,,,12,,6,Missed,,
2,0,Hamilton,Steelhawks,3,40,15,21,4,0,0,34,0,0,0,0.375,,,,,,,,,,,,,,,,7,,3,Finals Lost,8,7
6,0,Vancouver,Ice Wolves,3,40,15,17,8,0,0,38,0,0,0,0.375,,,,,,,,,,,,,,,,6,,4,Missed,,
3,0,Toronto,North Stars,22,52,15,28,9,0,0,39,0,0,0,0.288,,,,,,,,,,,,,,,,12,,6,Missed,,
2,0,Hamilton,Steelhawks,1,40,15,18,7,0,0,37,0,0,0,0.375,,,,,,,,,,,,,,,,5,,3,Missed,,
7,0,West Kendall,Platoon,12,50,15,26,9,0,0,39,0,0,0,0.3,,,,,,,,,,,,,,,,11,,5,Missed,,
4,0,Manhattan,Rage,20,50,15,30,5,0,0,35,0,0,0,0.3,,,,,,,,,,,,,,,,11,,5,Missed,,
10,0,Minnesota,Chiefs,15,50,15,31,4,0,0,34,0,0,0,0.3,,,,,,,,,,,,,,,,11,,5,Missed,,
13,0,Los Angeles,Panthers,13,50,15,28,7,0,0,37,0,0,0,0.3,,,,,,,,,,,,,,,,12,,6,Missed,,
10,0,Minnesota,Chiefs,50,50,15,29,6,0,0,36,124,182,-58,0.3,,,,,,,,,,,,,,,,15,4,7,Missed,,
7,0,Baltimore,Platoon,54,50,15,33,0,0,2,32,117,181,-64,0.3,,,,,,,,,,,,,,,,13,3,6,Missed,,
19,0,Seattle,Argonauts,73,66,15,48,2,2,1,33,162,312,-150,0.227,1794,2761,46.8,1239,1272,575,588,6.74,206,29,0.1408,8,195,46,0.7641,18,5,10,Missed,,
10,0,Minnesota,Monarchs,68,66,15,47,2,1,2,34,156,294,-138,0.227,1792,2698,43.9,1135,1516,576,572,8.15,224,41,0.183,16,227,71,0.6872,18,5,9,Missed,,
12,0,San Francisco,Pride,68,66,15,47,1,3,3,34,177,343,-166,0.227,1800,2713,46.7,1098,1029,697,529,7.94,203,33,0.1626,10,230,67,0.7087,19,5,10,Missed,,
2,0,Hamilton,Steelhawks,69,66,15,48,3,0,0,33,172,329,-157,0.227,1886,2734,52.7,844,1263,606,625,5.97,190,26,0.1368,15,182,48,0.7363,17,4,8,Round 1,0,4
2,0,Hamilton,Steelhawks,68,66,14,50,0,2,2,30,176,373,-197,0.212,1711,3139,48.2,828,1190,635,570,5.98,208,45,0.2163,10,172,49,0.7151,20,5,10,Missed,,
20,0,Montreal,Patriotes,63,66,14,48,1,4,3,32,116,274,-158,0.212,,,,,,,,,,,,,,,,18,5,9,Missed,,
20,0,Montreal,Patriotes,76,66,14,48,3,2,1,32,168,405,-237,0.212,1753,3377,45.4,1154,1034,528,618,6.98,187,30,0.1604,18,180,46,0.7444,19,5,10,Missed,,
3,0,Toronto,North Stars,72,66,14,48,1,2,3,32,189,358,-169,0.212,1970,3329,39.5,1172,1086,679,599,8.95,272,46,0.1691,22,239,56,0.7657,19,5,9,Missed,,
6,0,Tampa Bay,Barracuda,70,66,14,51,1,1,0,29,173,333,-160,0.212,1936,2850,43.2,1144,1356,635,543,6.33,210,28,0.1333,14,188,61,0.6755,19,5,9,Missed,,
4,0,Manhattan,Rage,2,40,14,24,2,0,0,30,0,0,0,0.35,,,,,,,,,,,,,,,,7,,4,Missed,,
12,0,Portland,Admirals,30,50,14,34,2,0,0,30,109,167,-58,0.28,,,,,,,,,,,,,,,,12,,7,Missed,,
9,0,Edmonton,Comets,9,50,14,31,5,0,0,33,0,0,0,0.28,,,,,,,,,,,,,,,,9,,5,Missed,,
0,0,Buffalo,Stampede,30,50,14,34,2,0,0,30,110,182,-72,0.28,,,,,,,,,,,,,,,,13,,6,Missed,,
5,0,Hartford,Hydras,11,50,14,30,6,0,0,34,0,0,0,0.28,,,,,,,,,,,,,,,,11,,5,Missed,,
2,0,Hamilton,Steelhawks,31,50,14,32,4,0,0,32,120,177,-57,0.28,,,,,,,,,,,,,,,,13,,7,Missed,,
12,0,San Francisco,Pride,86,66,14,51,1,0,0,29,191,380,-189,0.212,1612,2690,50.9,1158,1314,569,802,7.97,237,33,0.1392,12,237,58,0.7553,21,,11,Missed,,
14,0,New Orleans,Specters,60,66,14,50,1,3,1,30,138,313,-175,0.212,,,,,,,,,,,,,,,,20,5,10,Missed,,
12,0,San Francisco,Pride,41,50,14,31,5,0,0,33,134,198,-64,0.28,,,,,,,,,,,,,,,,14,,7,Missed,,
7,0,Baltimore,Platoon,55,50,14,32,1,4,3,32,101,178,-77,0.28,,,,,,,,,,,,,,,,13,3,6,Missed,,
12,0,Portland,Admirals,36,50,14,32,4,0,0,32,101,177,-76,0.28,,,,,,,,,,,,,,,,14,,7,Missed,,
7,0,Baltimore,Platoon,57,66,13,48,2,0,3,31,112,246,-134,0.197,,,,,,,,,,,,,,,,17,5,9,Missed,,
10,0,Minnesota,Chiefs,54,50,13,34,1,2,2,29,107,216,-109,0.26,,,,,,,,,,,,,,,,14,4,8,Missed,,
4,0,Manhattan,Rage,42,50,13,32,5,0,0,31,119,189,-70,0.26,,,,,,,,,,,,,,,,14,,7,Missed,,
12,0,San Francisco,Pride,44,50,13,30,7,0,0,33,106,176,-70,0.26,,,,,,,,,,,,,,,,14,,7,Missed,,
15,0,Texas,Renegades,50,50,13,29,8,0,0,34,131,191,-60,0.26,,,,,,,,,,,,,,,,16,4,8,Missed,,
9,0,Edmonton,Comets,7,50,13,29,8,0,0,34,0,0,0,0.26,,,,,,,,,,,,,,,,10,,5,Missed,,
13,0,Los Angeles,Panthers,5,44,13,24,7,0,0,33,0,0,0,0.295,,,,,,,,,,,,,,,,9,,5,Missed,,
12,0,Portland,Admirals,28,50,13,31,6,0,0,32,114,178,-64,0.26,,,,,,,,,,,,,,,,13,,7,Missed,,
8,0,Calgary,Dragons,1,40,13,18,9,0,0,35,0,0,0,0.325,,,,,,,,,,,,,,,,6,,3,Missed,,
2,0,Hamilton,Steelhawks,2,40,13,17,10,0,0,36,0,0,0,0.325,,,,,,,,,,,,,,,,6,,3,Missed,,
11,0,Winnipeg,Jets,31,50,13,31,6,0,0,32,111,174,-63,0.26,,,,,,,,,,,,,,,,14,,7,Missed,,
8,0,Calgary,Dragons,4,40,13,23,4,0,0,30,0,0,0,0.325,,,,,,,,,,,,,,,,8,,4,Missed,,
3,0,Toronto,North Stars,69,66,13,50,0,2,3,29,127,319,-192,0.197,1298,2977,35.7,1166,856,531,592,7.39,232,42,0.181,23,209,47,0.7751,19,5,9,Missed,,
12,0,San Francisco,Pride,83,66,13,48,2,0,3,31,198,326,-128,0.197,2003,2329,51.6,1124,1658,709,790,8.42,223,39,0.1749,12,234,36,0.8462,22,,10,Missed,,
12,0,San Francisco,Pride,69,66,13,48,3,0,2,31,196,356,-160,0.197,1807,2900,45.4,937,1245,623,499,7.35,196,39,0.199,16,220,66,0.7,18,5,10,Missed,,
6,0,Tampa Bay,Barracuda,87,66,13,50,2,2,1,29,169,378,-209,0.197,1411,2706,47.8,1549,1547,735,688,8.45,216,26,0.1204,15,216,51,0.7639,23,,11,Missed,,
6,0,Tampa Bay,Barracuda,85,66,12,47,7,1,0,31,177,340,-163,0.182,1639,2487,48.3,1348,1032,619,690,7.12,234,28,0.1197,14,201,54,0.7313,22,,12,Missed,,
12,0,San Francisco,Pride,84,66,12,48,2,1,4,30,188,394,-206,0.182,1861,2840,51.4,1189,1535,743,802,8.21,184,26,0.1413,10,222,46,0.7928,24,,12,Missed,,
11,0,Winnipeg,Aurora,86,66,12,50,2,0,2,28,198,403,-205,0.182,1737,2623,49.8,1197,1513,634,800,7.35,205,31,0.1512,16,192,39,0.7969,22,,12,Missed,,
12,0,San Francisco,Pride,85,66,12,52,1,1,1,26,151,365,-214,0.182,1352,2728,42.6,1054,1206,713,634,6.08,196,30,0.1531,17,178,54,0.6966,23,,11,Missed,,
6,0,Wisconsin,Monarchs,2,40,12,24,4,0,0,28,0,0,0,0.3,,,,,,,,,,,,,,,,8,,4,Missed,,
0,0,Buffalo,Stampede,28,50,12,34,4,0,0,28,115,202,-87,0.24,,,,,,,,,,,,,,,,14,,7,Missed,,
0,0,Buffalo,Stampede,29,50,12,34,4,0,0,28,110,194,-84,0.24,,,,,,,,,,,,,,,,14,,7,Missed,,
9,0,Edmonton,Blizzard,10,50,12,31,7,0,0,31,0,0,0,0.24,,,,,,,,,,,,,,,,10,,6,Missed,,
10,0,Minnesota,Chiefs,55,50,12,38,0,3,0,24,92,191,-99,0.24,,,,,,,,,,,,,,,,14,4,8,Missed,,
12,0,San Francisco,Pride,57,66,12,53,0,3,1,25,113,254,-141,0.182,,,,,,,,,,,,,,,,18,4,9,Missed,,
14,0,New Orleans,Specters,59,66,12,49,3,0,2,29,125,285,-160,0.182,,,,,,,,,,,,,,,,18,4,9,Missed,,
10,0,Minnesota,Chiefs,53,50,12,33,4,2,1,29,90,183,-93,0.24,,,,,,,,,,,,,,,,13,4,7,Missed,,
5,0,New England,Wolfpack,65,66,12,51,3,1,0,27,143,310,-167,0.182,,,,,,,,,,,,,,,,19,5,10,Missed,,
5,0,New England,Wolfpack,64,66,12,49,2,4,3,29,128,283,-155,0.182,,,,,,,,,,,,,,,,19,5,9,Missed,,
7,0,Baltimore,Platoon,69,66,12,50,3,1,1,28,146,297,-151,0.182,1559,2481,52.2,979,1219,641,463,6.5,218,39,0.1789,11,187,56,0.7005,20,5,10,Missed,,
9,0,Edmonton,Blizzard,78,66,12,50,2,0,2,28,173,343,-170,0.182,1908,3048,39.3,1402,997,706,628,7.33,204,33,0.1618,15,209,45,0.7847,20,5,10,Missed,,
13,0,Los Angeles,Panthers,83,66,12,51,1,2,2,27,160,399,-239,0.182,1549,2942,48.5,1103,1615,715,918,7.44,192,21,0.1094,13,212,52,0.7547,23,,11,Missed,,
9,0,Edmonton,Blizzard,77,66,12,52,1,2,1,26,196,368,-172,0.182,2039,2985,41.9,1352,1245,591,521,9.39,268,49,0.1828,8,265,75,0.717,19,5,10,Missed,,
19,0,Seattle,Argonauts,76,66,11,53,0,2,2,24,141,323,-182,0.167,1765,2764,47.4,1258,1206,593,634,7.02,199,28,0.1407,11,198,49,0.7525,20,5,10,Missed,,
10,0,Minnesota,Monarchs,66,66,11,52,1,2,2,25,160,360,-200,0.167,1655,3261,45.6,1193,1050,520,502,7,184,25,0.1359,12,201,68,0.6617,19,5,9,Missed,,
11,0,Winnipeg,Aurora,63,66,11,52,1,2,2,25,127,336,-209,0.167,,,,,,,,,,,,,,,,19,5,10,Missed,,
20,0,Montreal,Patriotes,62,66,11,52,2,2,1,25,114,330,-216,0.167,,,,,,,,,,,,,,,,18,5,9,Missed,,
3,0,Toronto,North Stars,18,50,11,33,6,0,0,28,0,0,0,0.22,,,,,,,,,,,,,,,,12,,6,Missed,,
4,0,Manhattan,Rage,10,50,11,37,2,0,0,24,0,0,0,0.22,,,,,,,,,,,,,,,,11,,5,Missed,,
4,0,Manhattan,Rage,16,50,11,36,3,0,0,25,0,0,0,0.22,,,,,,,,,,,,,,,,12,,6,Missed,,
20,0,Montreal,Patriotes,86,66,11,53,2,0,0,24,174,385,-211,0.167,1551,2799,45.7,1401,1423,611,617,7.05,183,36,0.1967,4,179,43,0.7598,23,,11,Missed,,
6,0,Tampa Bay,Barracuda,56,50,11,37,1,2,1,24,78,223,-145,0.22,,,,,,,,,,,,,,,,16,4,8,Missed,,
3,0,Toronto,North Stars,54,50,11,37,0,0,2,24,101,195,-94,0.22,,,,,,,,,,,,,,,,15,4,7,Missed,,
4,0,Manhattan,Rage,62,66,11,53,1,1,1,24,121,310,-189,0.167,,,,,,,,,,,,,,,,19,5,10,Missed,,
6,0,Tampa Bay,Barracuda,53,50,10,38,0,4,2,22,98,197,-99,0.2,,,,,,,,,,,,,,,,14,4,7,Missed,,
7,0,Baltimore,Platoon,56,50,10,37,1,4,2,23,87,193,-106,0.2,,,,,,,,,,,,,,,,17,5,9,Missed,,
3,0,Toronto,North Stars,55,50,10,39,0,0,1,21,87,220,-133,0.2,,,,,,,,,,,,,,,,15,4,7,Missed,,
14,0,New Orleans,Specters,58,66,10,50,2,1,4,26,135,317,-182,0.152,,,,,,,,,,,,,,,,18,4,9,Missed,,
4,0,Manhattan,Rage,15,50,10,37,3,0,0,23,0,0,0,0.2,,,,,,,,,,,,,,,,12,,6,Missed,,
4,0,Manhattan,Rage,73,66,10,55,1,3,0,21,184,442,-258,0.152,1969,3422,46.8,1070,1101,714,602,7.27,219,23,0.105,20,211,65,0.6919,20,5,10,Missed,,
4,0,Manhattan,Rage,64,66,10,55,0,0,1,21,124,305,-181,0.152,,,,,,,,,,,,,,,,20,5,10,Missed,,
4,0,Manhattan,Rage,74,66,10,55,1,1,0,21,187,475,-288,0.152,2015,3468,48.9,1282,1061,681,699,7.82,226,36,0.1593,28,242,89,0.6322,18,5,9,Missed,,
20,0,Montreal,Patriotes,73,66,10,54,1,1,1,22,130,341,-211,0.152,1805,3128,40.8,1234,1122,504,557,6.89,182,27,0.1484,24,195,51,0.7385,19,5,9,Missed,,
3,0,Toronto,North Stars,71,66,10,56,0,1,0,20,151,384,-233,0.152,1825,3322,26.3,1163,1106,642,543,7.35,216,21,0.0972,15,208,50,0.7596,19,5,9,Missed,,
2,0,Hamilton,Steelhawks,67,66,10,51,3,1,2,25,149,410,-261,0.152,1626,3297,44,768,1209,604,450,6.2,173,24,0.1387,9,182,59,0.6758,19,5,10,Missed,,
20,0,Montreal,Patriotes,87,66,10,54,1,1,1,22,154,391,-237,0.152,1557,2960,47.7,1274,1548,538,707,7.17,211,38,0.1801,14,212,47,0.7783,24,,12,Missed,,
6,0,Tampa Bay,Barracuda,86,66,10,54,2,3,0,22,146,364,-218,0.152,1395,2612,47.4,1606,1309,523,816,7.38,188,13,0.0691,12,213,51,0.7606,24,,12,Missed,,
2,0,Hamilton,Steelhawks,30,50,9,33,8,0,0,26,102,176,-74,0.18,,,,,,,,,,,,,,,,14,,7,Missed,,
10,0,Minnesota,Chiefs,19,50,9,37,4,0,0,22,0,0,0,0.18,,,,,,,,,,,,,,,,12,,6,Missed,,
4,0,Manhattan,Rage,61,66,9,56,0,1,1,19,98,301,-203,0.136,,,,,,,,,,,,,,,,19,5,10,Missed,,
6,0,Seattle,Riot,40,50,9,37,4,0,0,22,114,207,-93,0.18,,,,,,,,,,,,,,,,14,,7,Missed,,
15,0,Texas,Renegades,53,50,9,41,0,1,0,18,101,194,-93,0.18,,,,,,,,,,,,,,,,15,4,8,Missed,,
4,0,Manhattan,Rage,63,66,9,54,2,2,1,21,108,307,-199,0.136,,,,,,,,,,,,,,,,20,5,10,Missed,,
10,0,Minnesota,Monarchs,81,66,9,54,1,2,2,21,155,416,-261,0.136,1659,3110,45,1546,1080,555,645,7.26,232,26,0.1121,20,200,55,0.725,20,5,10,Missed,,
4,0,Manhattan,Rage,72,66,8,56,2,1,0,18,132,419,-287,0.121,1753,3382,42.9,1154,1027,585,510,7.09,218,18,0.0826,33,215,63,0.707,20,5,10,Missed,,
10,0,Minnesota,Monarchs,67,66,8,52,4,1,2,22,102,310,-208,0.121,1387,2944,46.6,1051,848,507,528,6.5,159,15,0.0943,13,182,40,0.7802,20,5,10,Missed,,
7,0,West Kendall,Platoon,11,50,8,38,4,0,0,20,0,0,0,0.16,,,,,,,,,,,,,,,,12,,6,Missed,,
10,0,Minnesota,Chiefs,5,44,8,32,4,0,0,20,0,0,0,0.182,,,,,,,,,,,,,,,,10,,5,Missed,,
10,0,Minnesota,Chiefs,20,50,8,34,8,0,0,24,0,0,0,0.16,,,,,,,,,,,,,,,,12,,6,Missed,,
4,0,Manhattan,Rage,9,50,8,38,4,0,0,20,0,0,0,0.16,,,,,,,,,,,,,,,,10,,5,Missed,,
6,0,Tampa Bay,Barracuda,55,50,8,42,0,2,0,16,77,260,-183,0.16,,,,,,,,,,,,,,,,16,4,8,Missed,,
20,0,Montreal,Patriotes,77,66,7,56,2,0,1,17,177,389,-212,0.106,2058,3105,46.2,1171,1072,689,546,8.3,206,31,0.1505,20,224,58,0.7411,20,5,10,Missed,,
10,0,Minnesota,Monarchs,83,66,7,57,1,1,1,16,138,357,-219,0.106,1283,2622,44.7,1557,1594,623,921,8.38,260,35,0.1346,17,244,53,0.7828,24,,12,Missed,,
19,0,Seattle,Argonauts,75,66,7,56,2,2,1,17,126,390,-264,0.106,1507,2828,45.8,1258,1152,558,586,6.15,156,16,0.1026,6,160,43,0.7313,19,5,10,Missed,,
19,0,Seattle,Argonauts,74,66,7,57,0,1,2,16,119,352,-233,0.106,1567,2853,40.5,1333,1250,532,593,7.68,200,19,0.095,12,213,51,0.7606,19,5,10,Missed,,
13,0,Los Angeles,Panthers,85,66,7,58,1,0,0,15,135,372,-237,0.106,1296,2656,49.7,1151,1260,664,616,7.11,170,24,0.1412,8,205,51,0.7512,24,,12,Missed,,
12,0,Portland,Admirals,32,50,7,40,3,0,0,17,97,194,-97,0.14,,,,,,,,,,,,,,,,14,,7,Missed,,
3,0,Toronto,North Stars,70,66,6,57,2,0,1,15,148,384,-236,0.091,1671,3613,34.7,1127,1129,492,502,8.58,252,40,0.1587,21,226,50,0.7788,20,5,10,Missed,,
10,0,Minnesota,Monarchs,65,66,6,59,0,2,1,13,112,306,-194,0.091,,,,,,,,,,,,,,,,20,5,10,Missed,,
3,0,Toronto,North Stars,53,50,6,41,1,1,2,15,84,255,-171,0.12,,,,,,,,,,,,,,,,16,4,8,Missed,,
11,0,Winnipeg,Aurora,62,66,5,60,0,2,1,11,95,354,-259,0.076,,,,,,,,,,,,,,,,20,5,10,Missed,,
5,0,Hartford,Hydras,10,50,5,44,1,0,0,11,0,0,0,0.1,,,,,,,,,,,,,,,,12,,6,Missed,,
9,0,Edmonton,Blizzard,66,66,5,59,2,0,0,12,161,481,-320,0.076,1679,3525,41.4,760,1420,545,526,9.48,220,38,0.1727,15,266,91,0.6579,20,5,10,Missed,,
20,0,Montreal,Patriotes,74,66,4,59,1,0,2,11,125,474,-349,0.061,1570,3909,35.8,1073,1133,477,581,6.52,196,27,0.1378,26,170,58,0.6588,20,5,10,Missed,,
4,0,Manhattan,Rage,71,66,4,58,3,1,1,12,154,416,-262,0.061,1667,3426,45.5,1050,1106,521,473,5.45,183,26,0.1421,17,161,41,0.7453,20,5,10,Missed,,
12,0,San Francisco,Pride,56,50,4,42,2,2,2,12,71,243,-172,0.08,,,,,,,,,,,,,,,,18,4,9,Missed,,
11,0,Winnipeg,Aurora,61,66,3,58,2,2,3,11,100,345,-245,0.045,,,,,,,,,,,,,,,,20,5,10,Missed,,
20,0,Montreal,Patriotes,75,66,1,64,0,0,1,3,139,544,-405,0.015,1495,3940,36.9,1186,1038,489,601,6.02,157,24,0.1529,17,164,66,0.5976,20,5,10,Missed,,
6,0,Tampa Bay,Barracuda,54,50,0,50,0,0,0,0,45,309,-264,0,,,,,,,,,,,,,,,,16,4,8,Missed,,
